evidence,source_log,run_id,seq,host_ns,cpu,global_icount,model_ns,visible_ns,window_ns,slope_q32,event,counter_ticks
measured,probe-memory-buffer,run,0,53600,0,0,0,0,1000000,0,update,0
measured,probe-memory-buffer,run,1,230100,0,0,0,0,1000000,16777216,resume,0
measured,probe-memory-buffer,run,2,752600,0,0,0,2041,1000000,16777216,read,127
measured,probe-memory-buffer,run,3,857600,0,0,0,2451,1000000,16777216,read,153
measured,probe-memory-buffer,run,4,890100,0,0,0,2578,1000000,16777216,read,161
measured,probe-memory-buffer,run,5,891800,0,0,0,2584,1000000,16777216,read,161
measured,probe-memory-buffer,run,6,892400,0,0,0,2587,1000000,16777216,read,161
measured,probe-memory-buffer,run,7,892900,0,0,0,2589,1000000,16777216,read,161
measured,probe-memory-buffer,run,8,893300,0,0,0,2591,1000000,16777216,read,161
measured,probe-memory-buffer,run,9,893700,0,0,0,2592,1000000,16777216,read,162
measured,probe-memory-buffer,run,10,894100,0,0,0,2594,1000000,16777216,read,162
measured,probe-memory-buffer,run,11,894500,0,0,0,2595,1000000,16777216,read,162
measured,probe-memory-buffer,run,12,895000,0,0,0,2597,1000000,16777216,read,162
measured,probe-memory-buffer,run,13,895400,0,0,0,2599,1000000,16777216,read,162
measured,probe-memory-buffer,run,14,895800,0,0,0,2600,1000000,16777216,read,162
measured,probe-memory-buffer,run,15,896200,0,0,0,2602,1000000,16777216,read,162
measured,probe-memory-buffer,run,16,896600,0,0,0,2603,1000000,16777216,read,162
measured,probe-memory-buffer,run,17,898500,0,0,0,2610,1000000,16777216,read,163
measured,probe-memory-buffer,run,18,898900,0,0,0,2612,1000000,16777216,read,163
measured,probe-memory-buffer,run,19,899300,0,0,0,2614,1000000,16777216,read,163
measured,probe-memory-buffer,run,20,899700,0,0,0,2616,1000000,16777216,read,163
measured,probe-memory-buffer,run,21,900100,0,0,0,2617,1000000,16777216,read,163
measured,probe-memory-buffer,run,22,900600,0,0,0,2619,1000000,16777216,read,163
measured,probe-memory-buffer,run,23,901000,0,0,0,2621,1000000,16777216,read,163
measured,probe-memory-buffer,run,24,901400,0,0,0,2622,1000000,16777216,read,163
measured,probe-memory-buffer,run,25,901800,0,0,0,2624,1000000,16777216,read,164
measured,probe-memory-buffer,run,26,906900,0,0,0,2644,1000000,16777216,read,165
measured,probe-memory-buffer,run,27,907400,0,0,0,2645,1000000,16777216,read,165
measured,probe-memory-buffer,run,28,907800,0,0,0,2647,1000000,16777216,read,165
measured,probe-memory-buffer,run,29,909300,0,0,0,2653,1000000,16777216,read,165
measured,probe-memory-buffer,run,30,910000,0,0,0,2656,1000000,16777216,read,166
measured,probe-memory-buffer,run,31,910400,0,0,0,2657,1000000,16777216,read,166
measured,probe-memory-buffer,run,32,910800,0,0,0,2659,1000000,16777216,read,166
measured,probe-memory-buffer,run,33,911200,0,0,0,2660,1000000,16777216,read,166
measured,probe-memory-buffer,run,34,911700,0,0,0,2662,1000000,16777216,read,166
measured,probe-memory-buffer,run,35,912100,0,0,0,2664,1000000,16777216,read,166
measured,probe-memory-buffer,run,36,912500,0,0,0,2666,1000000,16777216,read,166
measured,probe-memory-buffer,run,37,912900,0,0,0,2667,1000000,16777216,read,166
measured,probe-memory-buffer,run,38,913400,0,0,0,2669,1000000,16777216,read,166
measured,probe-memory-buffer,run,39,913800,0,0,0,2670,1000000,16777216,read,166
measured,probe-memory-buffer,run,40,914200,0,0,0,2672,1000000,16777216,read,167
measured,probe-memory-buffer,run,41,914600,0,0,0,2674,1000000,16777216,read,167
measured,probe-memory-buffer,run,42,916400,0,0,0,2680,1000000,16777216,read,167
measured,probe-memory-buffer,run,43,916800,0,0,0,2682,1000000,16777216,read,167
measured,probe-memory-buffer,run,44,917200,0,0,0,2684,1000000,16777216,read,167
measured,probe-memory-buffer,run,45,917600,0,0,0,2685,1000000,16777216,read,167
measured,probe-memory-buffer,run,46,918100,0,0,0,2687,1000000,16777216,read,167
measured,probe-memory-buffer,run,47,918500,0,0,0,2689,1000000,16777216,read,168
measured,probe-memory-buffer,run,48,918900,0,0,0,2691,1000000,16777216,read,168
measured,probe-memory-buffer,run,49,919300,0,0,0,2692,1000000,16777216,read,168
measured,probe-memory-buffer,run,50,919700,0,0,0,2694,1000000,16777216,read,168
measured,probe-memory-buffer,run,51,923000,0,0,0,2707,1000000,16777216,read,169
measured,probe-memory-buffer,run,52,923600,0,0,0,2709,1000000,16777216,read,169
measured,probe-memory-buffer,run,53,924000,0,0,0,2710,1000000,16777216,read,169
measured,probe-memory-buffer,run,54,924400,0,0,0,2712,1000000,16777216,read,169
measured,probe-memory-buffer,run,55,924900,0,0,0,2714,1000000,16777216,read,169
measured,probe-memory-buffer,run,56,925300,0,0,0,2716,1000000,16777216,read,169
measured,probe-memory-buffer,run,57,925700,0,0,0,2717,1000000,16777216,read,169
measured,probe-memory-buffer,run,58,926100,0,0,0,2719,1000000,16777216,read,169
measured,probe-memory-buffer,run,59,928100,0,0,0,2726,1000000,16777216,read,170
measured,probe-memory-buffer,run,60,928600,0,0,0,2728,1000000,16777216,read,170
measured,probe-memory-buffer,run,61,929100,0,0,0,2730,1000000,16777216,read,170
measured,probe-memory-buffer,run,62,929500,0,0,0,2732,1000000,16777216,read,170
measured,probe-memory-buffer,run,63,929900,0,0,0,2733,1000000,16777216,read,170
measured,probe-memory-buffer,run,64,930300,0,0,0,2735,1000000,16777216,read,170
measured,probe-memory-buffer,run,65,930700,0,0,0,2737,1000000,16777216,read,171
measured,probe-memory-buffer,run,66,931200,0,0,0,2738,1000000,16777216,read,171
measured,probe-memory-buffer,run,67,931600,0,0,0,2740,1000000,16777216,read,171
measured,probe-memory-buffer,run,68,932000,0,0,0,2742,1000000,16777216,read,171
measured,probe-memory-buffer,run,69,933700,0,0,0,2748,1000000,16777216,read,171
measured,probe-memory-buffer,run,70,934100,0,0,0,2750,1000000,16777216,read,171
measured,probe-memory-buffer,run,71,934500,0,0,0,2751,1000000,16777216,read,171
measured,probe-memory-buffer,run,72,934900,0,0,0,2753,1000000,16777216,read,172
measured,probe-memory-buffer,run,73,935400,0,0,0,2755,1000000,16777216,read,172
measured,probe-memory-buffer,run,74,935800,0,0,0,2757,1000000,16777216,read,172
measured,probe-memory-buffer,run,75,936200,0,0,0,2758,1000000,16777216,read,172
measured,probe-memory-buffer,run,76,936600,0,0,0,2760,1000000,16777216,read,172
measured,probe-memory-buffer,run,77,937000,0,0,0,2761,1000000,16777216,read,172
measured,probe-memory-buffer,run,78,937500,0,0,0,2763,1000000,16777216,read,172
measured,probe-memory-buffer,run,79,937900,0,0,0,2764,1000000,16777216,read,172
measured,probe-memory-buffer,run,80,938300,0,0,0,2766,1000000,16777216,read,172
measured,probe-memory-buffer,run,81,939700,0,0,0,2772,1000000,16777216,read,173
measured,probe-memory-buffer,run,82,940400,0,0,0,2774,1000000,16777216,read,173
measured,probe-memory-buffer,run,83,942600,0,0,0,2783,1000000,16777216,read,173
measured,probe-memory-buffer,run,84,943000,0,0,0,2785,1000000,16777216,read,174
measured,probe-memory-buffer,run,85,943500,0,0,0,2786,1000000,16777216,read,174
measured,probe-memory-buffer,run,86,946000,0,0,0,2796,1000000,16777216,read,174
measured,probe-memory-buffer,run,87,946700,0,0,0,2799,1000000,16777216,read,174
measured,probe-memory-buffer,run,88,947100,0,0,0,2801,1000000,16777216,read,175
measured,probe-memory-buffer,run,89,947600,0,0,0,2802,1000000,16777216,read,175
measured,probe-memory-buffer,run,90,948000,0,0,0,2804,1000000,16777216,read,175
measured,probe-memory-buffer,run,91,948400,0,0,0,2806,1000000,16777216,read,175
measured,probe-memory-buffer,run,92,948800,0,0,0,2807,1000000,16777216,read,175
measured,probe-memory-buffer,run,93,949200,0,0,0,2809,1000000,16777216,read,175
measured,probe-memory-buffer,run,94,949600,0,0,0,2810,1000000,16777216,read,175
measured,probe-memory-buffer,run,95,950100,0,0,0,2812,1000000,16777216,read,175
measured,probe-memory-buffer,run,96,951400,0,0,0,2817,1000000,16777216,read,176
measured,probe-memory-buffer,run,97,952200,0,0,0,2821,1000000,16777216,read,176
measured,probe-memory-buffer,run,98,952600,0,0,0,2822,1000000,16777216,read,176
measured,probe-memory-buffer,run,99,953000,0,0,0,2824,1000000,16777216,read,176
measured,probe-memory-buffer,run,100,953500,0,0,0,2825,1000000,16777216,read,176
measured,probe-memory-buffer,run,101,953900,0,0,0,2827,1000000,16777216,read,176
measured,probe-memory-buffer,run,102,954300,0,0,0,2829,1000000,16777216,read,176
measured,probe-memory-buffer,run,103,954700,0,0,0,2830,1000000,16777216,read,176
measured,probe-memory-buffer,run,104,955100,0,0,0,2832,1000000,16777216,read,177
measured,probe-memory-buffer,run,105,955600,0,0,0,2833,1000000,16777216,read,177
measured,probe-memory-buffer,run,106,957800,0,0,0,2842,1000000,16777216,read,177
measured,probe-memory-buffer,run,107,958300,0,0,0,2844,1000000,16777216,read,177
measured,probe-memory-buffer,run,108,958700,0,0,0,2846,1000000,16777216,read,177
measured,probe-memory-buffer,run,109,959200,0,0,0,2848,1000000,16777216,read,178
measured,probe-memory-buffer,run,110,959600,0,0,0,2849,1000000,16777216,read,178
measured,probe-memory-buffer,run,111,960000,0,0,0,2851,1000000,16777216,read,178
measured,probe-memory-buffer,run,112,960400,0,0,0,2853,1000000,16777216,read,178
measured,probe-memory-buffer,run,113,960800,0,0,0,2854,1000000,16777216,read,178
measured,probe-memory-buffer,run,114,964000,0,0,0,2856,1000000,16777216,read,178
measured,probe-memory-buffer,run,115,965000,0,0,0,2870,1000000,16777216,read,179
measured,probe-memory-buffer,run,116,965400,0,0,0,2872,1000000,16777216,read,179
measured,probe-memory-buffer,run,117,965800,0,0,0,2874,1000000,16777216,read,179
measured,probe-memory-buffer,run,118,966200,0,0,0,2875,1000000,16777216,read,179
measured,probe-memory-buffer,run,119,966700,0,0,0,2877,1000000,16777216,read,179
measured,probe-memory-buffer,run,120,967100,0,0,0,2878,1000000,16777216,read,179
measured,probe-memory-buffer,run,121,968800,0,0,0,2885,1000000,16777216,read,180
measured,probe-memory-buffer,run,122,969300,0,0,0,2887,1000000,16777216,read,180
measured,probe-memory-buffer,run,123,969700,0,0,0,2889,1000000,16777216,read,180
measured,probe-memory-buffer,run,124,970100,0,0,0,2891,1000000,16777216,read,180
measured,probe-memory-buffer,run,125,970500,0,0,0,2892,1000000,16777216,read,180
measured,probe-memory-buffer,run,126,970900,0,0,0,2894,1000000,16777216,read,180
measured,probe-memory-buffer,run,127,971400,0,0,0,2895,1000000,16777216,read,180
measured,probe-memory-buffer,run,128,971800,0,0,0,2897,1000000,16777216,read,181
measured,probe-memory-buffer,run,129,975100,0,0,0,2910,1000000,16777216,read,181
measured,probe-memory-buffer,run,130,981200,0,0,0,2933,1000000,16777216,read,183
measured,probe-memory-buffer,run,131,986500,0,0,0,2955,1000000,16777216,read,184
measured,probe-memory-buffer,run,132,993500,0,0,0,2982,1000000,16777216,read,186
measured,probe-memory-buffer,run,133,999700,0,0,0,3006,1000000,16777216,read,187
measured,probe-memory-buffer,run,134,1007300,0,0,0,3036,1000000,16777216,read,189
measured,probe-memory-buffer,run,135,1013000,0,0,0,3058,1000000,16777216,read,191
measured,probe-memory-buffer,run,136,1020000,0,0,0,3085,1000000,16777216,read,192
measured,probe-memory-buffer,run,137,1051200,0,0,0,3207,1000000,16777216,read,200
measured,probe-memory-buffer,run,138,1055500,0,0,0,3224,1000000,16777216,read,201
measured,probe-memory-buffer,run,139,1061600,0,0,0,3248,1000000,16777216,read,203
measured,probe-memory-buffer,run,140,1073000,0,0,0,3292,1000000,16777216,read,205
measured,probe-memory-buffer,run,141,1080100,0,0,0,3320,1000000,16777216,read,207
measured,probe-memory-buffer,run,142,1087300,0,0,0,3348,1000000,16777216,read,209
measured,probe-memory-buffer,run,143,1091600,0,0,0,3365,1000000,16777216,read,210
measured,probe-memory-buffer,run,144,1097800,0,0,0,3389,1000000,16777216,read,211
measured,probe-memory-buffer,run,145,1103200,0,0,0,3410,1000000,16777216,read,213
measured,probe-memory-buffer,run,146,1123800,0,0,0,3491,1000000,16777216,read,218
measured,probe-memory-buffer,run,147,1128000,0,0,0,3507,1000000,16777216,read,219
measured,probe-memory-buffer,run,148,1134800,0,0,0,3534,1000000,16777216,read,220
measured,probe-memory-buffer,run,149,1141000,0,0,0,3558,1000000,16777216,read,222
measured,probe-memory-buffer,run,150,1148100,0,0,0,3585,1000000,16777216,read,224
measured,probe-memory-buffer,run,151,1154300,0,0,0,3610,1000000,16777216,read,225
measured,probe-memory-buffer,run,152,1161400,0,0,0,3638,1000000,16777216,read,227
measured,probe-memory-buffer,run,153,1200200,0,0,0,3789,1000000,16777216,read,236
measured,probe-memory-buffer,run,154,1207300,0,0,0,3817,1000000,16777216,read,238
measured,probe-memory-buffer,run,155,1213600,0,0,0,3842,1000000,16777216,read,240
measured,probe-memory-buffer,run,156,1219200,0,0,0,3864,1000000,16777216,read,241
measured,probe-memory-buffer,run,157,1225500,0,0,0,3888,1000000,16777216,read,243
measured,probe-memory-buffer,run,158,1231100,0,0,0,3910,1000000,16777216,read,244
measured,probe-memory-buffer,run,159,1235200,0,0,0,3926,1000000,16777216,read,245
measured,probe-memory-buffer,run,160,1239200,0,0,0,3941,1000000,16777216,read,246
measured,probe-memory-buffer,run,161,1244300,0,0,0,3961,1000000,16777216,read,247
measured,probe-memory-buffer,run,162,1249700,0,0,0,3983,1000000,16777216,read,248
measured,probe-memory-buffer,run,163,1256900,0,0,0,4011,1000000,16777216,read,250
measured,probe-memory-buffer,run,164,1261100,0,0,0,4027,1000000,16777216,read,251
measured,probe-memory-buffer,run,165,1265100,0,0,0,4043,1000000,16777216,read,252
measured,probe-memory-buffer,run,166,1269100,0,0,0,4058,1000000,16777216,read,253
measured,probe-memory-buffer,run,167,1274100,0,0,0,4078,1000000,16777216,read,254
measured,probe-memory-buffer,run,168,1279700,0,0,0,4100,1000000,16777216,read,256
measured,probe-memory-buffer,run,169,1298500,0,0,0,4173,1000000,16777216,read,260
measured,probe-memory-buffer,run,170,10314400,0,200000,1000000,39391,1000000,247468799,update,0
measured,probe-memory-buffer,run,171,10405500,0,200000,1000000,44645,1000000,247468799,read,2790
measured,probe-memory-buffer,run,172,10410500,0,200000,1000000,44939,1000000,247468799,read,2808
measured,probe-memory-buffer,run,173,10414600,0,200000,1000000,45170,1000000,247468799,read,2823
measured,probe-memory-buffer,run,174,10418600,0,200000,1000000,45400,1000000,247468799,read,2837
measured,probe-memory-buffer,run,175,10422600,0,200000,1000000,45631,1000000,247468799,read,2851
measured,probe-memory-buffer,run,176,10426600,0,200000,1000000,45861,1000000,247468799,read,2866
measured,probe-memory-buffer,run,177,10430600,0,200000,1000000,46092,1000000,247468799,read,2880
measured,probe-memory-buffer,run,178,10434600,0,200000,1000000,46322,1000000,247468799,read,2895
measured,probe-memory-buffer,run,179,10438600,0,200000,1000000,46558,1000000,247468799,read,2909
measured,probe-memory-buffer,run,180,10442600,0,200000,1000000,46789,1000000,247468799,read,2924
measured,probe-memory-buffer,run,181,10446600,0,200000,1000000,47013,1000000,247468799,read,2938
measured,probe-memory-buffer,run,182,10450600,0,200000,1000000,47244,1000000,247468799,read,2952
measured,probe-memory-buffer,run,183,10455400,0,200000,1000000,47520,1000000,181082827,update,0
measured,probe-memory-buffer,run,184,10465700,0,200000,1000000,47954,1000000,181082827,read,2997
measured,probe-memory-buffer,run,185,10470200,0,200000,1000000,48143,1000000,181082827,read,3008
measured,probe-memory-buffer,run,186,10474200,0,200000,1000000,48316,1000000,181082827,read,3019
measured,probe-memory-buffer,run,187,10480100,0,200000,1000000,48565,1000000,181082827,read,3035
measured,probe-memory-buffer,run,188,10484100,0,200000,1000000,48734,1000000,181082827,read,3045
measured,probe-memory-buffer,run,189,10488100,0,200000,1000000,48902,1000000,181082827,read,3056
measured,probe-memory-buffer,run,190,10492100,0,200000,1000000,49071,1000000,181082827,read,3066
measured,probe-memory-buffer,run,191,10496100,0,200000,1000000,49240,1000000,181082827,read,3077
measured,probe-memory-buffer,run,192,10500200,0,200000,1000000,49408,1000000,181082827,read,3088
measured,probe-memory-buffer,run,193,10504200,0,200000,1000000,49577,1000000,181082827,read,3098
measured,probe-memory-buffer,run,194,10508200,0,200000,1000000,49746,1000000,181082827,read,3109
measured,probe-memory-buffer,run,195,10512100,0,200000,1000000,49914,1000000,181082827,read,3119
measured,probe-memory-buffer,run,196,10516100,0,200000,1000000,50083,1000000,181082827,read,3130
measured,probe-memory-buffer,run,197,10527600,0,200000,1000000,50568,1000000,181082827,read,3160
measured,probe-memory-buffer,run,198,10531600,0,200000,1000000,50736,1000000,181082827,read,3171
measured,probe-memory-buffer,run,199,10535600,0,200000,1000000,50905,1000000,181082827,read,3181
measured,probe-memory-buffer,run,200,10539600,0,200000,1000000,51074,1000000,181082827,read,3192
measured,probe-memory-buffer,run,201,10543600,0,200000,1000000,51242,1000000,181082827,read,3202
measured,probe-memory-buffer,run,202,10547600,0,200000,1000000,51411,1000000,181082827,read,3213
measured,probe-memory-buffer,run,203,10552700,0,200000,1000000,51626,1000000,181082827,read,3226
measured,probe-memory-buffer,run,204,10556700,0,200000,1000000,51795,1000000,181082827,read,3237
measured,probe-memory-buffer,run,205,10560700,0,200000,1000000,51963,1000000,181082827,read,3247
measured,probe-memory-buffer,run,206,10564700,0,200000,1000000,52132,1000000,181082827,read,3258
measured,probe-memory-buffer,run,207,10568700,0,200000,1000000,52301,1000000,181082827,read,3268
measured,probe-memory-buffer,run,208,10572700,0,200000,1000000,52469,1000000,181082827,read,3279
measured,probe-memory-buffer,run,209,10576700,0,200000,1000000,52638,1000000,181082827,read,3289
measured,probe-memory-buffer,run,210,10581900,0,331070,1655350,655350,1000000,1701296455,update,0
measured,probe-memory-buffer,run,211,10646800,0,331070,1655350,681097,1000000,1701296455,read,42568
measured,probe-memory-buffer,run,212,10654200,0,331070,1655350,684028,1000000,1701296455,read,42751
measured,probe-memory-buffer,run,213,10658200,0,331070,1655350,685652,1000000,1701296455,read,42853
measured,probe-memory-buffer,run,214,10662300,0,331070,1655350,687237,1000000,1701296455,read,42952
measured,probe-memory-buffer,run,215,10666300,0,331070,1655350,688821,1000000,1701296455,read,43051
measured,probe-memory-buffer,run,216,10670300,0,331070,1655350,690406,1000000,1701296455,read,43150
measured,probe-memory-buffer,run,217,10674200,0,331070,1655350,691990,1000000,1701296455,read,43249
measured,probe-memory-buffer,run,218,10678300,0,331070,1655350,693574,1000000,1701296455,read,43348
measured,probe-memory-buffer,run,219,10682300,0,331070,1655350,695159,1000000,1701296455,read,43447
measured,probe-memory-buffer,run,220,10688500,0,331070,1655350,697654,1000000,1701296455,read,43603
measured,probe-memory-buffer,run,221,10692500,0,331070,1655350,699239,1000000,1701296455,read,43702
measured,probe-memory-buffer,run,222,10696500,0,331070,1655350,700823,1000000,1701296455,read,43801
measured,probe-memory-buffer,run,223,10700500,0,331070,1655350,702408,1000000,1701296455,read,43900
measured,probe-memory-buffer,run,224,10704500,0,331070,1655350,703992,1000000,1701296455,read,43999
measured,probe-memory-buffer,run,225,10708000,0,396605,1983025,983025,1000000,2565540823,update,0
measured,probe-memory-buffer,run,226,10714600,0,396605,1983025,987086,1000000,2565540823,read,61692
measured,probe-memory-buffer,run,227,10719100,0,396605,1983025,989715,1000000,2565540823,read,61857
measured,probe-memory-buffer,run,228,10723100,0,396605,1983025,992164,1000000,2565540823,read,62010
measured,probe-memory-buffer,run,229,10727100,0,396605,1983025,994553,1000000,2565540823,read,62159
measured,probe-memory-buffer,run,230,10731100,0,396605,1983025,996942,1000000,2565540823,read,62308
measured,probe-memory-buffer,run,231,10735100,0,396605,1983025,999332,1000000,2565540823,read,62458
measured,probe-memory-buffer,run,232,10739100,0,396605,1983025,1001661,1000000,2565540823,read,62603
measured,probe-memory-buffer,run,233,10743100,0,396605,1983025,1004051,1000000,2565540823,read,62753
measured,probe-memory-buffer,run,234,10747100,0,396605,1983025,1006440,1000000,2565540823,read,62902
measured,probe-memory-buffer,run,235,10751100,0,396605,1983025,1008889,1000000,2565540823,read,63055
measured,probe-memory-buffer,run,236,10755100,0,396605,1983025,1011279,1000000,2565540823,read,63204
measured,probe-memory-buffer,run,237,10809100,0,396605,1983025,1043535,1000000,2565540823,read,65220
measured,probe-memory-buffer,run,238,10813300,0,396605,1983025,1046044,1000000,2565540823,read,65377
measured,probe-memory-buffer,run,239,10817300,0,396605,1983025,1048433,1000000,2565540823,read,65527
measured,probe-memory-buffer,run,240,10821300,0,396605,1983025,1050822,1000000,2565540823,read,65676
measured,probe-memory-buffer,run,241,10825300,0,396605,1983025,1053212,1000000,2565540823,read,65825
measured,probe-memory-buffer,run,242,10829300,0,396605,1983025,1055601,1000000,2565540823,read,65975
measured,probe-memory-buffer,run,243,10833500,0,462140,2310700,1310700,1000000,3104570574,update,0
measured,probe-memory-buffer,run,244,10858700,0,462140,2310700,1328987,1000000,3104570574,read,83061
measured,probe-memory-buffer,run,245,10864300,0,462140,2310700,1333035,1000000,3104570574,read,83314
measured,probe-memory-buffer,run,246,10868400,0,462140,2310700,1335999,1000000,3104570574,read,83499
measured,probe-memory-buffer,run,247,10872400,0,462140,2310700,1338890,1000000,3104570574,read,83680
measured,probe-memory-buffer,run,248,10876500,0,462140,2310700,1341782,1000000,3104570574,read,83861
measured,probe-memory-buffer,run,249,10880500,0,462140,2310700,1344745,1000000,3104570574,read,84046
measured,probe-memory-buffer,run,250,10884500,0,462140,2310700,1347637,1000000,3104570574,read,84227
measured,probe-memory-buffer,run,251,10888500,0,462140,2310700,1350528,1000000,3104570574,read,84408
measured,probe-memory-buffer,run,252,10892500,0,462140,2310700,1353419,1000000,3104570574,read,84588
measured,probe-memory-buffer,run,253,10899100,0,462140,2310700,1358190,1000000,3104570574,read,84886
measured,probe-memory-buffer,run,254,10904000,0,462140,2310700,1361732,1000000,3104570574,read,85108
measured,probe-memory-buffer,run,255,10908000,0,462140,2310700,1364623,1000000,3104570574,read,85288
measured,probe-memory-buffer,run,256,10912000,0,462140,2310700,1367515,1000000,3104570574,read,85469
measured,probe-memory-buffer,run,257,10916000,0,462140,2310700,1370406,1000000,3104570574,read,85650
measured,probe-memory-buffer,run,258,10920000,0,462140,2310700,1373297,1000000,3104570574,read,85831
measured,probe-memory-buffer,run,259,10924000,0,462140,2310700,1376189,1000000,3104570574,read,86011
measured,probe-memory-buffer,run,260,10928000,0,462140,2310700,1379080,1000000,3104570574,read,86192
measured,probe-memory-buffer,run,261,10932000,0,462140,2310700,1381971,1000000,3104570574,read,86373
measured,probe-memory-buffer,run,262,10936000,0,462140,2310700,1384863,1000000,3104570574,read,86553
measured,probe-memory-buffer,run,263,10936400,0,462140,2310700,1385152,1000000,3104570574,read,86572
measured,probe-memory-buffer,run,264,10936800,0,462140,2310700,1385441,1000000,3104570574,read,86590
measured,probe-memory-buffer,run,265,10937200,0,462140,2310700,1385730,1000000,3104570574,read,86608
measured,probe-memory-buffer,run,266,10937700,0,462140,2310700,1386019,1000000,3104570574,read,86626
measured,probe-memory-buffer,run,267,10938100,0,462140,2310700,1386381,1000000,3104570574,read,86648
measured,probe-memory-buffer,run,268,10938500,0,462140,2310700,1386670,1000000,3104570574,read,86666
measured,probe-memory-buffer,run,269,10938900,0,462140,2310700,1386959,1000000,3104570574,read,86684
measured,probe-memory-buffer,run,270,10939300,0,462140,2310700,1387248,1000000,3104570574,read,86703
measured,probe-memory-buffer,run,271,10939800,0,462140,2310700,1387537,1000000,3104570574,read,86721
measured,probe-memory-buffer,run,272,10940200,0,462140,2310700,1387899,1000000,3104570574,read,86743
measured,probe-memory-buffer,run,273,10940600,0,462140,2310700,1388188,1000000,3104570574,read,86761
measured,probe-memory-buffer,run,274,10941000,0,462140,2310700,1388477,1000000,3104570574,read,86779
measured,probe-memory-buffer,run,275,10941400,0,462140,2310700,1388766,1000000,3104570574,read,86797
measured,probe-memory-buffer,run,276,10941900,0,462140,2310700,1389055,1000000,3104570574,read,86815
measured,probe-memory-buffer,run,277,10942300,0,462140,2310700,1389417,1000000,3104570574,read,86838
measured,probe-memory-buffer,run,278,10942700,0,462140,2310700,1389706,1000000,3104570574,read,86856
measured,probe-memory-buffer,run,279,10943100,0,462140,2310700,1389995,1000000,3104570574,read,86874
measured,probe-memory-buffer,run,280,10943500,0,462140,2310700,1390284,1000000,3104570574,read,86892
measured,probe-memory-buffer,run,281,10944000,0,462140,2310700,1390573,1000000,3104570574,read,86910
measured,probe-memory-buffer,run,282,10944400,0,462140,2310700,1390935,1000000,3104570574,read,86933
measured,probe-memory-buffer,run,283,10944800,0,462140,2310700,1391224,1000000,3104570574,read,86951
measured,probe-memory-buffer,run,284,10945200,0,462140,2310700,1391513,1000000,3104570574,read,86969
measured,probe-memory-buffer,run,285,10945600,0,462140,2310700,1391802,1000000,3104570574,read,86987
measured,probe-memory-buffer,run,286,10946100,0,462140,2310700,1392091,1000000,3104570574,read,87005
measured,probe-memory-buffer,run,287,10946500,0,462140,2310700,1392453,1000000,3104570574,read,87028
measured,probe-memory-buffer,run,288,10946900,0,462140,2310700,1392742,1000000,3104570574,read,87046
measured,probe-memory-buffer,run,289,10947300,0,462140,2310700,1393031,1000000,3104570574,read,87064
measured,probe-memory-buffer,run,290,10947700,0,462140,2310700,1393320,1000000,3104570574,read,87082
measured,probe-memory-buffer,run,291,10948200,0,462140,2310700,1393609,1000000,3104570574,read,87100
measured,probe-memory-buffer,run,292,10948600,0,462140,2310700,1393971,1000000,3104570574,read,87123
measured,probe-memory-buffer,run,293,10949000,0,462140,2310700,1394260,1000000,3104570574,read,87141
measured,probe-memory-buffer,run,294,10949400,0,462140,2310700,1394549,1000000,3104570574,read,87159
measured,probe-memory-buffer,run,295,10949800,0,462140,2310700,1394838,1000000,3104570574,read,87177
measured,probe-memory-buffer,run,296,10950300,0,462140,2310700,1395127,1000000,3104570574,read,87195
measured,probe-memory-buffer,run,297,10950700,0,462140,2310700,1395416,1000000,3104570574,read,87213
measured,probe-memory-buffer,run,298,10951100,0,462140,2310700,1395778,1000000,3104570574,read,87236
measured,probe-memory-buffer,run,299,10951500,0,462140,2310700,1396067,1000000,3104570574,read,87254
measured,probe-memory-buffer,run,300,10951900,0,462140,2310700,1396356,1000000,3104570574,read,87272
measured,probe-memory-buffer,run,301,10952300,0,462140,2310700,1396645,1000000,3104570574,read,87290
measured,probe-memory-buffer,run,302,10952800,0,462140,2310700,1396934,1000000,3104570574,read,87308
measured,probe-memory-buffer,run,303,10953200,0,462140,2310700,1397296,1000000,3104570574,read,87331
measured,probe-memory-buffer,run,304,10953600,0,462140,2310700,1397585,1000000,3104570574,read,87349
measured,probe-memory-buffer,run,305,10954000,0,462140,2310700,1397874,1000000,3104570574,read,87367
measured,probe-memory-buffer,run,306,10954400,0,462140,2310700,1398163,1000000,3104570574,read,87385
measured,probe-memory-buffer,run,307,10954900,0,462140,2310700,1398452,1000000,3104570574,read,87403
measured,probe-memory-buffer,run,308,10955300,0,462140,2310700,1398814,1000000,3104570574,read,87425
measured,probe-memory-buffer,run,309,10955700,0,462140,2310700,1399103,1000000,3104570574,read,87443
measured,probe-memory-buffer,run,310,10959200,0,527675,2638375,1638375,1000000,3460405386,update,0
measured,probe-memory-buffer,run,311,10991900,0,527675,2638375,1664721,1000000,3460405386,read,104045
measured,probe-memory-buffer,run,312,10994700,0,527675,2638375,1667057,1000000,3460405386,read,104191
measured,probe-memory-buffer,run,313,10995300,0,527675,2638375,1667540,1000000,3460405386,read,104221
measured,probe-memory-buffer,run,314,10995800,0,527675,2638375,1667943,1000000,3460405386,read,104246
measured,probe-memory-buffer,run,315,10996300,0,527675,2638375,1668346,1000000,3460405386,read,104271
measured,probe-memory-buffer,run,316,10996700,0,527675,2638375,1668668,1000000,3460405386,read,104291
measured,probe-memory-buffer,run,317,10997100,0,527675,2638375,1668991,1000000,3460405386,read,104311
measured,probe-memory-buffer,run,318,10997600,0,527675,2638375,1669313,1000000,3460405386,read,104332
measured,probe-memory-buffer,run,319,10998000,0,527675,2638375,1669716,1000000,3460405386,read,104357
measured,probe-memory-buffer,run,320,10998400,0,527675,2638375,1670038,1000000,3460405386,read,104377
measured,probe-memory-buffer,run,321,10998800,0,527675,2638375,1670360,1000000,3460405386,read,104397
measured,probe-memory-buffer,run,322,10999200,0,527675,2638375,1670683,1000000,3460405386,read,104417
measured,probe-memory-buffer,run,323,10999700,0,527675,2638375,1671005,1000000,3460405386,read,104437
measured,probe-memory-buffer,run,324,11000100,0,527675,2638375,1671327,1000000,3460405386,read,104457
measured,probe-memory-buffer,run,325,11000500,0,527675,2638375,1671730,1000000,3460405386,read,104483
measured,probe-memory-buffer,run,326,11000900,0,527675,2638375,1672052,1000000,3460405386,read,104503
measured,probe-memory-buffer,run,327,11001300,0,527675,2638375,1672375,1000000,3460405386,read,104523
measured,probe-memory-buffer,run,328,11001700,0,527675,2638375,1672697,1000000,3460405386,read,104543
measured,probe-memory-buffer,run,329,11002200,0,527675,2638375,1673019,1000000,3460405386,read,104563
measured,probe-memory-buffer,run,330,11002600,0,527675,2638375,1673422,1000000,3460405386,read,104588
measured,probe-memory-buffer,run,331,11003000,0,527675,2638375,1673744,1000000,3460405386,read,104609
measured,probe-memory-buffer,run,332,11003400,0,527675,2638375,1674066,1000000,3460405386,read,104629
measured,probe-memory-buffer,run,333,11003800,0,527675,2638375,1674389,1000000,3460405386,read,104649
measured,probe-memory-buffer,run,334,11004300,0,527675,2638375,1674711,1000000,3460405386,read,104669
measured,probe-memory-buffer,run,335,11004700,0,527675,2638375,1675114,1000000,3460405386,read,104694
measured,probe-memory-buffer,run,336,11005100,0,527675,2638375,1675436,1000000,3460405386,read,104714
measured,probe-memory-buffer,run,337,11005500,0,527675,2638375,1675758,1000000,3460405386,read,104734
measured,probe-memory-buffer,run,338,11005900,0,527675,2638375,1676081,1000000,3460405386,read,104755
measured,probe-memory-buffer,run,339,11006400,0,527675,2638375,1676403,1000000,3460405386,read,104775
measured,probe-memory-buffer,run,340,11006800,0,527675,2638375,1676725,1000000,3460405386,read,104795
measured,probe-memory-buffer,run,341,11007200,0,527675,2638375,1677128,1000000,3460405386,read,104820
measured,probe-memory-buffer,run,342,11007600,0,527675,2638375,1677450,1000000,3460405386,read,104840
measured,probe-memory-buffer,run,343,11008000,0,527675,2638375,1677773,1000000,3460405386,read,104860
measured,probe-memory-buffer,run,344,11008400,0,527675,2638375,1678095,1000000,3460405386,read,104880
measured,probe-memory-buffer,run,345,11008900,0,527675,2638375,1678417,1000000,3460405386,read,104901
measured,probe-memory-buffer,run,346,11009300,0,527675,2638375,1678820,1000000,3460405386,read,104926
measured,probe-memory-buffer,run,347,11009700,0,527675,2638375,1679142,1000000,3460405386,read,104946
measured,probe-memory-buffer,run,348,11010100,0,527675,2638375,1679465,1000000,3460405386,read,104966
measured,probe-memory-buffer,run,349,11010500,0,527675,2638375,1679787,1000000,3460405386,read,104986
measured,probe-memory-buffer,run,350,11011000,0,527675,2638375,1680109,1000000,3460405386,read,105006
measured,probe-memory-buffer,run,351,11011400,0,527675,2638375,1680512,1000000,3460405386,read,105032
measured,probe-memory-buffer,run,352,11011800,0,527675,2638375,1680834,1000000,3460405386,read,105052
measured,probe-memory-buffer,run,353,11012200,0,527675,2638375,1681157,1000000,3460405386,read,105072
measured,probe-memory-buffer,run,354,11012700,0,527675,2638375,1681479,1000000,3460405386,read,105092
measured,probe-memory-buffer,run,355,11013100,0,527675,2638375,1681801,1000000,3460405386,read,105112
measured,probe-memory-buffer,run,356,11013500,0,527675,2638375,1682204,1000000,3460405386,read,105137
measured,probe-memory-buffer,run,357,11013900,0,527675,2638375,1682526,1000000,3460405386,read,105157
measured,probe-memory-buffer,run,358,11014300,0,527675,2638375,1682849,1000000,3460405386,read,105178
measured,probe-memory-buffer,run,359,11014800,0,527675,2638375,1683171,1000000,3460405386,read,105198
measured,probe-memory-buffer,run,360,11015200,0,527675,2638375,1683574,1000000,3460405386,read,105223
measured,probe-memory-buffer,run,361,11015600,0,527675,2638375,1683896,1000000,3460405386,read,105243
measured,probe-memory-buffer,run,362,11016000,0,527675,2638375,1684218,1000000,3460405386,read,105263
measured,probe-memory-buffer,run,363,11016400,0,527675,2638375,1684540,1000000,3460405386,read,105283
measured,probe-memory-buffer,run,364,11016900,0,527675,2638375,1684863,1000000,3460405386,read,105303
measured,probe-memory-buffer,run,365,11017300,0,527675,2638375,1685266,1000000,3460405386,read,105329
measured,probe-memory-buffer,run,366,11017700,0,527675,2638375,1685588,1000000,3460405386,read,105349
measured,probe-memory-buffer,run,367,11021200,0,527675,2638375,1688408,1000000,3460405386,read,105525
measured,probe-memory-buffer,run,368,11021700,0,527675,2638375,1688730,1000000,3460405386,read,105545
measured,probe-memory-buffer,run,369,11022100,0,527675,2638375,1689133,1000000,3460405386,read,105570
measured,probe-memory-buffer,run,370,11022500,0,527675,2638375,1689455,1000000,3460405386,read,105590
measured,probe-memory-buffer,run,371,11022900,0,527675,2638375,1689777,1000000,3460405386,read,105611
measured,probe-memory-buffer,run,372,11023300,0,527675,2638375,1690100,1000000,3460405386,read,105631
measured,probe-memory-buffer,run,373,11023700,0,527675,2638375,1690422,1000000,3460405386,read,105651
measured,probe-memory-buffer,run,374,11024200,0,527675,2638375,1690744,1000000,3460405386,read,105671
measured,probe-memory-buffer,run,375,11024600,0,527675,2638375,1691147,1000000,3460405386,read,105696
measured,probe-memory-buffer,run,376,11025000,0,527675,2638375,1691469,1000000,3460405386,read,105716
measured,probe-memory-buffer,run,377,11027300,0,527675,2638375,1693242,1000000,3460405386,read,105827
measured,probe-memory-buffer,run,378,11027700,0,527675,2638375,1693645,1000000,3460405386,read,105852
measured,probe-memory-buffer,run,379,11028100,0,527675,2638375,1693967,1000000,3460405386,read,105872
measured,probe-memory-buffer,run,380,11028500,0,527675,2638375,1694289,1000000,3460405386,read,105893
measured,probe-memory-buffer,run,381,11028900,0,527675,2638375,1694612,1000000,3460405386,read,105913
measured,probe-memory-buffer,run,382,11029400,0,527675,2638375,1694934,1000000,3460405386,read,105933
measured,probe-memory-buffer,run,383,11029800,0,527675,2638375,1695337,1000000,3460405386,read,105958
measured,probe-memory-buffer,run,384,11030200,0,527675,2638375,1695659,1000000,3460405386,read,105978
measured,probe-memory-buffer,run,385,11030600,0,527675,2638375,1695981,1000000,3460405386,read,105998
measured,probe-memory-buffer,run,386,11031000,0,527675,2638375,1696303,1000000,3460405386,read,106018
measured,probe-memory-buffer,run,387,11031500,0,527675,2638375,1696626,1000000,3460405386,read,106039
measured,probe-memory-buffer,run,388,11031900,0,527675,2638375,1697029,1000000,3460405386,read,106064
measured,probe-memory-buffer,run,389,11032300,0,527675,2638375,1697351,1000000,3460405386,read,106084
measured,probe-memory-buffer,run,390,11032700,0,527675,2638375,1697673,1000000,3460405386,read,106104
measured,probe-memory-buffer,run,391,11033100,0,527675,2638375,1697995,1000000,3460405386,read,106124
measured,probe-memory-buffer,run,392,11037100,0,527675,2638375,1701218,1000000,3460405386,read,106326
measured,probe-memory-buffer,run,393,11041200,0,527675,2638375,1704441,1000000,3460405386,read,106527
measured,probe-memory-buffer,run,394,11045200,0,527675,2638375,1707664,1000000,3460405386,read,106729
measured,probe-memory-buffer,run,395,11049200,0,527675,2638375,1710886,1000000,3460405386,read,106930
measured,probe-memory-buffer,run,396,11053200,0,527675,2638375,1714109,1000000,3460405386,read,107131
measured,probe-memory-buffer,run,397,11057100,0,527675,2638375,1717332,1000000,3460405386,read,107333
measured,probe-memory-buffer,run,398,11061100,0,527675,2638375,1720555,1000000,3460405386,read,107534
measured,probe-memory-buffer,run,399,11065200,0,527675,2638375,1723777,1000000,3460405386,read,107736
measured,probe-memory-buffer,run,400,11069200,0,527675,2638375,1727000,1000000,3460405386,read,107937
measured,probe-memory-buffer,run,401,11073200,0,527675,2638375,1730223,1000000,3460405386,read,108138
measured,probe-memory-buffer,run,402,11077200,0,527675,2638375,1733446,1000000,3460405386,read,108340
measured,probe-memory-buffer,run,403,11081200,0,527675,2638375,1736668,1000000,3460405386,read,108541
measured,probe-memory-buffer,run,404,11085000,0,593210,2966050,1966050,1000000,3704189189,update,0
measured,probe-memory-buffer,run,405,11091800,0,593210,2966050,1972000,1000000,3704189189,read,123250
measured,probe-memory-buffer,run,406,11096200,0,593210,2966050,1975881,1000000,3704189189,read,123492
measured,probe-memory-buffer,run,407,11100800,0,593210,2966050,1979849,1000000,3704189189,read,123740
measured,probe-memory-buffer,run,408,11104800,0,593210,2966050,1983298,1000000,3704189189,read,123956
measured,probe-memory-buffer,run,409,11108800,0,593210,2966050,1986748,1000000,3704189189,read,124171
measured,probe-memory-buffer,run,410,11112800,0,593210,2966050,1990198,1000000,3704189189,read,124387
measured,probe-memory-buffer,run,411,11116800,0,593210,2966050,1993648,1000000,3704189189,read,124603
measured,probe-memory-buffer,run,412,11120800,0,593210,2966050,1997098,1000000,3704189189,read,124818
measured,probe-memory-buffer,run,413,11124800,0,593210,2966050,2000547,1000000,3704189189,read,125034
measured,probe-memory-buffer,run,414,11128800,0,593210,2966050,2003997,1000000,3704189189,read,125249
measured,probe-memory-buffer,run,415,11132800,0,593210,2966050,2007447,1000000,3704189189,read,125465
measured,probe-memory-buffer,run,416,11136800,0,593210,2966050,2010897,1000000,3704189189,read,125681
measured,probe-memory-buffer,run,417,11140800,0,593210,2966050,2014347,1000000,3704189189,read,125896
measured,probe-memory-buffer,run,418,11144800,0,593210,2966050,2017796,1000000,3704189189,read,126112
measured,probe-memory-buffer,run,419,11148800,0,593210,2966050,2021246,1000000,3704189189,read,126327
measured,probe-memory-buffer,run,420,11152800,0,593210,2966050,2024696,1000000,3704189189,read,126543
measured,probe-memory-buffer,run,421,11156800,0,593210,2966050,2028146,1000000,3704189189,read,126759
measured,probe-memory-buffer,run,422,11160800,0,593210,2966050,2031596,1000000,3704189189,read,126974
measured,probe-memory-buffer,run,423,11165200,0,593210,2966050,2035390,1000000,3704189189,read,127211
measured,probe-memory-buffer,run,424,11170800,0,593210,2966050,2040220,1000000,3704189189,read,127513
measured,probe-memory-buffer,run,425,11174900,0,593210,2966050,2043670,1000000,3704189189,read,127729
measured,probe-memory-buffer,run,426,11178900,0,593210,2966050,2047120,1000000,3704189189,read,127945
measured,probe-memory-buffer,run,427,11182800,0,593210,2966050,2050569,1000000,3704189189,read,128160
measured,probe-memory-buffer,run,428,11186800,0,593210,2966050,2054019,1000000,3704189189,read,128376
measured,probe-memory-buffer,run,429,11190800,0,593210,2966050,2057469,1000000,3704189189,read,128591
measured,probe-memory-buffer,run,430,11194800,0,593210,2966050,2060919,1000000,3704189189,read,128807
measured,probe-memory-buffer,run,431,11198900,0,593210,2966050,2064369,1000000,3704189189,read,129023
measured,probe-memory-buffer,run,432,11202900,0,593210,2966050,2067818,1000000,3704189189,read,129238
measured,probe-memory-buffer,run,433,11206900,0,593210,2966050,2071268,1000000,3704189189,read,129454
measured,probe-memory-buffer,run,434,11210200,0,724280,3621400,2621400,1000000,3982075480,update,0
measured,probe-memory-buffer,run,435,11244400,0,724280,3621400,2653201,1000000,3982075480,read,165825
measured,probe-memory-buffer,run,436,11250900,0,724280,3621400,2659227,1000000,3982075480,read,166201
measured,probe-memory-buffer,run,437,11255000,0,724280,3621400,2663028,1000000,3982075480,read,166439
measured,probe-memory-buffer,run,438,11259200,0,724280,3621400,2666830,1000000,3982075480,read,166676
measured,probe-memory-buffer,run,439,11263200,0,724280,3621400,2670631,1000000,3982075480,read,166914
measured,probe-memory-buffer,run,440,11268900,0,724280,3621400,2675823,1000000,3982075480,read,167238
measured,probe-memory-buffer,run,441,11272900,0,724280,3621400,2679532,1000000,3982075480,read,167470
measured,probe-memory-buffer,run,442,11276900,0,724280,3621400,2683240,1000000,3982075480,read,167702
measured,probe-memory-buffer,run,443,11280900,0,724280,3621400,2686949,1000000,3982075480,read,167934
measured,probe-memory-buffer,run,444,11284800,0,724280,3621400,2690658,1000000,3982075480,read,168166
measured,probe-memory-buffer,run,445,11288900,0,724280,3621400,2694366,1000000,3982075480,read,168397
measured,probe-memory-buffer,run,446,11292900,0,724280,3621400,2698075,1000000,3982075480,read,168629
measured,probe-memory-buffer,run,447,11296900,0,724280,3621400,2701783,1000000,3982075480,read,168861
measured,probe-memory-buffer,run,448,11300900,0,724280,3621400,2705492,1000000,3982075480,read,169093
measured,probe-memory-buffer,run,449,11304900,0,724280,3621400,2709201,1000000,3982075480,read,169325
measured,probe-memory-buffer,run,450,11308900,0,724280,3621400,2712909,1000000,3982075480,read,169556
measured,probe-memory-buffer,run,451,11312900,0,724280,3621400,2716618,1000000,3982075480,read,169788
measured,probe-memory-buffer,run,452,11316800,0,724280,3621400,2720326,1000000,3982075480,read,170020
measured,probe-memory-buffer,run,453,11320900,0,724280,3621400,2724035,1000000,3982075480,read,170252
measured,probe-memory-buffer,run,454,11324900,0,724280,3621400,2727744,1000000,3982075480,read,170484
measured,probe-memory-buffer,run,455,11328900,0,724280,3621400,2731452,1000000,3982075480,read,170715
measured,probe-memory-buffer,run,456,11333300,0,724280,3621400,2735624,1000000,3982075480,read,170976
measured,probe-memory-buffer,run,457,11335800,0,855350,4276750,3276750,1000000,4178644505,update,0
measured,probe-memory-buffer,run,458,11337400,0,855350,4276750,3278403,1000000,4178644505,read,204900
measured,probe-memory-buffer,run,459,11341400,0,855350,4276750,3282392,1000000,4178644505,read,205149
measured,probe-memory-buffer,run,460,11345500,0,855350,4276750,3286284,1000000,4178644505,read,205392
measured,probe-memory-buffer,run,461,11349500,0,855350,4276750,3290176,1000000,4178644505,read,205636
measured,probe-memory-buffer,run,462,11353500,0,855350,4276750,3294067,1000000,4178644505,read,205879
measured,probe-memory-buffer,run,463,11357500,0,855350,4276750,3297959,1000000,4178644505,read,206122
measured,probe-memory-buffer,run,464,11361500,0,855350,4276750,3301948,1000000,4178644505,read,206371
measured,probe-memory-buffer,run,465,11365500,0,855350,4276750,3305840,1000000,4178644505,read,206615
measured,probe-memory-buffer,run,466,11369500,0,855350,4276750,3309731,1000000,4178644505,read,206858
measured,probe-memory-buffer,run,467,11373500,0,855350,4276750,3313526,1000000,4178644505,read,207095
measured,probe-memory-buffer,run,468,11377500,0,855350,4276750,3317417,1000000,4178644505,read,207338
measured,probe-memory-buffer,run,469,11381500,0,855350,4276750,3321309,1000000,4178644505,read,207581
measured,probe-memory-buffer,run,470,11385500,0,855350,4276750,3325201,1000000,4178644505,read,207825
measured,probe-memory-buffer,run,471,11389500,0,855350,4276750,3329092,1000000,4178644505,read,208068
measured,probe-memory-buffer,run,472,11393500,0,855350,4276750,3333081,1000000,4178644505,read,208317
measured,probe-memory-buffer,run,473,11398000,0,855350,4276750,3337459,1000000,4178644505,read,208591
measured,probe-memory-buffer,run,474,11402000,0,855350,4276750,3341351,1000000,4178644505,read,208834
measured,probe-memory-buffer,run,475,11406000,0,855350,4276750,3345243,1000000,4178644505,read,209077
measured,probe-memory-buffer,run,476,11410000,0,855350,4276750,3349134,1000000,4178644505,read,209320
measured,probe-memory-buffer,run,477,11414000,0,855350,4276750,3353026,1000000,4178644505,read,209564
measured,probe-memory-buffer,run,478,11418000,0,855350,4276750,3356918,1000000,4178644505,read,209807
measured,probe-memory-buffer,run,479,11422000,0,855350,4276750,3360809,1000000,4178644505,read,210050
measured,probe-memory-buffer,run,480,11426000,0,855350,4276750,3364701,1000000,4178644505,read,210293
measured,probe-memory-buffer,run,481,11433200,0,855350,4276750,3371706,1000000,4178644505,read,210731
measured,probe-memory-buffer,run,482,11437200,0,855350,4276750,3375501,1000000,4178644505,read,210968
measured,probe-memory-buffer,run,483,11441200,0,855350,4276750,3379392,1000000,4178644505,read,211212
measured,probe-memory-buffer,run,484,11445200,0,855350,4276750,3383284,1000000,4178644505,read,211455
measured,probe-memory-buffer,run,485,11449200,0,855350,4276750,3387176,1000000,4178644505,read,211698
measured,probe-memory-buffer,run,486,11453200,0,855350,4276750,3391164,1000000,4178644505,read,211947
measured,probe-memory-buffer,run,487,11457200,0,855350,4276750,3395056,1000000,4178644505,read,212191
measured,probe-memory-buffer,run,488,11461100,0,920885,4604425,3604425,1000000,4294967296,update,0
measured,probe-memory-buffer,run,489,11478200,0,920885,4604425,3621525,1000000,4294967296,read,226345
measured,probe-memory-buffer,run,490,11484500,0,920885,4604425,3627925,1000000,4294967296,read,226745
measured,probe-memory-buffer,run,491,11488700,0,920885,4604425,3632025,1000000,4294967296,read,227001
measured,probe-memory-buffer,run,492,11492800,0,920885,4604425,3636225,1000000,4294967296,read,227264
measured,probe-memory-buffer,run,493,11496900,0,920885,4604425,3640325,1000000,4294967296,read,227520
measured,probe-memory-buffer,run,494,11500900,0,920885,4604425,3644325,1000000,4294967296,read,227770
measured,probe-memory-buffer,run,495,11504900,0,920885,4604425,3648225,1000000,4294967296,read,228014
measured,probe-memory-buffer,run,496,11508900,0,920885,4604425,3652225,1000000,4294967296,read,228264
measured,probe-memory-buffer,run,497,11512900,0,920885,4604425,3656225,1000000,4294967296,read,228514
measured,probe-memory-buffer,run,498,11516900,0,920885,4604425,3660225,1000000,4294967296,read,228764
measured,probe-memory-buffer,run,499,11520900,0,920885,4604425,3664325,1000000,4294967296,read,229020
measured,probe-memory-buffer,run,500,11524900,0,920885,4604425,3668325,1000000,4294967296,read,229270
measured,probe-memory-buffer,run,501,11528900,0,920885,4604425,3672325,1000000,4294967296,read,229520
measured,probe-memory-buffer,run,502,11532900,0,920885,4604425,3676325,1000000,4294967296,read,229770
measured,probe-memory-buffer,run,503,11536900,0,920885,4604425,3680325,1000000,4294967296,read,230020
measured,probe-memory-buffer,run,504,11540900,0,920885,4604425,3684325,1000000,4294967296,read,230270
measured,probe-memory-buffer,run,505,11544900,0,920885,4604425,3688325,1000000,4294967296,read,230520
measured,probe-memory-buffer,run,506,11549300,0,920885,4604425,3692725,1000000,4294967296,read,230795
measured,probe-memory-buffer,run,507,11553300,0,920885,4604425,3696725,1000000,4294967296,read,231045
measured,probe-memory-buffer,run,508,11557300,0,920885,4604425,3700725,1000000,4294967296,read,231295
measured,probe-memory-buffer,run,509,11561300,0,920885,4604425,3704725,1000000,4294967296,read,231545
measured,probe-memory-buffer,run,510,11565300,0,920885,4604425,3708725,1000000,4294967296,read,231795
measured,probe-memory-buffer,run,511,11569300,0,920885,4604425,3712725,1000000,4294967296,read,232045
measured,probe-memory-buffer,run,512,11573300,0,920885,4604425,3716725,1000000,4294967296,read,232295
measured,probe-memory-buffer,run,513,11577300,0,920885,4604425,3720725,1000000,4294967296,read,232545
measured,probe-memory-buffer,run,514,11581300,0,920885,4604425,3724725,1000000,4294967296,read,232795
measured,probe-memory-buffer,run,515,11585300,0,920885,4604425,3728725,1000000,4294967296,read,233045
measured,probe-memory-buffer,run,516,11588100,0,1051955,5259775,4259775,1000000,4294967296,update,0
measured,probe-memory-buffer,run,517,11594600,0,1051955,5259775,4266475,1000000,4294967296,read,266654
measured,probe-memory-buffer,run,518,11599000,0,1051955,5259775,4270875,1000000,4294967296,read,266929
measured,probe-memory-buffer,run,519,11603000,0,1051955,5259775,4274875,1000000,4294967296,read,267179
measured,probe-memory-buffer,run,520,11607000,0,1051955,5259775,4278875,1000000,4294967296,read,267429
measured,probe-memory-buffer,run,521,11611000,0,1051955,5259775,4282875,1000000,4294967296,read,267679
measured,probe-memory-buffer,run,522,11615000,0,1051955,5259775,4286875,1000000,4294967296,read,267929
measured,probe-memory-buffer,run,523,11619600,0,1051955,5259775,4291475,1000000,4294967296,read,268217
measured,probe-memory-buffer,run,524,11623600,0,1051955,5259775,4295475,1000000,4294967296,read,268467
measured,probe-memory-buffer,run,525,11624000,0,1051955,5259775,4295875,1000000,4294967296,read,268492
measured,probe-memory-buffer,run,526,11624500,0,1051955,5259775,4296275,1000000,4294967296,read,268517
measured,probe-memory-buffer,run,527,11624900,0,1051955,5259775,4296675,1000000,4294967296,read,268542
measured,probe-memory-buffer,run,528,11625300,0,1051955,5259775,4297175,1000000,4294967296,read,268573
measured,probe-memory-buffer,run,529,11625700,0,1051955,5259775,4297575,1000000,4294967296,read,268598
measured,probe-memory-buffer,run,530,11626200,0,1051955,5259775,4297975,1000000,4294967296,read,268623
measured,probe-memory-buffer,run,531,11626600,0,1051955,5259775,4298375,1000000,4294967296,read,268648
measured,probe-memory-buffer,run,532,11627000,0,1051955,5259775,4298875,1000000,4294967296,read,268679
measured,probe-memory-buffer,run,533,11627400,0,1051955,5259775,4299275,1000000,4294967296,read,268704
measured,probe-memory-buffer,run,534,11627800,0,1051955,5259775,4299675,1000000,4294967296,read,268729
measured,probe-memory-buffer,run,535,11628200,0,1051955,5259775,4300075,1000000,4294967296,read,268754
measured,probe-memory-buffer,run,536,11628700,0,1051955,5259775,4300475,1000000,4294967296,read,268779
measured,probe-memory-buffer,run,537,11629100,0,1051955,5259775,4300975,1000000,4294967296,read,268810
measured,probe-memory-buffer,run,538,11631800,0,1051955,5259775,4303675,1000000,4294967296,read,268979
measured,probe-memory-buffer,run,539,11632300,0,1051955,5259775,4304075,1000000,4294967296,read,269004
measured,probe-memory-buffer,run,540,11632700,0,1051955,5259775,4304575,1000000,4294967296,read,269035
measured,probe-memory-buffer,run,541,11633100,0,1051955,5259775,4304975,1000000,4294967296,read,269060
measured,probe-memory-buffer,run,542,11633500,0,1051955,5259775,4305375,1000000,4294967296,read,269085
measured,probe-memory-buffer,run,543,11633900,0,1051955,5259775,4305775,1000000,4294967296,read,269110
measured,probe-memory-buffer,run,544,11634400,0,1051955,5259775,4306175,1000000,4294967296,read,269135
measured,probe-memory-buffer,run,545,11634800,0,1051955,5259775,4306675,1000000,4294967296,read,269167
measured,probe-memory-buffer,run,546,11635200,0,1051955,5259775,4307075,1000000,4294967296,read,269192
measured,probe-memory-buffer,run,547,11635600,0,1051955,5259775,4307475,1000000,4294967296,read,269217
measured,probe-memory-buffer,run,548,11636000,0,1051955,5259775,4307875,1000000,4294967296,read,269242
measured,probe-memory-buffer,run,549,11636500,0,1051955,5259775,4308275,1000000,4294967296,read,269267
measured,probe-memory-buffer,run,550,11636900,0,1051955,5259775,4308775,1000000,4294967296,read,269298
measured,probe-memory-buffer,run,551,11637300,0,1051955,5259775,4309175,1000000,4294967296,read,269323
measured,probe-memory-buffer,run,552,11637700,0,1051955,5259775,4309575,1000000,4294967296,read,269348
measured,probe-memory-buffer,run,553,11638100,0,1051955,5259775,4309975,1000000,4294967296,read,269373
measured,probe-memory-buffer,run,554,11638600,0,1051955,5259775,4310375,1000000,4294967296,read,269398
measured,probe-memory-buffer,run,555,11639000,0,1051955,5259775,4310775,1000000,4294967296,read,269423
measured,probe-memory-buffer,run,556,11639400,0,1051955,5259775,4311275,1000000,4294967296,read,269454
measured,probe-memory-buffer,run,557,11639800,0,1051955,5259775,4311675,1000000,4294967296,read,269479
measured,probe-memory-buffer,run,558,11640200,0,1051955,5259775,4312075,1000000,4294967296,read,269504
measured,probe-memory-buffer,run,559,11640600,0,1051955,5259775,4312475,1000000,4294967296,read,269529
measured,probe-memory-buffer,run,560,11641100,0,1051955,5259775,4312875,1000000,4294967296,read,269554
measured,probe-memory-buffer,run,561,11641500,0,1051955,5259775,4313375,1000000,4294967296,read,269585
measured,probe-memory-buffer,run,562,11641900,0,1051955,5259775,4313775,1000000,4294967296,read,269610
measured,probe-memory-buffer,run,563,11642300,0,1051955,5259775,4314175,1000000,4294967296,read,269635
measured,probe-memory-buffer,run,564,11642700,0,1051955,5259775,4314575,1000000,4294967296,read,269660
measured,probe-memory-buffer,run,565,11643200,0,1051955,5259775,4314975,1000000,4294967296,read,269685
measured,probe-memory-buffer,run,566,11643600,0,1051955,5259775,4315475,1000000,4294967296,read,269717
measured,probe-memory-buffer,run,567,11644000,0,1051955,5259775,4315875,1000000,4294967296,read,269742
measured,probe-memory-buffer,run,568,11644400,0,1051955,5259775,4316275,1000000,4294967296,read,269767
measured,probe-memory-buffer,run,569,11644800,0,1051955,5259775,4316675,1000000,4294967296,read,269792
measured,probe-memory-buffer,run,570,11645300,0,1051955,5259775,4317075,1000000,4294967296,read,269817
measured,probe-memory-buffer,run,571,11645700,0,1051955,5259775,4317575,1000000,4294967296,read,269848
measured,probe-memory-buffer,run,572,11646100,0,1051955,5259775,4317975,1000000,4294967296,read,269873
measured,probe-memory-buffer,run,573,11646500,0,1051955,5259775,4318375,1000000,4294967296,read,269898
measured,probe-memory-buffer,run,574,11646900,0,1051955,5259775,4318775,1000000,4294967296,read,269923
measured,probe-memory-buffer,run,575,11647400,0,1051955,5259775,4319175,1000000,4294967296,read,269948
measured,probe-memory-buffer,run,576,11647800,0,1051955,5259775,4319675,1000000,4294967296,read,269979
measured,probe-memory-buffer,run,577,11648200,0,1051955,5259775,4320075,1000000,4294967296,read,270004
measured,probe-memory-buffer,run,578,11648600,0,1051955,5259775,4320475,1000000,4294967296,read,270029
measured,probe-memory-buffer,run,579,11649000,0,1051955,5259775,4320875,1000000,4294967296,read,270054
measured,probe-memory-buffer,run,580,11649500,0,1051955,5259775,4321275,1000000,4294967296,read,270079
measured,probe-memory-buffer,run,581,11649900,0,1051955,5259775,4321775,1000000,4294967296,read,270110
measured,probe-memory-buffer,run,582,11650300,0,1051955,5259775,4322175,1000000,4294967296,read,270135
measured,probe-memory-buffer,run,583,11650700,0,1051955,5259775,4322575,1000000,4294967296,read,270160
measured,probe-memory-buffer,run,584,11651100,0,1051955,5259775,4322975,1000000,4294967296,read,270185
measured,probe-memory-buffer,run,585,11651600,0,1051955,5259775,4323375,1000000,4294967296,read,270210
measured,probe-memory-buffer,run,586,11652000,0,1051955,5259775,4323875,1000000,4294967296,read,270242
measured,probe-memory-buffer,run,587,11652400,0,1051955,5259775,4324275,1000000,4294967296,read,270267
measured,probe-memory-buffer,run,588,11652800,0,1051955,5259775,4324675,1000000,4294967296,read,270292
measured,probe-memory-buffer,run,589,11653200,0,1051955,5259775,4325075,1000000,4294967296,read,270317
measured,probe-memory-buffer,run,590,11653700,0,1051955,5259775,4325475,1000000,4294967296,read,270342
measured,probe-memory-buffer,run,591,11654100,0,1051955,5259775,4325875,1000000,4294967296,read,270367
measured,probe-memory-buffer,run,592,11654500,0,1051955,5259775,4326375,1000000,4294967296,read,270398
measured,probe-memory-buffer,run,593,11654900,0,1051955,5259775,4326775,1000000,4294967296,read,270423
measured,probe-memory-buffer,run,594,11655300,0,1051955,5259775,4327175,1000000,4294967296,read,270448
measured,probe-memory-buffer,run,595,11656900,0,1051955,5259775,4328775,1000000,4294967296,read,270548
measured,probe-memory-buffer,run,596,11657300,0,1051955,5259775,4329175,1000000,4294967296,read,270573
measured,probe-memory-buffer,run,597,11657800,0,1051955,5259775,4329575,1000000,4294967296,read,270598
measured,probe-memory-buffer,run,598,11658200,0,1051955,5259775,4330075,1000000,4294967296,read,270629
measured,probe-memory-buffer,run,599,11658600,0,1051955,5259775,4330475,1000000,4294967296,read,270654
measured,probe-memory-buffer,run,600,11659000,0,1051955,5259775,4330875,1000000,4294967296,read,270679
measured,probe-memory-buffer,run,601,11659500,0,1051955,5259775,4331275,1000000,4294967296,read,270704
measured,probe-memory-buffer,run,602,11659900,0,1051955,5259775,4331675,1000000,4294967296,read,270729
measured,probe-memory-buffer,run,603,11660300,0,1051955,5259775,4332175,1000000,4294967296,read,270760
measured,probe-memory-buffer,run,604,11660700,0,1051955,5259775,4332575,1000000,4294967296,read,270785
measured,probe-memory-buffer,run,605,11661100,0,1051955,5259775,4332975,1000000,4294967296,read,270810
measured,probe-memory-buffer,run,606,11661500,0,1051955,5259775,4333375,1000000,4294967296,read,270835
measured,probe-memory-buffer,run,607,11662000,0,1051955,5259775,4333775,1000000,4294967296,read,270860
measured,probe-memory-buffer,run,608,11662400,0,1051955,5259775,4334275,1000000,4294967296,read,270892
measured,probe-memory-buffer,run,609,11662800,0,1051955,5259775,4334675,1000000,4294967296,read,270917
measured,probe-memory-buffer,run,610,11663200,0,1051955,5259775,4335075,1000000,4294967296,read,270942
measured,probe-memory-buffer,run,611,11663600,0,1051955,5259775,4335475,1000000,4294967296,read,270967
measured,probe-memory-buffer,run,612,11664100,0,1051955,5259775,4335875,1000000,4294967296,read,270992
measured,probe-memory-buffer,run,613,11664500,0,1051955,5259775,4336275,1000000,4294967296,read,271017
measured,probe-memory-buffer,run,614,11664900,0,1051955,5259775,4336775,1000000,4294967296,read,271048
measured,probe-memory-buffer,run,615,11665300,0,1051955,5259775,4337175,1000000,4294967296,read,271073
measured,probe-memory-buffer,run,616,11665700,0,1051955,5259775,4337575,1000000,4294967296,read,271098
measured,probe-memory-buffer,run,617,11666100,0,1051955,5259775,4337975,1000000,4294967296,read,271123
measured,probe-memory-buffer,run,618,11666600,0,1051955,5259775,4338375,1000000,4294967296,read,271148
measured,probe-memory-buffer,run,619,11667000,0,1051955,5259775,4338875,1000000,4294967296,read,271179
measured,probe-memory-buffer,run,620,11667400,0,1051955,5259775,4339275,1000000,4294967296,read,271204
measured,probe-memory-buffer,run,621,11667800,0,1051955,5259775,4339675,1000000,4294967296,read,271229
measured,probe-memory-buffer,run,622,11668200,0,1051955,5259775,4340075,1000000,4294967296,read,271254
measured,probe-memory-buffer,run,623,11668600,0,1051955,5259775,4340475,1000000,4294967296,read,271279
measured,probe-memory-buffer,run,624,11669100,0,1051955,5259775,4340875,1000000,4294967296,read,271304
measured,probe-memory-buffer,run,625,11669500,0,1051955,5259775,4341375,1000000,4294967296,read,271335
measured,probe-memory-buffer,run,626,11669900,0,1051955,5259775,4341775,1000000,4294967296,read,271360
measured,probe-memory-buffer,run,627,11670300,0,1051955,5259775,4342175,1000000,4294967296,read,271385
measured,probe-memory-buffer,run,628,11670700,0,1051955,5259775,4342575,1000000,4294967296,read,271410
measured,probe-memory-buffer,run,629,11671200,0,1051955,5259775,4342975,1000000,4294967296,read,271435
measured,probe-memory-buffer,run,630,11671600,0,1051955,5259775,4343475,1000000,4294967296,read,271467
measured,probe-memory-buffer,run,631,11672000,0,1051955,5259775,4343875,1000000,4294967296,read,271492
measured,probe-memory-buffer,run,632,11672400,0,1051955,5259775,4344275,1000000,4294967296,read,271517
measured,probe-memory-buffer,run,633,11672800,0,1051955,5259775,4344675,1000000,4294967296,read,271542
measured,probe-memory-buffer,run,634,11673300,0,1051955,5259775,4345075,1000000,4294967296,read,271567
measured,probe-memory-buffer,run,635,11673700,0,1051955,5259775,4345475,1000000,4294967296,read,271592
measured,probe-memory-buffer,run,636,11674100,0,1051955,5259775,4345975,1000000,4294967296,read,271623
measured,probe-memory-buffer,run,637,11674500,0,1051955,5259775,4346375,1000000,4294967296,read,271648
measured,probe-memory-buffer,run,638,11674900,0,1051955,5259775,4346775,1000000,4294967296,read,271673
measured,probe-memory-buffer,run,639,11675300,0,1051955,5259775,4347175,1000000,4294967296,read,271698
measured,probe-memory-buffer,run,640,11675800,0,1051955,5259775,4347575,1000000,4294967296,read,271723
measured,probe-memory-buffer,run,641,11676200,0,1051955,5259775,4348075,1000000,4294967296,read,271754
measured,probe-memory-buffer,run,642,11676600,0,1051955,5259775,4348475,1000000,4294967296,read,271779
measured,probe-memory-buffer,run,643,11677000,0,1051955,5259775,4348875,1000000,4294967296,read,271804
measured,probe-memory-buffer,run,644,11677400,0,1051955,5259775,4349275,1000000,4294967296,read,271829
measured,probe-memory-buffer,run,645,11677900,0,1051955,5259775,4349675,1000000,4294967296,read,271854
measured,probe-memory-buffer,run,646,11678300,0,1051955,5259775,4350175,1000000,4294967296,read,271885
measured,probe-memory-buffer,run,647,11678700,0,1051955,5259775,4350575,1000000,4294967296,read,271910
measured,probe-memory-buffer,run,648,11679100,0,1051955,5259775,4350975,1000000,4294967296,read,271935
measured,probe-memory-buffer,run,649,11679500,0,1051955,5259775,4351375,1000000,4294967296,read,271960
measured,probe-memory-buffer,run,650,11680000,0,1051955,5259775,4351775,1000000,4294967296,read,271985
measured,probe-memory-buffer,run,651,11680400,0,1051955,5259775,4352275,1000000,4294967296,read,272017
measured,probe-memory-buffer,run,652,11681800,0,1051955,5259775,4353575,1000000,4294967296,read,272098
measured,probe-memory-buffer,run,653,11685800,0,1051955,5259775,4357675,1000000,4294967296,read,272354
measured,probe-memory-buffer,run,654,11689800,0,1051955,5259775,4361675,1000000,4294967296,read,272604
measured,probe-memory-buffer,run,655,11693800,0,1051955,5259775,4365575,1000000,4294967296,read,272848
measured,probe-memory-buffer,run,656,11697800,0,1051955,5259775,4369575,1000000,4294967296,read,273098
measured,probe-memory-buffer,run,657,11701800,0,1051955,5259775,4373575,1000000,4294967296,read,273348
measured,probe-memory-buffer,run,658,11706100,0,1051955,5259775,4377975,1000000,4294967296,read,273623
measured,probe-memory-buffer,run,659,11710200,0,1051955,5259775,4381975,1000000,4294967296,read,273873
measured,probe-memory-buffer,run,660,11713600,0,1183025,5915125,4915125,1000000,4294967296,update,0
measured,probe-memory-buffer,run,661,11747300,0,1183025,5915125,4948925,1000000,4294967296,read,309307
measured,probe-memory-buffer,run,662,11753800,0,1183025,5915125,4955525,1000000,4294967296,read,309720
measured,probe-memory-buffer,run,663,11757900,0,1183025,5915125,4959625,1000000,4294967296,read,309976
measured,probe-memory-buffer,run,664,11762000,0,1183025,5915125,4963725,1000000,4294967296,read,310232
measured,probe-memory-buffer,run,665,11766100,0,1183025,5915125,4967825,1000000,4294967296,read,310489
measured,probe-memory-buffer,run,666,11770100,0,1183025,5915125,4971825,1000000,4294967296,read,310739
measured,probe-memory-buffer,run,667,11774100,0,1183025,5915125,4975825,1000000,4294967296,read,310989
measured,probe-memory-buffer,run,668,11778200,0,1183025,5915125,4979825,1000000,4294967296,read,311239
measured,probe-memory-buffer,run,669,11782200,0,1183025,5915125,4983825,1000000,4294967296,read,311489
measured,probe-memory-buffer,run,670,11786200,0,1183025,5915125,4987825,1000000,4294967296,read,311739
measured,probe-memory-buffer,run,671,11790100,0,1183025,5915125,4991825,1000000,4294967296,read,311989
measured,probe-memory-buffer,run,672,11794100,0,1183025,5915125,4995825,1000000,4294967296,read,312239
measured,probe-memory-buffer,run,673,11798100,0,1183025,5915125,4999825,1000000,4294967296,read,312489
measured,probe-memory-buffer,run,674,11802100,0,1183025,5915125,5003825,1000000,4294967296,read,312739
measured,probe-memory-buffer,run,675,11807800,0,1183025,5915125,5009425,1000000,4294967296,read,313089
measured,probe-memory-buffer,run,676,11811800,0,1183025,5915125,5013425,1000000,4294967296,read,313339
measured,probe-memory-buffer,run,677,11815800,0,1183025,5915125,5017425,1000000,4294967296,read,313589
measured,probe-memory-buffer,run,678,11819800,0,1183025,5915125,5021425,1000000,4294967296,read,313839
measured,probe-memory-buffer,run,679,11823800,0,1183025,5915125,5025425,1000000,4294967296,read,314089
measured,probe-memory-buffer,run,680,11827800,0,1183025,5915125,5029425,1000000,4294967296,read,314339
measured,probe-memory-buffer,run,681,11831800,0,1183025,5915125,5033425,1000000,4294967296,read,314589
measured,probe-memory-buffer,run,682,11835800,0,1248560,6242800,5242800,1000000,4294967296,update,0
measured,probe-memory-buffer,run,683,11841600,0,1248560,6242800,5248800,1000000,4294967296,read,328050
measured,probe-memory-buffer,run,684,11846000,0,1248560,6242800,5253200,1000000,4294967296,read,328325
measured,probe-memory-buffer,run,685,11850000,0,1248560,6242800,5257200,1000000,4294967296,read,328575
measured,probe-memory-buffer,run,686,11854000,0,1248560,6242800,5261200,1000000,4294967296,read,328825
measured,probe-memory-buffer,run,687,11858000,0,1248560,6242800,5265200,1000000,4294967296,read,329075
measured,probe-memory-buffer,run,688,11862000,0,1248560,6242800,5269200,1000000,4294967296,read,329325
measured,probe-memory-buffer,run,689,11866000,0,1248560,6242800,5273200,1000000,4294967296,read,329575
measured,probe-memory-buffer,run,690,11870000,0,1248560,6242800,5277200,1000000,4294967296,read,329825
measured,probe-memory-buffer,run,691,11874000,0,1248560,6242800,5281200,1000000,4294967296,read,330075
measured,probe-memory-buffer,run,692,11878800,0,1248560,6242800,5286000,1000000,4294967296,read,330375
measured,probe-memory-buffer,run,693,11882800,0,1248560,6242800,5290000,1000000,4294967296,read,330625
measured,probe-memory-buffer,run,694,11886800,0,1248560,6242800,5294000,1000000,4294967296,read,330875
measured,probe-memory-buffer,run,695,11890800,0,1248560,6242800,5297900,1000000,4294967296,read,331118
measured,probe-memory-buffer,run,696,11894800,0,1248560,6242800,5301900,1000000,4294967296,read,331368
measured,probe-memory-buffer,run,697,11898800,0,1248560,6242800,5305900,1000000,4294967296,read,331618
measured,probe-memory-buffer,run,698,11902800,0,1248560,6242800,5310000,1000000,4294967296,read,331875
measured,probe-memory-buffer,run,699,11906800,0,1248560,6242800,5314000,1000000,4294967296,read,332125
measured,probe-memory-buffer,run,700,11910800,0,1248560,6242800,5318000,1000000,4294967296,read,332375
measured,probe-memory-buffer,run,701,11914800,0,1248560,6242800,5322000,1000000,4294967296,read,332625
measured,probe-memory-buffer,run,702,11918800,0,1248560,6242800,5325900,1000000,4294967296,read,332868
measured,probe-memory-buffer,run,703,11922800,0,1248560,6242800,5329900,1000000,4294967296,read,333118
measured,probe-memory-buffer,run,704,11926800,0,1248560,6242800,5333900,1000000,4294967296,read,333368
measured,probe-memory-buffer,run,705,11930800,0,1248560,6242800,5337900,1000000,4294967296,read,333618
measured,probe-memory-buffer,run,706,11934800,0,1248560,6242800,5341900,1000000,4294967296,read,333868
measured,probe-memory-buffer,run,707,11938800,0,1248560,6242800,5346000,1000000,4294967296,read,334125
measured,probe-memory-buffer,run,708,11943300,0,1248560,6242800,5350400,1000000,4294967296,read,334400
measured,probe-memory-buffer,run,709,11950600,0,1248560,6242800,5357800,1000000,4294967296,read,334862
measured,probe-memory-buffer,run,710,11954600,0,1248560,6242800,5361800,1000000,4294967296,read,335112
measured,probe-memory-buffer,run,711,11956700,0,1379630,6898150,5898150,1000000,4294967296,update,0
measured,probe-memory-buffer,run,712,11958700,0,1379630,6898150,5900150,1000000,4294967296,read,368759
measured,probe-memory-buffer,run,713,11962800,0,1379630,6898150,5904350,1000000,4294967296,read,369021
measured,probe-memory-buffer,run,714,11966800,0,1379630,6898150,5908350,1000000,4294967296,read,369271
measured,probe-memory-buffer,run,715,11970800,0,1379630,6898150,5912350,1000000,4294967296,read,369521
measured,probe-memory-buffer,run,716,11974800,0,1379630,6898150,5916350,1000000,4294967296,read,369771
measured,probe-memory-buffer,run,717,11978800,0,1379630,6898150,5920350,1000000,4294967296,read,370021
measured,probe-memory-buffer,run,718,11982800,0,1379630,6898150,5924350,1000000,4294967296,read,370271
measured,probe-memory-buffer,run,719,11986800,0,1379630,6898150,5928350,1000000,4294967296,read,370521
measured,probe-memory-buffer,run,720,11990800,0,1379630,6898150,5932350,1000000,4294967296,read,370771
measured,probe-memory-buffer,run,721,11994800,0,1379630,6898150,5936350,1000000,4294967296,read,371021
measured,probe-memory-buffer,run,722,11998800,0,1379630,6898150,5940350,1000000,4294967296,read,371271
measured,probe-memory-buffer,run,723,12002900,0,1379630,6898150,5944350,1000000,4294967296,read,371521
measured,probe-memory-buffer,run,724,12006900,0,1379630,6898150,5948350,1000000,4294967296,read,371771
measured,probe-memory-buffer,run,725,12011400,0,1379630,6898150,5952850,1000000,4294967296,read,372053
measured,probe-memory-buffer,run,726,12015400,0,1379630,6898150,5956850,1000000,4294967296,read,372303
measured,probe-memory-buffer,run,727,12019300,0,1379630,6898150,5960850,1000000,4294967296,read,372553
measured,probe-memory-buffer,run,728,12023300,0,1379630,6898150,5964850,1000000,4294967296,read,372803
measured,probe-memory-buffer,run,729,12027400,0,1379630,6898150,5968850,1000000,4294967296,read,373053
measured,probe-memory-buffer,run,730,12031400,0,1379630,6898150,5972850,1000000,4294967296,read,373303
measured,probe-memory-buffer,run,731,12035400,0,1379630,6898150,5976850,1000000,4294967296,read,373553
measured,probe-memory-buffer,run,732,12039400,0,1379630,6898150,5980850,1000000,4294967296,read,373803
measured,probe-memory-buffer,run,733,12043400,0,1379630,6898150,5984850,1000000,4294967296,read,374053
measured,probe-memory-buffer,run,734,12047400,0,1379630,6898150,5988850,1000000,4294967296,read,374303
measured,probe-memory-buffer,run,735,12051400,0,1379630,6898150,5992850,1000000,4294967296,read,374553
measured,probe-memory-buffer,run,736,12055400,0,1379630,6898150,5996850,1000000,4294967296,read,374803
measured,probe-memory-buffer,run,737,12059400,0,1379630,6898150,6000850,1000000,4294967296,read,375053
measured,probe-memory-buffer,run,738,12063400,0,1379630,6898150,6004850,1000000,4294967296,read,375303
measured,probe-memory-buffer,run,739,12067400,0,1379630,6898150,6008850,1000000,4294967296,read,375553
measured,probe-memory-buffer,run,740,12071400,0,1379630,6898150,6012950,1000000,4294967296,read,375809
measured,probe-memory-buffer,run,741,12075700,0,1379630,6898150,6017250,1000000,4294967296,read,376078
measured,probe-memory-buffer,run,742,12078400,0,1510700,7553500,6553500,1000000,4294967296,update,0
measured,probe-memory-buffer,run,743,12079800,0,1510700,7553500,6555100,1000000,4294967296,read,409693
measured,probe-memory-buffer,run,744,12083900,0,1510700,7553500,6559100,1000000,4294967296,read,409943
measured,probe-memory-buffer,run,745,12087900,0,1510700,7553500,6563200,1000000,4294967296,read,410200
measured,probe-memory-buffer,run,746,12091900,0,1510700,7553500,6567200,1000000,4294967296,read,410450
measured,probe-memory-buffer,run,747,12095900,0,1510700,7553500,6571200,1000000,4294967296,read,410700
measured,probe-memory-buffer,run,748,12099900,0,1510700,7553500,6575200,1000000,4294967296,read,410950
measured,probe-memory-buffer,run,749,12103900,0,1510700,7553500,6579200,1000000,4294967296,read,411200
measured,probe-memory-buffer,run,750,12107900,0,1510700,7553500,6583200,1000000,4294967296,read,411450
measured,probe-memory-buffer,run,751,12111900,0,1510700,7553500,6587200,1000000,4294967296,read,411700
measured,probe-memory-buffer,run,752,12115900,0,1510700,7553500,6591200,1000000,4294967296,read,411950
measured,probe-memory-buffer,run,753,12119900,0,1510700,7553500,6595200,1000000,4294967296,read,412200
measured,probe-memory-buffer,run,754,12123900,0,1510700,7553500,6599200,1000000,4294967296,read,412450
measured,probe-memory-buffer,run,755,12127900,0,1510700,7553500,6603200,1000000,4294967296,read,412700
measured,probe-memory-buffer,run,756,12131900,0,1510700,7553500,6607200,1000000,4294967296,read,412950
measured,probe-memory-buffer,run,757,12135900,0,1510700,7553500,6611200,1000000,4294967296,read,413200
measured,probe-memory-buffer,run,758,12140300,0,1510700,7553500,6615600,1000000,4294967296,read,413475
measured,probe-memory-buffer,run,759,12144300,0,1510700,7553500,6619600,1000000,4294967296,read,413725
measured,probe-memory-buffer,run,760,12148300,0,1510700,7553500,6623600,1000000,4294967296,read,413975
measured,probe-memory-buffer,run,761,12152300,0,1510700,7553500,6627600,1000000,4294967296,read,414225
measured,probe-memory-buffer,run,762,12156300,0,1510700,7553500,6631600,1000000,4294967296,read,414475
measured,probe-memory-buffer,run,763,12160300,0,1510700,7553500,6635600,1000000,4294967296,read,414725
measured,probe-memory-buffer,run,764,12164300,0,1510700,7553500,6639600,1000000,4294967296,read,414975
measured,probe-memory-buffer,run,765,12169400,0,1510700,7553500,6644700,1000000,4294967296,read,415293
measured,probe-memory-buffer,run,766,12173400,0,1510700,7553500,6648700,1000000,4294967296,read,415543
measured,probe-memory-buffer,run,767,12177400,0,1510700,7553500,6652700,1000000,4294967296,read,415793
measured,probe-memory-buffer,run,768,12181400,0,1510700,7553500,6656700,1000000,4294967296,read,416043
measured,probe-memory-buffer,run,769,12185400,0,1510700,7553500,6660700,1000000,4294967296,read,416293
measured,probe-memory-buffer,run,770,12189400,0,1510700,7553500,6664700,1000000,4294967296,read,416543
measured,probe-memory-buffer,run,771,12193400,0,1510700,7553500,6668700,1000000,4294967296,read,416793
measured,probe-memory-buffer,run,772,12197400,0,1510700,7553500,6672700,1000000,4294967296,read,417043
measured,probe-memory-buffer,run,773,12199400,0,1576235,7881175,6881175,1000000,4294967296,update,0
measured,probe-memory-buffer,run,774,12214700,0,1576235,7881175,6896475,1000000,4294967296,read,431029
measured,probe-memory-buffer,run,775,12220900,0,1576235,7881175,6902775,1000000,4294967296,read,431423
measured,probe-memory-buffer,run,776,12225100,0,1576235,7881175,6906875,1000000,4294967296,read,431679
measured,probe-memory-buffer,run,777,12229200,0,1576235,7881175,6911075,1000000,4294967296,read,431942
measured,probe-memory-buffer,run,778,12233200,0,1576235,7881175,6915075,1000000,4294967296,read,432192
measured,probe-memory-buffer,run,779,12237300,0,1576235,7881175,6919075,1000000,4294967296,read,432442
measured,probe-memory-buffer,run,780,12241200,0,1576235,7881175,6923075,1000000,4294967296,read,432692
measured,probe-memory-buffer,run,781,12245200,0,1576235,7881175,6927075,1000000,4294967296,read,432942
measured,probe-memory-buffer,run,782,12249200,0,1576235,7881175,6931075,1000000,4294967296,read,433192
measured,probe-memory-buffer,run,783,12253300,0,1576235,7881175,6935075,1000000,4294967296,read,433442
measured,probe-memory-buffer,run,784,12257300,0,1576235,7881175,6939075,1000000,4294967296,read,433692
measured,probe-memory-buffer,run,785,12261300,0,1576235,7881175,6943075,1000000,4294967296,read,433942
measured,probe-memory-buffer,run,786,12261700,0,1576235,7881175,6943575,1000000,4294967296,read,433973
measured,probe-memory-buffer,run,787,12262100,0,1576235,7881175,6943975,1000000,4294967296,read,433998
measured,probe-memory-buffer,run,788,12262500,0,1576235,7881175,6944375,1000000,4294967296,read,434023
measured,probe-memory-buffer,run,789,12262900,0,1576235,7881175,6944775,1000000,4294967296,read,434048
measured,probe-memory-buffer,run,790,12263400,0,1576235,7881175,6945175,1000000,4294967296,read,434073
measured,probe-memory-buffer,run,791,12263800,0,1576235,7881175,6945675,1000000,4294967296,read,434104
measured,probe-memory-buffer,run,792,12264200,0,1576235,7881175,6946075,1000000,4294967296,read,434129
measured,probe-memory-buffer,run,793,12264600,0,1576235,7881175,6946475,1000000,4294967296,read,434154
measured,probe-memory-buffer,run,794,12265000,0,1576235,7881175,6946875,1000000,4294967296,read,434179
measured,probe-memory-buffer,run,795,12265500,0,1576235,7881175,6947275,1000000,4294967296,read,434204
measured,probe-memory-buffer,run,796,12265900,0,1576235,7881175,6947675,1000000,4294967296,read,434229
measured,probe-memory-buffer,run,797,12266300,0,1576235,7881175,6948175,1000000,4294967296,read,434260
measured,probe-memory-buffer,run,798,12266700,0,1576235,7881175,6948575,1000000,4294967296,read,434285
measured,probe-memory-buffer,run,799,12267100,0,1576235,7881175,6948975,1000000,4294967296,read,434310
measured,probe-memory-buffer,run,800,12267500,0,1576235,7881175,6949375,1000000,4294967296,read,434335
measured,probe-memory-buffer,run,801,12268000,0,1576235,7881175,6949775,1000000,4294967296,read,434360
measured,probe-memory-buffer,run,802,12268400,0,1576235,7881175,6950275,1000000,4294967296,read,434392
measured,probe-memory-buffer,run,803,12268800,0,1576235,7881175,6950675,1000000,4294967296,read,434417
measured,probe-memory-buffer,run,804,12269200,0,1576235,7881175,6951075,1000000,4294967296,read,434442
measured,probe-memory-buffer,run,805,12269600,0,1576235,7881175,6951475,1000000,4294967296,read,434467
measured,probe-memory-buffer,run,806,12270100,0,1576235,7881175,6951875,1000000,4294967296,read,434492
measured,probe-memory-buffer,run,807,12270500,0,1576235,7881175,6952275,1000000,4294967296,read,434517
measured,probe-memory-buffer,run,808,12270900,0,1576235,7881175,6952775,1000000,4294967296,read,434548
measured,probe-memory-buffer,run,809,12271300,0,1576235,7881175,6953175,1000000,4294967296,read,434573
measured,probe-memory-buffer,run,810,12271700,0,1576235,7881175,6953575,1000000,4294967296,read,434598
measured,probe-memory-buffer,run,811,12272100,0,1576235,7881175,6953975,1000000,4294967296,read,434623
measured,probe-memory-buffer,run,812,12272600,0,1576235,7881175,6954375,1000000,4294967296,read,434648
measured,probe-memory-buffer,run,813,12273000,0,1576235,7881175,6954875,1000000,4294967296,read,434679
measured,probe-memory-buffer,run,814,12273400,0,1576235,7881175,6955275,1000000,4294967296,read,434704
measured,probe-memory-buffer,run,815,12273800,0,1576235,7881175,6955675,1000000,4294967296,read,434729
measured,probe-memory-buffer,run,816,12274200,0,1576235,7881175,6956075,1000000,4294967296,read,434754
measured,probe-memory-buffer,run,817,12274600,0,1576235,7881175,6956475,1000000,4294967296,read,434779
measured,probe-memory-buffer,run,818,12275100,0,1576235,7881175,6956875,1000000,4294967296,read,434804
measured,probe-memory-buffer,run,819,12275500,0,1576235,7881175,6957375,1000000,4294967296,read,434835
measured,probe-memory-buffer,run,820,12275900,0,1576235,7881175,6957775,1000000,4294967296,read,434860
measured,probe-memory-buffer,run,821,12276300,0,1576235,7881175,6958175,1000000,4294967296,read,434885
measured,probe-memory-buffer,run,822,12278800,0,1576235,7881175,6960675,1000000,4294967296,read,435042
measured,probe-memory-buffer,run,823,12279200,0,1576235,7881175,6961075,1000000,4294967296,read,435067
measured,probe-memory-buffer,run,824,12279600,0,1576235,7881175,6961475,1000000,4294967296,read,435092
measured,probe-memory-buffer,run,825,12280100,0,1576235,7881175,6961875,1000000,4294967296,read,435117
measured,probe-memory-buffer,run,826,12280500,0,1576235,7881175,6962375,1000000,4294967296,read,435148
measured,probe-memory-buffer,run,827,12280900,0,1576235,7881175,6962775,1000000,4294967296,read,435173
measured,probe-memory-buffer,run,828,12281300,0,1576235,7881175,6963175,1000000,4294967296,read,435198
measured,probe-memory-buffer,run,829,12281700,0,1576235,7881175,6963575,1000000,4294967296,read,435223
measured,probe-memory-buffer,run,830,12282200,0,1576235,7881175,6963975,1000000,4294967296,read,435248
measured,probe-memory-buffer,run,831,12282600,0,1576235,7881175,6964375,1000000,4294967296,read,435273
measured,probe-memory-buffer,run,832,12283000,0,1576235,7881175,6964875,1000000,4294967296,read,435304
measured,probe-memory-buffer,run,833,12283400,0,1576235,7881175,6965275,1000000,4294967296,read,435329
measured,probe-memory-buffer,run,834,12283800,0,1576235,7881175,6965675,1000000,4294967296,read,435354
measured,probe-memory-buffer,run,835,12284300,0,1576235,7881175,6966075,1000000,4294967296,read,435379
measured,probe-memory-buffer,run,836,12284700,0,1576235,7881175,6966575,1000000,4294967296,read,435410
measured,probe-memory-buffer,run,837,12285100,0,1576235,7881175,6966975,1000000,4294967296,read,435435
measured,probe-memory-buffer,run,838,12285500,0,1576235,7881175,6967375,1000000,4294967296,read,435460
measured,probe-memory-buffer,run,839,12285900,0,1576235,7881175,6967775,1000000,4294967296,read,435485
measured,probe-memory-buffer,run,840,12286400,0,1576235,7881175,6968175,1000000,4294967296,read,435510
measured,probe-memory-buffer,run,841,12286800,0,1576235,7881175,6968675,1000000,4294967296,read,435542
measured,probe-memory-buffer,run,842,12287200,0,1576235,7881175,6969075,1000000,4294967296,read,435567
measured,probe-memory-buffer,run,843,12287600,0,1576235,7881175,6969475,1000000,4294967296,read,435592
measured,probe-memory-buffer,run,844,12288000,0,1576235,7881175,6969875,1000000,4294967296,read,435617
measured,probe-memory-buffer,run,845,12288500,0,1576235,7881175,6970275,1000000,4294967296,read,435642
measured,probe-memory-buffer,run,846,12288900,0,1576235,7881175,6970775,1000000,4294967296,read,435673
measured,probe-memory-buffer,run,847,12289300,0,1576235,7881175,6971175,1000000,4294967296,read,435698
measured,probe-memory-buffer,run,848,12289700,0,1576235,7881175,6971575,1000000,4294967296,read,435723
measured,probe-memory-buffer,run,849,12290100,0,1576235,7881175,6971975,1000000,4294967296,read,435748
measured,probe-memory-buffer,run,850,12290600,0,1576235,7881175,6972375,1000000,4294967296,read,435773
measured,probe-memory-buffer,run,851,12291000,0,1576235,7881175,6972875,1000000,4294967296,read,435804
measured,probe-memory-buffer,run,852,12291400,0,1576235,7881175,6973275,1000000,4294967296,read,435829
measured,probe-memory-buffer,run,853,12291800,0,1576235,7881175,6973675,1000000,4294967296,read,435854
measured,probe-memory-buffer,run,854,12292300,0,1576235,7881175,6974075,1000000,4294967296,read,435879
measured,probe-memory-buffer,run,855,12292700,0,1576235,7881175,6974475,1000000,4294967296,read,435904
measured,probe-memory-buffer,run,856,12293100,0,1576235,7881175,6974975,1000000,4294967296,read,435935
measured,probe-memory-buffer,run,857,12293500,0,1576235,7881175,6975375,1000000,4294967296,read,435960
measured,probe-memory-buffer,run,858,12293900,0,1576235,7881175,6975775,1000000,4294967296,read,435985
measured,probe-memory-buffer,run,859,12294400,0,1576235,7881175,6976175,1000000,4294967296,read,436010
measured,probe-memory-buffer,run,860,12294800,0,1576235,7881175,6976575,1000000,4294967296,read,436035
measured,probe-memory-buffer,run,861,12295200,0,1576235,7881175,6977075,1000000,4294967296,read,436067
measured,probe-memory-buffer,run,862,12295600,0,1576235,7881175,6977475,1000000,4294967296,read,436092
measured,probe-memory-buffer,run,863,12296000,0,1576235,7881175,6977875,1000000,4294967296,read,436117
measured,probe-memory-buffer,run,864,12296900,0,1576235,7881175,6978775,1000000,4294967296,read,436173
measured,probe-memory-buffer,run,865,12297400,0,1576235,7881175,6979175,1000000,4294967296,read,436198
measured,probe-memory-buffer,run,866,12297800,0,1576235,7881175,6979575,1000000,4294967296,read,436223
measured,probe-memory-buffer,run,867,12298200,0,1576235,7881175,6980075,1000000,4294967296,read,436254
measured,probe-memory-buffer,run,868,12298600,0,1576235,7881175,6980475,1000000,4294967296,read,436279
measured,probe-memory-buffer,run,869,12299000,0,1576235,7881175,6980875,1000000,4294967296,read,436304
measured,probe-memory-buffer,run,870,12299400,0,1576235,7881175,6981275,1000000,4294967296,read,436329
measured,probe-memory-buffer,run,871,12299900,0,1576235,7881175,6981675,1000000,4294967296,read,436354
measured,probe-memory-buffer,run,872,12300300,0,1576235,7881175,6982175,1000000,4294967296,read,436385
measured,probe-memory-buffer,run,873,12300700,0,1576235,7881175,6982575,1000000,4294967296,read,436410
measured,probe-memory-buffer,run,874,12301100,0,1576235,7881175,6982975,1000000,4294967296,read,436435
measured,probe-memory-buffer,run,875,12301500,0,1576235,7881175,6983375,1000000,4294967296,read,436460
measured,probe-memory-buffer,run,876,12302000,0,1576235,7881175,6983775,1000000,4294967296,read,436485
measured,probe-memory-buffer,run,877,12302400,0,1576235,7881175,6984175,1000000,4294967296,read,436510
measured,probe-memory-buffer,run,878,12302800,0,1576235,7881175,6984675,1000000,4294967296,read,436542
measured,probe-memory-buffer,run,879,12304300,0,1576235,7881175,6986175,1000000,4294967296,read,436635
measured,probe-memory-buffer,run,880,12304700,0,1576235,7881175,6986575,1000000,4294967296,read,436660
measured,probe-memory-buffer,run,881,12305200,0,1576235,7881175,6986975,1000000,4294967296,read,436685
measured,probe-memory-buffer,run,882,12305600,0,1576235,7881175,6987375,1000000,4294967296,read,436710
measured,probe-memory-buffer,run,883,12306000,0,1576235,7881175,6987875,1000000,4294967296,read,436742
measured,probe-memory-buffer,run,884,12306400,0,1576235,7881175,6988275,1000000,4294967296,read,436767
measured,probe-memory-buffer,run,885,12306800,0,1576235,7881175,6988675,1000000,4294967296,read,436792
measured,probe-memory-buffer,run,886,12307300,0,1576235,7881175,6989075,1000000,4294967296,read,436817
measured,probe-memory-buffer,run,887,12307700,0,1576235,7881175,6989575,1000000,4294967296,read,436848
measured,probe-memory-buffer,run,888,12308100,0,1576235,7881175,6989975,1000000,4294967296,read,436873
measured,probe-memory-buffer,run,889,12308500,0,1576235,7881175,6990375,1000000,4294967296,read,436898
measured,probe-memory-buffer,run,890,12308900,0,1576235,7881175,6990775,1000000,4294967296,read,436923
measured,probe-memory-buffer,run,891,12309400,0,1576235,7881175,6991175,1000000,4294967296,read,436948
measured,probe-memory-buffer,run,892,12309800,0,1576235,7881175,6991575,1000000,4294967296,read,436973
measured,probe-memory-buffer,run,893,12310200,0,1576235,7881175,6992075,1000000,4294967296,read,437004
measured,probe-memory-buffer,run,894,12310600,0,1576235,7881175,6992475,1000000,4294967296,read,437029
measured,probe-memory-buffer,run,895,12311000,0,1576235,7881175,6992875,1000000,4294967296,read,437054
measured,probe-memory-buffer,run,896,12311500,0,1576235,7881175,6993275,1000000,4294967296,read,437079
measured,probe-memory-buffer,run,897,12311900,0,1576235,7881175,6993675,1000000,4294967296,read,437104
measured,probe-memory-buffer,run,898,12312300,0,1576235,7881175,6994175,1000000,4294967296,read,437135
measured,probe-memory-buffer,run,899,12312700,0,1576235,7881175,6994575,1000000,4294967296,read,437160
measured,probe-memory-buffer,run,900,12313100,0,1576235,7881175,6994975,1000000,4294967296,read,437185
measured,probe-memory-buffer,run,901,12313600,0,1576235,7881175,6995375,1000000,4294967296,read,437210
measured,probe-memory-buffer,run,902,12314000,0,1576235,7881175,6995875,1000000,4294967296,read,437242
measured,probe-memory-buffer,run,903,12314400,0,1576235,7881175,6996275,1000000,4294967296,read,437267
measured,probe-memory-buffer,run,904,12314800,0,1576235,7881175,6996675,1000000,4294967296,read,437292
measured,probe-memory-buffer,run,905,12315200,0,1576235,7881175,6997075,1000000,4294967296,read,437317
measured,probe-memory-buffer,run,906,12315600,0,1576235,7881175,6997475,1000000,4294967296,read,437342
measured,probe-memory-buffer,run,907,12316100,0,1576235,7881175,6997875,1000000,4294967296,read,437367
measured,probe-memory-buffer,run,908,12316500,0,1576235,7881175,6998375,1000000,4294967296,read,437398
measured,probe-memory-buffer,run,909,12316900,0,1576235,7881175,6998775,1000000,4294967296,read,437423
measured,probe-memory-buffer,run,910,12317300,0,1576235,7881175,6999175,1000000,4294967296,read,437448
measured,probe-memory-buffer,run,911,12317700,0,1576235,7881175,6999575,1000000,4294967296,read,437473
measured,probe-memory-buffer,run,912,12318200,0,1576235,7881175,6999975,1000000,4294967296,read,437498
measured,probe-memory-buffer,run,913,12318600,0,1576235,7881175,7000475,1000000,4294967296,read,437529
measured,probe-memory-buffer,run,914,12322500,0,1707305,8536525,7536525,1000000,4294967296,update,0
measured,probe-memory-buffer,run,915,12328100,0,1707305,8536525,7542225,1000000,4294967296,read,471389
measured,probe-memory-buffer,run,916,12332600,0,1707305,8536525,7546625,1000000,4294967296,read,471664
measured,probe-memory-buffer,run,917,12336600,0,1707305,8536525,7550625,1000000,4294967296,read,471914
measured,probe-memory-buffer,run,918,12340600,0,1707305,8536525,7554625,1000000,4294967296,read,472164
measured,probe-memory-buffer,run,919,12344600,0,1707305,8536525,7558625,1000000,4294967296,read,472414
measured,probe-memory-buffer,run,920,12348600,0,1707305,8536525,7562625,1000000,4294967296,read,472664
measured,probe-memory-buffer,run,921,12352600,0,1707305,8536525,7566625,1000000,4294967296,read,472914
measured,probe-memory-buffer,run,922,12356600,0,1707305,8536525,7570725,1000000,4294967296,read,473170
measured,probe-memory-buffer,run,923,12360600,0,1707305,8536525,7574725,1000000,4294967296,read,473420
measured,probe-memory-buffer,run,924,12364600,0,1707305,8536525,7578725,1000000,4294967296,read,473670
measured,probe-memory-buffer,run,925,12368600,0,1707305,8536525,7582725,1000000,4294967296,read,473920
measured,probe-memory-buffer,run,926,12372600,0,1707305,8536525,7586725,1000000,4294967296,read,474170
measured,probe-memory-buffer,run,927,12377200,0,1707305,8536525,7591325,1000000,4294967296,read,474457
measured,probe-memory-buffer,run,928,12381200,0,1707305,8536525,7595325,1000000,4294967296,read,474707
measured,probe-memory-buffer,run,929,12385200,0,1707305,8536525,7599325,1000000,4294967296,read,474957
measured,probe-memory-buffer,run,930,12389200,0,1707305,8536525,7603325,1000000,4294967296,read,475207
measured,probe-memory-buffer,run,931,12393200,0,1707305,8536525,7607325,1000000,4294967296,read,475457
measured,probe-memory-buffer,run,932,12397200,0,1707305,8536525,7611325,1000000,4294967296,read,475707
measured,probe-memory-buffer,run,933,12401200,0,1707305,8536525,7615325,1000000,4294967296,read,475957
measured,probe-memory-buffer,run,934,12405200,0,1707305,8536525,7619325,1000000,4294967296,read,476207
measured,probe-memory-buffer,run,935,12409200,0,1707305,8536525,7623325,1000000,4294967296,read,476457
measured,probe-memory-buffer,run,936,12414500,0,1707305,8536525,7628625,1000000,4294967296,read,476789
measured,probe-memory-buffer,run,937,12418500,0,1707305,8536525,7632625,1000000,4294967296,read,477039
measured,probe-memory-buffer,run,938,12422500,0,1707305,8536525,7636625,1000000,4294967296,read,477289
measured,probe-memory-buffer,run,939,12426500,0,1707305,8536525,7640625,1000000,4294967296,read,477539
measured,probe-memory-buffer,run,940,12430500,0,1707305,8536525,7644625,1000000,4294967296,read,477789
measured,probe-memory-buffer,run,941,12434500,0,1707305,8536525,7648625,1000000,4294967296,read,478039
measured,probe-memory-buffer,run,942,12438500,0,1707305,8536525,7652625,1000000,4294967296,read,478289
measured,probe-memory-buffer,run,943,12443500,0,1838375,9191875,8191875,1000000,4294967296,update,0
measured,probe-memory-buffer,run,944,12475800,0,1838375,9191875,8224175,1000000,4294967296,read,514010
measured,probe-memory-buffer,run,945,12482300,0,1838375,9191875,8230775,1000000,4294967296,read,514423
measured,probe-memory-buffer,run,946,12486500,0,1838375,9191875,8234975,1000000,4294967296,read,514685
measured,probe-memory-buffer,run,947,12490600,0,1838375,9191875,8239075,1000000,4294967296,read,514942
measured,probe-memory-buffer,run,948,12494600,0,1838375,9191875,8243075,1000000,4294967296,read,515192
measured,probe-memory-buffer,run,949,12498600,0,1838375,9191875,8247075,1000000,4294967296,read,515442
measured,probe-memory-buffer,run,950,12502600,0,1838375,9191875,8251075,1000000,4294967296,read,515692
measured,probe-memory-buffer,run,951,12506600,0,1838375,9191875,8255075,1000000,4294967296,read,515942
measured,probe-memory-buffer,run,952,12510700,0,1838375,9191875,8259075,1000000,4294967296,read,516192
measured,probe-memory-buffer,run,953,12514700,0,1838375,9191875,8263075,1000000,4294967296,read,516442
measured,probe-memory-buffer,run,954,12518700,0,1838375,9191875,8267075,1000000,4294967296,read,516692
measured,probe-memory-buffer,run,955,12522700,0,1838375,9191875,8271075,1000000,4294967296,read,516942
measured,probe-memory-buffer,run,956,12526601,0,1838375,9191875,8275076,1000000,4294967296,read,517192
measured,probe-memory-buffer,run,957,12530601,0,1838375,9191875,8279076,1000000,4294967296,read,517442
measured,probe-memory-buffer,run,958,12534601,0,1838375,9191875,8283076,1000000,4294967296,read,517692
measured,probe-memory-buffer,run,959,12538601,0,1838375,9191875,8287076,1000000,4294967296,read,517942
measured,probe-memory-buffer,run,960,12544201,0,1838375,9191875,8292576,1000000,4294967296,read,518286
measured,probe-memory-buffer,run,961,12548201,0,1838375,9191875,8296676,1000000,4294967296,read,518542
measured,probe-memory-buffer,run,962,12552201,0,1838375,9191875,8300576,1000000,4294967296,read,518786
measured,probe-memory-buffer,run,963,12556201,0,1838375,9191875,8304576,1000000,4294967296,read,519036
measured,probe-memory-buffer,run,964,12560201,0,1838375,9191875,8308576,1000000,4294967296,read,519286
measured,probe-memory-buffer,run,965,12565201,0,1903910,9519550,8519550,1000000,4294967296,update,0
measured,probe-memory-buffer,run,966,12588201,0,1903910,9519550,8542750,1000000,4294967296,read,533921
measured,probe-memory-buffer,run,967,12593701,0,1903910,9519550,8548150,1000000,4294967296,read,534259
measured,probe-memory-buffer,run,968,12597801,0,1903910,9519550,8552350,1000000,4294967296,read,534521
measured,probe-memory-buffer,run,969,12601901,0,1903910,9519550,8556450,1000000,4294967296,read,534778
measured,probe-memory-buffer,run,970,12606001,0,1903910,9519550,8560550,1000000,4294967296,read,535034
measured,probe-memory-buffer,run,971,12610001,0,1903910,9519550,8564550,1000000,4294967296,read,535284
measured,probe-memory-buffer,run,972,12614001,0,1903910,9519550,8568550,1000000,4294967296,read,535534
measured,probe-memory-buffer,run,973,12618001,0,1903910,9519550,8572550,1000000,4294967296,read,535784
measured,probe-memory-buffer,run,974,12622001,0,1903910,9519550,8576550,1000000,4294967296,read,536034
measured,probe-memory-buffer,run,975,12626001,0,1903910,9519550,8580550,1000000,4294967296,read,536284
measured,probe-memory-buffer,run,976,12630001,0,1903910,9519550,8584550,1000000,4294967296,read,536534
measured,probe-memory-buffer,run,977,12635201,0,1903910,9519550,8589750,1000000,4294967296,read,536859
measured,probe-memory-buffer,run,978,12639201,0,1903910,9519550,8593750,1000000,4294967296,read,537109
measured,probe-memory-buffer,run,979,12643201,0,1903910,9519550,8597750,1000000,4294967296,read,537359
measured,probe-memory-buffer,run,980,12647201,0,1903910,9519550,8601750,1000000,4294967296,read,537609
measured,probe-memory-buffer,run,981,12651201,0,1903910,9519550,8605750,1000000,4294967296,read,537859
measured,probe-memory-buffer,run,982,12655201,0,1903910,9519550,8609750,1000000,4294967296,read,538109
measured,probe-memory-buffer,run,983,12659201,0,1903910,9519550,8613750,1000000,4294967296,read,538359
measured,probe-memory-buffer,run,984,12663201,0,1903910,9519550,8617750,1000000,4294967296,read,538609
measured,probe-memory-buffer,run,985,12667201,0,1903910,9519550,8621750,1000000,4294967296,read,538859
measured,probe-memory-buffer,run,986,12671201,0,1903910,9519550,8625750,1000000,4294967296,read,539109
measured,probe-memory-buffer,run,987,12675201,0,1903910,9519550,8629750,1000000,4294967296,read,539359
measured,probe-memory-buffer,run,988,12679201,0,1903910,9519550,8633750,1000000,4294967296,read,539609
measured,probe-memory-buffer,run,989,12683201,0,1903910,9519550,8637750,1000000,4294967296,read,539859
measured,probe-memory-buffer,run,990,12686701,0,1969445,9847225,8847225,1000000,4294967296,update,0
measured,probe-memory-buffer,run,991,12692201,0,1969445,9847225,8852725,1000000,4294967296,read,553295
measured,probe-memory-buffer,run,992,12696501,0,1969445,9847225,8857125,1000000,4294967296,read,553570
measured,probe-memory-buffer,run,993,12703801,0,1969445,9847225,8864425,1000000,4294967296,read,554026
measured,probe-memory-buffer,run,994,12708601,0,1969445,9847225,8869125,1000000,4294967296,read,554320
measured,probe-memory-buffer,run,995,12712601,0,1969445,9847225,8873125,1000000,4294967296,read,554570
measured,probe-memory-buffer,run,996,12716601,0,1969445,9847225,8877125,1000000,4294967296,read,554820
measured,probe-memory-buffer,run,997,12720501,0,1969445,9847225,8881125,1000000,4294967296,read,555070
measured,probe-memory-buffer,run,998,12724501,0,1969445,9847225,8885125,1000000,4294967296,read,555320
measured,probe-memory-buffer,run,999,12728501,0,1969445,9847225,8889125,1000000,4294967296,read,555570
measured,probe-memory-buffer,run,1000,12732601,0,1969445,9847225,8893125,1000000,4294967296,read,555820
measured,probe-memory-buffer,run,1001,12736601,0,1969445,9847225,8897125,1000000,4294967296,read,556070
measured,probe-memory-buffer,run,1002,12740601,0,1969445,9847225,8901125,1000000,4294967296,read,556320
measured,probe-memory-buffer,run,1003,12744601,0,1969445,9847225,8905125,1000000,4294967296,read,556570
measured,probe-memory-buffer,run,1004,12748601,0,1969445,9847225,8909125,1000000,4294967296,read,556820
measured,probe-memory-buffer,run,1005,12752601,0,1969445,9847225,8913125,1000000,4294967296,read,557070
measured,probe-memory-buffer,run,1006,12756501,0,1969445,9847225,8917125,1000000,4294967296,read,557320
measured,probe-memory-buffer,run,1007,12760501,0,1969445,9847225,8921125,1000000,4294967296,read,557570
measured,probe-memory-buffer,run,1008,12764601,0,1969445,9847225,8925125,1000000,4294967296,read,557820
measured,probe-memory-buffer,run,1009,12768601,0,1969445,9847225,8929125,1000000,4294967296,read,558070
measured,probe-memory-buffer,run,1010,12773101,0,1969445,9847225,8933725,1000000,4294967296,read,558357
measured,probe-memory-buffer,run,1011,12777101,0,1969445,9847225,8937725,1000000,4294967296,read,558607
measured,probe-memory-buffer,run,1012,12781101,0,1969445,9847225,8941725,1000000,4294967296,read,558857
measured,probe-memory-buffer,run,1013,12785101,0,1969445,9847225,8945725,1000000,4294967296,read,559107
measured,probe-memory-buffer,run,1014,12789101,0,1969445,9847225,8949725,1000000,4294967296,read,559357
measured,probe-memory-buffer,run,1015,12793101,0,1969445,9847225,8953725,1000000,4294967296,read,559607
measured,probe-memory-buffer,run,1016,12797101,0,1969445,9847225,8957725,1000000,4294967296,read,559857
measured,probe-memory-buffer,run,1017,12801101,0,1969445,9847225,8961725,1000000,4294967296,read,560107
measured,probe-memory-buffer,run,1018,12805101,0,1969445,9847225,8965725,1000000,4294967296,read,560357
measured,probe-memory-buffer,run,1019,12807901,0,2100515,10502575,9502575,1000000,4294967296,update,0
measured,probe-memory-buffer,run,1020,12809501,0,2100515,10502575,9504275,1000000,4294967296,read,594017
measured,probe-memory-buffer,run,1021,12813801,0,2100515,10502575,9508575,1000000,4294967296,read,594285
measured,probe-memory-buffer,run,1022,12817801,0,2100515,10502575,9512575,1000000,4294967296,read,594535
measured,probe-memory-buffer,run,1023,12821801,0,2100515,10502575,9516575,1000000,4294967296,read,594785
measured,probe-memory-buffer,run,1024,12825801,0,2100515,10502575,9520575,1000000,4294967296,read,595035
measured,probe-memory-buffer,run,1025,12829801,0,2100515,10502575,9524575,1000000,4294967296,read,595285
measured,probe-memory-buffer,run,1026,12833801,0,2100515,10502575,9528575,1000000,4294967296,read,595535
measured,probe-memory-buffer,run,1027,12838201,0,2100515,10502575,9532975,1000000,4294967296,read,595810
measured,probe-memory-buffer,run,1028,12842201,0,2100515,10502575,9536975,1000000,4294967296,read,596060
measured,probe-memory-buffer,run,1029,12846201,0,2100515,10502575,9540975,1000000,4294967296,read,596310
measured,probe-memory-buffer,run,1030,12850201,0,2100515,10502575,9544975,1000000,4294967296,read,596560
measured,probe-memory-buffer,run,1031,12854201,0,2100515,10502575,9548975,1000000,4294967296,read,596810
measured,probe-memory-buffer,run,1032,12858201,0,2100515,10502575,9552975,1000000,4294967296,read,597060
measured,probe-memory-buffer,run,1033,12862201,0,2100515,10502575,9556975,1000000,4294967296,read,597310
measured,probe-memory-buffer,run,1034,12866201,0,2100515,10502575,9560975,1000000,4294967296,read,597560
measured,probe-memory-buffer,run,1035,12870201,0,2100515,10502575,9564975,1000000,4294967296,read,597810
measured,probe-memory-buffer,run,1036,12874301,0,2100515,10502575,9568975,1000000,4294967296,read,598060
measured,probe-memory-buffer,run,1037,12878201,0,2100515,10502575,9572975,1000000,4294967296,read,598310
measured,probe-memory-buffer,run,1038,12882201,0,2100515,10502575,9576975,1000000,4294967296,read,598560
measured,probe-memory-buffer,run,1039,12886201,0,2100515,10502575,9580975,1000000,4294967296,read,598810
measured,probe-memory-buffer,run,1040,12890201,0,2100515,10502575,9584975,1000000,4294967296,read,599060
measured,probe-memory-buffer,run,1041,12894201,0,2100515,10502575,9588975,1000000,4294967296,read,599310
measured,probe-memory-buffer,run,1042,12898301,0,2100515,10502575,9592975,1000000,4294967296,read,599560
measured,probe-memory-buffer,run,1043,12902601,0,2100515,10502575,9597375,1000000,4294967296,read,599835
measured,probe-memory-buffer,run,1044,12906601,0,2100515,10502575,9601375,1000000,4294967296,read,600085
measured,probe-memory-buffer,run,1045,12910601,0,2100515,10502575,9605375,1000000,4294967296,read,600335
measured,probe-memory-buffer,run,1046,12914601,0,2100515,10502575,9609375,1000000,4294967296,read,600585
measured,probe-memory-buffer,run,1047,12915001,0,2100515,10502575,9609775,1000000,4294967296,read,600610
measured,probe-memory-buffer,run,1048,12915401,0,2100515,10502575,9610175,1000000,4294967296,read,600635
measured,probe-memory-buffer,run,1049,12915901,0,2100515,10502575,9610575,1000000,4294967296,read,600660
measured,probe-memory-buffer,run,1050,12917401,0,2100515,10502575,9612175,1000000,4294967296,read,600760
measured,probe-memory-buffer,run,1051,12917901,0,2100515,10502575,9612675,1000000,4294967296,read,600792
measured,probe-memory-buffer,run,1052,12918301,0,2100515,10502575,9613075,1000000,4294967296,read,600817
measured,probe-memory-buffer,run,1053,12918701,0,2100515,10502575,9613475,1000000,4294967296,read,600842
measured,probe-memory-buffer,run,1054,12919101,0,2100515,10502575,9613875,1000000,4294967296,read,600867
measured,probe-memory-buffer,run,1055,12919601,0,2100515,10502575,9614275,1000000,4294967296,read,600892
measured,probe-memory-buffer,run,1056,12920001,0,2100515,10502575,9614675,1000000,4294967296,read,600917
measured,probe-memory-buffer,run,1057,12920401,0,2100515,10502575,9615175,1000000,4294967296,read,600948
measured,probe-memory-buffer,run,1058,12920801,0,2100515,10502575,9615575,1000000,4294967296,read,600973
measured,probe-memory-buffer,run,1059,12921201,0,2100515,10502575,9615975,1000000,4294967296,read,600998
measured,probe-memory-buffer,run,1060,12921601,0,2100515,10502575,9616375,1000000,4294967296,read,601023
measured,probe-memory-buffer,run,1061,12922101,0,2100515,10502575,9616775,1000000,4294967296,read,601048
measured,probe-memory-buffer,run,1062,12922501,0,2100515,10502575,9617275,1000000,4294967296,read,601079
measured,probe-memory-buffer,run,1063,12922901,0,2100515,10502575,9617675,1000000,4294967296,read,601104
measured,probe-memory-buffer,run,1064,12923301,0,2100515,10502575,9618075,1000000,4294967296,read,601129
measured,probe-memory-buffer,run,1065,12923701,0,2100515,10502575,9618475,1000000,4294967296,read,601154
measured,probe-memory-buffer,run,1066,12924201,0,2100515,10502575,9618875,1000000,4294967296,read,601179
measured,probe-memory-buffer,run,1067,12924601,0,2100515,10502575,9619375,1000000,4294967296,read,601210
measured,probe-memory-buffer,run,1068,12925001,0,2100515,10502575,9619775,1000000,4294967296,read,601235
measured,probe-memory-buffer,run,1069,12925401,0,2100515,10502575,9620175,1000000,4294967296,read,601260
measured,probe-memory-buffer,run,1070,12925801,0,2100515,10502575,9620575,1000000,4294967296,read,601285
measured,probe-memory-buffer,run,1071,12926301,0,2100515,10502575,9620975,1000000,4294967296,read,601310
measured,probe-memory-buffer,run,1072,12926701,0,2100515,10502575,9621475,1000000,4294967296,read,601342
measured,probe-memory-buffer,run,1073,12927101,0,2100515,10502575,9621875,1000000,4294967296,read,601367
measured,probe-memory-buffer,run,1074,12927501,0,2100515,10502575,9622275,1000000,4294967296,read,601392
measured,probe-memory-buffer,run,1075,12929001,0,2231585,11157925,10157925,1000000,4294967296,update,0
measured,probe-memory-buffer,run,1076,12960801,0,2231585,11157925,10189825,1000000,4294967296,read,636864
measured,probe-memory-buffer,run,1077,12963701,0,2231585,11157925,10192725,1000000,4294967296,read,637045
measured,probe-memory-buffer,run,1078,12964301,0,2231585,11157925,10193325,1000000,4294967296,read,637082
measured,probe-memory-buffer,run,1079,12964801,0,2231585,11157925,10193825,1000000,4294967296,read,637114
measured,probe-memory-buffer,run,1080,12965301,0,2231585,11157925,10194325,1000000,4294967296,read,637145
measured,probe-memory-buffer,run,1081,12965801,0,2231585,11157925,10194725,1000000,4294967296,read,637170
measured,probe-memory-buffer,run,1082,12966201,0,2231585,11157925,10195225,1000000,4294967296,read,637201
measured,probe-memory-buffer,run,1083,12966601,0,2231585,11157925,10195625,1000000,4294967296,read,637226
measured,probe-memory-buffer,run,1084,12967001,0,2231585,11157925,10196025,1000000,4294967296,read,637251
measured,probe-memory-buffer,run,1085,12967401,0,2231585,11157925,10196425,1000000,4294967296,read,637276
measured,probe-memory-buffer,run,1086,12967901,0,2231585,11157925,10196825,1000000,4294967296,read,637301
measured,probe-memory-buffer,run,1087,12968301,0,2231585,11157925,10197225,1000000,4294967296,read,637326
measured,probe-memory-buffer,run,1088,12968701,0,2231585,11157925,10197725,1000000,4294967296,read,637357
measured,probe-memory-buffer,run,1089,12969101,0,2231585,11157925,10198125,1000000,4294967296,read,637382
measured,probe-memory-buffer,run,1090,12969501,0,2231585,11157925,10198525,1000000,4294967296,read,637407
measured,probe-memory-buffer,run,1091,12969901,0,2231585,11157925,10198925,1000000,4294967296,read,637432
measured,probe-memory-buffer,run,1092,12970401,0,2231585,11157925,10199325,1000000,4294967296,read,637457
measured,probe-memory-buffer,run,1093,12970801,0,2231585,11157925,10199825,1000000,4294967296,read,637489
measured,probe-memory-buffer,run,1094,12971201,0,2231585,11157925,10200225,1000000,4294967296,read,637514
measured,probe-memory-buffer,run,1095,12971601,0,2231585,11157925,10200625,1000000,4294967296,read,637539
measured,probe-memory-buffer,run,1096,12972001,0,2231585,11157925,10201025,1000000,4294967296,read,637564
measured,probe-memory-buffer,run,1097,12972501,0,2231585,11157925,10201425,1000000,4294967296,read,637589
measured,probe-memory-buffer,run,1098,12972901,0,2231585,11157925,10201925,1000000,4294967296,read,637620
measured,probe-memory-buffer,run,1099,12973301,0,2231585,11157925,10202325,1000000,4294967296,read,637645
measured,probe-memory-buffer,run,1100,12973701,0,2231585,11157925,10202725,1000000,4294967296,read,637670
measured,probe-memory-buffer,run,1101,12974101,0,2231585,11157925,10203125,1000000,4294967296,read,637695
measured,probe-memory-buffer,run,1102,12974601,0,2231585,11157925,10203525,1000000,4294967296,read,637720
measured,probe-memory-buffer,run,1103,12975001,0,2231585,11157925,10203925,1000000,4294967296,read,637745
measured,probe-memory-buffer,run,1104,12975401,0,2231585,11157925,10204425,1000000,4294967296,read,637776
measured,probe-memory-buffer,run,1105,12975801,0,2231585,11157925,10204825,1000000,4294967296,read,637801
measured,probe-memory-buffer,run,1106,12976201,0,2231585,11157925,10205225,1000000,4294967296,read,637826
measured,probe-memory-buffer,run,1107,12979801,0,2231585,11157925,10208825,1000000,4294967296,read,638051
measured,probe-memory-buffer,run,1108,12980201,0,2231585,11157925,10209225,1000000,4294967296,read,638076
measured,probe-memory-buffer,run,1109,12980601,0,2231585,11157925,10209625,1000000,4294967296,read,638101
measured,probe-memory-buffer,run,1110,12981001,0,2231585,11157925,10210025,1000000,4294967296,read,638126
measured,probe-memory-buffer,run,1111,12981501,0,2231585,11157925,10210425,1000000,4294967296,read,638151
measured,probe-memory-buffer,run,1112,12981901,0,2231585,11157925,10210925,1000000,4294967296,read,638182
measured,probe-memory-buffer,run,1113,12982301,0,2231585,11157925,10211325,1000000,4294967296,read,638207
measured,probe-memory-buffer,run,1114,12982701,0,2231585,11157925,10211725,1000000,4294967296,read,638232
measured,probe-memory-buffer,run,1115,12983101,0,2231585,11157925,10212125,1000000,4294967296,read,638257
measured,probe-memory-buffer,run,1116,12983601,0,2231585,11157925,10212525,1000000,4294967296,read,638282
measured,probe-memory-buffer,run,1117,12984001,0,2231585,11157925,10213025,1000000,4294967296,read,638314
measured,probe-memory-buffer,run,1118,12984401,0,2231585,11157925,10213425,1000000,4294967296,read,638339
measured,probe-memory-buffer,run,1119,12984801,0,2231585,11157925,10213825,1000000,4294967296,read,638364
measured,probe-memory-buffer,run,1120,12985201,0,2231585,11157925,10214225,1000000,4294967296,read,638389
measured,probe-memory-buffer,run,1121,12985701,0,2231585,11157925,10214625,1000000,4294967296,read,638414
measured,probe-memory-buffer,run,1122,12986101,0,2231585,11157925,10215125,1000000,4294967296,read,638445
measured,probe-memory-buffer,run,1123,12986501,0,2231585,11157925,10215525,1000000,4294967296,read,638470
measured,probe-memory-buffer,run,1124,12986901,0,2231585,11157925,10215925,1000000,4294967296,read,638495
measured,probe-memory-buffer,run,1125,12987301,0,2231585,11157925,10216325,1000000,4294967296,read,638520
measured,probe-memory-buffer,run,1126,12987801,0,2231585,11157925,10216725,1000000,4294967296,read,638545
measured,probe-memory-buffer,run,1127,12988201,0,2231585,11157925,10217225,1000000,4294967296,read,638576
measured,probe-memory-buffer,run,1128,12988601,0,2231585,11157925,10217625,1000000,4294967296,read,638601
measured,probe-memory-buffer,run,1129,12989001,0,2231585,11157925,10218025,1000000,4294967296,read,638626
measured,probe-memory-buffer,run,1130,12989401,0,2231585,11157925,10218425,1000000,4294967296,read,638651
measured,probe-memory-buffer,run,1131,12989901,0,2231585,11157925,10218825,1000000,4294967296,read,638676
measured,probe-memory-buffer,run,1132,12990301,0,2231585,11157925,10219325,1000000,4294967296,read,638707
measured,probe-memory-buffer,run,1133,12990701,0,2231585,11157925,10219725,1000000,4294967296,read,638732
measured,probe-memory-buffer,run,1134,12991101,0,2231585,11157925,10220125,1000000,4294967296,read,638757
measured,probe-memory-buffer,run,1135,12991501,0,2231585,11157925,10220525,1000000,4294967296,read,638782
measured,probe-memory-buffer,run,1136,12992001,0,2231585,11157925,10220925,1000000,4294967296,read,638807
measured,probe-memory-buffer,run,1137,12992401,0,2231585,11157925,10221425,1000000,4294967296,read,638839
measured,probe-memory-buffer,run,1138,12992801,0,2231585,11157925,10221825,1000000,4294967296,read,638864
measured,probe-memory-buffer,run,1139,12993201,0,2231585,11157925,10222225,1000000,4294967296,read,638889
measured,probe-memory-buffer,run,1140,12993601,0,2231585,11157925,10222625,1000000,4294967296,read,638914
measured,probe-memory-buffer,run,1141,12994101,0,2231585,11157925,10223025,1000000,4294967296,read,638939
measured,probe-memory-buffer,run,1142,12994501,0,2231585,11157925,10223525,1000000,4294967296,read,638970
measured,probe-memory-buffer,run,1143,12994901,0,2231585,11157925,10223925,1000000,4294967296,read,638995
measured,probe-memory-buffer,run,1144,12995301,0,2231585,11157925,10224325,1000000,4294967296,read,639020
measured,probe-memory-buffer,run,1145,12995701,0,2231585,11157925,10224725,1000000,4294967296,read,639045
measured,probe-memory-buffer,run,1146,12996101,0,2231585,11157925,10225125,1000000,4294967296,read,639070
measured,probe-memory-buffer,run,1147,12996601,0,2231585,11157925,10225525,1000000,4294967296,read,639095
measured,probe-memory-buffer,run,1148,12997001,0,2231585,11157925,10226025,1000000,4294967296,read,639126
measured,probe-memory-buffer,run,1149,12997401,0,2231585,11157925,10226425,1000000,4294967296,read,639151
measured,probe-memory-buffer,run,1150,12997801,0,2231585,11157925,10226825,1000000,4294967296,read,639176
measured,probe-memory-buffer,run,1151,12998201,0,2231585,11157925,10227225,1000000,4294967296,read,639201
measured,probe-memory-buffer,run,1152,12998701,0,2231585,11157925,10227625,1000000,4294967296,read,639226
measured,probe-memory-buffer,run,1153,12999101,0,2231585,11157925,10228125,1000000,4294967296,read,639257
measured,probe-memory-buffer,run,1154,12999501,0,2231585,11157925,10228525,1000000,4294967296,read,639282
measured,probe-memory-buffer,run,1155,12999901,0,2231585,11157925,10228925,1000000,4294967296,read,639307
measured,probe-memory-buffer,run,1156,13000301,0,2231585,11157925,10229325,1000000,4294967296,read,639332
measured,probe-memory-buffer,run,1157,13000801,0,2231585,11157925,10229725,1000000,4294967296,read,639357
measured,probe-memory-buffer,run,1158,13001201,0,2231585,11157925,10230125,1000000,4294967296,read,639382
measured,probe-memory-buffer,run,1159,13001601,0,2231585,11157925,10230625,1000000,4294967296,read,639414
measured,probe-memory-buffer,run,1160,13002001,0,2231585,11157925,10231025,1000000,4294967296,read,639439
measured,probe-memory-buffer,run,1161,13002401,0,2231585,11157925,10231425,1000000,4294967296,read,639464
measured,probe-memory-buffer,run,1162,13002901,0,2231585,11157925,10231825,1000000,4294967296,read,639489
measured,probe-memory-buffer,run,1163,13003301,0,2231585,11157925,10232325,1000000,4294967296,read,639520
measured,probe-memory-buffer,run,1164,13004701,0,2231585,11157925,10233725,1000000,4294967296,read,639607
measured,probe-memory-buffer,run,1165,13005201,0,2231585,11157925,10234125,1000000,4294967296,read,639632
measured,probe-memory-buffer,run,1166,13005601,0,2231585,11157925,10234625,1000000,4294967296,read,639664
measured,probe-memory-buffer,run,1167,13006001,0,2231585,11157925,10235025,1000000,4294967296,read,639689
measured,probe-memory-buffer,run,1168,13006401,0,2231585,11157925,10235425,1000000,4294967296,read,639714
measured,probe-memory-buffer,run,1169,13006801,0,2231585,11157925,10235825,1000000,4294967296,read,639739
measured,probe-memory-buffer,run,1170,13007301,0,2231585,11157925,10236225,1000000,4294967296,read,639764
measured,probe-memory-buffer,run,1171,13007701,0,2231585,11157925,10236725,1000000,4294967296,read,639795
measured,probe-memory-buffer,run,1172,13008101,0,2231585,11157925,10237125,1000000,4294967296,read,639820
measured,probe-memory-buffer,run,1173,13008501,0,2231585,11157925,10237525,1000000,4294967296,read,639845
measured,probe-memory-buffer,run,1174,13008901,0,2231585,11157925,10237925,1000000,4294967296,read,639870
measured,probe-memory-buffer,run,1175,13009401,0,2231585,11157925,10238325,1000000,4294967296,read,639895
measured,probe-memory-buffer,run,1176,13013401,0,2231585,11157925,10242325,1000000,4294967296,read,640145
measured,probe-memory-buffer,run,1177,13017401,0,2231585,11157925,10246325,1000000,4294967296,read,640395
measured,probe-memory-buffer,run,1178,13021401,0,2231585,11157925,10250325,1000000,4294967296,read,640645
measured,probe-memory-buffer,run,1179,13027101,0,2231585,11157925,10256125,1000000,4294967296,read,641007
measured,probe-memory-buffer,run,1180,13031101,0,2231585,11157925,10260125,1000000,4294967296,read,641257
measured,probe-memory-buffer,run,1181,13035101,0,2231585,11157925,10264125,1000000,4294967296,read,641507
measured,probe-memory-buffer,run,1182,13039101,0,2231585,11157925,10268125,1000000,4294967296,read,641757
measured,probe-memory-buffer,run,1183,13043101,0,2231585,11157925,10272125,1000000,4294967296,read,642007
measured,probe-memory-buffer,run,1184,13047101,0,2231585,11157925,10276125,1000000,4294967296,read,642257
measured,probe-memory-buffer,run,1185,13050401,0,2297120,11485600,10485600,1000000,4294967296,update,0
measured,probe-memory-buffer,run,1186,13057001,0,2297120,11485600,10492300,1000000,4294967296,read,655768
measured,probe-memory-buffer,run,1187,13061401,0,2297120,11485600,10496700,1000000,4294967296,read,656043
measured,probe-memory-buffer,run,1188,13065401,0,2297120,11485600,10500700,1000000,4294967296,read,656293
measured,probe-memory-buffer,run,1189,13069401,0,2297120,11485600,10504700,1000000,4294967296,read,656543
measured,probe-memory-buffer,run,1190,13073401,0,2297120,11485600,10508700,1000000,4294967296,read,656793
measured,probe-memory-buffer,run,1191,13077401,0,2297120,11485600,10512700,1000000,4294967296,read,657043
measured,probe-memory-buffer,run,1192,13081401,0,2297120,11485600,10516700,1000000,4294967296,read,657293
measured,probe-memory-buffer,run,1193,13085401,0,2297120,11485600,10520700,1000000,4294967296,read,657543
measured,probe-memory-buffer,run,1194,13089401,0,2297120,11485600,10524700,1000000,4294967296,read,657793
measured,probe-memory-buffer,run,1195,13093501,0,2297120,11485600,10528700,1000000,4294967296,read,658043
measured,probe-memory-buffer,run,1196,13098001,0,2297120,11485600,10533300,1000000,4294967296,read,658331
measured,probe-memory-buffer,run,1197,13102001,0,2297120,11485600,10537300,1000000,4294967296,read,658581
measured,probe-memory-buffer,run,1198,13106001,0,2297120,11485600,10541300,1000000,4294967296,read,658831
measured,probe-memory-buffer,run,1199,13110001,0,2297120,11485600,10545300,1000000,4294967296,read,659081
measured,probe-memory-buffer,run,1200,13114001,0,2297120,11485600,10549300,1000000,4294967296,read,659331
measured,probe-memory-buffer,run,1201,13118001,0,2297120,11485600,10553300,1000000,4294967296,read,659581
measured,probe-memory-buffer,run,1202,13122101,0,2297120,11485600,10557300,1000000,4294967296,read,659831
measured,probe-memory-buffer,run,1203,13126101,0,2297120,11485600,10561300,1000000,4294967296,read,660081
measured,probe-memory-buffer,run,1204,13130101,0,2297120,11485600,10565300,1000000,4294967296,read,660331
measured,probe-memory-buffer,run,1205,13134001,0,2297120,11485600,10569300,1000000,4294967296,read,660581
measured,probe-memory-buffer,run,1206,13138001,0,2297120,11485600,10573300,1000000,4294967296,read,660831
measured,probe-memory-buffer,run,1207,13142001,0,2297120,11485600,10577300,1000000,4294967296,read,661081
measured,probe-memory-buffer,run,1208,13146001,0,2297120,11485600,10581300,1000000,4294967296,read,661331
measured,probe-memory-buffer,run,1209,13150001,0,2297120,11485600,10585300,1000000,4294967296,read,661581
measured,probe-memory-buffer,run,1210,13154101,0,2297120,11485600,10589300,1000000,4294967296,read,661831
measured,probe-memory-buffer,run,1211,13158101,0,2297120,11485600,10593300,1000000,4294967296,read,662081
measured,probe-memory-buffer,run,1212,13162501,0,2297120,11485600,10597800,1000000,4294967296,read,662362
measured,probe-memory-buffer,run,1213,13166501,0,2297120,11485600,10601800,1000000,4294967296,read,662612
measured,probe-memory-buffer,run,1214,13170501,0,2297120,11485600,10605800,1000000,4294967296,read,662862
measured,probe-memory-buffer,run,1215,13172301,0,2428190,12140950,11140950,1000000,4294967296,update,0
measured,probe-memory-buffer,run,1216,13197101,0,2428190,12140950,11165850,1000000,4294967296,read,697865
measured,probe-memory-buffer,run,1217,13202601,0,2428190,12140950,11171250,1000000,4294967296,read,698203
measured,probe-memory-buffer,run,1218,13206701,0,2428190,12140950,11175450,1000000,4294967296,read,698465
measured,probe-memory-buffer,run,1219,13210801,0,2428190,12140950,11179550,1000000,4294967296,read,698721
measured,probe-memory-buffer,run,1220,13214901,0,2428190,12140950,11183650,1000000,4294967296,read,698978
measured,probe-memory-buffer,run,1221,13221401,0,2428190,12140950,11190150,1000000,4294967296,read,699384
measured,probe-memory-buffer,run,1222,13225401,0,2428190,12140950,11194150,1000000,4294967296,read,699634
measured,probe-memory-buffer,run,1223,13229401,0,2428190,12140950,11198150,1000000,4294967296,read,699884
measured,probe-memory-buffer,run,1224,13233401,0,2428190,12140950,11202150,1000000,4294967296,read,700134
measured,probe-memory-buffer,run,1225,13237401,0,2428190,12140950,11206150,1000000,4294967296,read,700384
measured,probe-memory-buffer,run,1226,13241401,0,2428190,12140950,11210150,1000000,4294967296,read,700634
measured,probe-memory-buffer,run,1227,13245501,0,2428190,12140950,11214150,1000000,4294967296,read,700884
measured,probe-memory-buffer,run,1228,13249501,0,2428190,12140950,11218150,1000000,4294967296,read,701134
measured,probe-memory-buffer,run,1229,13254601,0,2428190,12140950,11223350,1000000,4294967296,read,701459
measured,probe-memory-buffer,run,1230,13258601,0,2428190,12140950,11227350,1000000,4294967296,read,701709
measured,probe-memory-buffer,run,1231,13262601,0,2428190,12140950,11231250,1000000,4294967296,read,701953
measured,probe-memory-buffer,run,1232,13266601,0,2428190,12140950,11235250,1000000,4294967296,read,702203
measured,probe-memory-buffer,run,1233,13270601,0,2428190,12140950,11239250,1000000,4294967296,read,702453
measured,probe-memory-buffer,run,1234,13274601,0,2428190,12140950,11243350,1000000,4294967296,read,702709
measured,probe-memory-buffer,run,1235,13278601,0,2428190,12140950,11247350,1000000,4294967296,read,702959
measured,probe-memory-buffer,run,1236,13282601,0,2428190,12140950,11251350,1000000,4294967296,read,703209
measured,probe-memory-buffer,run,1237,13286601,0,2428190,12140950,11255350,1000000,4294967296,read,703459
measured,probe-memory-buffer,run,1238,13290601,0,2428190,12140950,11259350,1000000,4294967296,read,703709
measured,probe-memory-buffer,run,1239,13294601,0,2428190,12140950,11263350,1000000,4294967296,read,703959
measured,probe-memory-buffer,run,1240,13298601,0,2428190,12140950,11267350,1000000,4294967296,read,704209
measured,probe-memory-buffer,run,1241,13302601,0,2428190,12140950,11271350,1000000,4294967296,read,704459
measured,probe-memory-buffer,run,1242,13306601,0,2428190,12140950,11275350,1000000,4294967296,read,704709
measured,probe-memory-buffer,run,1243,13308601,0,2493725,12468625,11468625,1000000,4294967296,update,0
measured,probe-memory-buffer,run,1244,13310701,0,2493725,12468625,11470825,1000000,4294967296,read,716926
measured,probe-memory-buffer,run,1245,13315001,0,2493725,12468625,11475225,1000000,4294967296,read,717201
measured,probe-memory-buffer,run,1246,13319601,0,2493725,12468625,11479725,1000000,4294967296,read,717482
measured,probe-memory-buffer,run,1247,13323501,0,2493725,12468625,11483725,1000000,4294967296,read,717732
measured,probe-memory-buffer,run,1248,13327501,0,2493725,12468625,11487725,1000000,4294967296,read,717982
measured,probe-memory-buffer,run,1249,13331501,0,2493725,12468625,11491725,1000000,4294967296,read,718232
measured,probe-memory-buffer,run,1250,13335501,0,2493725,12468625,11495725,1000000,4294967296,read,718482
measured,probe-memory-buffer,run,1251,13339501,0,2493725,12468625,11499725,1000000,4294967296,read,718732
measured,probe-memory-buffer,run,1252,13343601,0,2493725,12468625,11503725,1000000,4294967296,read,718982
measured,probe-memory-buffer,run,1253,13347601,0,2493725,12468625,11507725,1000000,4294967296,read,719232
measured,probe-memory-buffer,run,1254,13351601,0,2493725,12468625,11511725,1000000,4294967296,read,719482
measured,probe-memory-buffer,run,1255,13355601,0,2493725,12468625,11515725,1000000,4294967296,read,719732
measured,probe-memory-buffer,run,1256,13359601,0,2493725,12468625,11519725,1000000,4294967296,read,719982
measured,probe-memory-buffer,run,1257,13363601,0,2493725,12468625,11523725,1000000,4294967296,read,720232
measured,probe-memory-buffer,run,1258,13367601,0,2493725,12468625,11527725,1000000,4294967296,read,720482
measured,probe-memory-buffer,run,1259,13371601,0,2493725,12468625,11531725,1000000,4294967296,read,720732
measured,probe-memory-buffer,run,1260,13375601,0,2493725,12468625,11535725,1000000,4294967296,read,720982
measured,probe-memory-buffer,run,1261,13379601,0,2493725,12468625,11539725,1000000,4294967296,read,721232
measured,probe-memory-buffer,run,1262,13383901,0,2493725,12468625,11544125,1000000,4294967296,read,721507
measured,probe-memory-buffer,run,1263,13387901,0,2493725,12468625,11548125,1000000,4294967296,read,721757
measured,probe-memory-buffer,run,1264,13391901,0,2493725,12468625,11552125,1000000,4294967296,read,722007
measured,probe-memory-buffer,run,1265,13395901,0,2493725,12468625,11556125,1000000,4294967296,read,722257
measured,probe-memory-buffer,run,1266,13399901,0,2493725,12468625,11560125,1000000,4294967296,read,722507
measured,probe-memory-buffer,run,1267,13403901,0,2493725,12468625,11564125,1000000,4294967296,read,722757
measured,probe-memory-buffer,run,1268,13407901,0,2493725,12468625,11568125,1000000,4294967296,read,723007
measured,probe-memory-buffer,run,1269,13411901,0,2493725,12468625,11572125,1000000,4294967296,read,723257
measured,probe-memory-buffer,run,1270,13415901,0,2493725,12468625,11576125,1000000,4294967296,read,723507
measured,probe-memory-buffer,run,1271,13419901,0,2493725,12468625,11580125,1000000,4294967296,read,723757
measured,probe-memory-buffer,run,1272,13423901,0,2493725,12468625,11584125,1000000,4294967296,read,724007
measured,probe-memory-buffer,run,1273,13427901,0,2493725,12468625,11588125,1000000,4294967296,read,724257
measured,probe-memory-buffer,run,1274,13429701,0,2624795,13123975,12123975,1000000,4294967296,update,0
measured,probe-memory-buffer,run,1275,13435901,0,2624795,13123975,12130275,1000000,4294967296,read,758142
measured,probe-memory-buffer,run,1276,13440301,0,2624795,13123975,12134575,1000000,4294967296,read,758410
measured,probe-memory-buffer,run,1277,13445601,0,2624795,13123975,12139975,1000000,4294967296,read,758748
measured,probe-memory-buffer,run,1278,13449601,0,2624795,13123975,12143975,1000000,4294967296,read,758998
measured,probe-memory-buffer,run,1279,13454201,0,2624795,13123975,12148475,1000000,4294967296,read,759279
measured,probe-memory-buffer,run,1280,13458101,0,2624795,13123975,12152475,1000000,4294967296,read,759529
measured,probe-memory-buffer,run,1281,13462101,0,2624795,13123975,12156475,1000000,4294967296,read,759779
measured,probe-memory-buffer,run,1282,13466101,0,2624795,13123975,12160475,1000000,4294967296,read,760029
measured,probe-memory-buffer,run,1283,13470101,0,2624795,13123975,12164475,1000000,4294967296,read,760279
measured,probe-memory-buffer,run,1284,13474201,0,2624795,13123975,12168475,1000000,4294967296,read,760529
measured,probe-memory-buffer,run,1285,13478201,0,2624795,13123975,12172475,1000000,4294967296,read,760779
measured,probe-memory-buffer,run,1286,13482201,0,2624795,13123975,12176475,1000000,4294967296,read,761029
measured,probe-memory-buffer,run,1287,13486101,0,2624795,13123975,12180475,1000000,4294967296,read,761279
measured,probe-memory-buffer,run,1288,13490101,0,2624795,13123975,12184475,1000000,4294967296,read,761529
measured,probe-memory-buffer,run,1289,13494101,0,2624795,13123975,12188475,1000000,4294967296,read,761779
measured,probe-memory-buffer,run,1290,13498101,0,2624795,13123975,12192475,1000000,4294967296,read,762029
measured,probe-memory-buffer,run,1291,13502101,0,2624795,13123975,12196475,1000000,4294967296,read,762279
measured,probe-memory-buffer,run,1292,13506101,0,2624795,13123975,12200475,1000000,4294967296,read,762529
measured,probe-memory-buffer,run,1293,13510101,0,2624795,13123975,12204475,1000000,4294967296,read,762779
measured,probe-memory-buffer,run,1294,13514501,0,2624795,13123975,12208875,1000000,4294967296,read,763054
measured,probe-memory-buffer,run,1295,13518501,0,2624795,13123975,12212875,1000000,4294967296,read,763304
measured,probe-memory-buffer,run,1296,13522501,0,2624795,13123975,12216875,1000000,4294967296,read,763554
measured,probe-memory-buffer,run,1297,13526501,0,2624795,13123975,12220875,1000000,4294967296,read,763804
measured,probe-memory-buffer,run,1298,13530501,0,2624795,13123975,12224875,1000000,4294967296,read,764054
measured,probe-memory-buffer,run,1299,13534501,0,2624795,13123975,12228875,1000000,4294967296,read,764304
measured,probe-memory-buffer,run,1300,13538501,0,2624795,13123975,12232875,1000000,4294967296,read,764554
measured,probe-memory-buffer,run,1301,13542501,0,2624795,13123975,12236875,1000000,4294967296,read,764804
measured,probe-memory-buffer,run,1302,13546501,0,2624795,13123975,12240875,1000000,4294967296,read,765054
measured,probe-memory-buffer,run,1303,13550501,0,2624795,13123975,12244875,1000000,4294967296,read,765304
measured,probe-memory-buffer,run,1304,13552601,0,2755865,13779325,12779325,1000000,4294967296,update,0
measured,probe-memory-buffer,run,1305,13554601,0,2755865,13779325,12781425,1000000,4294967296,read,798839
measured,probe-memory-buffer,run,1306,13558701,0,2755865,13779325,12785625,1000000,4294967296,read,799101
measured,probe-memory-buffer,run,1307,13562701,0,2755865,13779325,12789625,1000000,4294967296,read,799351
measured,probe-memory-buffer,run,1308,13566701,0,2755865,13779325,12793625,1000000,4294967296,read,799601
measured,probe-memory-buffer,run,1309,13567101,0,2755865,13779325,12794025,1000000,4294967296,read,799626
measured,probe-memory-buffer,run,1310,13567601,0,2755865,13779325,12794425,1000000,4294967296,read,799651
measured,probe-memory-buffer,run,1311,13568001,0,2755865,13779325,12794925,1000000,4294967296,read,799682
measured,probe-memory-buffer,run,1312,13568401,0,2755865,13779325,12795325,1000000,4294967296,read,799707
measured,probe-memory-buffer,run,1313,13568801,0,2755865,13779325,12795725,1000000,4294967296,read,799732
measured,probe-memory-buffer,run,1314,13569201,0,2755865,13779325,12796125,1000000,4294967296,read,799757
measured,probe-memory-buffer,run,1315,13569701,0,2755865,13779325,12796525,1000000,4294967296,read,799782
measured,probe-memory-buffer,run,1316,13570101,0,2755865,13779325,12797025,1000000,4294967296,read,799814
measured,probe-memory-buffer,run,1317,13570501,0,2755865,13779325,12797425,1000000,4294967296,read,799839
measured,probe-memory-buffer,run,1318,13570901,0,2755865,13779325,12797825,1000000,4294967296,read,799864
measured,probe-memory-buffer,run,1319,13571301,0,2755865,13779325,12798225,1000000,4294967296,read,799889
measured,probe-memory-buffer,run,1320,13571701,0,2755865,13779325,12798625,1000000,4294967296,read,799914
measured,probe-memory-buffer,run,1321,13572201,0,2755865,13779325,12799025,1000000,4294967296,read,799939
measured,probe-memory-buffer,run,1322,13572601,0,2755865,13779325,12799525,1000000,4294967296,read,799970
measured,probe-memory-buffer,run,1323,13573001,0,2755865,13779325,12799925,1000000,4294967296,read,799995
measured,probe-memory-buffer,run,1324,13573401,0,2755865,13779325,12800325,1000000,4294967296,read,800020
measured,probe-memory-buffer,run,1325,13573801,0,2755865,13779325,12800725,1000000,4294967296,read,800045
measured,probe-memory-buffer,run,1326,13574301,0,2755865,13779325,12801125,1000000,4294967296,read,800070
measured,probe-memory-buffer,run,1327,13574701,0,2755865,13779325,12801525,1000000,4294967296,read,800095
measured,probe-memory-buffer,run,1328,13575101,0,2755865,13779325,12802025,1000000,4294967296,read,800126
measured,probe-memory-buffer,run,1329,13575501,0,2755865,13779325,12802425,1000000,4294967296,read,800151
measured,probe-memory-buffer,run,1330,13575901,0,2755865,13779325,12802825,1000000,4294967296,read,800176
measured,probe-memory-buffer,run,1331,13576301,0,2755865,13779325,12803225,1000000,4294967296,read,800201
measured,probe-memory-buffer,run,1332,13576801,0,2755865,13779325,12803625,1000000,4294967296,read,800226
measured,probe-memory-buffer,run,1333,13577201,0,2755865,13779325,12804125,1000000,4294967296,read,800257
measured,probe-memory-buffer,run,1334,13578601,0,2755865,13779325,12805525,1000000,4294967296,read,800345
measured,probe-memory-buffer,run,1335,13579101,0,2755865,13779325,12805925,1000000,4294967296,read,800370
measured,probe-memory-buffer,run,1336,13579501,0,2755865,13779325,12806325,1000000,4294967296,read,800395
measured,probe-memory-buffer,run,1337,13579901,0,2755865,13779325,12806825,1000000,4294967296,read,800426
measured,probe-memory-buffer,run,1338,13580301,0,2755865,13779325,12807225,1000000,4294967296,read,800451
measured,probe-memory-buffer,run,1339,13580701,0,2755865,13779325,12807625,1000000,4294967296,read,800476
measured,probe-memory-buffer,run,1340,13581101,0,2755865,13779325,12808025,1000000,4294967296,read,800501
measured,probe-memory-buffer,run,1341,13581601,0,2755865,13779325,12808425,1000000,4294967296,read,800526
measured,probe-memory-buffer,run,1342,13582001,0,2755865,13779325,12808925,1000000,4294967296,read,800557
measured,probe-memory-buffer,run,1343,13582401,0,2755865,13779325,12809325,1000000,4294967296,read,800582
measured,probe-memory-buffer,run,1344,13582801,0,2755865,13779325,12809725,1000000,4294967296,read,800607
measured,probe-memory-buffer,run,1345,13583201,0,2755865,13779325,12810125,1000000,4294967296,read,800632
measured,probe-memory-buffer,run,1346,13583601,0,2755865,13779325,12810525,1000000,4294967296,read,800657
measured,probe-memory-buffer,run,1347,13584101,0,2755865,13779325,12810925,1000000,4294967296,read,800682
measured,probe-memory-buffer,run,1348,13584501,0,2755865,13779325,12811425,1000000,4294967296,read,800714
measured,probe-memory-buffer,run,1349,13584901,0,2755865,13779325,12811825,1000000,4294967296,read,800739
measured,probe-memory-buffer,run,1350,13585301,0,2755865,13779325,12812225,1000000,4294967296,read,800764
measured,probe-memory-buffer,run,1351,13586201,0,2755865,13779325,12813025,1000000,4294967296,read,800814
measured,probe-memory-buffer,run,1352,13586601,0,2755865,13779325,12813525,1000000,4294967296,read,800845
measured,probe-memory-buffer,run,1353,13587001,0,2755865,13779325,12813925,1000000,4294967296,read,800870
measured,probe-memory-buffer,run,1354,13587401,0,2755865,13779325,12814325,1000000,4294967296,read,800895
measured,probe-memory-buffer,run,1355,13587801,0,2755865,13779325,12814725,1000000,4294967296,read,800920
measured,probe-memory-buffer,run,1356,13588301,0,2755865,13779325,12815125,1000000,4294967296,read,800945
measured,probe-memory-buffer,run,1357,13588701,0,2755865,13779325,12815625,1000000,4294967296,read,800976
measured,probe-memory-buffer,run,1358,13589101,0,2755865,13779325,12816025,1000000,4294967296,read,801001
measured,probe-memory-buffer,run,1359,13589501,0,2755865,13779325,12816425,1000000,4294967296,read,801026
measured,probe-memory-buffer,run,1360,13589901,0,2755865,13779325,12816825,1000000,4294967296,read,801051
measured,probe-memory-buffer,run,1361,13590401,0,2755865,13779325,12817225,1000000,4294967296,read,801076
measured,probe-memory-buffer,run,1362,13590801,0,2755865,13779325,12817625,1000000,4294967296,read,801101
measured,probe-memory-buffer,run,1363,13591201,0,2755865,13779325,12818125,1000000,4294967296,read,801132
measured,probe-memory-buffer,run,1364,13591601,0,2755865,13779325,12818525,1000000,4294967296,read,801157
measured,probe-memory-buffer,run,1365,13592001,0,2755865,13779325,12818925,1000000,4294967296,read,801182
measured,probe-memory-buffer,run,1366,13592401,0,2755865,13779325,12819325,1000000,4294967296,read,801207
measured,probe-memory-buffer,run,1367,13592901,0,2755865,13779325,12819725,1000000,4294967296,read,801232
measured,probe-memory-buffer,run,1368,13593301,0,2755865,13779325,12820225,1000000,4294967296,read,801264
measured,probe-memory-buffer,run,1369,13593701,0,2755865,13779325,12820625,1000000,4294967296,read,801289
measured,probe-memory-buffer,run,1370,13594101,0,2755865,13779325,12821025,1000000,4294967296,read,801314
measured,probe-memory-buffer,run,1371,13594501,0,2755865,13779325,12821425,1000000,4294967296,read,801339
measured,probe-memory-buffer,run,1372,13595001,0,2755865,13779325,12821825,1000000,4294967296,read,801364
measured,probe-memory-buffer,run,1373,13595401,0,2755865,13779325,12822325,1000000,4294967296,read,801395
measured,probe-memory-buffer,run,1374,13595801,0,2755865,13779325,12822725,1000000,4294967296,read,801420
measured,probe-memory-buffer,run,1375,13596201,0,2755865,13779325,12823125,1000000,4294967296,read,801445
measured,probe-memory-buffer,run,1376,13596601,0,2755865,13779325,12823525,1000000,4294967296,read,801470
measured,probe-memory-buffer,run,1377,13597101,0,2755865,13779325,12823925,1000000,4294967296,read,801495
measured,probe-memory-buffer,run,1378,13597501,0,2755865,13779325,12824425,1000000,4294967296,read,801526
measured,probe-memory-buffer,run,1379,13597901,0,2755865,13779325,12824825,1000000,4294967296,read,801551
measured,probe-memory-buffer,run,1380,13598301,0,2755865,13779325,12825225,1000000,4294967296,read,801576
measured,probe-memory-buffer,run,1381,13598701,0,2755865,13779325,12825625,1000000,4294967296,read,801601
measured,probe-memory-buffer,run,1382,13599201,0,2755865,13779325,12826025,1000000,4294967296,read,801626
measured,probe-memory-buffer,run,1383,13599601,0,2755865,13779325,12826525,1000000,4294967296,read,801657
measured,probe-memory-buffer,run,1384,13600001,0,2755865,13779325,12826925,1000000,4294967296,read,801682
measured,probe-memory-buffer,run,1385,13600401,0,2755865,13779325,12827325,1000000,4294967296,read,801707
measured,probe-memory-buffer,run,1386,13600901,0,2755865,13779325,12827725,1000000,4294967296,read,801732
measured,probe-memory-buffer,run,1387,13601301,0,2755865,13779325,12828125,1000000,4294967296,read,801757
measured,probe-memory-buffer,run,1388,13601701,0,2755865,13779325,12828625,1000000,4294967296,read,801789
measured,probe-memory-buffer,run,1389,13602101,0,2755865,13779325,12829025,1000000,4294967296,read,801814
measured,probe-memory-buffer,run,1390,13602501,0,2755865,13779325,12829425,1000000,4294967296,read,801839
measured,probe-memory-buffer,run,1391,13603901,0,2755865,13779325,12830825,1000000,4294967296,read,801926
measured,probe-memory-buffer,run,1392,13604301,0,2755865,13779325,12831225,1000000,4294967296,read,801951
measured,probe-memory-buffer,run,1393,13604801,0,2755865,13779325,12831625,1000000,4294967296,read,801976
measured,probe-memory-buffer,run,1394,13605201,0,2755865,13779325,12832025,1000000,4294967296,read,802001
measured,probe-memory-buffer,run,1395,13605601,0,2755865,13779325,12832525,1000000,4294967296,read,802032
measured,probe-memory-buffer,run,1396,13606001,0,2755865,13779325,12832925,1000000,4294967296,read,802057
measured,probe-memory-buffer,run,1397,13606401,0,2755865,13779325,12833325,1000000,4294967296,read,802082
measured,probe-memory-buffer,run,1398,13606901,0,2755865,13779325,12833725,1000000,4294967296,read,802107
measured,probe-memory-buffer,run,1399,13607301,0,2755865,13779325,12834125,1000000,4294967296,read,802132
measured,probe-memory-buffer,run,1400,13607701,0,2755865,13779325,12834625,1000000,4294967296,read,802164
measured,probe-memory-buffer,run,1401,13608101,0,2755865,13779325,12835025,1000000,4294967296,read,802189
measured,probe-memory-buffer,run,1402,13608501,0,2755865,13779325,12835425,1000000,4294967296,read,802214
measured,probe-memory-buffer,run,1403,13608901,0,2755865,13779325,12835825,1000000,4294967296,read,802239
measured,probe-memory-buffer,run,1404,13609401,0,2755865,13779325,12836225,1000000,4294967296,read,802264
measured,probe-memory-buffer,run,1405,13609801,0,2755865,13779325,12836725,1000000,4294967296,read,802295
measured,probe-memory-buffer,run,1406,13610201,0,2755865,13779325,12837125,1000000,4294967296,read,802320
measured,probe-memory-buffer,run,1407,13610601,0,2755865,13779325,12837525,1000000,4294967296,read,802345
measured,probe-memory-buffer,run,1408,13611001,0,2755865,13779325,12837925,1000000,4294967296,read,802370
measured,probe-memory-buffer,run,1409,13611501,0,2755865,13779325,12838325,1000000,4294967296,read,802395
measured,probe-memory-buffer,run,1410,13611901,0,2755865,13779325,12838725,1000000,4294967296,read,802420
measured,probe-memory-buffer,run,1411,13612301,0,2755865,13779325,12839225,1000000,4294967296,read,802451
measured,probe-memory-buffer,run,1412,13612701,0,2755865,13779325,12839625,1000000,4294967296,read,802476
measured,probe-memory-buffer,run,1413,13613101,0,2755865,13779325,12840025,1000000,4294967296,read,802501
measured,probe-memory-buffer,run,1414,13613601,0,2755865,13779325,12840425,1000000,4294967296,read,802526
measured,probe-memory-buffer,run,1415,13614001,0,2755865,13779325,12840925,1000000,4294967296,read,802557
measured,probe-memory-buffer,run,1416,13614401,0,2755865,13779325,12841325,1000000,4294967296,read,802582
measured,probe-memory-buffer,run,1417,13614801,0,2755865,13779325,12841725,1000000,4294967296,read,802607
measured,probe-memory-buffer,run,1418,13615201,0,2755865,13779325,12842125,1000000,4294967296,read,802632
measured,probe-memory-buffer,run,1419,13615601,0,2755865,13779325,12842525,1000000,4294967296,read,802657
measured,probe-memory-buffer,run,1420,13616101,0,2755865,13779325,12842925,1000000,4294967296,read,802682
measured,probe-memory-buffer,run,1421,13616501,0,2755865,13779325,12843425,1000000,4294967296,read,802714
measured,probe-memory-buffer,run,1422,13616901,0,2755865,13779325,12843825,1000000,4294967296,read,802739
measured,probe-memory-buffer,run,1423,13617301,0,2755865,13779325,12844225,1000000,4294967296,read,802764
measured,probe-memory-buffer,run,1424,13617701,0,2755865,13779325,12844625,1000000,4294967296,read,802789
measured,probe-memory-buffer,run,1425,13618201,0,2755865,13779325,12845025,1000000,4294967296,read,802814
measured,probe-memory-buffer,run,1426,13618601,0,2755865,13779325,12845425,1000000,4294967296,read,802839
measured,probe-memory-buffer,run,1427,13619001,0,2755865,13779325,12845925,1000000,4294967296,read,802870
measured,probe-memory-buffer,run,1428,13619401,0,2755865,13779325,12846325,1000000,4294967296,read,802895
measured,probe-memory-buffer,run,1429,13619801,0,2755865,13779325,12846725,1000000,4294967296,read,802920
measured,probe-memory-buffer,run,1430,13620201,0,2755865,13779325,12847125,1000000,4294967296,read,802945
measured,probe-memory-buffer,run,1431,13620701,0,2755865,13779325,12847525,1000000,4294967296,read,802970
measured,probe-memory-buffer,run,1432,13621101,0,2755865,13779325,12848025,1000000,4294967296,read,803001
measured,probe-memory-buffer,run,1433,13621501,0,2755865,13779325,12848425,1000000,4294967296,read,803026
measured,probe-memory-buffer,run,1434,13621901,0,2755865,13779325,12848825,1000000,4294967296,read,803051
measured,probe-memory-buffer,run,1435,13622301,0,2755865,13779325,12849225,1000000,4294967296,read,803076
measured,probe-memory-buffer,run,1436,13622801,0,2755865,13779325,12849625,1000000,4294967296,read,803101
measured,probe-memory-buffer,run,1437,13626801,0,2755865,13779325,12853625,1000000,4294967296,read,803351
measured,probe-memory-buffer,run,1438,13630801,0,2755865,13779325,12857625,1000000,4294967296,read,803601
measured,probe-memory-buffer,run,1439,13634801,0,2755865,13779325,12861725,1000000,4294967296,read,803857
measured,probe-memory-buffer,run,1440,13638801,0,2755865,13779325,12865725,1000000,4294967296,read,804107
measured,probe-memory-buffer,run,1441,13642801,0,2755865,13779325,12869725,1000000,4294967296,read,804357
measured,probe-memory-buffer,run,1442,13646801,0,2755865,13779325,12873725,1000000,4294967296,read,804607
measured,probe-memory-buffer,run,1443,13650801,0,2755865,13779325,12877625,1000000,4294967296,read,804851
measured,probe-memory-buffer,run,1444,13654801,0,2755865,13779325,12881625,1000000,4294967296,read,805101
measured,probe-memory-buffer,run,1445,13658801,0,2755865,13779325,12885725,1000000,4294967296,read,805357
measured,probe-memory-buffer,run,1446,13662801,0,2755865,13779325,12889725,1000000,4294967296,read,805607
measured,probe-memory-buffer,run,1447,13667201,0,2755865,13779325,12894125,1000000,4294967296,read,805882
measured,probe-memory-buffer,run,1448,13672101,0,2755865,13779325,12899025,1000000,4294967296,read,806189
measured,probe-memory-buffer,run,1449,13673901,0,2886935,14434675,13434675,1000000,4294967296,update,0
measured,probe-memory-buffer,run,1450,13688601,0,2886935,14434675,13449575,1000000,4294967296,read,840598
measured,probe-memory-buffer,run,1451,13693801,0,2886935,14434675,13454675,1000000,4294967296,read,840917
measured,probe-memory-buffer,run,1452,13698001,0,2886935,14434675,13458875,1000000,4294967296,read,841179
measured,probe-memory-buffer,run,1453,13702101,0,2886935,14434675,13462975,1000000,4294967296,read,841435
measured,probe-memory-buffer,run,1454,13706101,0,2886935,14434675,13467075,1000000,4294967296,read,841692
measured,probe-memory-buffer,run,1455,13710101,0,2886935,14434675,13471075,1000000,4294967296,read,841942
measured,probe-memory-buffer,run,1456,13714101,0,2886935,14434675,13475075,1000000,4294967296,read,842192
measured,probe-memory-buffer,run,1457,13718101,0,2886935,14434675,13479075,1000000,4294967296,read,842442
measured,probe-memory-buffer,run,1458,13722101,0,2886935,14434675,13483075,1000000,4294967296,read,842692
measured,probe-memory-buffer,run,1459,13726101,0,2886935,14434675,13487075,1000000,4294967296,read,842942
measured,probe-memory-buffer,run,1460,13730201,0,2886935,14434675,13491075,1000000,4294967296,read,843192
measured,probe-memory-buffer,run,1461,13734201,0,2886935,14434675,13495075,1000000,4294967296,read,843442
measured,probe-memory-buffer,run,1462,13738201,0,2886935,14434675,13499075,1000000,4294967296,read,843692
measured,probe-memory-buffer,run,1463,13742201,0,2886935,14434675,13503075,1000000,4294967296,read,843942
measured,probe-memory-buffer,run,1464,13747001,0,2886935,14434675,13507975,1000000,4294967296,read,844248
measured,probe-memory-buffer,run,1465,13751001,0,2886935,14434675,13511975,1000000,4294967296,read,844498
measured,probe-memory-buffer,run,1466,13755001,0,2886935,14434675,13515975,1000000,4294967296,read,844748
measured,probe-memory-buffer,run,1467,13759101,0,2886935,14434675,13519975,1000000,4294967296,read,844998
measured,probe-memory-buffer,run,1468,13763101,0,2886935,14434675,13523975,1000000,4294967296,read,845248
measured,probe-memory-buffer,run,1469,13767101,0,2886935,14434675,13527975,1000000,4294967296,read,845498
measured,probe-memory-buffer,run,1470,13771101,0,2886935,14434675,13531975,1000000,4294967296,read,845748
measured,probe-memory-buffer,run,1471,13775101,0,2886935,14434675,13535975,1000000,4294967296,read,845998
measured,probe-memory-buffer,run,1472,13779001,0,2886935,14434675,13539975,1000000,4294967296,read,846248
measured,probe-memory-buffer,run,1473,13783001,0,2886935,14434675,13543975,1000000,4294967296,read,846498
measured,probe-memory-buffer,run,1474,13787001,0,2886935,14434675,13547975,1000000,4294967296,read,846748
measured,probe-memory-buffer,run,1475,13791101,0,2886935,14434675,13551975,1000000,4294967296,read,846998
measured,probe-memory-buffer,run,1476,13795101,0,2886935,14434675,13555975,1000000,4294967296,read,847248
measured,probe-memory-buffer,run,1477,13796801,0,2952470,14762350,13762350,1000000,4294967296,update,0
measured,probe-memory-buffer,run,1478,13803701,0,2952470,14762350,13769350,1000000,4294967296,read,860584
measured,probe-memory-buffer,run,1479,13808001,0,2952470,14762350,13773750,1000000,4294967296,read,860859
measured,probe-memory-buffer,run,1480,13812001,0,2952470,14762350,13777750,1000000,4294967296,read,861109
measured,probe-memory-buffer,run,1481,13816701,0,2952470,14762350,13782350,1000000,4294967296,read,861396
measured,probe-memory-buffer,run,1482,13820701,0,2952470,14762350,13786350,1000000,4294967296,read,861646
measured,probe-memory-buffer,run,1483,13824701,0,2952470,14762350,13790450,1000000,4294967296,read,861903
measured,probe-memory-buffer,run,1484,13828701,0,2952470,14762350,13794450,1000000,4294967296,read,862153
measured,probe-memory-buffer,run,1485,13832701,0,2952470,14762350,13798450,1000000,4294967296,read,862403
measured,probe-memory-buffer,run,1486,13836701,0,2952470,14762350,13802450,1000000,4294967296,read,862653
measured,probe-memory-buffer,run,1487,13840701,0,2952470,14762350,13806450,1000000,4294967296,read,862903
measured,probe-memory-buffer,run,1488,13844701,0,2952470,14762350,13810350,1000000,4294967296,read,863146
measured,probe-memory-buffer,run,1489,13848701,0,2952470,14762350,13814450,1000000,4294967296,read,863403
measured,probe-memory-buffer,run,1490,13852701,0,2952470,14762350,13818450,1000000,4294967296,read,863653
measured,probe-memory-buffer,run,1491,13856701,0,2952470,14762350,13822450,1000000,4294967296,read,863903
measured,probe-memory-buffer,run,1492,13860701,0,2952470,14762350,13826450,1000000,4294967296,read,864153
measured,probe-memory-buffer,run,1493,13864701,0,2952470,14762350,13830450,1000000,4294967296,read,864403
measured,probe-memory-buffer,run,1494,13868701,0,2952470,14762350,13834450,1000000,4294967296,read,864653
measured,probe-memory-buffer,run,1495,13872701,0,2952470,14762350,13838450,1000000,4294967296,read,864903
measured,probe-memory-buffer,run,1496,13876701,0,2952470,14762350,13842450,1000000,4294967296,read,865153
measured,probe-memory-buffer,run,1497,13881101,0,2952470,14762350,13846750,1000000,4294967296,read,865421
measured,probe-memory-buffer,run,1498,13885101,0,2952470,14762350,13850750,1000000,4294967296,read,865671
measured,probe-memory-buffer,run,1499,13889101,0,2952470,14762350,13854850,1000000,4294967296,read,865928
measured,probe-memory-buffer,run,1500,13893101,0,2952470,14762350,13858850,1000000,4294967296,read,866178
measured,probe-memory-buffer,run,1501,13897101,0,2952470,14762350,13862850,1000000,4294967296,read,866428
measured,probe-memory-buffer,run,1502,13901101,0,2952470,14762350,13866850,1000000,4294967296,read,866678
measured,probe-memory-buffer,run,1503,13905101,0,2952470,14762350,13870850,1000000,4294967296,read,866928
measured,probe-memory-buffer,run,1504,13909101,0,2952470,14762350,13874750,1000000,4294967296,read,867171
measured,probe-memory-buffer,run,1505,13915101,0,2952470,14762350,13880850,1000000,4294967296,read,867553
measured,probe-memory-buffer,run,1506,13919701,0,3083540,15417700,14417700,1000000,4294967296,update,0
measured,probe-memory-buffer,run,1507,13951801,0,3083540,15417700,14449800,1000000,4294967296,read,903112
measured,probe-memory-buffer,run,1508,13958301,0,3083540,15417700,14456400,1000000,4294967296,read,903525
measured,probe-memory-buffer,run,1509,13962501,0,3083540,15417700,14460500,1000000,4294967296,read,903781
measured,probe-memory-buffer,run,1510,13966601,0,3083540,15417700,14464700,1000000,4294967296,read,904043
measured,probe-memory-buffer,run,1511,13970701,0,3083540,15417700,14468700,1000000,4294967296,read,904293
measured,probe-memory-buffer,run,1512,13974701,0,3083540,15417700,14472800,1000000,4294967296,read,904550
measured,probe-memory-buffer,run,1513,13980201,0,3083540,15417700,14478300,1000000,4294967296,read,904893
measured,probe-memory-buffer,run,1514,13984201,0,3083540,15417700,14482300,1000000,4294967296,read,905143
measured,probe-memory-buffer,run,1515,13988201,0,3083540,15417700,14486300,1000000,4294967296,read,905393
measured,probe-memory-buffer,run,1516,13992201,0,3083540,15417700,14490300,1000000,4294967296,read,905643
measured,probe-memory-buffer,run,1517,13996201,0,3083540,15417700,14494300,1000000,4294967296,read,905893
measured,probe-memory-buffer,run,1518,14000201,0,3083540,15417700,14498300,1000000,4294967296,read,906143
measured,probe-memory-buffer,run,1519,14004201,0,3083540,15417700,14502300,1000000,4294967296,read,906393
measured,probe-memory-buffer,run,1520,14008201,0,3083540,15417700,14506300,1000000,4294967296,read,906643
measured,probe-memory-buffer,run,1521,14012201,0,3083540,15417700,14510300,1000000,4294967296,read,906893
measured,probe-memory-buffer,run,1522,14016201,0,3083540,15417700,14514300,1000000,4294967296,read,907143
measured,probe-memory-buffer,run,1523,14020201,0,3083540,15417700,14518300,1000000,4294967296,read,907393
measured,probe-memory-buffer,run,1524,14024201,0,3083540,15417700,14522300,1000000,4294967296,read,907643
measured,probe-memory-buffer,run,1525,14028201,0,3083540,15417700,14526300,1000000,4294967296,read,907893
measured,probe-memory-buffer,run,1526,14032201,0,3083540,15417700,14530300,1000000,4294967296,read,908143
measured,probe-memory-buffer,run,1527,14036201,0,3083540,15417700,14534300,1000000,4294967296,read,908393
measured,probe-memory-buffer,run,1528,14041201,0,3149075,15745375,14745375,1000000,4294967296,update,0
measured,probe-memory-buffer,run,1529,14064501,0,3149075,15745375,14768775,1000000,4294967296,read,923048
measured,probe-memory-buffer,run,1530,14071201,0,3149075,15745375,14775475,1000000,4294967296,read,923467
measured,probe-memory-buffer,run,1531,14075301,0,3149075,15745375,14779675,1000000,4294967296,read,923729
measured,probe-memory-buffer,run,1532,14079401,0,3149075,15745375,14783775,1000000,4294967296,read,923985
measured,probe-memory-buffer,run,1533,14083501,0,3149075,15745375,14787775,1000000,4294967296,read,924235
measured,probe-memory-buffer,run,1534,14087501,0,3149075,15745375,14791875,1000000,4294967296,read,924492
measured,probe-memory-buffer,run,1535,14091501,0,3149075,15745375,14795875,1000000,4294967296,read,924742
measured,probe-memory-buffer,run,1536,14095501,0,3149075,15745375,14799875,1000000,4294967296,read,924992
measured,probe-memory-buffer,run,1537,14099501,0,3149075,15745375,14803875,1000000,4294967296,read,925242
measured,probe-memory-buffer,run,1538,14103501,0,3149075,15745375,14807775,1000000,4294967296,read,925485
measured,probe-memory-buffer,run,1539,14107501,0,3149075,15745375,14811875,1000000,4294967296,read,925742
measured,probe-memory-buffer,run,1540,14164601,0,3149075,15745375,14868975,1000000,4294967296,read,929310
measured,probe-memory-buffer,run,1541,14169501,0,3149075,15745375,14873775,1000000,4294967296,read,929610
measured,probe-memory-buffer,run,1542,14173701,0,3149075,15745375,14878075,1000000,4294967296,read,929879
measured,probe-memory-buffer,run,1543,14177901,0,3149075,15745375,14882275,1000000,4294967296,read,930142
measured,probe-memory-buffer,run,1544,14182101,0,3149075,15745375,14886375,1000000,4294967296,read,930398
measured,probe-memory-buffer,run,1545,14189101,0,3214610,16073050,15073050,1000000,4294967296,update,0
measured,probe-memory-buffer,run,1546,14225001,0,3214610,16073050,15109150,1000000,4294967296,read,944321
measured,probe-memory-buffer,run,1547,14234101,0,3214610,16073050,15118350,1000000,4294967296,read,944896
measured,probe-memory-buffer,run,1548,14252901,0,3214610,16073050,15137150,1000000,4294967296,read,946071
measured,probe-memory-buffer,run,1549,14257001,0,3214610,16073050,15141250,1000000,4294967296,read,946328
measured,probe-memory-buffer,run,1550,14283201,0,3214610,16073050,15167350,1000000,4294967296,read,947959
measured,probe-memory-buffer,run,1551,14287301,0,3214610,16073050,15171550,1000000,4294967296,read,948221
measured,probe-memory-buffer,run,1552,14291401,0,3214610,16073050,15175650,1000000,4294967296,read,948478
measured,probe-memory-buffer,run,1553,14295501,0,3214610,16073050,15179750,1000000,4294967296,read,948734
measured,probe-memory-buffer,run,1554,14299601,0,3214610,16073050,15183850,1000000,4294967296,read,948990
measured,probe-memory-buffer,run,1555,14303701,0,3214610,16073050,15187950,1000000,4294967296,read,949246
measured,probe-memory-buffer,run,1556,14308401,0,3214610,16073050,15192550,1000000,4294967296,read,949534
measured,probe-memory-buffer,run,1557,14313101,0,3214610,16073050,15197350,1000000,4294967296,read,949834
measured,probe-memory-buffer,run,1558,14317601,0,3214610,16073050,15201850,1000000,4294967296,read,950115
measured,probe-memory-buffer,run,1559,14322201,0,3214610,16073050,15206450,1000000,4294967296,read,950403
measured,probe-memory-buffer,run,1560,14326701,0,3214610,16073050,15210950,1000000,4294967296,read,950684
measured,probe-memory-buffer,run,1561,14330701,0,3280145,16400725,15400725,1000000,4294967296,update,0
measured,probe-memory-buffer,run,1562,14373301,0,3280145,16400725,15443425,1000000,4294967296,read,965214
measured,probe-memory-buffer,run,1563,14381901,0,3280145,16400725,15452125,1000000,4294967296,read,965757
measured,probe-memory-buffer,run,1564,14389201,0,3280145,16400725,15459425,1000000,4294967296,read,966214
measured,probe-memory-buffer,run,1565,14393801,0,3280145,16400725,15463925,1000000,4294967296,read,966495
measured,probe-memory-buffer,run,1566,14398401,0,3280145,16400725,15468625,1000000,4294967296,read,966789
measured,probe-memory-buffer,run,1567,14402901,0,3280145,16400725,15473125,1000000,4294967296,read,967070
measured,probe-memory-buffer,run,1568,14407401,0,3280145,16400725,15477525,1000000,4294967296,read,967345
measured,probe-memory-buffer,run,1569,14412101,0,3280145,16400725,15482325,1000000,4294967296,read,967645
measured,probe-memory-buffer,run,1570,14416701,0,3280145,16400725,15486825,1000000,4294967296,read,967926
measured,probe-memory-buffer,run,1571,14417201,0,3280145,16400725,15487325,1000000,4294967296,read,967957
measured,probe-memory-buffer,run,1572,14417701,0,3280145,16400725,15487825,1000000,4294967296,read,967989
measured,probe-memory-buffer,run,1573,14418201,0,3280145,16400725,15488425,1000000,4294967296,read,968026
measured,probe-memory-buffer,run,1574,14418801,0,3280145,16400725,15489025,1000000,4294967296,read,968064
measured,probe-memory-buffer,run,1575,14419401,0,3280145,16400725,15489625,1000000,4294967296,read,968101
measured,probe-memory-buffer,run,1576,14420001,0,3280145,16400725,15490125,1000000,4294967296,read,968132
measured,probe-memory-buffer,run,1577,14420501,0,3280145,16400725,15490625,1000000,4294967296,read,968164
measured,probe-memory-buffer,run,1578,14422001,0,3280145,16400725,15491625,1000000,4294967296,read,968226
measured,probe-memory-buffer,run,1579,14422501,0,3280145,16400725,15492725,1000000,4294967296,read,968295
measured,probe-memory-buffer,run,1580,14423201,0,3280145,16400725,15493425,1000000,4294967296,read,968339
measured,probe-memory-buffer,run,1581,14423801,0,3280145,16400725,15493925,1000000,4294967296,read,968370
measured,probe-memory-buffer,run,1582,14424301,0,3280145,16400725,15494525,1000000,4294967296,read,968407
measured,probe-memory-buffer,run,1583,14424801,0,3280145,16400725,15495025,1000000,4294967296,read,968439
measured,probe-memory-buffer,run,1584,14425301,0,3280145,16400725,15495525,1000000,4294967296,read,968470
measured,probe-memory-buffer,run,1585,14425801,0,3280145,16400725,15496025,1000000,4294967296,read,968501
measured,probe-memory-buffer,run,1586,14426401,0,3280145,16400725,15496625,1000000,4294967296,read,968539
measured,probe-memory-buffer,run,1587,14426901,0,3280145,16400725,15497125,1000000,4294967296,read,968570
measured,probe-memory-buffer,run,1588,14427601,0,3280145,16400725,15497825,1000000,4294967296,read,968614
measured,probe-memory-buffer,run,1589,14428101,0,3280145,16400725,15498325,1000000,4294967296,read,968645
measured,probe-memory-buffer,run,1590,14428701,0,3280145,16400725,15498825,1000000,4294967296,read,968676
measured,probe-memory-buffer,run,1591,14429201,0,3280145,16400725,15499425,1000000,4294967296,read,968714
measured,probe-memory-buffer,run,1592,14429701,0,3280145,16400725,15499925,1000000,4294967296,read,968745
measured,probe-memory-buffer,run,1593,14430401,0,3280145,16400725,15500625,1000000,4294967296,read,968789
measured,probe-memory-buffer,run,1594,14431601,0,3280145,16400725,15501625,1000000,4294967296,read,968851
measured,probe-memory-buffer,run,1595,14432101,0,3280145,16400725,15502325,1000000,4294967296,read,968895
measured,probe-memory-buffer,run,1596,14432701,0,3280145,16400725,15502825,1000000,4294967296,read,968926
measured,probe-memory-buffer,run,1597,14433201,0,3280145,16400725,15503425,1000000,4294967296,read,968964
measured,probe-memory-buffer,run,1598,14433801,0,3280145,16400725,15503925,1000000,4294967296,read,968995
measured,probe-memory-buffer,run,1599,14434401,0,3280145,16400725,15504525,1000000,4294967296,read,969032
measured,probe-memory-buffer,run,1600,14434901,0,3280145,16400725,15505125,1000000,4294967296,read,969070
measured,probe-memory-buffer,run,1601,14435501,0,3280145,16400725,15505625,1000000,4294967296,read,969101
measured,probe-memory-buffer,run,1602,14436001,0,3280145,16400725,15506225,1000000,4294967296,read,969139
measured,probe-memory-buffer,run,1603,14436701,0,3280145,16400725,15506925,1000000,4294967296,read,969182
measured,probe-memory-buffer,run,1604,14437301,0,3280145,16400725,15507425,1000000,4294967296,read,969214
measured,probe-memory-buffer,run,1605,14437801,0,3280145,16400725,15508025,1000000,4294967296,read,969251
measured,probe-memory-buffer,run,1606,14438901,0,3280145,16400725,15508625,1000000,4294967296,read,969289
measured,probe-memory-buffer,run,1607,14439401,0,3280145,16400725,15509625,1000000,4294967296,read,969351
measured,probe-memory-buffer,run,1608,14440401,0,3280145,16400725,15510525,1000000,4294967296,read,969407
measured,probe-memory-buffer,run,1609,14440901,0,3280145,16400725,15511125,1000000,4294967296,read,969445
measured,probe-memory-buffer,run,1610,14441501,0,3280145,16400725,15511625,1000000,4294967296,read,969476
measured,probe-memory-buffer,run,1611,14442001,0,3280145,16400725,15512225,1000000,4294967296,read,969514
measured,probe-memory-buffer,run,1612,14442601,0,3280145,16400725,15512825,1000000,4294967296,read,969551
measured,probe-memory-buffer,run,1613,14443201,0,3280145,16400725,15513325,1000000,4294967296,read,969582
measured,probe-memory-buffer,run,1614,14443701,0,3280145,16400725,15513925,1000000,4294967296,read,969620
measured,probe-memory-buffer,run,1615,14444201,0,3280145,16400725,15514425,1000000,4294967296,read,969651
measured,probe-memory-buffer,run,1616,14444801,0,3280145,16400725,15515025,1000000,4294967296,read,969689
measured,probe-memory-buffer,run,1617,14445401,0,3280145,16400725,15515625,1000000,4294967296,read,969726
measured,probe-memory-buffer,run,1618,14445901,0,3280145,16400725,15516125,1000000,4294967296,read,969757
measured,probe-memory-buffer,run,1619,14452301,0,3280145,16400725,15522525,1000000,4294967296,read,970157
measured,probe-memory-buffer,run,1620,14452701,0,3280145,16400725,15522925,1000000,4294967296,read,970182
measured,probe-memory-buffer,run,1621,14453201,0,3280145,16400725,15523425,1000000,4294967296,read,970214
measured,probe-memory-buffer,run,1622,14453601,0,3280145,16400725,15523825,1000000,4294967296,read,970239
measured,probe-memory-buffer,run,1623,14454001,0,3280145,16400725,15524225,1000000,4294967296,read,970264
measured,probe-memory-buffer,run,1624,14454501,0,3280145,16400725,15524625,1000000,4294967296,read,970289
measured,probe-memory-buffer,run,1625,14454901,0,3280145,16400725,15525125,1000000,4294967296,read,970320
measured,probe-memory-buffer,run,1626,14455301,0,3280145,16400725,15525525,1000000,4294967296,read,970345
measured,probe-memory-buffer,run,1627,14455801,0,3280145,16400725,15525925,1000000,4294967296,read,970370
measured,probe-memory-buffer,run,1628,14456201,0,3280145,16400725,15526425,1000000,4294967296,read,970401
measured,probe-memory-buffer,run,1629,14456601,0,3280145,16400725,15526825,1000000,4294967296,read,970426
measured,probe-memory-buffer,run,1630,14457001,0,3280145,16400725,15527225,1000000,4294967296,read,970451
measured,probe-memory-buffer,run,1631,14457501,0,3280145,16400725,15527625,1000000,4294967296,read,970476
measured,probe-memory-buffer,run,1632,14457901,0,3280145,16400725,15528125,1000000,4294967296,read,970507
measured,probe-memory-buffer,run,1633,14458301,0,3280145,16400725,15528525,1000000,4294967296,read,970532
measured,probe-memory-buffer,run,1634,14458801,0,3280145,16400725,15528925,1000000,4294967296,read,970557
measured,probe-memory-buffer,run,1635,14459201,0,3280145,16400725,15529425,1000000,4294967296,read,970589
measured,probe-memory-buffer,run,1636,14459601,0,3280145,16400725,15529825,1000000,4294967296,read,970614
measured,probe-memory-buffer,run,1637,14460001,0,3280145,16400725,15530225,1000000,4294967296,read,970639
measured,probe-memory-buffer,run,1638,14460501,0,3280145,16400725,15530625,1000000,4294967296,read,970664
measured,probe-memory-buffer,run,1639,14460901,0,3280145,16400725,15531125,1000000,4294967296,read,970695
measured,probe-memory-buffer,run,1640,14461301,0,3280145,16400725,15531525,1000000,4294967296,read,970720
measured,probe-memory-buffer,run,1641,14461701,0,3280145,16400725,15531925,1000000,4294967296,read,970745
measured,probe-memory-buffer,run,1642,14462201,0,3280145,16400725,15532325,1000000,4294967296,read,970770
measured,probe-memory-buffer,run,1643,14462601,0,3280145,16400725,15532825,1000000,4294967296,read,970801
measured,probe-memory-buffer,run,1644,14463001,0,3280145,16400725,15533225,1000000,4294967296,read,970826
measured,probe-memory-buffer,run,1645,14463501,0,3280145,16400725,15533625,1000000,4294967296,read,970851
measured,probe-memory-buffer,run,1646,14463901,0,3280145,16400725,15534125,1000000,4294967296,read,970882
measured,probe-memory-buffer,run,1647,14464301,0,3280145,16400725,15534525,1000000,4294967296,read,970907
measured,probe-memory-buffer,run,1648,14464701,0,3280145,16400725,15534925,1000000,4294967296,read,970932
measured,probe-memory-buffer,run,1649,14465201,0,3280145,16400725,15535425,1000000,4294967296,read,970964
measured,probe-memory-buffer,run,1650,14465601,0,3280145,16400725,15535825,1000000,4294967296,read,970989
measured,probe-memory-buffer,run,1651,14466001,0,3280145,16400725,15536225,1000000,4294967296,read,971014
measured,probe-memory-buffer,run,1652,14466501,0,3280145,16400725,15536625,1000000,4294967296,read,971039
measured,probe-memory-buffer,run,1653,14466901,0,3280145,16400725,15537125,1000000,4294967296,read,971070
measured,probe-memory-buffer,run,1654,14467301,0,3280145,16400725,15537525,1000000,4294967296,read,971095
measured,probe-memory-buffer,run,1655,14467701,0,3280145,16400725,15537925,1000000,4294967296,read,971120
measured,probe-memory-buffer,run,1656,14468201,0,3280145,16400725,15538325,1000000,4294967296,read,971145
measured,probe-memory-buffer,run,1657,14468601,0,3280145,16400725,15538825,1000000,4294967296,read,971176
measured,probe-memory-buffer,run,1658,14469001,0,3280145,16400725,15539225,1000000,4294967296,read,971201
measured,probe-memory-buffer,run,1659,14469501,0,3280145,16400725,15539625,1000000,4294967296,read,971226
measured,probe-memory-buffer,run,1660,14469901,0,3280145,16400725,15540125,1000000,4294967296,read,971257
measured,probe-memory-buffer,run,1661,14470301,0,3280145,16400725,15540525,1000000,4294967296,read,971282
measured,probe-memory-buffer,run,1662,14470701,0,3280145,16400725,15540925,1000000,4294967296,read,971307
measured,probe-memory-buffer,run,1663,14473101,0,3345680,16728400,15728400,1000000,4294967296,update,0
measured,probe-memory-buffer,run,1664,14522401,0,3345680,16728400,15777800,1000000,4294967296,read,986112
measured,probe-memory-buffer,run,1665,14524601,0,3345680,16728400,15780100,1000000,4294967296,read,986256
measured,probe-memory-buffer,run,1666,14525101,0,3345680,16728400,15780600,1000000,4294967296,read,986287
measured,probe-memory-buffer,run,1667,14525601,0,3345680,16728400,15781100,1000000,4294967296,read,986318
measured,probe-memory-buffer,run,1668,14526101,0,3345680,16728400,15781500,1000000,4294967296,read,986343
measured,probe-memory-buffer,run,1669,14526501,0,3345680,16728400,15781900,1000000,4294967296,read,986368
measured,probe-memory-buffer,run,1670,14526901,0,3345680,16728400,15782400,1000000,4294967296,read,986400
measured,probe-memory-buffer,run,1671,14527301,0,3345680,16728400,15782800,1000000,4294967296,read,986425
measured,probe-memory-buffer,run,1672,14527701,0,3345680,16728400,15783200,1000000,4294967296,read,986450
measured,probe-memory-buffer,run,1673,14528201,0,3345680,16728400,15783600,1000000,4294967296,read,986475
measured,probe-memory-buffer,run,1674,14528601,0,3345680,16728400,15784100,1000000,4294967296,read,986506
measured,probe-memory-buffer,run,1675,14529001,0,3345680,16728400,15784500,1000000,4294967296,read,986531
measured,probe-memory-buffer,run,1676,14532101,0,3345680,16728400,15787600,1000000,4294967296,read,986725
measured,probe-memory-buffer,run,1677,14532501,0,3345680,16728400,15788000,1000000,4294967296,read,986750
measured,probe-memory-buffer,run,1678,14532901,0,3345680,16728400,15788400,1000000,4294967296,read,986775
measured,probe-memory-buffer,run,1679,14533401,0,3345680,16728400,15788800,1000000,4294967296,read,986800
measured,probe-memory-buffer,run,1680,14533801,0,3345680,16728400,15789300,1000000,4294967296,read,986831
measured,probe-memory-buffer,run,1681,14534201,0,3345680,16728400,15789700,1000000,4294967296,read,986856
measured,probe-memory-buffer,run,1682,14534601,0,3345680,16728400,15790100,1000000,4294967296,read,986881
measured,probe-memory-buffer,run,1683,14535001,0,3345680,16728400,15790500,1000000,4294967296,read,986906
measured,probe-memory-buffer,run,1684,14535501,0,3345680,16728400,15790900,1000000,4294967296,read,986931
measured,probe-memory-buffer,run,1685,14535901,0,3345680,16728400,15791300,1000000,4294967296,read,986956
measured,probe-memory-buffer,run,1686,14536301,0,3345680,16728400,15791800,1000000,4294967296,read,986987
measured,probe-memory-buffer,run,1687,14536701,0,3345680,16728400,15792200,1000000,4294967296,read,987012
measured,probe-memory-buffer,run,1688,14537101,0,3345680,16728400,15792600,1000000,4294967296,read,987037
measured,probe-memory-buffer,run,1689,14537501,0,3345680,16728400,15793000,1000000,4294967296,read,987062
measured,probe-memory-buffer,run,1690,14538001,0,3345680,16728400,15793400,1000000,4294967296,read,987087
measured,probe-memory-buffer,run,1691,14538401,0,3345680,16728400,15793900,1000000,4294967296,read,987118
measured,probe-memory-buffer,run,1692,14538801,0,3345680,16728400,15794300,1000000,4294967296,read,987143
measured,probe-memory-buffer,run,1693,14539201,0,3345680,16728400,15794700,1000000,4294967296,read,987168
measured,probe-memory-buffer,run,1694,14539601,0,3345680,16728400,15795100,1000000,4294967296,read,987193
measured,probe-memory-buffer,run,1695,14540101,0,3345680,16728400,15795500,1000000,4294967296,read,987218
measured,probe-memory-buffer,run,1696,14540501,0,3345680,16728400,15796000,1000000,4294967296,read,987250
measured,probe-memory-buffer,run,1697,14540901,0,3345680,16728400,15796400,1000000,4294967296,read,987275
measured,probe-memory-buffer,run,1698,14541301,0,3345680,16728400,15796800,1000000,4294967296,read,987300
measured,probe-memory-buffer,run,1699,14541701,0,3345680,16728400,15797200,1000000,4294967296,read,987325
measured,probe-memory-buffer,run,1700,14545701,0,3345680,16728400,15801200,1000000,4294967296,read,987575
measured,probe-memory-buffer,run,1701,14551101,0,3345680,16728400,15806600,1000000,4294967296,read,987912
measured,probe-memory-buffer,run,1702,14555101,0,3345680,16728400,15810600,1000000,4294967296,read,988162
measured,probe-memory-buffer,run,1703,14559101,0,3345680,16728400,15814600,1000000,4294967296,read,988412
measured,probe-memory-buffer,run,1704,14563101,0,3345680,16728400,15818600,1000000,4294967296,read,988662
measured,probe-memory-buffer,run,1705,14567101,0,3345680,16728400,15822600,1000000,4294967296,read,988912
measured,probe-memory-buffer,run,1706,14571201,0,3345680,16728400,15826600,1000000,4294967296,read,989162
measured,probe-memory-buffer,run,1707,14575201,0,3345680,16728400,15830600,1000000,4294967296,read,989412
measured,probe-memory-buffer,run,1708,14579101,0,3345680,16728400,15834600,1000000,4294967296,read,989662
measured,probe-memory-buffer,run,1709,14583101,0,3345680,16728400,15838600,1000000,4294967296,read,989912
measured,probe-memory-buffer,run,1710,14587101,0,3345680,16728400,15842600,1000000,4294967296,read,990162
measured,probe-memory-buffer,run,1711,14591201,0,3345680,16728400,15846600,1000000,4294967296,read,990412
measured,probe-memory-buffer,run,1712,14595201,0,3345680,16728400,15850600,1000000,4294967296,read,990662
measured,probe-memory-buffer,run,1713,14597101,0,3411215,17056075,16056075,1000000,4294967296,update,0
measured,probe-memory-buffer,run,1714,14599201,0,3411215,17056075,16058275,1000000,4294967296,read,1003642
measured,probe-memory-buffer,run,1715,14603401,0,3411215,17056075,16062375,1000000,4294967296,read,1003898
measured,probe-memory-buffer,run,1716,14607401,0,3411215,17056075,16066375,1000000,4294967296,read,1004148
measured,probe-memory-buffer,run,1717,14611401,0,3411215,17056075,16070375,1000000,4294967296,read,1004398
measured,probe-memory-buffer,run,1718,14615901,0,3411215,17056075,16074975,1000000,4294967296,read,1004685
measured,probe-memory-buffer,run,1719,14619901,0,3411215,17056075,16078975,1000000,4294967296,read,1004935
measured,probe-memory-buffer,run,1720,14623901,0,3411215,17056075,16082975,1000000,4294967296,read,1005185
measured,probe-memory-buffer,run,1721,14627901,0,3411215,17056075,16086975,1000000,4294967296,read,1005435
measured,probe-memory-buffer,run,1722,14631901,0,3411215,17056075,16090975,1000000,4294967296,read,1005685
measured,probe-memory-buffer,run,1723,14635901,0,3411215,17056075,16094975,1000000,4294967296,read,1005935
measured,probe-memory-buffer,run,1724,14639901,0,3411215,17056075,16098975,1000000,4294967296,read,1006185
measured,probe-memory-buffer,run,1725,14643901,0,3411215,17056075,16102975,1000000,4294967296,read,1006435
measured,probe-memory-buffer,run,1726,14647901,0,3411215,17056075,16106975,1000000,4294967296,read,1006685
measured,probe-memory-buffer,run,1727,14651901,0,3411215,17056075,16110975,1000000,4294967296,read,1006935
measured,probe-memory-buffer,run,1728,14655901,0,3411215,17056075,16114975,1000000,4294967296,read,1007185
measured,probe-memory-buffer,run,1729,14659901,0,3411215,17056075,16118975,1000000,4294967296,read,1007435
measured,probe-memory-buffer,run,1730,14663901,0,3411215,17056075,16122975,1000000,4294967296,read,1007685
measured,probe-memory-buffer,run,1731,14667901,0,3411215,17056075,16126975,1000000,4294967296,read,1007935
measured,probe-memory-buffer,run,1732,14671901,0,3411215,17056075,16130975,1000000,4294967296,read,1008185
measured,probe-memory-buffer,run,1733,14681501,0,3411215,17056075,16140575,1000000,4294967296,read,1008785
measured,probe-memory-buffer,run,1734,14685601,0,3411215,17056075,16144575,1000000,4294967296,read,1009035
measured,probe-memory-buffer,run,1735,14689601,0,3411215,17056075,16148575,1000000,4294967296,read,1009285
measured,probe-memory-buffer,run,1736,14693601,0,3411215,17056075,16152575,1000000,4294967296,read,1009535
measured,probe-memory-buffer,run,1737,14697601,0,3411215,17056075,16156575,1000000,4294967296,read,1009785
measured,probe-memory-buffer,run,1738,14701601,0,3411215,17056075,16160575,1000000,4294967296,read,1010035
measured,probe-memory-buffer,run,1739,14705601,0,3411215,17056075,16164575,1000000,4294967296,read,1010285
measured,probe-memory-buffer,run,1740,14720701,0,3542285,17711425,16711425,1000000,4294967296,update,0
measured,probe-memory-buffer,run,1741,14762201,0,3542285,17711425,16752925,1000000,4294967296,read,1047057
measured,probe-memory-buffer,run,1742,14767101,0,3542285,17711425,16757925,1000000,4294967296,read,1047370
measured,probe-memory-buffer,run,1743,14771201,0,3542285,17711425,16762025,1000000,4294967296,read,1047626
measured,probe-memory-buffer,run,1744,14775301,0,3542285,17711425,16766125,1000000,4294967296,read,1047882
measured,probe-memory-buffer,run,1745,14779301,0,3542285,17711425,16770125,1000000,4294967296,read,1048132
measured,probe-memory-buffer,run,1746,14783301,0,3542285,17711425,16774125,1000000,4294967296,read,1048382
measured,probe-memory-buffer,run,1747,14787301,0,3542285,17711425,16778125,1000000,4294967296,read,1048632
measured,probe-memory-buffer,run,1748,14791301,0,3542285,17711425,16782125,1000000,4294967296,read,1048882
measured,probe-memory-buffer,run,1749,14795301,0,3542285,17711425,16786125,1000000,4294967296,read,1049132
measured,probe-memory-buffer,run,1750,14800601,0,3542285,17711425,16791425,1000000,4294967296,read,1049464
measured,probe-memory-buffer,run,1751,14804601,0,3542285,17711425,16795425,1000000,4294967296,read,1049714
measured,probe-memory-buffer,run,1752,14808601,0,3542285,17711425,16799425,1000000,4294967296,read,1049964
measured,probe-memory-buffer,run,1753,14812601,0,3542285,17711425,16803425,1000000,4294967296,read,1050214
measured,probe-memory-buffer,run,1754,14816601,0,3542285,17711425,16807425,1000000,4294967296,read,1050464
measured,probe-memory-buffer,run,1755,14820601,0,3542285,17711425,16811425,1000000,4294967296,read,1050714
measured,probe-memory-buffer,run,1756,14824601,0,3542285,17711425,16815425,1000000,4294967296,read,1050964
measured,probe-memory-buffer,run,1757,14828601,0,3542285,17711425,16819425,1000000,4294967296,read,1051214
measured,probe-memory-buffer,run,1758,14832601,0,3542285,17711425,16823425,1000000,4294967296,read,1051464
measured,probe-memory-buffer,run,1759,14836601,0,3542285,17711425,16827425,1000000,4294967296,read,1051714
measured,probe-memory-buffer,run,1760,14840601,0,3542285,17711425,16831425,1000000,4294967296,read,1051964
measured,probe-memory-buffer,run,1761,14843201,0,3607820,18039100,17039100,1000000,4294967296,update,0
measured,probe-memory-buffer,run,1762,14844701,0,3607820,18039100,17040800,1000000,4294967296,read,1065050
measured,probe-memory-buffer,run,1763,14848801,0,3607820,18039100,17044800,1000000,4294967296,read,1065300
measured,probe-memory-buffer,run,1764,14852801,0,3607820,18039100,17048900,1000000,4294967296,read,1065556
measured,probe-memory-buffer,run,1765,14856801,0,3607820,18039100,17052900,1000000,4294967296,read,1065806
measured,probe-memory-buffer,run,1766,14860801,0,3607820,18039100,17056900,1000000,4294967296,read,1066056
measured,probe-memory-buffer,run,1767,14865301,0,3607820,18039100,17061400,1000000,4294967296,read,1066337
measured,probe-memory-buffer,run,1768,14869301,0,3607820,18039100,17065400,1000000,4294967296,read,1066587
measured,probe-memory-buffer,run,1769,14873301,0,3607820,18039100,17069400,1000000,4294967296,read,1066837
measured,probe-memory-buffer,run,1770,14877301,0,3607820,18039100,17073400,1000000,4294967296,read,1067087
measured,probe-memory-buffer,run,1771,14881301,0,3607820,18039100,17077400,1000000,4294967296,read,1067337
measured,probe-memory-buffer,run,1772,14885301,0,3607820,18039100,17081400,1000000,4294967296,read,1067587
measured,probe-memory-buffer,run,1773,14889401,0,3607820,18039100,17085500,1000000,4294967296,read,1067843
measured,probe-memory-buffer,run,1774,14893401,0,3607820,18039100,17089500,1000000,4294967296,read,1068093
measured,probe-memory-buffer,run,1775,14897401,0,3607820,18039100,17093500,1000000,4294967296,read,1068343
measured,probe-memory-buffer,run,1776,14901401,0,3607820,18039100,17097500,1000000,4294967296,read,1068593
measured,probe-memory-buffer,run,1777,14905401,0,3607820,18039100,17101500,1000000,4294967296,read,1068843
measured,probe-memory-buffer,run,1778,14909401,0,3607820,18039100,17105500,1000000,4294967296,read,1069093
measured,probe-memory-buffer,run,1779,14913501,0,3607820,18039100,17109500,1000000,4294967296,read,1069343
measured,probe-memory-buffer,run,1780,14917501,0,3607820,18039100,17113500,1000000,4294967296,read,1069593
measured,probe-memory-buffer,run,1781,14921501,0,3607820,18039100,17117500,1000000,4294967296,read,1069843
measured,probe-memory-buffer,run,1782,14925501,0,3607820,18039100,17121500,1000000,4294967296,read,1070093
measured,probe-memory-buffer,run,1783,14930001,0,3607820,18039100,17126100,1000000,4294967296,read,1070381
measured,probe-memory-buffer,run,1784,14934001,0,3607820,18039100,17130100,1000000,4294967296,read,1070631
measured,probe-memory-buffer,run,1785,14938001,0,3607820,18039100,17134100,1000000,4294967296,read,1070881
measured,probe-memory-buffer,run,1786,14942001,0,3607820,18039100,17138100,1000000,4294967296,read,1071131
measured,probe-memory-buffer,run,1787,14946001,0,3607820,18039100,17142100,1000000,4294967296,read,1071381
measured,probe-memory-buffer,run,1788,14950001,0,3607820,18039100,17146100,1000000,4294967296,read,1071631
measured,probe-memory-buffer,run,1789,14957601,0,3607820,18039100,17153700,1000000,4294967296,read,1072106
measured,probe-memory-buffer,run,1790,14961601,0,3607820,18039100,17157700,1000000,4294967296,read,1072356
measured,probe-memory-buffer,run,1791,14965601,0,3607820,18039100,17161700,1000000,4294967296,read,1072606
measured,probe-memory-buffer,run,1792,14967901,0,3738890,18694450,17694450,1000000,4294967296,update,0
measured,probe-memory-buffer,run,1793,14969701,0,3738890,18694450,17696350,1000000,4294967296,read,1106021
measured,probe-memory-buffer,run,1794,14973801,0,3738890,18694450,17700450,1000000,4294967296,read,1106278
measured,probe-memory-buffer,run,1795,14977801,0,3738890,18694450,17704450,1000000,4294967296,read,1106528
measured,probe-memory-buffer,run,1796,14981801,0,3738890,18694450,17708450,1000000,4294967296,read,1106778
measured,probe-memory-buffer,run,1797,14999301,0,3738890,18694450,17712450,1000000,4294967296,read,1107028
measured,probe-memory-buffer,run,1798,15004401,0,3738890,18694450,17731050,1000000,4294967296,read,1108190
measured,probe-memory-buffer,run,1799,15008601,0,3738890,18694450,17735250,1000000,4294967296,read,1108453
measured,probe-memory-buffer,run,1800,15013901,0,3738890,18694450,17740450,1000000,4294967296,read,1108778
measured,probe-memory-buffer,run,1801,15017901,0,3738890,18694450,17744450,1000000,4294967296,read,1109028
measured,probe-memory-buffer,run,1802,15021901,0,3738890,18694450,17748450,1000000,4294967296,read,1109278
measured,probe-memory-buffer,run,1803,15025901,0,3738890,18694450,17752450,1000000,4294967296,read,1109528
measured,probe-memory-buffer,run,1804,15029901,0,3738890,18694450,17756450,1000000,4294967296,read,1109778
measured,probe-memory-buffer,run,1805,15033901,0,3738890,18694450,17760450,1000000,4294967296,read,1110028
measured,probe-memory-buffer,run,1806,15037901,0,3738890,18694450,17764550,1000000,4294967296,read,1110284
measured,probe-memory-buffer,run,1807,15041901,0,3738890,18694450,17768550,1000000,4294967296,read,1110534
measured,probe-memory-buffer,run,1808,15045901,0,3738890,18694450,17772550,1000000,4294967296,read,1110784
measured,probe-memory-buffer,run,1809,15049901,0,3738890,18694450,17776550,1000000,4294967296,read,1111034
measured,probe-memory-buffer,run,1810,15053901,0,3738890,18694450,17780550,1000000,4294967296,read,1111284
measured,probe-memory-buffer,run,1811,15057901,0,3738890,18694450,17784550,1000000,4294967296,read,1111534
measured,probe-memory-buffer,run,1812,15061901,0,3738890,18694450,17788550,1000000,4294967296,read,1111784
measured,probe-memory-buffer,run,1813,15065901,0,3738890,18694450,17792550,1000000,4294967296,read,1112034
measured,probe-memory-buffer,run,1814,15069901,0,3738890,18694450,17796550,1000000,4294967296,read,1112284
measured,probe-memory-buffer,run,1815,15074001,0,3738890,18694450,17800550,1000000,4294967296,read,1112534
measured,probe-memory-buffer,run,1816,15078301,0,3738890,18694450,17804950,1000000,4294967296,read,1112809
measured,probe-memory-buffer,run,1817,15082301,0,3738890,18694450,17808950,1000000,4294967296,read,1113059
measured,probe-memory-buffer,run,1818,15086301,0,3738890,18694450,17812950,1000000,4294967296,read,1113309
measured,probe-memory-buffer,run,1819,15090301,0,3738890,18694450,17816950,1000000,4294967296,read,1113559
measured,probe-memory-buffer,run,1820,15093001,0,3869960,19349800,18349800,1000000,4294967296,update,0
measured,probe-memory-buffer,run,1821,15094401,0,3869960,19349800,18351300,1000000,4294967296,read,1146956
measured,probe-memory-buffer,run,1822,15098501,0,3869960,19349800,18355300,1000000,4294967296,read,1147206
measured,probe-memory-buffer,run,1823,15102501,0,3869960,19349800,18359400,1000000,4294967296,read,1147462
measured,probe-memory-buffer,run,1824,15106501,0,3869960,19349800,18363400,1000000,4294967296,read,1147712
measured,probe-memory-buffer,run,1825,15110501,0,3869960,19349800,18367400,1000000,4294967296,read,1147962
measured,probe-memory-buffer,run,1826,15114501,0,3869960,19349800,18371400,1000000,4294967296,read,1148212
measured,probe-memory-buffer,run,1827,15118601,0,3869960,19349800,18375400,1000000,4294967296,read,1148462
measured,probe-memory-buffer,run,1828,15122601,0,3869960,19349800,18379400,1000000,4294967296,read,1148712
measured,probe-memory-buffer,run,1829,15126601,0,3869960,19349800,18383400,1000000,4294967296,read,1148962
measured,probe-memory-buffer,run,1830,15130601,0,3869960,19349800,18387400,1000000,4294967296,read,1149212
measured,probe-memory-buffer,run,1831,15134601,0,3869960,19349800,18391500,1000000,4294967296,read,1149468
measured,probe-memory-buffer,run,1832,15138601,0,3869960,19349800,18395500,1000000,4294967296,read,1149718
measured,probe-memory-buffer,run,1833,15139001,0,3869960,19349800,18395900,1000000,4294967296,read,1149743
measured,probe-memory-buffer,run,1834,15139401,0,3869960,19349800,18396300,1000000,4294967296,read,1149768
measured,probe-memory-buffer,run,1835,15139901,0,3869960,19349800,18396700,1000000,4294967296,read,1149793
measured,probe-memory-buffer,run,1836,15140301,0,3869960,19349800,18397200,1000000,4294967296,read,1149825
measured,probe-memory-buffer,run,1837,15140701,0,3869960,19349800,18397600,1000000,4294967296,read,1149850
measured,probe-memory-buffer,run,1838,15141101,0,3869960,19349800,18398000,1000000,4294967296,read,1149875
measured,probe-memory-buffer,run,1839,15141501,0,3869960,19349800,18398400,1000000,4294967296,read,1149900
measured,probe-memory-buffer,run,1840,15142401,0,3869960,19349800,18399300,1000000,4294967296,read,1149956
measured,probe-memory-buffer,run,1841,15142801,0,3869960,19349800,18399700,1000000,4294967296,read,1149981
measured,probe-memory-buffer,run,1842,15143201,0,3869960,19349800,18400100,1000000,4294967296,read,1150006
measured,probe-memory-buffer,run,1843,15143601,0,3869960,19349800,18400500,1000000,4294967296,read,1150031
measured,probe-memory-buffer,run,1844,15144101,0,3869960,19349800,18400900,1000000,4294967296,read,1150056
measured,probe-memory-buffer,run,1845,15144501,0,3869960,19349800,18401400,1000000,4294967296,read,1150087
measured,probe-memory-buffer,run,1846,15147501,0,3869960,19349800,18404400,1000000,4294967296,read,1150275
measured,probe-memory-buffer,run,1847,15147901,0,3869960,19349800,18404800,1000000,4294967296,read,1150300
measured,probe-memory-buffer,run,1848,15148301,0,3869960,19349800,18405200,1000000,4294967296,read,1150325
measured,probe-memory-buffer,run,1849,15148801,0,3869960,19349800,18405600,1000000,4294967296,read,1150350
measured,probe-memory-buffer,run,1850,15149201,0,3869960,19349800,18406100,1000000,4294967296,read,1150381
measured,probe-memory-buffer,run,1851,15149601,0,3869960,19349800,18406500,1000000,4294967296,read,1150406
measured,probe-memory-buffer,run,1852,15150001,0,3869960,19349800,18406900,1000000,4294967296,read,1150431
measured,probe-memory-buffer,run,1853,15150401,0,3869960,19349800,18407300,1000000,4294967296,read,1150456
measured,probe-memory-buffer,run,1854,15150901,0,3869960,19349800,18407700,1000000,4294967296,read,1150481
measured,probe-memory-buffer,run,1855,15151301,0,3869960,19349800,18408200,1000000,4294967296,read,1150512
measured,probe-memory-buffer,run,1856,15151701,0,3869960,19349800,18408600,1000000,4294967296,read,1150537
measured,probe-memory-buffer,run,1857,15152101,0,3869960,19349800,18409000,1000000,4294967296,read,1150562
measured,probe-memory-buffer,run,1858,15152501,0,3869960,19349800,18409400,1000000,4294967296,read,1150587
measured,probe-memory-buffer,run,1859,15153001,0,3869960,19349800,18409800,1000000,4294967296,read,1150612
measured,probe-memory-buffer,run,1860,15153401,0,3869960,19349800,18410300,1000000,4294967296,read,1150643
measured,probe-memory-buffer,run,1861,15153801,0,3869960,19349800,18410700,1000000,4294967296,read,1150668
measured,probe-memory-buffer,run,1862,15154201,0,3869960,19349800,18411100,1000000,4294967296,read,1150693
measured,probe-memory-buffer,run,1863,15154601,0,3869960,19349800,18411500,1000000,4294967296,read,1150718
measured,probe-memory-buffer,run,1864,15155101,0,3869960,19349800,18411900,1000000,4294967296,read,1150743
measured,probe-memory-buffer,run,1865,15155501,0,3869960,19349800,18412300,1000000,4294967296,read,1150768
measured,probe-memory-buffer,run,1866,15155901,0,3869960,19349800,18412800,1000000,4294967296,read,1150800
measured,probe-memory-buffer,run,1867,15156301,0,3869960,19349800,18413200,1000000,4294967296,read,1150825
measured,probe-memory-buffer,run,1868,15156701,0,3869960,19349800,18413600,1000000,4294967296,read,1150850
measured,probe-memory-buffer,run,1869,15157201,0,3869960,19349800,18414000,1000000,4294967296,read,1150875
measured,probe-memory-buffer,run,1870,15157601,0,3869960,19349800,18414400,1000000,4294967296,read,1150900
measured,probe-memory-buffer,run,1871,15158001,0,3869960,19349800,18414900,1000000,4294967296,read,1150931
measured,probe-memory-buffer,run,1872,15158401,0,3869960,19349800,18415300,1000000,4294967296,read,1150956
measured,probe-memory-buffer,run,1873,15158801,0,3869960,19349800,18415700,1000000,4294967296,read,1150981
measured,probe-memory-buffer,run,1874,15159301,0,3869960,19349800,18416100,1000000,4294967296,read,1151006
measured,probe-memory-buffer,run,1875,15159701,0,3869960,19349800,18416600,1000000,4294967296,read,1151037
measured,probe-memory-buffer,run,1876,15160101,0,3869960,19349800,18417000,1000000,4294967296,read,1151062
measured,probe-memory-buffer,run,1877,15160501,0,3869960,19349800,18417400,1000000,4294967296,read,1151087
measured,probe-memory-buffer,run,1878,15160901,0,3869960,19349800,18417800,1000000,4294967296,read,1151112
measured,probe-memory-buffer,run,1879,15161401,0,3869960,19349800,18418200,1000000,4294967296,read,1151137
measured,probe-memory-buffer,run,1880,15161801,0,3869960,19349800,18418700,1000000,4294967296,read,1151168
measured,probe-memory-buffer,run,1881,15162201,0,3869960,19349800,18419100,1000000,4294967296,read,1151193
measured,probe-memory-buffer,run,1882,15162601,0,3869960,19349800,18419500,1000000,4294967296,read,1151218
measured,probe-memory-buffer,run,1883,15163001,0,3869960,19349800,18419900,1000000,4294967296,read,1151243
measured,probe-memory-buffer,run,1884,15163501,0,3869960,19349800,18420300,1000000,4294967296,read,1151268
measured,probe-memory-buffer,run,1885,15163901,0,3869960,19349800,18420800,1000000,4294967296,read,1151300
measured,probe-memory-buffer,run,1886,15164301,0,3869960,19349800,18421200,1000000,4294967296,read,1151325
measured,probe-memory-buffer,run,1887,15164701,0,3869960,19349800,18421600,1000000,4294967296,read,1151350
measured,probe-memory-buffer,run,1888,15165101,0,3869960,19349800,18422000,1000000,4294967296,read,1151375
measured,probe-memory-buffer,run,1889,15165601,0,3869960,19349800,18422400,1000000,4294967296,read,1151400
measured,probe-memory-buffer,run,1890,15166001,0,3869960,19349800,18422900,1000000,4294967296,read,1151431
measured,probe-memory-buffer,run,1891,15166401,0,3869960,19349800,18423300,1000000,4294967296,read,1151456
measured,probe-memory-buffer,run,1892,15166801,0,3869960,19349800,18423700,1000000,4294967296,read,1151481
measured,probe-memory-buffer,run,1893,15167201,0,3869960,19349800,18424100,1000000,4294967296,read,1151506
measured,probe-memory-buffer,run,1894,15167701,0,3869960,19349800,18424500,1000000,4294967296,read,1151531
measured,probe-memory-buffer,run,1895,15168101,0,3869960,19349800,18425000,1000000,4294967296,read,1151562
measured,probe-memory-buffer,run,1896,15168501,0,3869960,19349800,18425400,1000000,4294967296,read,1151587
measured,probe-memory-buffer,run,1897,15168901,0,3869960,19349800,18425800,1000000,4294967296,read,1151612
measured,probe-memory-buffer,run,1898,15169301,0,3869960,19349800,18426200,1000000,4294967296,read,1151637
measured,probe-memory-buffer,run,1899,15169801,0,3869960,19349800,18426600,1000000,4294967296,read,1151662
measured,probe-memory-buffer,run,1900,15170201,0,3869960,19349800,18427100,1000000,4294967296,read,1151693
measured,probe-memory-buffer,run,1901,15170601,0,3869960,19349800,18427500,1000000,4294967296,read,1151718
measured,probe-memory-buffer,run,1902,15171001,0,3869960,19349800,18427900,1000000,4294967296,read,1151743
measured,probe-memory-buffer,run,1903,15172501,0,3869960,19349800,18429400,1000000,4294967296,read,1151837
measured,probe-memory-buffer,run,1904,15173001,0,3869960,19349800,18429800,1000000,4294967296,read,1151862
measured,probe-memory-buffer,run,1905,15173401,0,3869960,19349800,18430300,1000000,4294967296,read,1151893
measured,probe-memory-buffer,run,1906,15173801,0,3869960,19349800,18430700,1000000,4294967296,read,1151918
measured,probe-memory-buffer,run,1907,15174201,0,3869960,19349800,18431100,1000000,4294967296,read,1151943
measured,probe-memory-buffer,run,1908,15174601,0,3869960,19349800,18431500,1000000,4294967296,read,1151968
measured,probe-memory-buffer,run,1909,15175101,0,3869960,19349800,18431900,1000000,4294967296,read,1151993
measured,probe-memory-buffer,run,1910,15175501,0,3869960,19349800,18432400,1000000,4294967296,read,1152025
measured,probe-memory-buffer,run,1911,15175901,0,3869960,19349800,18432800,1000000,4294967296,read,1152050
measured,probe-memory-buffer,run,1912,15176401,0,3869960,19349800,18433200,1000000,4294967296,read,1152075
measured,probe-memory-buffer,run,1913,15176801,0,3869960,19349800,18433700,1000000,4294967296,read,1152106
measured,probe-memory-buffer,run,1914,15177201,0,3869960,19349800,18434100,1000000,4294967296,read,1152131
measured,probe-memory-buffer,run,1915,15177601,0,3869960,19349800,18434500,1000000,4294967296,read,1152156
measured,probe-memory-buffer,run,1916,15178001,0,3869960,19349800,18434900,1000000,4294967296,read,1152181
measured,probe-memory-buffer,run,1917,15178501,0,3869960,19349800,18435300,1000000,4294967296,read,1152206
measured,probe-memory-buffer,run,1918,15178901,0,3869960,19349800,18435700,1000000,4294967296,read,1152231
measured,probe-memory-buffer,run,1919,15179301,0,3869960,19349800,18436200,1000000,4294967296,read,1152262
measured,probe-memory-buffer,run,1920,15179701,0,3869960,19349800,18436600,1000000,4294967296,read,1152287
measured,probe-memory-buffer,run,1921,15180101,0,3869960,19349800,18437000,1000000,4294967296,read,1152312
measured,probe-memory-buffer,run,1922,15180501,0,3869960,19349800,18437400,1000000,4294967296,read,1152337
measured,probe-memory-buffer,run,1923,15181001,0,3869960,19349800,18437800,1000000,4294967296,read,1152362
measured,probe-memory-buffer,run,1924,15181401,0,3869960,19349800,18438300,1000000,4294967296,read,1152393
measured,probe-memory-buffer,run,1925,15181801,0,3869960,19349800,18438700,1000000,4294967296,read,1152418
measured,probe-memory-buffer,run,1926,15182201,0,3869960,19349800,18439100,1000000,4294967296,read,1152443
measured,probe-memory-buffer,run,1927,15182601,0,3869960,19349800,18439500,1000000,4294967296,read,1152468
measured,probe-memory-buffer,run,1928,15183101,0,3869960,19349800,18439900,1000000,4294967296,read,1152493
measured,probe-memory-buffer,run,1929,15183501,0,3869960,19349800,18440400,1000000,4294967296,read,1152525
measured,probe-memory-buffer,run,1930,15183901,0,3869960,19349800,18440800,1000000,4294967296,read,1152550
measured,probe-memory-buffer,run,1931,15184301,0,3869960,19349800,18441200,1000000,4294967296,read,1152575
measured,probe-memory-buffer,run,1932,15184701,0,3869960,19349800,18441600,1000000,4294967296,read,1152600
measured,probe-memory-buffer,run,1933,15185201,0,3869960,19349800,18442000,1000000,4294967296,read,1152625
measured,probe-memory-buffer,run,1934,15185601,0,3869960,19349800,18442400,1000000,4294967296,read,1152650
measured,probe-memory-buffer,run,1935,15186001,0,3869960,19349800,18442900,1000000,4294967296,read,1152681
measured,probe-memory-buffer,run,1936,15186401,0,3869960,19349800,18443300,1000000,4294967296,read,1152706
measured,probe-memory-buffer,run,1937,15186801,0,3869960,19349800,18443700,1000000,4294967296,read,1152731
measured,probe-memory-buffer,run,1938,15187301,0,3869960,19349800,18444100,1000000,4294967296,read,1152756
measured,probe-memory-buffer,run,1939,15187701,0,3869960,19349800,18444500,1000000,4294967296,read,1152781
measured,probe-memory-buffer,run,1940,15188101,0,3869960,19349800,18445000,1000000,4294967296,read,1152812
measured,probe-memory-buffer,run,1941,15188501,0,3869960,19349800,18445400,1000000,4294967296,read,1152837
measured,probe-memory-buffer,run,1942,15188901,0,3869960,19349800,18445800,1000000,4294967296,read,1152862
measured,probe-memory-buffer,run,1943,15189401,0,3869960,19349800,18446200,1000000,4294967296,read,1152887
measured,probe-memory-buffer,run,1944,15189801,0,3869960,19349800,18446700,1000000,4294967296,read,1152918
measured,probe-memory-buffer,run,1945,15190201,0,3869960,19349800,18447100,1000000,4294967296,read,1152943
measured,probe-memory-buffer,run,1946,15190601,0,3869960,19349800,18447500,1000000,4294967296,read,1152968
measured,probe-memory-buffer,run,1947,15191001,0,3869960,19349800,18447900,1000000,4294967296,read,1152993
measured,probe-memory-buffer,run,1948,15191501,0,3869960,19349800,18448300,1000000,4294967296,read,1153018
measured,probe-memory-buffer,run,1949,15191901,0,3869960,19349800,18448800,1000000,4294967296,read,1153050
measured,probe-memory-buffer,run,1950,15192301,0,3869960,19349800,18449200,1000000,4294967296,read,1153075
measured,probe-memory-buffer,run,1951,15192701,0,3869960,19349800,18449600,1000000,4294967296,read,1153100
measured,probe-memory-buffer,run,1952,15193101,0,3869960,19349800,18450000,1000000,4294967296,read,1153125
measured,probe-memory-buffer,run,1953,15193601,0,3869960,19349800,18450400,1000000,4294967296,read,1153150
measured,probe-memory-buffer,run,1954,15194001,0,3869960,19349800,18450900,1000000,4294967296,read,1153181
measured,probe-memory-buffer,run,1955,15194401,0,3869960,19349800,18451300,1000000,4294967296,read,1153206
measured,probe-memory-buffer,run,1956,15194801,0,3869960,19349800,18451700,1000000,4294967296,read,1153231
measured,probe-memory-buffer,run,1957,15195201,0,3869960,19349800,18452100,1000000,4294967296,read,1153256
measured,probe-memory-buffer,run,1958,15195701,0,3869960,19349800,18452500,1000000,4294967296,read,1153281
measured,probe-memory-buffer,run,1959,15196101,0,3869960,19349800,18453000,1000000,4294967296,read,1153312
measured,probe-memory-buffer,run,1960,15197401,0,3869960,19349800,18454300,1000000,4294967296,read,1153393
measured,probe-memory-buffer,run,1961,15201401,0,3869960,19349800,18458300,1000000,4294967296,read,1153643
measured,probe-memory-buffer,run,1962,15205401,0,3869960,19349800,18462300,1000000,4294967296,read,1153893
measured,probe-memory-buffer,run,1963,15209501,0,3869960,19349800,18466400,1000000,4294967296,read,1154150
measured,probe-memory-buffer,run,1964,15213501,0,3869960,19349800,18470400,1000000,4294967296,read,1154400
measured,probe-memory-buffer,run,1965,15216801,0,3935495,19677475,18677475,1000000,4294967296,update,0
measured,probe-memory-buffer,run,1966,15218501,0,3935495,19677475,18679275,1000000,4294967296,read,1167454
measured,probe-memory-buffer,run,1967,15222801,0,3935495,19677475,18683575,1000000,4294967296,read,1167723
measured,probe-memory-buffer,run,1968,15226901,0,3935495,19677475,18687575,1000000,4294967296,read,1167973
measured,probe-memory-buffer,run,1969,15231401,0,3935495,19677475,18692175,1000000,4294967296,read,1168260
measured,probe-memory-buffer,run,1970,15235401,0,3935495,19677475,18696175,1000000,4294967296,read,1168510
measured,probe-memory-buffer,run,1971,15239501,0,3935495,19677475,18700175,1000000,4294967296,read,1168760
measured,probe-memory-buffer,run,1972,15243501,0,3935495,19677475,18704275,1000000,4294967296,read,1169017
measured,probe-memory-buffer,run,1973,15247501,0,3935495,19677475,18708275,1000000,4294967296,read,1169267
measured,probe-memory-buffer,run,1974,15251501,0,3935495,19677475,18712275,1000000,4294967296,read,1169517
measured,probe-memory-buffer,run,1975,15255501,0,3935495,19677475,18716275,1000000,4294967296,read,1169767
measured,probe-memory-buffer,run,1976,15259501,0,3935495,19677475,18720275,1000000,4294967296,read,1170017
measured,probe-memory-buffer,run,1977,15263501,0,3935495,19677475,18724275,1000000,4294967296,read,1170267
measured,probe-memory-buffer,run,1978,15267501,0,3935495,19677475,18728275,1000000,4294967296,read,1170517
measured,probe-memory-buffer,run,1979,15271501,0,3935495,19677475,18732275,1000000,4294967296,read,1170767
measured,probe-memory-buffer,run,1980,15275501,0,3935495,19677475,18736275,1000000,4294967296,read,1171017
measured,probe-memory-buffer,run,1981,15279501,0,3935495,19677475,18740275,1000000,4294967296,read,1171267
measured,probe-memory-buffer,run,1982,15283501,0,3935495,19677475,18744275,1000000,4294967296,read,1171517
measured,probe-memory-buffer,run,1983,15287501,0,3935495,19677475,18748275,1000000,4294967296,read,1171767
measured,probe-memory-buffer,run,1984,15291501,0,3935495,19677475,18752275,1000000,4294967296,read,1172017
measured,probe-memory-buffer,run,1985,15295901,0,3935495,19677475,18756675,1000000,4294967296,read,1172292
measured,probe-memory-buffer,run,1986,15299901,0,3935495,19677475,18760675,1000000,4294967296,read,1172542
measured,probe-memory-buffer,run,1987,15303901,0,3935495,19677475,18764675,1000000,4294967296,read,1172792
measured,probe-memory-buffer,run,1988,15307901,0,3935495,19677475,18768675,1000000,4294967296,read,1173042
measured,probe-memory-buffer,run,1989,15311901,0,3935495,19677475,18772675,1000000,4294967296,read,1173292
measured,probe-memory-buffer,run,1990,15315901,0,3935495,19677475,18776675,1000000,4294967296,read,1173542
measured,probe-memory-buffer,run,1991,15319901,0,3935495,19677475,18780675,1000000,4294967296,read,1173792
measured,probe-memory-buffer,run,1992,15324001,0,3935495,19677475,18784675,1000000,4294967296,read,1174042
measured,probe-memory-buffer,run,1993,15328001,0,3935495,19677475,18788775,1000000,4294967296,read,1174298
measured,probe-memory-buffer,run,1994,15332001,0,3935495,19677475,18792775,1000000,4294967296,read,1174548
measured,probe-memory-buffer,run,1995,15336101,0,3935495,19677475,18796875,1000000,4294967296,read,1174804
measured,probe-memory-buffer,run,1996,15338601,0,4066565,20332825,19332825,1000000,4294967296,update,0
measured,probe-memory-buffer,run,1997,15340201,0,4066565,20332825,19334525,1000000,4294967296,read,1208407
measured,probe-memory-buffer,run,1998,15344201,0,4066565,20332825,19338625,1000000,4294967296,read,1208664
measured,probe-memory-buffer,run,1999,15348201,0,4066565,20332825,19342625,1000000,4294967296,read,1208914
measured,probe-memory-buffer,run,2000,15352201,0,4066565,20332825,19346625,1000000,4294967296,read,1209164
measured,probe-memory-buffer,run,2001,15356201,0,4066565,20332825,19350625,1000000,4294967296,read,1209414
measured,probe-memory-buffer,run,2002,15360701,0,4066565,20332825,19355125,1000000,4294967296,read,1209695
measured,probe-memory-buffer,run,2003,15364701,0,4066565,20332825,19359125,1000000,4294967296,read,1209945
measured,probe-memory-buffer,run,2004,15368701,0,4066565,20332825,19363125,1000000,4294967296,read,1210195
measured,probe-memory-buffer,run,2005,15372701,0,4066565,20332825,19367125,1000000,4294967296,read,1210445
measured,probe-memory-buffer,run,2006,15376701,0,4066565,20332825,19371125,1000000,4294967296,read,1210695
measured,probe-memory-buffer,run,2007,15380701,0,4066565,20332825,19375125,1000000,4294967296,read,1210945
measured,probe-memory-buffer,run,2008,15384701,0,4066565,20332825,19379125,1000000,4294967296,read,1211195
measured,probe-memory-buffer,run,2009,15388701,0,4066565,20332825,19383125,1000000,4294967296,read,1211445
measured,probe-memory-buffer,run,2010,15392801,0,4066565,20332825,19387225,1000000,4294967296,read,1211701
measured,probe-memory-buffer,run,2011,15396801,0,4066565,20332825,19391225,1000000,4294967296,read,1211951
measured,probe-memory-buffer,run,2012,15400801,0,4066565,20332825,19395225,1000000,4294967296,read,1212201
measured,probe-memory-buffer,run,2013,15427801,0,4066565,20332825,19422225,1000000,4294967296,read,1213889
measured,probe-memory-buffer,run,2014,15431901,0,4066565,20332825,19426325,1000000,4294967296,read,1214145
measured,probe-memory-buffer,run,2015,15436001,0,4066565,20332825,19430425,1000000,4294967296,read,1214401
measured,probe-memory-buffer,run,2016,15440101,0,4066565,20332825,19434525,1000000,4294967296,read,1214657
measured,probe-memory-buffer,run,2017,15445201,0,4066565,20332825,19439625,1000000,4294967296,read,1214976
measured,probe-memory-buffer,run,2018,15468601,0,4066565,20332825,19462925,1000000,4294967296,read,1216432
measured,probe-memory-buffer,run,2019,15472501,0,4066565,20332825,19466925,1000000,4294967296,read,1216682
measured,probe-memory-buffer,run,2020,15476501,0,4066565,20332825,19470925,1000000,4294967296,read,1216932
measured,probe-memory-buffer,run,2021,15480501,0,4066565,20332825,19474925,1000000,4294967296,read,1217182
measured,probe-memory-buffer,run,2022,15484001,0,4197635,20988175,19988175,1000000,4294967296,update,0
measured,probe-memory-buffer,run,2023,15493001,0,4197635,20988175,19997275,1000000,4294967296,read,1249829
measured,probe-memory-buffer,run,2024,15497401,0,4197635,20988175,20001775,1000000,4294967296,read,1250110
measured,probe-memory-buffer,run,2025,15501401,0,4197635,20988175,20005775,1000000,4294967296,read,1250360
measured,probe-memory-buffer,run,2026,15505401,0,4197635,20988175,20009775,1000000,4294967296,read,1250610
measured,probe-memory-buffer,run,2027,15509401,0,4197635,20988175,20013775,1000000,4294967296,read,1250860
measured,probe-memory-buffer,run,2028,15513401,0,4197635,20988175,20017775,1000000,4294967296,read,1251110
measured,probe-memory-buffer,run,2029,15517401,0,4197635,20988175,20021775,1000000,4294967296,read,1251360
measured,probe-memory-buffer,run,2030,15521401,0,4197635,20988175,20025775,1000000,4294967296,read,1251610
measured,probe-memory-buffer,run,2031,15525401,0,4197635,20988175,20029775,1000000,4294967296,read,1251860
measured,probe-memory-buffer,run,2032,15529401,0,4197635,20988175,20033775,1000000,4294967296,read,1252110
measured,probe-memory-buffer,run,2033,15533401,0,4197635,20988175,20037775,1000000,4294967296,read,1252360
measured,probe-memory-buffer,run,2034,15607901,0,4197635,20988175,20112175,1000000,3144720797,update,0
measured,probe-memory-buffer,run,2035,15673301,0,4197635,20988175,20160133,1000000,3144720797,read,1260008
measured,probe-memory-buffer,run,2036,15679701,0,4197635,20988175,20164819,1000000,3144720797,read,1260301
measured,probe-memory-buffer,run,2037,15683701,0,4197635,20988175,20167748,1000000,3144720797,read,1260484
measured,probe-memory-buffer,run,2038,15687701,0,4197635,20988175,20170676,1000000,3144720797,read,1260667
measured,probe-memory-buffer,run,2039,15691701,0,4197635,20988175,20173605,1000000,3144720797,read,1260850
measured,probe-memory-buffer,run,2040,15695701,0,4197635,20988175,20176534,1000000,3144720797,read,1261033
measured,probe-memory-buffer,run,2041,15699701,0,4197635,20988175,20179463,1000000,3144720797,read,1261216
measured,probe-memory-buffer,run,2042,15703701,0,4197635,20988175,20182391,1000000,3144720797,read,1261399
measured,probe-memory-buffer,run,2043,15707801,0,4197635,20988175,20185393,1000000,3144720797,read,1261587
measured,probe-memory-buffer,run,2044,15711801,0,4197635,20988175,20188322,1000000,3144720797,read,1261770
measured,probe-memory-buffer,run,2045,15715801,0,4197635,20988175,20191251,1000000,3144720797,read,1261953
measured,probe-memory-buffer,run,2046,15719801,0,4197635,20988175,20194179,1000000,3144720797,read,1262136
measured,probe-memory-buffer,run,2047,15723801,0,4197635,20988175,20197108,1000000,3144720797,read,1262319
measured,probe-memory-buffer,run,2048,15727801,0,4197635,20988175,20200037,1000000,3144720797,read,1262502
measured,probe-memory-buffer,run,2049,15730201,0,4263170,21315850,20315850,1000000,3443019839,update,0
measured,probe-memory-buffer,run,2050,15731901,0,4263170,21315850,20317292,1000000,3443019839,read,1269830
measured,probe-memory-buffer,run,2051,15735901,0,4263170,21315850,20320579,1000000,3443019839,read,1270036
measured,probe-memory-buffer,run,2052,15740001,0,4263170,21315850,20323786,1000000,3443019839,read,1270236
measured,probe-memory-buffer,run,2053,15744401,0,4263170,21315850,20327393,1000000,3443019839,read,1270462
measured,probe-memory-buffer,run,2054,15748401,0,4263170,21315850,20330600,1000000,3443019839,read,1270662
measured,probe-memory-buffer,run,2055,15752401,0,4263170,21315850,20333806,1000000,3443019839,read,1270862
measured,probe-memory-buffer,run,2056,15756401,0,4263170,21315850,20337013,1000000,3443019839,read,1271063
measured,probe-memory-buffer,run,2057,15760401,0,4263170,21315850,20340219,1000000,3443019839,read,1271263
measured,probe-memory-buffer,run,2058,15764401,0,4263170,21315850,20343426,1000000,3443019839,read,1271464
measured,probe-memory-buffer,run,2059,15768401,0,4263170,21315850,20346632,1000000,3443019839,read,1271664
measured,probe-memory-buffer,run,2060,15772401,0,4263170,21315850,20349839,1000000,3443019839,read,1271864
measured,probe-memory-buffer,run,2061,15776401,0,4263170,21315850,20353046,1000000,3443019839,read,1272065
measured,probe-memory-buffer,run,2062,15780401,0,4263170,21315850,20356252,1000000,3443019839,read,1272265
measured,probe-memory-buffer,run,2063,15784401,0,4263170,21315850,20359459,1000000,3443019839,read,1272466
measured,probe-memory-buffer,run,2064,15788401,0,4263170,21315850,20362665,1000000,3443019839,read,1272666
measured,probe-memory-buffer,run,2065,15792401,0,4263170,21315850,20365872,1000000,3443019839,read,1272867
measured,probe-memory-buffer,run,2066,15796401,0,4263170,21315850,20369078,1000000,3443019839,read,1273067
measured,probe-memory-buffer,run,2067,15800401,0,4263170,21315850,20372285,1000000,3443019839,read,1273267
measured,probe-memory-buffer,run,2068,15804401,0,4263170,21315850,20375492,1000000,3443019839,read,1273468
measured,probe-memory-buffer,run,2069,15808801,0,4263170,21315850,20379019,1000000,3443019839,read,1273688
measured,probe-memory-buffer,run,2070,15812801,0,4263170,21315850,20382225,1000000,3443019839,read,1273889
measured,probe-memory-buffer,run,2071,15816801,0,4263170,21315850,20385432,1000000,3443019839,read,1274089
measured,probe-memory-buffer,run,2072,15820801,0,4263170,21315850,20388638,1000000,3443019839,read,1274289
measured,probe-memory-buffer,run,2073,15824801,0,4263170,21315850,20391845,1000000,3443019839,read,1274490
measured,probe-memory-buffer,run,2074,15831901,0,4263170,21315850,20397457,1000000,3443019839,read,1274841
measured,probe-memory-buffer,run,2075,15835901,0,4263170,21315850,20400663,1000000,3443019839,read,1275041
measured,probe-memory-buffer,run,2076,15839901,0,4263170,21315850,20403870,1000000,3443019839,read,1275241
measured,probe-memory-buffer,run,2077,15843901,0,4263170,21315850,20407156,1000000,3443019839,read,1275447
measured,probe-memory-buffer,run,2078,15847901,0,4263170,21315850,20410363,1000000,3443019839,read,1275647
measured,probe-memory-buffer,run,2079,15851101,0,4394240,21971200,20971200,1000000,3666744121,update,0
measured,probe-memory-buffer,run,2080,15857601,0,4394240,21971200,20976834,1000000,3666744121,read,1311052
measured,probe-memory-buffer,run,2081,15862001,0,4394240,21971200,20980591,1000000,3666744121,read,1311286
measured,probe-memory-buffer,run,2082,15866001,0,4394240,21971200,20984005,1000000,3666744121,read,1311500
measured,probe-memory-buffer,run,2083,15870001,0,4394240,21971200,20987420,1000000,3666744121,read,1311713
measured,probe-memory-buffer,run,2084,15874101,0,4394240,21971200,20990835,1000000,3666744121,read,1311927
measured,probe-memory-buffer,run,2085,15878101,0,4394240,21971200,20994250,1000000,3666744121,read,1312140
measured,probe-memory-buffer,run,2086,15882601,0,4394240,21971200,20998177,1000000,3666744121,read,1312386
measured,probe-memory-buffer,run,2087,15886601,0,4394240,21971200,21001592,1000000,3666744121,read,1312599
measured,probe-memory-buffer,run,2088,15890601,0,4394240,21971200,21005007,1000000,3666744121,read,1312812
measured,probe-memory-buffer,run,2089,15894601,0,4394240,21971200,21008337,1000000,3666744121,read,1313021
measured,probe-memory-buffer,run,2090,15898601,0,4394240,21971200,21011837,1000000,3666744121,read,1313239
measured,probe-memory-buffer,run,2091,15902601,0,4394240,21971200,21015252,1000000,3666744121,read,1313453
measured,probe-memory-buffer,run,2092,15906601,0,4394240,21971200,21018667,1000000,3666744121,read,1313666
measured,probe-memory-buffer,run,2093,15910601,0,4394240,21971200,21022082,1000000,3666744121,read,1313880
measured,probe-memory-buffer,run,2094,15914601,0,4394240,21971200,21025497,1000000,3666744121,read,1314093
measured,probe-memory-buffer,run,2095,15915001,0,4394240,21971200,21025838,1000000,3666744121,read,1314114
measured,probe-memory-buffer,run,2096,15915501,0,4394240,21971200,21026180,1000000,3666744121,read,1314136
measured,probe-memory-buffer,run,2097,15915901,0,4394240,21971200,21026521,1000000,3666744121,read,1314157
measured,probe-memory-buffer,run,2098,15916301,0,4394240,21971200,21026948,1000000,3666744121,read,1314184
measured,probe-memory-buffer,run,2099,15916701,0,4394240,21971200,21027290,1000000,3666744121,read,1314205
measured,probe-memory-buffer,run,2100,15917101,0,4394240,21971200,21027631,1000000,3666744121,read,1314226
measured,probe-memory-buffer,run,2101,15917601,0,4394240,21971200,21027973,1000000,3666744121,read,1314248
measured,probe-memory-buffer,run,2102,15918001,0,4394240,21971200,21028399,1000000,3666744121,read,1314274
measured,probe-memory-buffer,run,2103,15918401,0,4394240,21971200,21028741,1000000,3666744121,read,1314296
measured,probe-memory-buffer,run,2104,15918801,0,4394240,21971200,21029082,1000000,3666744121,read,1314317
measured,probe-memory-buffer,run,2105,15919201,0,4394240,21971200,21029424,1000000,3666744121,read,1314339
measured,probe-memory-buffer,run,2106,15919601,0,4394240,21971200,21029765,1000000,3666744121,read,1314360
measured,probe-memory-buffer,run,2107,15920101,0,4394240,21971200,21030107,1000000,3666744121,read,1314381
measured,probe-memory-buffer,run,2108,15920501,0,4394240,21971200,21030534,1000000,3666744121,read,1314408
measured,probe-memory-buffer,run,2109,15920901,0,4394240,21971200,21030875,1000000,3666744121,read,1314429
measured,probe-memory-buffer,run,2110,15921301,0,4394240,21971200,21031217,1000000,3666744121,read,1314451
measured,probe-memory-buffer,run,2111,15921701,0,4394240,21971200,21031558,1000000,3666744121,read,1314472
measured,probe-memory-buffer,run,2112,15922201,0,4394240,21971200,21031900,1000000,3666744121,read,1314493
measured,probe-memory-buffer,run,2113,15922601,0,4394240,21971200,21032327,1000000,3666744121,read,1314520
measured,probe-memory-buffer,run,2114,15923001,0,4394240,21971200,21032668,1000000,3666744121,read,1314541
measured,probe-memory-buffer,run,2115,15923401,0,4394240,21971200,21033010,1000000,3666744121,read,1314563
measured,probe-memory-buffer,run,2116,15923801,0,4394240,21971200,21033351,1000000,3666744121,read,1314584
measured,probe-memory-buffer,run,2117,15924301,0,4394240,21971200,21033693,1000000,3666744121,read,1314605
measured,probe-memory-buffer,run,2118,15924701,0,4394240,21971200,21034034,1000000,3666744121,read,1314627
measured,probe-memory-buffer,run,2119,15925101,0,4394240,21971200,21034461,1000000,3666744121,read,1314653
measured,probe-memory-buffer,run,2120,15925501,0,4394240,21971200,21034802,1000000,3666744121,read,1314675
measured,probe-memory-buffer,run,2121,15925901,0,4394240,21971200,21035144,1000000,3666744121,read,1314696
measured,probe-memory-buffer,run,2122,15926401,0,4394240,21971200,21035485,1000000,3666744121,read,1314717
measured,probe-memory-buffer,run,2123,15926801,0,4394240,21971200,21035827,1000000,3666744121,read,1314739
measured,probe-memory-buffer,run,2124,15927201,0,4394240,21971200,21036254,1000000,3666744121,read,1314765
measured,probe-memory-buffer,run,2125,15927601,0,4394240,21971200,21036595,1000000,3666744121,read,1314787
measured,probe-memory-buffer,run,2126,15928001,0,4394240,21971200,21036937,1000000,3666744121,read,1314808
measured,probe-memory-buffer,run,2127,15928401,0,4394240,21971200,21037278,1000000,3666744121,read,1314829
measured,probe-memory-buffer,run,2128,15928901,0,4394240,21971200,21037620,1000000,3666744121,read,1314851
measured,probe-memory-buffer,run,2129,15929301,0,4394240,21971200,21038047,1000000,3666744121,read,1314877
measured,probe-memory-buffer,run,2130,15929701,0,4394240,21971200,21038388,1000000,3666744121,read,1314899
measured,probe-memory-buffer,run,2131,15931501,0,4394240,21971200,21039925,1000000,3666744121,read,1314995
measured,probe-memory-buffer,run,2132,15931901,0,4394240,21971200,21040266,1000000,3666744121,read,1315016
measured,probe-memory-buffer,run,2133,15932301,0,4394240,21971200,21040608,1000000,3666744121,read,1315038
measured,probe-memory-buffer,run,2134,15932801,0,4394240,21971200,21040949,1000000,3666744121,read,1315059
measured,probe-memory-buffer,run,2135,15933201,0,4394240,21971200,21041376,1000000,3666744121,read,1315086
measured,probe-memory-buffer,run,2136,15933601,0,4394240,21971200,21041718,1000000,3666744121,read,1315107
measured,probe-memory-buffer,run,2137,15934001,0,4394240,21971200,21042059,1000000,3666744121,read,1315128
measured,probe-memory-buffer,run,2138,15934401,0,4394240,21971200,21042401,1000000,3666744121,read,1315150
measured,probe-memory-buffer,run,2139,15934901,0,4394240,21971200,21042742,1000000,3666744121,read,1315171
measured,probe-memory-buffer,run,2140,15935301,0,4394240,21971200,21043169,1000000,3666744121,read,1315198
measured,probe-memory-buffer,run,2141,15935701,0,4394240,21971200,21043510,1000000,3666744121,read,1315219
measured,probe-memory-buffer,run,2142,15936101,0,4394240,21971200,21043852,1000000,3666744121,read,1315240
measured,probe-memory-buffer,run,2143,15936501,0,4394240,21971200,21044193,1000000,3666744121,read,1315262
measured,probe-memory-buffer,run,2144,15937001,0,4394240,21971200,21044535,1000000,3666744121,read,1315283
measured,probe-memory-buffer,run,2145,15937401,0,4394240,21971200,21044962,1000000,3666744121,read,1315310
measured,probe-memory-buffer,run,2146,15937801,0,4394240,21971200,21045303,1000000,3666744121,read,1315331
measured,probe-memory-buffer,run,2147,15938201,0,4394240,21971200,21045645,1000000,3666744121,read,1315352
measured,probe-memory-buffer,run,2148,15938601,0,4394240,21971200,21045986,1000000,3666744121,read,1315374
measured,probe-memory-buffer,run,2149,15939001,0,4394240,21971200,21046328,1000000,3666744121,read,1315395
measured,probe-memory-buffer,run,2150,15939501,0,4394240,21971200,21046669,1000000,3666744121,read,1315416
measured,probe-memory-buffer,run,2151,15939901,0,4394240,21971200,21047096,1000000,3666744121,read,1315443
measured,probe-memory-buffer,run,2152,15940301,0,4394240,21971200,21047438,1000000,3666744121,read,1315464
measured,probe-memory-buffer,run,2153,15940701,0,4394240,21971200,21047779,1000000,3666744121,read,1315486
measured,probe-memory-buffer,run,2154,15941101,0,4394240,21971200,21048121,1000000,3666744121,read,1315507
measured,probe-memory-buffer,run,2155,15941601,0,4394240,21971200,21048462,1000000,3666744121,read,1315528
measured,probe-memory-buffer,run,2156,15942001,0,4394240,21971200,21048804,1000000,3666744121,read,1315550
measured,probe-memory-buffer,run,2157,15942401,0,4394240,21971200,21049230,1000000,3666744121,read,1315576
measured,probe-memory-buffer,run,2158,15942801,0,4394240,21971200,21049572,1000000,3666744121,read,1315598
measured,probe-memory-buffer,run,2159,15943201,0,4394240,21971200,21049913,1000000,3666744121,read,1315619
measured,probe-memory-buffer,run,2160,15943601,0,4394240,21971200,21050255,1000000,3666744121,read,1315640
measured,probe-memory-buffer,run,2161,15944101,0,4394240,21971200,21050596,1000000,3666744121,read,1315662
measured,probe-memory-buffer,run,2162,15944501,0,4394240,21971200,21051023,1000000,3666744121,read,1315688
measured,probe-memory-buffer,run,2163,15944901,0,4394240,21971200,21051365,1000000,3666744121,read,1315710
measured,probe-memory-buffer,run,2164,15945301,0,4394240,21971200,21051706,1000000,3666744121,read,1315731
measured,probe-memory-buffer,run,2165,15945701,0,4394240,21971200,21052048,1000000,3666744121,read,1315753
measured,probe-memory-buffer,run,2166,15946201,0,4394240,21971200,21052389,1000000,3666744121,read,1315774
measured,probe-memory-buffer,run,2167,15946601,0,4394240,21971200,21052731,1000000,3666744121,read,1315795
measured,probe-memory-buffer,run,2168,15947001,0,4394240,21971200,21053158,1000000,3666744121,read,1315822
measured,probe-memory-buffer,run,2169,15947401,0,4394240,21971200,21053499,1000000,3666744121,read,1315843
measured,probe-memory-buffer,run,2170,15947801,0,4394240,21971200,21053841,1000000,3666744121,read,1315865
measured,probe-memory-buffer,run,2171,15948201,0,4394240,21971200,21054182,1000000,3666744121,read,1315886
measured,probe-memory-buffer,run,2172,15948701,0,4394240,21971200,21054524,1000000,3666744121,read,1315907
measured,probe-memory-buffer,run,2173,15949101,0,4394240,21971200,21054950,1000000,3666744121,read,1315934
measured,probe-memory-buffer,run,2174,15949501,0,4394240,21971200,21055292,1000000,3666744121,read,1315955
measured,probe-memory-buffer,run,2175,15949901,0,4394240,21971200,21055633,1000000,3666744121,read,1315977
measured,probe-memory-buffer,run,2176,15950301,0,4394240,21971200,21055975,1000000,3666744121,read,1315998
measured,probe-memory-buffer,run,2177,15950801,0,4394240,21971200,21056316,1000000,3666744121,read,1316019
measured,probe-memory-buffer,run,2178,15951201,0,4394240,21971200,21056658,1000000,3666744121,read,1316041
measured,probe-memory-buffer,run,2179,15951601,0,4394240,21971200,21057085,1000000,3666744121,read,1316067
measured,probe-memory-buffer,run,2180,15952001,0,4394240,21971200,21057426,1000000,3666744121,read,1316089
measured,probe-memory-buffer,run,2181,15952401,0,4394240,21971200,21057768,1000000,3666744121,read,1316110
measured,probe-memory-buffer,run,2182,15952901,0,4394240,21971200,21058109,1000000,3666744121,read,1316131
measured,probe-memory-buffer,run,2183,15953301,0,4394240,21971200,21058451,1000000,3666744121,read,1316153
measured,probe-memory-buffer,run,2184,15953701,0,4394240,21971200,21058878,1000000,3666744121,read,1316179
measured,probe-memory-buffer,run,2185,15954101,0,4394240,21971200,21059219,1000000,3666744121,read,1316201
measured,probe-memory-buffer,run,2186,15954501,0,4394240,21971200,21059561,1000000,3666744121,read,1316222
measured,probe-memory-buffer,run,2187,15954901,0,4394240,21971200,21059902,1000000,3666744121,read,1316243
measured,probe-memory-buffer,run,2188,15956301,0,4394240,21971200,21061097,1000000,3666744121,read,1316318
measured,probe-memory-buffer,run,2189,15956701,0,4394240,21971200,21061439,1000000,3666744121,read,1316339
measured,probe-memory-buffer,run,2190,15957201,0,4394240,21971200,21061780,1000000,3666744121,read,1316361
measured,probe-memory-buffer,run,2191,15957601,0,4394240,21971200,21062207,1000000,3666744121,read,1316387
measured,probe-memory-buffer,run,2192,15958001,0,4394240,21971200,21062549,1000000,3666744121,read,1316409
measured,probe-memory-buffer,run,2193,15958401,0,4394240,21971200,21062890,1000000,3666744121,read,1316430
measured,probe-memory-buffer,run,2194,15958801,0,4394240,21971200,21063232,1000000,3666744121,read,1316452
measured,probe-memory-buffer,run,2195,15959301,0,4394240,21971200,21063573,1000000,3666744121,read,1316473
measured,probe-memory-buffer,run,2196,15959701,0,4394240,21971200,21064000,1000000,3666744121,read,1316500
measured,probe-memory-buffer,run,2197,15960101,0,4394240,21971200,21064341,1000000,3666744121,read,1316521
measured,probe-memory-buffer,run,2198,15960501,0,4394240,21971200,21064683,1000000,3666744121,read,1316542
measured,probe-memory-buffer,run,2199,15960901,0,4394240,21971200,21065024,1000000,3666744121,read,1316564
measured,probe-memory-buffer,run,2200,15961401,0,4394240,21971200,21065366,1000000,3666744121,read,1316585
measured,probe-memory-buffer,run,2201,15961801,0,4394240,21971200,21065793,1000000,3666744121,read,1316612
measured,probe-memory-buffer,run,2202,15962201,0,4394240,21971200,21066134,1000000,3666744121,read,1316633
measured,probe-memory-buffer,run,2203,15962901,0,4394240,21971200,21066732,1000000,3666744121,read,1316670
measured,probe-memory-buffer,run,2204,15963301,0,4394240,21971200,21067073,1000000,3666744121,read,1316692
measured,probe-memory-buffer,run,2205,15963701,0,4394240,21971200,21067415,1000000,3666744121,read,1316713
measured,probe-memory-buffer,run,2206,15964201,0,4394240,21971200,21067756,1000000,3666744121,read,1316734
measured,probe-memory-buffer,run,2207,15964601,0,4394240,21971200,21068183,1000000,3666744121,read,1316761
measured,probe-memory-buffer,run,2208,15965001,0,4394240,21971200,21068525,1000000,3666744121,read,1316782
measured,probe-memory-buffer,run,2209,15965401,0,4394240,21971200,21068866,1000000,3666744121,read,1316804
measured,probe-memory-buffer,run,2210,15965801,0,4394240,21971200,21069208,1000000,3666744121,read,1316825
measured,probe-memory-buffer,run,2211,15966301,0,4394240,21971200,21069549,1000000,3666744121,read,1316846
measured,probe-memory-buffer,run,2212,15966701,0,4394240,21971200,21069976,1000000,3666744121,read,1316873
measured,probe-memory-buffer,run,2213,15967101,0,4394240,21971200,21070318,1000000,3666744121,read,1316894
measured,probe-memory-buffer,run,2214,15967501,0,4394240,21971200,21070659,1000000,3666744121,read,1316916
measured,probe-memory-buffer,run,2215,15967901,0,4394240,21971200,21071001,1000000,3666744121,read,1316937
measured,probe-memory-buffer,run,2216,15968401,0,4394240,21971200,21071342,1000000,3666744121,read,1316958
measured,probe-memory-buffer,run,2217,15968801,0,4394240,21971200,21071769,1000000,3666744121,read,1316985
measured,probe-memory-buffer,run,2218,15969201,0,4394240,21971200,21072110,1000000,3666744121,read,1317006
measured,probe-memory-buffer,run,2219,15969601,0,4394240,21971200,21072452,1000000,3666744121,read,1317028
measured,probe-memory-buffer,run,2220,15970001,0,4394240,21971200,21072793,1000000,3666744121,read,1317049
measured,probe-memory-buffer,run,2221,15970401,0,4394240,21971200,21073135,1000000,3666744121,read,1317070
measured,probe-memory-buffer,run,2222,15970901,0,4394240,21971200,21073476,1000000,3666744121,read,1317092
measured,probe-memory-buffer,run,2223,15972801,0,4525310,22626550,21626550,1000000,3834537333,update,0
measured,probe-memory-buffer,run,2224,15989001,0,4525310,22626550,21641191,1000000,3834537333,read,1352574
measured,probe-memory-buffer,run,2225,15994401,0,4525310,22626550,21646012,1000000,3834537333,read,1352875
measured,probe-memory-buffer,run,2226,15998601,0,4525310,22626550,21649762,1000000,3834537333,read,1353110
measured,probe-memory-buffer,run,2227,16002701,0,4525310,22626550,21653423,1000000,3834537333,read,1353338
measured,probe-memory-buffer,run,2228,16006801,0,4525310,22626550,21657083,1000000,3834537333,read,1353567
measured,probe-memory-buffer,run,2229,16075301,0,4525310,22626550,21718151,1000000,3834537333,read,1357384
measured,probe-memory-buffer,run,2230,16080101,0,4525310,22626550,21722525,1000000,3834537333,read,1357657
measured,probe-memory-buffer,run,2231,16084201,0,4525310,22626550,21726096,1000000,3834537333,read,1357881
measured,probe-memory-buffer,run,2232,16088201,0,4525310,22626550,21729668,1000000,3834537333,read,1358104
measured,probe-memory-buffer,run,2233,16092201,0,4525310,22626550,21733328,1000000,3834537333,read,1358333
measured,probe-memory-buffer,run,2234,16095901,0,4525310,22626550,21736542,1000000,2767186071,update,0
measured,probe-memory-buffer,run,2235,16102001,0,4525310,22626550,21740536,1000000,2767186071,read,1358783
measured,probe-memory-buffer,run,2236,16106501,0,4525310,22626550,21743371,1000000,2767186071,read,1358960
measured,probe-memory-buffer,run,2237,16110401,0,4525310,22626550,21745948,1000000,2767186071,read,1359121
measured,probe-memory-buffer,run,2238,16114401,0,4525310,22626550,21748525,1000000,2767186071,read,1359282
measured,probe-memory-buffer,run,2239,16120201,0,4525310,22626550,21752198,1000000,2767186071,read,1359512
measured,probe-memory-buffer,run,2240,16124201,0,4525310,22626550,21754775,1000000,2767186071,read,1359673
measured,probe-memory-buffer,run,2241,16128201,0,4525310,22626550,21757352,1000000,2767186071,read,1359834
measured,probe-memory-buffer,run,2242,16132201,0,4525310,22626550,21759993,1000000,2767186071,read,1359999
measured,probe-memory-buffer,run,2243,16136201,0,4525310,22626550,21762571,1000000,2767186071,read,1360160
measured,probe-memory-buffer,run,2244,16140201,0,4525310,22626550,21765148,1000000,2767186071,read,1360321
measured,probe-memory-buffer,run,2245,16146901,0,4525310,22626550,21769464,1000000,2767186071,read,1360591
measured,probe-memory-buffer,run,2246,16150901,0,4525310,22626550,21772042,1000000,2767186071,read,1360752
measured,probe-memory-buffer,run,2247,16154901,0,4525310,22626550,21774619,1000000,2767186071,read,1360913
measured,probe-memory-buffer,run,2248,16158901,0,4525310,22626550,21777196,1000000,2767186071,read,1361074
measured,probe-memory-buffer,run,2249,16162901,0,4525310,22626550,21779773,1000000,2767186071,read,1361235
measured,probe-memory-buffer,run,2250,16166901,0,4525310,22626550,21782350,1000000,2767186071,read,1361396
measured,probe-memory-buffer,run,2251,16170901,0,4525310,22626550,21784927,1000000,2767186071,read,1361557
measured,probe-memory-buffer,run,2252,16174901,0,4525310,22626550,21787504,1000000,2767186071,read,1361719
measured,probe-memory-buffer,run,2253,16178901,0,4525310,22626550,21790082,1000000,2767186071,read,1361880
measured,probe-memory-buffer,run,2254,16182901,0,4525310,22626550,21792659,1000000,2767186071,read,1362041
measured,probe-memory-buffer,run,2255,16187301,0,4525310,22626550,21795494,1000000,2767186071,read,1362218
measured,probe-memory-buffer,run,2256,16191301,0,4525310,22626550,21798071,1000000,2767186071,read,1362379
measured,probe-memory-buffer,run,2257,16217001,0,4656380,23281900,22281900,1000000,3159868795,update,0
measured,probe-memory-buffer,run,2258,16220901,0,4656380,23281900,22284769,1000000,3159868795,read,1392798
measured,probe-memory-buffer,run,2259,16225901,0,4656380,23281900,22288521,1000000,3159868795,read,1393032
measured,probe-memory-buffer,run,2260,16230001,0,4656380,23281900,22291537,1000000,3159868795,read,1393221
measured,probe-memory-buffer,run,2261,16234101,0,4656380,23281900,22294554,1000000,3159868795,read,1393409
measured,probe-memory-buffer,run,2262,16238101,0,4656380,23281900,22297497,1000000,3159868795,read,1393593
measured,probe-memory-buffer,run,2263,16242101,0,4656380,23281900,22300439,1000000,3159868795,read,1393777
measured,probe-memory-buffer,run,2264,16246101,0,4656380,23281900,22303382,1000000,3159868795,read,1393961
measured,probe-memory-buffer,run,2265,16250101,0,4656380,23281900,22306325,1000000,3159868795,read,1394145
measured,probe-memory-buffer,run,2266,16254101,0,4656380,23281900,22309268,1000000,3159868795,read,1394329
measured,probe-memory-buffer,run,2267,16258101,0,4656380,23281900,22312211,1000000,3159868795,read,1394513
measured,probe-memory-buffer,run,2268,16262101,0,4656380,23281900,22315154,1000000,3159868795,read,1394697
measured,probe-memory-buffer,run,2269,16266101,0,4656380,23281900,22318097,1000000,3159868795,read,1394881
measured,probe-memory-buffer,run,2270,16270101,0,4656380,23281900,22321039,1000000,3159868795,read,1395064
measured,probe-memory-buffer,run,2271,16274101,0,4656380,23281900,22323982,1000000,3159868795,read,1395248
measured,probe-memory-buffer,run,2272,16279401,0,4656380,23281900,22327882,1000000,3159868795,read,1395492
measured,probe-memory-buffer,run,2273,16283401,0,4656380,23281900,22330824,1000000,3159868795,read,1395676
measured,probe-memory-buffer,run,2274,16287401,0,4656380,23281900,22333767,1000000,3159868795,read,1395860
measured,probe-memory-buffer,run,2275,16291401,0,4656380,23281900,22336710,1000000,3159868795,read,1396044
measured,probe-memory-buffer,run,2276,16295401,0,4656380,23281900,22339653,1000000,3159868795,read,1396228
measured,probe-memory-buffer,run,2277,16299401,0,4656380,23281900,22342596,1000000,3159868795,read,1396412
measured,probe-memory-buffer,run,2278,16303401,0,4656380,23281900,22345539,1000000,3159868795,read,1396596
measured,probe-memory-buffer,run,2279,16307401,0,4656380,23281900,22348482,1000000,3159868795,read,1396780
measured,probe-memory-buffer,run,2280,16311401,0,4656380,23281900,22351424,1000000,3159868795,read,1396964
measured,probe-memory-buffer,run,2281,16315401,0,4656380,23281900,22354367,1000000,3159868795,read,1397147
measured,probe-memory-buffer,run,2282,16319401,0,4656380,23281900,22357310,1000000,3159868795,read,1397331
measured,probe-memory-buffer,run,2283,16323401,0,4656380,23281900,22360253,1000000,3159868795,read,1397515
measured,probe-memory-buffer,run,2284,16327401,0,4656380,23281900,22363196,1000000,3159868795,read,1397699
measured,probe-memory-buffer,run,2285,16331401,0,4656380,23281900,22366139,1000000,3159868795,read,1397883
measured,probe-memory-buffer,run,2286,16335401,0,4656380,23281900,22369082,1000000,3159868795,read,1398067
measured,probe-memory-buffer,run,2287,16338201,0,4721915,23609575,22609575,1000000,3454380838,update,0
measured,probe-memory-buffer,run,2288,16339801,0,4721915,23609575,22610942,1000000,3454380838,read,1413183
measured,probe-memory-buffer,run,2289,16344501,0,4721915,23609575,22614722,1000000,3454380838,read,1413420
measured,probe-memory-buffer,run,2290,16348501,0,4721915,23609575,22618019,1000000,3454380838,read,1413626
measured,probe-memory-buffer,run,2291,16352501,0,4721915,23609575,22621237,1000000,3454380838,read,1413827
measured,probe-memory-buffer,run,2292,16356501,0,4721915,23609575,22624454,1000000,3454380838,read,1414028
measured,probe-memory-buffer,run,2293,16360501,0,4721915,23609575,22627671,1000000,3454380838,read,1414229
measured,probe-memory-buffer,run,2294,16364501,0,4721915,23609575,22630888,1000000,3454380838,read,1414430
measured,probe-memory-buffer,run,2295,16368501,0,4721915,23609575,22634105,1000000,3454380838,read,1414631
measured,probe-memory-buffer,run,2296,16372501,0,4721915,23609575,22637322,1000000,3454380838,read,1414832
measured,probe-memory-buffer,run,2297,16376501,0,4721915,23609575,22640539,1000000,3454380838,read,1415033
measured,probe-memory-buffer,run,2298,16380501,0,4721915,23609575,22643757,1000000,3454380838,read,1415234
measured,probe-memory-buffer,run,2299,16384501,0,4721915,23609575,22646974,1000000,3454380838,read,1415435
measured,probe-memory-buffer,run,2300,16388501,0,4721915,23609575,22650191,1000000,3454380838,read,1415636
measured,probe-memory-buffer,run,2301,16395201,0,4721915,23609575,22655580,1000000,3454380838,read,1415973
measured,probe-memory-buffer,run,2302,16399201,0,4721915,23609575,22658797,1000000,3454380838,read,1416174
measured,probe-memory-buffer,run,2303,16403201,0,4721915,23609575,22662014,1000000,3454380838,read,1416375
measured,probe-memory-buffer,run,2304,16407201,0,4721915,23609575,22665231,1000000,3454380838,read,1416576
measured,probe-memory-buffer,run,2305,16411701,0,4721915,23609575,22668850,1000000,3454380838,read,1416803
measured,probe-memory-buffer,run,2306,16415701,0,4721915,23609575,22672067,1000000,3454380838,read,1417004
measured,probe-memory-buffer,run,2307,16426601,0,4721915,23609575,22680834,1000000,3454380838,read,1417552
measured,probe-memory-buffer,run,2308,16431201,0,4721915,23609575,22684534,1000000,3454380838,read,1417783
measured,probe-memory-buffer,run,2309,16435301,0,4721915,23609575,22687831,1000000,3454380838,read,1417989
measured,probe-memory-buffer,run,2310,16439501,0,4721915,23609575,22691129,1000000,3454380838,read,1418195
measured,probe-memory-buffer,run,2311,16443501,0,4721915,23609575,22694427,1000000,3454380838,read,1418401
measured,probe-memory-buffer,run,2312,16447501,0,4721915,23609575,22697644,1000000,3454380838,read,1418602
measured,probe-memory-buffer,run,2313,16451501,0,4721915,23609575,22700861,1000000,3454380838,read,1418803
measured,probe-memory-buffer,run,2314,16455501,0,4721915,23609575,22704078,1000000,3454380838,read,1419004
measured,probe-memory-buffer,run,2315,16458901,0,4852985,24264925,23264925,1000000,3675264870,update,0
measured,probe-memory-buffer,run,2316,16465101,0,4852985,24264925,23270230,1000000,3675264870,read,1454389
measured,probe-memory-buffer,run,2317,16469501,0,4852985,24264925,23273995,1000000,3675264870,read,1454624
measured,probe-memory-buffer,run,2318,16473501,0,4852985,24264925,23277418,1000000,3675264870,read,1454838
measured,probe-memory-buffer,run,2319,16477501,0,4852985,24264925,23280841,1000000,3675264870,read,1455052
measured,probe-memory-buffer,run,2320,16481501,0,4852985,24264925,23284349,1000000,3675264870,read,1455271
measured,probe-memory-buffer,run,2321,16513701,0,4852985,24264925,23311818,1000000,3675264870,read,1456988
measured,probe-memory-buffer,run,2322,16519701,0,4852985,24264925,23317037,1000000,3675264870,read,1457314
measured,probe-memory-buffer,run,2323,16523801,0,4852985,24264925,23320546,1000000,3675264870,read,1457534
measured,probe-memory-buffer,run,2324,16527901,0,4852985,24264925,23323969,1000000,3675264870,read,1457748
measured,probe-memory-buffer,run,2325,16531901,0,4852985,24264925,23327392,1000000,3675264870,read,1457962
measured,probe-memory-buffer,run,2326,16535901,0,4852985,24264925,23330814,1000000,3675264870,read,1458175
measured,probe-memory-buffer,run,2327,16539901,0,4852985,24264925,23334237,1000000,3675264870,read,1458389
measured,probe-memory-buffer,run,2328,16543901,0,4852985,24264925,23337660,1000000,3675264870,read,1458603
measured,probe-memory-buffer,run,2329,16547901,0,4852985,24264925,23341169,1000000,3675264870,read,1458823
measured,probe-memory-buffer,run,2330,16551901,0,4852985,24264925,23344591,1000000,3675264870,read,1459036
measured,probe-memory-buffer,run,2331,16555901,0,4852985,24264925,23348014,1000000,3675264870,read,1459250
measured,probe-memory-buffer,run,2332,16559901,0,4852985,24264925,23351352,1000000,3675264870,read,1459459
measured,probe-memory-buffer,run,2333,16563901,0,4852985,24264925,23354774,1000000,3675264870,read,1459673
measured,probe-memory-buffer,run,2334,16567901,0,4852985,24264925,23358197,1000000,3675264870,read,1459887
measured,probe-memory-buffer,run,2335,16571901,0,4852985,24264925,23361620,1000000,3675264870,read,1460101
measured,probe-memory-buffer,run,2336,16575901,0,4852985,24264925,23365129,1000000,3675264870,read,1460320
measured,probe-memory-buffer,run,2337,16579801,0,4918520,24592600,23592600,1000000,3960382242,update,0
measured,probe-memory-buffer,run,2338,16585601,0,4918520,24592600,23598132,1000000,3960382242,read,1474883
measured,probe-memory-buffer,run,2339,16590701,0,4918520,24592600,23602743,1000000,3960382242,read,1475171
measured,probe-memory-buffer,run,2340,16594601,0,4918520,24592600,23606431,1000000,3960382242,read,1475401
measured,probe-memory-buffer,run,2341,16598601,0,4918520,24592600,23610119,1000000,3960382242,read,1475632
measured,probe-memory-buffer,run,2342,16602601,0,4918520,24592600,23613808,1000000,3960382242,read,1475863
measured,probe-memory-buffer,run,2343,16606701,0,4918520,24592600,23617496,1000000,3960382242,read,1476093
measured,probe-memory-buffer,run,2344,16610701,0,4918520,24592600,23621185,1000000,3960382242,read,1476324
measured,probe-memory-buffer,run,2345,16614701,0,4918520,24592600,23624873,1000000,3960382242,read,1476554
measured,probe-memory-buffer,run,2346,16618701,0,4918520,24592600,23628561,1000000,3960382242,read,1476785
measured,probe-memory-buffer,run,2347,16622701,0,4918520,24592600,23632250,1000000,3960382242,read,1477015
measured,probe-memory-buffer,run,2348,16626601,0,4918520,24592600,23635938,1000000,3960382242,read,1477246
measured,probe-memory-buffer,run,2349,16630601,0,4918520,24592600,23639627,1000000,3960382242,read,1477476
measured,probe-memory-buffer,run,2350,16634701,0,4918520,24592600,23643315,1000000,3960382242,read,1477707
measured,probe-memory-buffer,run,2351,16638701,0,4918520,24592600,23647003,1000000,3960382242,read,1477937
measured,probe-memory-buffer,run,2352,16642701,0,4918520,24592600,23650692,1000000,3960382242,read,1478168
measured,probe-memory-buffer,run,2353,16646701,0,4918520,24592600,23654380,1000000,3960382242,read,1478398
measured,probe-memory-buffer,run,2354,16650701,0,4918520,24592600,23658068,1000000,3960382242,read,1478629
measured,probe-memory-buffer,run,2355,16655101,0,4918520,24592600,23662218,1000000,3960382242,read,1478888
measured,probe-memory-buffer,run,2356,16659101,0,4918520,24592600,23665906,1000000,3960382242,read,1479119
measured,probe-memory-buffer,run,2357,16659501,0,4918520,24592600,23666275,1000000,3960382242,read,1479142
measured,probe-memory-buffer,run,2358,16662501,0,4918520,24592600,23669041,1000000,3960382242,read,1479315
measured,probe-memory-buffer,run,2359,16662901,0,4918520,24592600,23669410,1000000,3960382242,read,1479338
measured,probe-memory-buffer,run,2360,16663301,0,4918520,24592600,23669779,1000000,3960382242,read,1479361
measured,probe-memory-buffer,run,2361,16663701,0,4918520,24592600,23670148,1000000,3960382242,read,1479384
measured,probe-memory-buffer,run,2362,16664201,0,4918520,24592600,23670517,1000000,3960382242,read,1479407
measured,probe-memory-buffer,run,2363,16664601,0,4918520,24592600,23670978,1000000,3960382242,read,1479436
measured,probe-memory-buffer,run,2364,16665001,0,4918520,24592600,23671347,1000000,3960382242,read,1479459
measured,probe-memory-buffer,run,2365,16665401,0,4918520,24592600,23671716,1000000,3960382242,read,1479482
measured,probe-memory-buffer,run,2366,16665801,0,4918520,24592600,23672084,1000000,3960382242,read,1479505
measured,probe-memory-buffer,run,2367,16666301,0,4918520,24592600,23672453,1000000,3960382242,read,1479528
measured,probe-memory-buffer,run,2368,16666701,0,4918520,24592600,23672914,1000000,3960382242,read,1479557
measured,probe-memory-buffer,run,2369,16667101,0,4918520,24592600,23673283,1000000,3960382242,read,1479580
measured,probe-memory-buffer,run,2370,16667501,0,4918520,24592600,23673652,1000000,3960382242,read,1479603
measured,probe-memory-buffer,run,2371,16668001,0,4918520,24592600,23674021,1000000,3960382242,read,1479626
measured,probe-memory-buffer,run,2372,16668401,0,4918520,24592600,23674390,1000000,3960382242,read,1479649
measured,probe-memory-buffer,run,2373,16668801,0,4918520,24592600,23674851,1000000,3960382242,read,1479678
measured,probe-memory-buffer,run,2374,16669201,0,4918520,24592600,23675220,1000000,3960382242,read,1479701
measured,probe-memory-buffer,run,2375,16669601,0,4918520,24592600,23675588,1000000,3960382242,read,1479724
measured,probe-memory-buffer,run,2376,16670101,0,4918520,24592600,23675957,1000000,3960382242,read,1479747
measured,probe-memory-buffer,run,2377,16670501,0,4918520,24592600,23676326,1000000,3960382242,read,1479770
measured,probe-memory-buffer,run,2378,16670901,0,4918520,24592600,23676787,1000000,3960382242,read,1479799
measured,probe-memory-buffer,run,2379,16671301,0,4918520,24592600,23677156,1000000,3960382242,read,1479822
measured,probe-memory-buffer,run,2380,16671701,0,4918520,24592600,23677525,1000000,3960382242,read,1479845
measured,probe-memory-buffer,run,2381,16672201,0,4918520,24592600,23677894,1000000,3960382242,read,1479868
measured,probe-memory-buffer,run,2382,16672601,0,4918520,24592600,23678262,1000000,3960382242,read,1479891
measured,probe-memory-buffer,run,2383,16673001,0,4918520,24592600,23678723,1000000,3960382242,read,1479920
measured,probe-memory-buffer,run,2384,16673401,0,4918520,24592600,23679092,1000000,3960382242,read,1479943
measured,probe-memory-buffer,run,2385,16673801,0,4918520,24592600,23679461,1000000,3960382242,read,1479966
measured,probe-memory-buffer,run,2386,16674201,0,4918520,24592600,23679830,1000000,3960382242,read,1479989
measured,probe-memory-buffer,run,2387,16674701,0,4918520,24592600,23680199,1000000,3960382242,read,1480012
measured,probe-memory-buffer,run,2388,16675101,0,4918520,24592600,23680660,1000000,3960382242,read,1480041
measured,probe-memory-buffer,run,2389,16675501,0,4918520,24592600,23681029,1000000,3960382242,read,1480064
measured,probe-memory-buffer,run,2390,16675901,0,4918520,24592600,23681398,1000000,3960382242,read,1480087
measured,probe-memory-buffer,run,2391,16676301,0,4918520,24592600,23681766,1000000,3960382242,read,1480110
measured,probe-memory-buffer,run,2392,16676801,0,4918520,24592600,23682135,1000000,3960382242,read,1480133
measured,probe-memory-buffer,run,2393,16677201,0,4918520,24592600,23682596,1000000,3960382242,read,1480162
measured,probe-memory-buffer,run,2394,16677601,0,4918520,24592600,23682965,1000000,3960382242,read,1480185
measured,probe-memory-buffer,run,2395,16678001,0,4918520,24592600,23683334,1000000,3960382242,read,1480208
measured,probe-memory-buffer,run,2396,16678401,0,4918520,24592600,23683703,1000000,3960382242,read,1480231
measured,probe-memory-buffer,run,2397,16678901,0,4918520,24592600,23684072,1000000,3960382242,read,1480254
measured,probe-memory-buffer,run,2398,16679301,0,4918520,24592600,23684440,1000000,3960382242,read,1480277
measured,probe-memory-buffer,run,2399,16679701,0,4918520,24592600,23684902,1000000,3960382242,read,1480306
measured,probe-memory-buffer,run,2400,16680101,0,4918520,24592600,23685270,1000000,3960382242,read,1480329
measured,probe-memory-buffer,run,2401,16680501,0,4918520,24592600,23685639,1000000,3960382242,read,1480352
measured,probe-memory-buffer,run,2402,16680901,0,4918520,24592600,23686008,1000000,3960382242,read,1480375
measured,probe-memory-buffer,run,2403,16681401,0,4918520,24592600,23686377,1000000,3960382242,read,1480398
measured,probe-memory-buffer,run,2404,16681801,0,4918520,24592600,23686838,1000000,3960382242,read,1480427
measured,probe-memory-buffer,run,2405,16682201,0,4918520,24592600,23687207,1000000,3960382242,read,1480450
measured,probe-memory-buffer,run,2406,16682601,0,4918520,24592600,23687576,1000000,3960382242,read,1480473
measured,probe-memory-buffer,run,2407,16683001,0,4918520,24592600,23687944,1000000,3960382242,read,1480496
measured,probe-memory-buffer,run,2408,16683501,0,4918520,24592600,23688313,1000000,3960382242,read,1480519
measured,probe-memory-buffer,run,2409,16683901,0,4918520,24592600,23688682,1000000,3960382242,read,1480542
measured,probe-memory-buffer,run,2410,16684301,0,4918520,24592600,23689143,1000000,3960382242,read,1480571
measured,probe-memory-buffer,run,2411,16684701,0,4918520,24592600,23689512,1000000,3960382242,read,1480594
measured,probe-memory-buffer,run,2412,16685101,0,4918520,24592600,23689881,1000000,3960382242,read,1480617
measured,probe-memory-buffer,run,2413,16685501,0,4918520,24592600,23690250,1000000,3960382242,read,1480640
measured,probe-memory-buffer,run,2414,16686001,0,4918520,24592600,23690619,1000000,3960382242,read,1480663
measured,probe-memory-buffer,run,2415,16687401,0,4918520,24592600,23692002,1000000,3960382242,read,1480750
measured,probe-memory-buffer,run,2416,16687801,0,4918520,24592600,23692371,1000000,3960382242,read,1480773
measured,probe-memory-buffer,run,2417,16688201,0,4918520,24592600,23692739,1000000,3960382242,read,1480796
measured,probe-memory-buffer,run,2418,16688601,0,4918520,24592600,23693108,1000000,3960382242,read,1480819
measured,probe-memory-buffer,run,2419,16689101,0,4918520,24592600,23693477,1000000,3960382242,read,1480842
measured,probe-memory-buffer,run,2420,16689501,0,4918520,24592600,23693938,1000000,3960382242,read,1480871
measured,probe-memory-buffer,run,2421,16689901,0,4918520,24592600,23694307,1000000,3960382242,read,1480894
measured,probe-memory-buffer,run,2422,16690301,0,4918520,24592600,23694676,1000000,3960382242,read,1480917
measured,probe-memory-buffer,run,2423,16690701,0,4918520,24592600,23695045,1000000,3960382242,read,1480940
measured,probe-memory-buffer,run,2424,16691201,0,4918520,24592600,23695413,1000000,3960382242,read,1480963
measured,probe-memory-buffer,run,2425,16691601,0,4918520,24592600,23695875,1000000,3960382242,read,1480992
measured,probe-memory-buffer,run,2426,16692001,0,4918520,24592600,23696243,1000000,3960382242,read,1481015
measured,probe-memory-buffer,run,2427,16692401,0,4918520,24592600,23696612,1000000,3960382242,read,1481038
measured,probe-memory-buffer,run,2428,16692801,0,4918520,24592600,23696981,1000000,3960382242,read,1481061
measured,probe-memory-buffer,run,2429,16693301,0,4918520,24592600,23697350,1000000,3960382242,read,1481084
measured,probe-memory-buffer,run,2430,16693701,0,4918520,24592600,23697811,1000000,3960382242,read,1481113
measured,probe-memory-buffer,run,2431,16694101,0,4918520,24592600,23698180,1000000,3960382242,read,1481136
measured,probe-memory-buffer,run,2432,16694501,0,4918520,24592600,23698549,1000000,3960382242,read,1481159
measured,probe-memory-buffer,run,2433,16694901,0,4918520,24592600,23698917,1000000,3960382242,read,1481182
measured,probe-memory-buffer,run,2434,16695401,0,4918520,24592600,23699286,1000000,3960382242,read,1481205
measured,probe-memory-buffer,run,2435,16695801,0,4918520,24592600,23699747,1000000,3960382242,read,1481234
measured,probe-memory-buffer,run,2436,16696201,0,4918520,24592600,23700116,1000000,3960382242,read,1481257
measured,probe-memory-buffer,run,2437,16696601,0,4918520,24592600,23700485,1000000,3960382242,read,1481280
measured,probe-memory-buffer,run,2438,16697001,0,4918520,24592600,23700854,1000000,3960382242,read,1481303
measured,probe-memory-buffer,run,2439,16697501,0,4918520,24592600,23701223,1000000,3960382242,read,1481326
measured,probe-memory-buffer,run,2440,16697901,0,4918520,24592600,23701684,1000000,3960382242,read,1481355
measured,probe-memory-buffer,run,2441,16698301,0,4918520,24592600,23702053,1000000,3960382242,read,1481378
measured,probe-memory-buffer,run,2442,16698701,0,4918520,24592600,23702421,1000000,3960382242,read,1481401
measured,probe-memory-buffer,run,2443,16699101,0,4918520,24592600,23702790,1000000,3960382242,read,1481424
measured,probe-memory-buffer,run,2444,16699601,0,4918520,24592600,23703251,1000000,3960382242,read,1481453
measured,probe-memory-buffer,run,2445,16700201,0,4918520,24592600,23703805,1000000,3960382242,read,1481487
measured,probe-memory-buffer,run,2446,16701901,0,5049590,25247950,24247950,1000000,4054765923,update,0
measured,probe-memory-buffer,run,2447,16768301,0,5049590,25247950,24310636,1000000,4054765923,read,1519414
measured,probe-memory-buffer,run,2448,16772601,0,5049590,25247950,24314790,1000000,4054765923,read,1519674
measured,probe-memory-buffer,run,2449,16773101,0,5049590,25247950,24315168,1000000,4054765923,read,1519698
measured,probe-memory-buffer,run,2450,16773501,0,5049590,25247950,24315640,1000000,4054765923,read,1519727
measured,probe-memory-buffer,run,2451,16773901,0,5049590,25247950,24316017,1000000,4054765923,read,1519751
measured,probe-memory-buffer,run,2452,16774301,0,5049590,25247950,24316395,1000000,4054765923,read,1519774
measured,probe-memory-buffer,run,2453,16774801,0,5049590,25247950,24316772,1000000,4054765923,read,1519798
measured,probe-memory-buffer,run,2454,16775201,0,5049590,25247950,24317245,1000000,4054765923,read,1519827
measured,probe-memory-buffer,run,2455,16775601,0,5049590,25247950,24317622,1000000,4054765923,read,1519851
measured,probe-memory-buffer,run,2456,16776001,0,5049590,25247950,24318000,1000000,4054765923,read,1519875
measured,probe-memory-buffer,run,2457,16776401,0,5049590,25247950,24318377,1000000,4054765923,read,1519898
measured,probe-memory-buffer,run,2458,16776901,0,5049590,25247950,24318755,1000000,4054765923,read,1519922
measured,probe-memory-buffer,run,2459,16777301,0,5049590,25247950,24319227,1000000,4054765923,read,1519951
measured,probe-memory-buffer,run,2460,16777701,0,5049590,25247950,24319605,1000000,4054765923,read,1519975
measured,probe-memory-buffer,run,2461,16778101,0,5049590,25247950,24319982,1000000,4054765923,read,1519998
measured,probe-memory-buffer,run,2462,16778601,0,5049590,25247950,24320360,1000000,4054765923,read,1520022
measured,probe-memory-buffer,run,2463,16779001,0,5049590,25247950,24320738,1000000,4054765923,read,1520046
measured,probe-memory-buffer,run,2464,16779401,0,5049590,25247950,24321210,1000000,4054765923,read,1520075
measured,probe-memory-buffer,run,2465,16779801,0,5049590,25247950,24321587,1000000,4054765923,read,1520099
measured,probe-memory-buffer,run,2466,16780201,0,5049590,25247950,24321965,1000000,4054765923,read,1520122
measured,probe-memory-buffer,run,2467,16780601,0,5049590,25247950,24322343,1000000,4054765923,read,1520146
measured,probe-memory-buffer,run,2468,16781101,0,5049590,25247950,24322720,1000000,4054765923,read,1520170
measured,probe-memory-buffer,run,2469,16781501,0,5049590,25247950,24323192,1000000,4054765923,read,1520199
measured,probe-memory-buffer,run,2470,16781901,0,5049590,25247950,24323570,1000000,4054765923,read,1520223
measured,probe-memory-buffer,run,2471,16782301,0,5049590,25247950,24323947,1000000,4054765923,read,1520246
measured,probe-memory-buffer,run,2472,16786601,0,5049590,25247950,24328007,1000000,4054765923,read,1520500
measured,probe-memory-buffer,run,2473,16787001,0,5049590,25247950,24328385,1000000,4054765923,read,1520524
measured,probe-memory-buffer,run,2474,16787501,0,5049590,25247950,24328762,1000000,4054765923,read,1520547
measured,probe-memory-buffer,run,2475,16787901,0,5049590,25247950,24329234,1000000,4054765923,read,1520577
measured,probe-memory-buffer,run,2476,16788301,0,5049590,25247950,24329612,1000000,4054765923,read,1520600
measured,probe-memory-buffer,run,2477,16788701,0,5049590,25247950,24329990,1000000,4054765923,read,1520624
measured,probe-memory-buffer,run,2478,16789101,0,5049590,25247950,24330367,1000000,4054765923,read,1520647
measured,probe-memory-buffer,run,2479,16789601,0,5049590,25247950,24330745,1000000,4054765923,read,1520671
measured,probe-memory-buffer,run,2480,16790001,0,5049590,25247950,24331217,1000000,4054765923,read,1520701
measured,probe-memory-buffer,run,2481,16790401,0,5049590,25247950,24331594,1000000,4054765923,read,1520724
measured,probe-memory-buffer,run,2482,16790801,0,5049590,25247950,24331972,1000000,4054765923,read,1520748
measured,probe-memory-buffer,run,2483,16791201,0,5049590,25247950,24332350,1000000,4054765923,read,1520771
measured,probe-memory-buffer,run,2484,16791601,0,5049590,25247950,24332727,1000000,4054765923,read,1520795
measured,probe-memory-buffer,run,2485,16792101,0,5049590,25247950,24333105,1000000,4054765923,read,1520819
measured,probe-memory-buffer,run,2486,16796101,0,5049590,25247950,24336881,1000000,4054765923,read,1521055
measured,probe-memory-buffer,run,2487,16800101,0,5049590,25247950,24340752,1000000,4054765923,read,1521297
measured,probe-memory-buffer,run,2488,16804101,0,5049590,25247950,24344528,1000000,4054765923,read,1521533
measured,probe-memory-buffer,run,2489,16808101,0,5049590,25247950,24348305,1000000,4054765923,read,1521769
measured,probe-memory-buffer,run,2490,16812101,0,5049590,25247950,24352081,1000000,4054765923,read,1522005
measured,probe-memory-buffer,run,2491,16818301,0,5049590,25247950,24357934,1000000,4054765923,read,1522370
measured,probe-memory-buffer,run,2492,16823701,0,5115125,25575625,24575625,1000000,4125553684,update,0
measured,probe-memory-buffer,run,2493,16848701,0,5115125,25575625,24599638,1000000,4125553684,read,1537477
measured,probe-memory-buffer,run,2494,16854201,0,5115125,25575625,24605017,1000000,4125553684,read,1537813
measured,probe-memory-buffer,run,2495,16858301,0,5115125,25575625,24608956,1000000,4125553684,read,1538059
measured,probe-memory-buffer,run,2496,16862401,0,5115125,25575625,24612894,1000000,4125553684,read,1538305
measured,probe-memory-buffer,run,2497,16866401,0,5115125,25575625,24616736,1000000,4125553684,read,1538546
measured,probe-memory-buffer,run,2498,16870501,0,5115125,25575625,24620578,1000000,4125553684,read,1538786
measured,probe-memory-buffer,run,2499,16874401,0,5115125,25575625,24624421,1000000,4125553684,read,1539026
measured,probe-memory-buffer,run,2500,16878401,0,5115125,25575625,24628263,1000000,4125553684,read,1539266
measured,probe-memory-buffer,run,2501,16882401,0,5115125,25575625,24632105,1000000,4125553684,read,1539506
measured,probe-memory-buffer,run,2502,16886401,0,5115125,25575625,24635947,1000000,4125553684,read,1539746
measured,probe-memory-buffer,run,2503,16890401,0,5115125,25575625,24639790,1000000,4125553684,read,1539986
measured,probe-memory-buffer,run,2504,16894501,0,5115125,25575625,24643632,1000000,4125553684,read,1540227
measured,probe-memory-buffer,run,2505,16898501,0,5115125,25575625,24647474,1000000,4125553684,read,1540467
measured,probe-memory-buffer,run,2506,16902501,0,5115125,25575625,24651316,1000000,4125553684,read,1540707
measured,probe-memory-buffer,run,2507,16906501,0,5115125,25575625,24655158,1000000,4125553684,read,1540947
measured,probe-memory-buffer,run,2508,16911801,0,5115125,25575625,24660345,1000000,4125553684,read,1541271
measured,probe-memory-buffer,run,2509,16915801,0,5115125,25575625,24664092,1000000,4125553684,read,1541505
measured,probe-memory-buffer,run,2510,16919801,0,5115125,25575625,24667934,1000000,4125553684,read,1541745
measured,probe-memory-buffer,run,2511,16923801,0,5115125,25575625,24671776,1000000,4125553684,read,1541986
measured,probe-memory-buffer,run,2512,16927801,0,5115125,25575625,24675714,1000000,4125553684,read,1542232
measured,probe-memory-buffer,run,2513,16931801,0,5115125,25575625,24679557,1000000,4125553684,read,1542472
measured,probe-memory-buffer,run,2514,16935801,0,5115125,25575625,24683399,1000000,4125553684,read,1542712
measured,probe-memory-buffer,run,2515,16939801,0,5115125,25575625,24687241,1000000,4125553684,read,1542952
measured,probe-memory-buffer,run,2516,16943801,0,5115125,25575625,24691083,1000000,4125553684,read,1543192
measured,probe-memory-buffer,run,2517,16945401,0,5180660,25903300,24903300,1000000,4178644505,update,0
measured,probe-memory-buffer,run,2518,16953201,0,5180660,25903300,24911083,1000000,4178644505,read,1556942
measured,probe-memory-buffer,run,2519,16957601,0,5180660,25903300,24915364,1000000,4178644505,read,1557210
measured,probe-memory-buffer,run,2520,16961601,0,5180660,25903300,24919255,1000000,4178644505,read,1557453
measured,probe-memory-buffer,run,2521,16965601,0,5180660,25903300,24923147,1000000,4178644505,read,1557696
measured,probe-memory-buffer,run,2522,16969601,0,5180660,25903300,24927039,1000000,4178644505,read,1557939
measured,probe-memory-buffer,run,2523,16973601,0,5180660,25903300,24930930,1000000,4178644505,read,1558183
measured,probe-memory-buffer,run,2524,16977601,0,5180660,25903300,24934822,1000000,4178644505,read,1558426
measured,probe-memory-buffer,run,2525,16982301,0,5180660,25903300,24939395,1000000,4178644505,read,1558712
measured,probe-memory-buffer,run,2526,16986301,0,5180660,25903300,24943286,1000000,4178644505,read,1558955
measured,probe-memory-buffer,run,2527,16990301,0,5180660,25903300,24947178,1000000,4178644505,read,1559198
measured,probe-memory-buffer,run,2528,16994301,0,5180660,25903300,24951070,1000000,4178644505,read,1559441
measured,probe-memory-buffer,run,2529,17000901,0,5180660,25903300,24957491,1000000,4178644505,read,1559843
measured,probe-memory-buffer,run,2530,17004901,0,5180660,25903300,24961383,1000000,4178644505,read,1560086
measured,probe-memory-buffer,run,2531,17008901,0,5180660,25903300,24965274,1000000,4178644505,read,1560329
measured,probe-memory-buffer,run,2532,17012901,0,5180660,25903300,24969166,1000000,4178644505,read,1560572
measured,probe-memory-buffer,run,2533,17016901,0,5180660,25903300,24973058,1000000,4178644505,read,1560816
measured,probe-memory-buffer,run,2534,17020901,0,5180660,25903300,24976949,1000000,4178644505,read,1561059
measured,probe-memory-buffer,run,2535,17024901,0,5180660,25903300,24980841,1000000,4178644505,read,1561302
measured,probe-memory-buffer,run,2536,17028901,0,5180660,25903300,24984733,1000000,4178644505,read,1561545
measured,probe-memory-buffer,run,2537,17032901,0,5180660,25903300,24988624,1000000,4178644505,read,1561789
measured,probe-memory-buffer,run,2538,17036901,0,5180660,25903300,24992516,1000000,4178644505,read,1562032
measured,probe-memory-buffer,run,2539,17040901,0,5180660,25903300,24996408,1000000,4178644505,read,1562275
measured,probe-memory-buffer,run,2540,17044901,0,5180660,25903300,25000299,1000000,4178644505,read,1562518
measured,probe-memory-buffer,run,2541,17049501,0,5180660,25903300,25004775,1000000,4178644505,read,1562798
measured,probe-memory-buffer,run,2542,17053501,0,5180660,25903300,25008666,1000000,4178644505,read,1563041
measured,probe-memory-buffer,run,2543,17057501,0,5180660,25903300,25012558,1000000,4178644505,read,1563284
measured,probe-memory-buffer,run,2544,17061501,0,5180660,25903300,25016450,1000000,4178644505,read,1563528
measured,probe-memory-buffer,run,2545,17065501,0,5180660,25903300,25020341,1000000,4178644505,read,1563771
measured,probe-memory-buffer,run,2546,17068901,0,5311730,26558650,25558650,1000000,4294967296,update,0
measured,probe-memory-buffer,run,2547,17092501,0,5311730,26558650,25582350,1000000,4294967296,read,1598896
measured,probe-memory-buffer,run,2548,17098001,0,5311730,26558650,25587850,1000000,4294967296,read,1599240
measured,probe-memory-buffer,run,2549,17102101,0,5311730,26558650,25591950,1000000,4294967296,read,1599496
measured,probe-memory-buffer,run,2550,17106201,0,5311730,26558650,25596050,1000000,4294967296,read,1599753
measured,probe-memory-buffer,run,2551,17110301,0,5311730,26558650,25600050,1000000,4294967296,read,1600003
measured,probe-memory-buffer,run,2552,17114301,0,5311730,26558650,25604050,1000000,4294967296,read,1600253
measured,probe-memory-buffer,run,2553,17118301,0,5311730,26558650,25608150,1000000,4294967296,read,1600509
measured,probe-memory-buffer,run,2554,17122301,0,5311730,26558650,25612150,1000000,4294967296,read,1600759
measured,probe-memory-buffer,run,2555,17126301,0,5311730,26558650,25616150,1000000,4294967296,read,1601009
measured,probe-memory-buffer,run,2556,17130301,0,5311730,26558650,25620150,1000000,4294967296,read,1601259
measured,probe-memory-buffer,run,2557,17134301,0,5311730,26558650,25624150,1000000,4294967296,read,1601509
measured,probe-memory-buffer,run,2558,17139301,0,5311730,26558650,25629150,1000000,4294967296,read,1601821
measured,probe-memory-buffer,run,2559,17143301,0,5311730,26558650,25633150,1000000,4294967296,read,1602071
measured,probe-memory-buffer,run,2560,17147301,0,5311730,26558650,25637150,1000000,4294967296,read,1602321
measured,probe-memory-buffer,run,2561,17151301,0,5311730,26558650,25641150,1000000,4294967296,read,1602571
measured,probe-memory-buffer,run,2562,17155301,0,5311730,26558650,25645150,1000000,4294967296,read,1602821
measured,probe-memory-buffer,run,2563,17159301,0,5311730,26558650,25649150,1000000,4294967296,read,1603071
measured,probe-memory-buffer,run,2564,17163301,0,5311730,26558650,25653150,1000000,4294967296,read,1603321
measured,probe-memory-buffer,run,2565,17167301,0,5311730,26558650,25657150,1000000,4294967296,read,1603571
measured,probe-memory-buffer,run,2566,17171301,0,5311730,26558650,25661150,1000000,4294967296,read,1603821
measured,probe-memory-buffer,run,2567,17175301,0,5311730,26558650,25665150,1000000,4294967296,read,1604071
measured,probe-memory-buffer,run,2568,17179301,0,5311730,26558650,25669150,1000000,4294967296,read,1604321
measured,probe-memory-buffer,run,2569,17183301,0,5311730,26558650,25673150,1000000,4294967296,read,1604571
measured,probe-memory-buffer,run,2570,17187301,0,5311730,26558650,25677150,1000000,4294967296,read,1604821
measured,probe-memory-buffer,run,2571,17190601,0,5377265,26886325,25886325,1000000,4294967296,update,0
measured,probe-memory-buffer,run,2572,17196201,0,5377265,26886325,25891925,1000000,4294967296,read,1618245
measured,probe-memory-buffer,run,2573,17200501,0,5377265,26886325,25896325,1000000,4294967296,read,1618520
measured,probe-memory-buffer,run,2574,17204501,0,5377265,26886325,25900325,1000000,4294967296,read,1618770
measured,probe-memory-buffer,run,2575,17209201,0,5377265,26886325,25905025,1000000,4294967296,read,1619064
measured,probe-memory-buffer,run,2576,17213201,0,5377265,26886325,25909025,1000000,4294967296,read,1619314
measured,probe-memory-buffer,run,2577,17217201,0,5377265,26886325,25913025,1000000,4294967296,read,1619564
measured,probe-memory-buffer,run,2578,17221201,0,5377265,26886325,25917025,1000000,4294967296,read,1619814
measured,probe-memory-buffer,run,2579,17225201,0,5377265,26886325,25921025,1000000,4294967296,read,1620064
measured,probe-memory-buffer,run,2580,17229201,0,5377265,26886325,25925025,1000000,4294967296,read,1620314
measured,probe-memory-buffer,run,2581,17233201,0,5377265,26886325,25929025,1000000,4294967296,read,1620564
measured,probe-memory-buffer,run,2582,17237201,0,5377265,26886325,25933025,1000000,4294967296,read,1620814
measured,probe-memory-buffer,run,2583,17241201,0,5377265,26886325,25937025,1000000,4294967296,read,1621064
measured,probe-memory-buffer,run,2584,17245201,0,5377265,26886325,25941025,1000000,4294967296,read,1621314
measured,probe-memory-buffer,run,2585,17249201,0,5377265,26886325,25945025,1000000,4294967296,read,1621564
measured,probe-memory-buffer,run,2586,17255601,0,5377265,26886325,25951425,1000000,4294967296,read,1621964
measured,probe-memory-buffer,run,2587,17259601,0,5377265,26886325,25955425,1000000,4294967296,read,1622214
measured,probe-memory-buffer,run,2588,17263601,0,5377265,26886325,25959425,1000000,4294967296,read,1622464
measured,probe-memory-buffer,run,2589,17267601,0,5377265,26886325,25963425,1000000,4294967296,read,1622714
measured,probe-memory-buffer,run,2590,17271601,0,5377265,26886325,25967425,1000000,4294967296,read,1622964
measured,probe-memory-buffer,run,2591,17276101,0,5377265,26886325,25971925,1000000,4294967296,read,1623245
measured,probe-memory-buffer,run,2592,17280101,0,5377265,26886325,25975925,1000000,4294967296,read,1623495
measured,probe-memory-buffer,run,2593,17284101,0,5377265,26886325,25979925,1000000,4294967296,read,1623745
measured,probe-memory-buffer,run,2594,17288101,0,5377265,26886325,25983925,1000000,4294967296,read,1623995
measured,probe-memory-buffer,run,2595,17292101,0,5377265,26886325,25987925,1000000,4294967296,read,1624245
measured,probe-memory-buffer,run,2596,17296101,0,5377265,26886325,25991925,1000000,4294967296,read,1624495
measured,probe-memory-buffer,run,2597,17300101,0,5377265,26886325,25995925,1000000,4294967296,read,1624745
measured,probe-memory-buffer,run,2598,17304101,0,5377265,26886325,25999925,1000000,4294967296,read,1624995
measured,probe-memory-buffer,run,2599,17308101,0,5377265,26886325,26003925,1000000,4294967296,read,1625245
measured,probe-memory-buffer,run,2600,17311801,0,5508335,27541675,26541675,1000000,4294967296,update,0
measured,probe-memory-buffer,run,2601,17344801,0,5508335,27541675,26574875,1000000,4294967296,read,1660929
measured,probe-memory-buffer,run,2602,17351401,0,5508335,27541675,26581475,1000000,4294967296,read,1661342
measured,probe-memory-buffer,run,2603,17355601,0,5508335,27541675,26585575,1000000,4294967296,read,1661598
measured,probe-memory-buffer,run,2604,17359701,0,5508335,27541675,26589675,1000000,4294967296,read,1661854
measured,probe-memory-buffer,run,2605,17363701,0,5508335,27541675,26593775,1000000,4294967296,read,1662110
measured,probe-memory-buffer,run,2606,17367801,0,5508335,27541675,26597775,1000000,4294967296,read,1662360
measured,probe-memory-buffer,run,2607,17373301,0,5508335,27541675,26603375,1000000,4294967296,read,1662710
measured,probe-memory-buffer,run,2608,17377301,0,5508335,27541675,26607375,1000000,4294967296,read,1662960
measured,probe-memory-buffer,run,2609,17381301,0,5508335,27541675,26611375,1000000,4294967296,read,1663210
measured,probe-memory-buffer,run,2610,17385301,0,5508335,27541675,26615375,1000000,4294967296,read,1663460
measured,probe-memory-buffer,run,2611,17389301,0,5508335,27541675,26619375,1000000,4294967296,read,1663710
measured,probe-memory-buffer,run,2612,17393301,0,5508335,27541675,26623375,1000000,4294967296,read,1663960
measured,probe-memory-buffer,run,2613,17397301,0,5508335,27541675,26627375,1000000,4294967296,read,1664210
measured,probe-memory-buffer,run,2614,17401301,0,5508335,27541675,26631375,1000000,4294967296,read,1664460
measured,probe-memory-buffer,run,2615,17405301,0,5508335,27541675,26635375,1000000,4294967296,read,1664710
measured,probe-memory-buffer,run,2616,17409301,0,5508335,27541675,26639375,1000000,4294967296,read,1664960
measured,probe-memory-buffer,run,2617,17413301,0,5508335,27541675,26643375,1000000,4294967296,read,1665210
measured,probe-memory-buffer,run,2618,17417301,0,5508335,27541675,26647375,1000000,4294967296,read,1665460
measured,probe-memory-buffer,run,2619,17417701,0,5508335,27541675,26647775,1000000,4294967296,read,1665485
measured,probe-memory-buffer,run,2620,17418101,0,5508335,27541675,26648175,1000000,4294967296,read,1665510
measured,probe-memory-buffer,run,2621,17418601,0,5508335,27541675,26648575,1000000,4294967296,read,1665535
measured,probe-memory-buffer,run,2622,17419001,0,5508335,27541675,26648975,1000000,4294967296,read,1665560
measured,probe-memory-buffer,run,2623,17419401,0,5508335,27541675,26649475,1000000,4294967296,read,1665592
measured,probe-memory-buffer,run,2624,17419801,0,5508335,27541675,26649875,1000000,4294967296,read,1665617
measured,probe-memory-buffer,run,2625,17420201,0,5508335,27541675,26650275,1000000,4294967296,read,1665642
measured,probe-memory-buffer,run,2626,17420601,0,5508335,27541675,26650675,1000000,4294967296,read,1665667
measured,probe-memory-buffer,run,2627,17421101,0,5508335,27541675,26651075,1000000,4294967296,read,1665692
measured,probe-memory-buffer,run,2628,17421501,0,5508335,27541675,26651575,1000000,4294967296,read,1665723
measured,probe-memory-buffer,run,2629,17421901,0,5508335,27541675,26651975,1000000,4294967296,read,1665748
measured,probe-memory-buffer,run,2630,17422301,0,5508335,27541675,26652375,1000000,4294967296,read,1665773
measured,probe-memory-buffer,run,2631,17422701,0,5508335,27541675,26652775,1000000,4294967296,read,1665798
measured,probe-memory-buffer,run,2632,17423201,0,5508335,27541675,26653175,1000000,4294967296,read,1665823
measured,probe-memory-buffer,run,2633,17423601,0,5508335,27541675,26653675,1000000,4294967296,read,1665854
measured,probe-memory-buffer,run,2634,17424001,0,5508335,27541675,26654075,1000000,4294967296,read,1665879
measured,probe-memory-buffer,run,2635,17424401,0,5508335,27541675,26654475,1000000,4294967296,read,1665904
measured,probe-memory-buffer,run,2636,17424801,0,5508335,27541675,26654875,1000000,4294967296,read,1665929
measured,probe-memory-buffer,run,2637,17425301,0,5508335,27541675,26655275,1000000,4294967296,read,1665954
measured,probe-memory-buffer,run,2638,17425701,0,5508335,27541675,26655675,1000000,4294967296,read,1665979
measured,probe-memory-buffer,run,2639,17426101,0,5508335,27541675,26656175,1000000,4294967296,read,1666010
measured,probe-memory-buffer,run,2640,17426501,0,5508335,27541675,26656575,1000000,4294967296,read,1666035
measured,probe-memory-buffer,run,2641,17426901,0,5508335,27541675,26656975,1000000,4294967296,read,1666060
measured,probe-memory-buffer,run,2642,17427301,0,5508335,27541675,26657375,1000000,4294967296,read,1666085
measured,probe-memory-buffer,run,2643,17430901,0,5508335,27541675,26660975,1000000,4294967296,read,1666310
measured,probe-memory-buffer,run,2644,17431301,0,5508335,27541675,26661375,1000000,4294967296,read,1666335
measured,probe-memory-buffer,run,2645,17431801,0,5508335,27541675,26661775,1000000,4294967296,read,1666360
measured,probe-memory-buffer,run,2646,17432201,0,5508335,27541675,26662275,1000000,4294967296,read,1666392
measured,probe-memory-buffer,run,2647,17434301,0,5573870,27869350,26869350,1000000,4294967296,update,0
measured,probe-memory-buffer,run,2648,17457401,0,5573870,27869350,26892450,1000000,4294967296,read,1680778
measured,probe-memory-buffer,run,2649,17459301,0,5573870,27869350,26894350,1000000,4294967296,read,1680896
measured,probe-memory-buffer,run,2650,17459801,0,5573870,27869350,26894950,1000000,4294967296,read,1680934
measured,probe-memory-buffer,run,2651,17460401,0,5573870,27869350,26895450,1000000,4294967296,read,1680965
measured,probe-memory-buffer,run,2652,17460901,0,5573870,27869350,26895950,1000000,4294967296,read,1680996
measured,probe-memory-buffer,run,2653,17461301,0,5573870,27869350,26896450,1000000,4294967296,read,1681028
measured,probe-memory-buffer,run,2654,17461701,0,5573870,27869350,26896850,1000000,4294967296,read,1681053
measured,probe-memory-buffer,run,2655,17462101,0,5573870,27869350,26897250,1000000,4294967296,read,1681078
measured,probe-memory-buffer,run,2656,17462501,0,5573870,27869350,26897650,1000000,4294967296,read,1681103
measured,probe-memory-buffer,run,2657,17463001,0,5573870,27869350,26898050,1000000,4294967296,read,1681128
measured,probe-memory-buffer,run,2658,17463401,0,5573870,27869350,26898550,1000000,4294967296,read,1681159
measured,probe-memory-buffer,run,2659,17463801,0,5573870,27869350,26898950,1000000,4294967296,read,1681184
measured,probe-memory-buffer,run,2660,17464201,0,5573870,27869350,26899350,1000000,4294967296,read,1681209
measured,probe-memory-buffer,run,2661,17464601,0,5573870,27869350,26899750,1000000,4294967296,read,1681234
measured,probe-memory-buffer,run,2662,17465101,0,5573870,27869350,26900150,1000000,4294967296,read,1681259
measured,probe-memory-buffer,run,2663,17465501,0,5573870,27869350,26900650,1000000,4294967296,read,1681290
measured,probe-memory-buffer,run,2664,17465901,0,5573870,27869350,26901050,1000000,4294967296,read,1681315
measured,probe-memory-buffer,run,2665,17466301,0,5573870,27869350,26901450,1000000,4294967296,read,1681340
measured,probe-memory-buffer,run,2666,17466701,0,5573870,27869350,26901850,1000000,4294967296,read,1681365
measured,probe-memory-buffer,run,2667,17467201,0,5573870,27869350,26902250,1000000,4294967296,read,1681390
measured,probe-memory-buffer,run,2668,17467601,0,5573870,27869350,26902650,1000000,4294967296,read,1681415
measured,probe-memory-buffer,run,2669,17468001,0,5573870,27869350,26903150,1000000,4294967296,read,1681446
measured,probe-memory-buffer,run,2670,17468401,0,5573870,27869350,26903550,1000000,4294967296,read,1681471
measured,probe-memory-buffer,run,2671,17468801,0,5573870,27869350,26903950,1000000,4294967296,read,1681496
measured,probe-memory-buffer,run,2672,17469201,0,5573870,27869350,26904350,1000000,4294967296,read,1681521
measured,probe-memory-buffer,run,2673,17469701,0,5573870,27869350,26904750,1000000,4294967296,read,1681546
measured,probe-memory-buffer,run,2674,17470101,0,5573870,27869350,26905250,1000000,4294967296,read,1681578
measured,probe-memory-buffer,run,2675,17470501,0,5573870,27869350,26905650,1000000,4294967296,read,1681603
measured,probe-memory-buffer,run,2676,17470901,0,5573870,27869350,26906050,1000000,4294967296,read,1681628
measured,probe-memory-buffer,run,2677,17471301,0,5573870,27869350,26906450,1000000,4294967296,read,1681653
measured,probe-memory-buffer,run,2678,17471801,0,5573870,27869350,26906850,1000000,4294967296,read,1681678
measured,probe-memory-buffer,run,2679,17472201,0,5573870,27869350,26907350,1000000,4294967296,read,1681709
measured,probe-memory-buffer,run,2680,17472601,0,5573870,27869350,26907750,1000000,4294967296,read,1681734
measured,probe-memory-buffer,run,2681,17473001,0,5573870,27869350,26908150,1000000,4294967296,read,1681759
measured,probe-memory-buffer,run,2682,17473401,0,5573870,27869350,26908550,1000000,4294967296,read,1681784
measured,probe-memory-buffer,run,2683,17473901,0,5573870,27869350,26908950,1000000,4294967296,read,1681809
measured,probe-memory-buffer,run,2684,17474301,0,5573870,27869350,26909450,1000000,4294967296,read,1681840
measured,probe-memory-buffer,run,2685,17474701,0,5573870,27869350,26909850,1000000,4294967296,read,1681865
measured,probe-memory-buffer,run,2686,17475101,0,5573870,27869350,26910250,1000000,4294967296,read,1681890
measured,probe-memory-buffer,run,2687,17475601,0,5573870,27869350,26910650,1000000,4294967296,read,1681915
measured,probe-memory-buffer,run,2688,17476001,0,5573870,27869350,26911150,1000000,4294967296,read,1681946
measured,probe-memory-buffer,run,2689,17476401,0,5573870,27869350,26911550,1000000,4294967296,read,1681971
measured,probe-memory-buffer,run,2690,17476801,0,5573870,27869350,26911950,1000000,4294967296,read,1681996
measured,probe-memory-buffer,run,2691,17477201,0,5573870,27869350,26912350,1000000,4294967296,read,1682021
measured,probe-memory-buffer,run,2692,17477701,0,5573870,27869350,26912750,1000000,4294967296,read,1682046
measured,probe-memory-buffer,run,2693,17478901,0,5573870,27869350,26914050,1000000,4294967296,read,1682128
measured,probe-memory-buffer,run,2694,17479401,0,5573870,27869350,26914450,1000000,4294967296,read,1682153
measured,probe-memory-buffer,run,2695,17479801,0,5573870,27869350,26914850,1000000,4294967296,read,1682178
measured,probe-memory-buffer,run,2696,17480201,0,5573870,27869350,26915350,1000000,4294967296,read,1682209
measured,probe-memory-buffer,run,2697,17480601,0,5573870,27869350,26915750,1000000,4294967296,read,1682234
measured,probe-memory-buffer,run,2698,17481001,0,5573870,27869350,26916150,1000000,4294967296,read,1682259
measured,probe-memory-buffer,run,2699,17481401,0,5573870,27869350,26916550,1000000,4294967296,read,1682284
measured,probe-memory-buffer,run,2700,17484401,0,5573870,27869350,26919550,1000000,4294967296,read,1682471
measured,probe-memory-buffer,run,2701,17484801,0,5573870,27869350,26919950,1000000,4294967296,read,1682496
measured,probe-memory-buffer,run,2702,17485201,0,5573870,27869350,26920350,1000000,4294967296,read,1682521
measured,probe-memory-buffer,run,2703,17485601,0,5573870,27869350,26920750,1000000,4294967296,read,1682546
measured,probe-memory-buffer,run,2704,17486101,0,5573870,27869350,26921150,1000000,4294967296,read,1682571
measured,probe-memory-buffer,run,2705,17486501,0,5573870,27869350,26921650,1000000,4294967296,read,1682603
measured,probe-memory-buffer,run,2706,17486901,0,5573870,27869350,26922050,1000000,4294967296,read,1682628
measured,probe-memory-buffer,run,2707,17487301,0,5573870,27869350,26922450,1000000,4294967296,read,1682653
measured,probe-memory-buffer,run,2708,17487701,0,5573870,27869350,26922850,1000000,4294967296,read,1682678
measured,probe-memory-buffer,run,2709,17488101,0,5573870,27869350,26923250,1000000,4294967296,read,1682703
measured,probe-memory-buffer,run,2710,17488601,0,5573870,27869350,26923650,1000000,4294967296,read,1682728
measured,probe-memory-buffer,run,2711,17489001,0,5573870,27869350,26924150,1000000,4294967296,read,1682759
measured,probe-memory-buffer,run,2712,17489401,0,5573870,27869350,26924550,1000000,4294967296,read,1682784
measured,probe-memory-buffer,run,2713,17489801,0,5573870,27869350,26924950,1000000,4294967296,read,1682809
measured,probe-memory-buffer,run,2714,17490201,0,5573870,27869350,26925350,1000000,4294967296,read,1682834
measured,probe-memory-buffer,run,2715,17490701,0,5573870,27869350,26925750,1000000,4294967296,read,1682859
measured,probe-memory-buffer,run,2716,17491101,0,5573870,27869350,26926150,1000000,4294967296,read,1682884
measured,probe-memory-buffer,run,2717,17491501,0,5573870,27869350,26926650,1000000,4294967296,read,1682915
measured,probe-memory-buffer,run,2718,17491901,0,5573870,27869350,26927050,1000000,4294967296,read,1682940
measured,probe-memory-buffer,run,2719,17492301,0,5573870,27869350,26927450,1000000,4294967296,read,1682965
measured,probe-memory-buffer,run,2720,17492701,0,5573870,27869350,26927850,1000000,4294967296,read,1682990
measured,probe-memory-buffer,run,2721,17493201,0,5573870,27869350,26928250,1000000,4294967296,read,1683015
measured,probe-memory-buffer,run,2722,17493601,0,5573870,27869350,26928750,1000000,4294967296,read,1683046
measured,probe-memory-buffer,run,2723,17494001,0,5573870,27869350,26929150,1000000,4294967296,read,1683071
measured,probe-memory-buffer,run,2724,17494401,0,5573870,27869350,26929550,1000000,4294967296,read,1683096
measured,probe-memory-buffer,run,2725,17494801,0,5573870,27869350,26929950,1000000,4294967296,read,1683121
measured,probe-memory-buffer,run,2726,17495301,0,5573870,27869350,26930350,1000000,4294967296,read,1683146
measured,probe-memory-buffer,run,2727,17495701,0,5573870,27869350,26930850,1000000,4294967296,read,1683178
measured,probe-memory-buffer,run,2728,17496101,0,5573870,27869350,26931250,1000000,4294967296,read,1683203
measured,probe-memory-buffer,run,2729,17496501,0,5573870,27869350,26931650,1000000,4294967296,read,1683228
measured,probe-memory-buffer,run,2730,17496901,0,5573870,27869350,26932050,1000000,4294967296,read,1683253
measured,probe-memory-buffer,run,2731,17497401,0,5573870,27869350,26932450,1000000,4294967296,read,1683278
measured,probe-memory-buffer,run,2732,17497801,0,5573870,27869350,26932850,1000000,4294967296,read,1683303
measured,probe-memory-buffer,run,2733,17498201,0,5573870,27869350,26933350,1000000,4294967296,read,1683334
measured,probe-memory-buffer,run,2734,17498601,0,5573870,27869350,26933750,1000000,4294967296,read,1683359
measured,probe-memory-buffer,run,2735,17499001,0,5573870,27869350,26934150,1000000,4294967296,read,1683384
measured,probe-memory-buffer,run,2736,17499401,0,5573870,27869350,26934550,1000000,4294967296,read,1683409
measured,probe-memory-buffer,run,2737,17499901,0,5573870,27869350,26934950,1000000,4294967296,read,1683434
measured,probe-memory-buffer,run,2738,17500301,0,5573870,27869350,26935450,1000000,4294967296,read,1683465
measured,probe-memory-buffer,run,2739,17500701,0,5573870,27869350,26935850,1000000,4294967296,read,1683490
measured,probe-memory-buffer,run,2740,17501101,0,5573870,27869350,26936250,1000000,4294967296,read,1683515
measured,probe-memory-buffer,run,2741,17501501,0,5573870,27869350,26936650,1000000,4294967296,read,1683540
measured,probe-memory-buffer,run,2742,17502001,0,5573870,27869350,26937050,1000000,4294967296,read,1683565
measured,probe-memory-buffer,run,2743,17502401,0,5573870,27869350,26937550,1000000,4294967296,read,1683596
measured,probe-memory-buffer,run,2744,17502801,0,5573870,27869350,26937950,1000000,4294967296,read,1683621
measured,probe-memory-buffer,run,2745,17503201,0,5573870,27869350,26938350,1000000,4294967296,read,1683646
measured,probe-memory-buffer,run,2746,17503601,0,5573870,27869350,26938750,1000000,4294967296,read,1683671
measured,probe-memory-buffer,run,2747,17504101,0,5573870,27869350,26939150,1000000,4294967296,read,1683696
measured,probe-memory-buffer,run,2748,17508101,0,5573870,27869350,26943150,1000000,4294967296,read,1683946
measured,probe-memory-buffer,run,2749,17512101,0,5573870,27869350,26947150,1000000,4294967296,read,1684196
measured,probe-memory-buffer,run,2750,17516001,0,5573870,27869350,26951150,1000000,4294967296,read,1684446
measured,probe-memory-buffer,run,2751,17520001,0,5573870,27869350,26955150,1000000,4294967296,read,1684696
measured,probe-memory-buffer,run,2752,17524001,0,5573870,27869350,26959150,1000000,4294967296,read,1684946
measured,probe-memory-buffer,run,2753,17528001,0,5573870,27869350,26963150,1000000,4294967296,read,1685196
measured,probe-memory-buffer,run,2754,17532001,0,5573870,27869350,26967150,1000000,4294967296,read,1685446
measured,probe-memory-buffer,run,2755,17536001,0,5573870,27869350,26971150,1000000,4294967296,read,1685696
measured,probe-memory-buffer,run,2756,17540001,0,5573870,27869350,26975150,1000000,4294967296,read,1685946
measured,probe-memory-buffer,run,2757,17545101,0,5573870,27869350,26980250,1000000,4294967296,read,1686265
measured,probe-memory-buffer,run,2758,17549101,0,5573870,27869350,26984250,1000000,4294967296,read,1686515
measured,probe-memory-buffer,run,2759,17553101,0,5573870,27869350,26988250,1000000,4294967296,read,1686765
measured,probe-memory-buffer,run,2760,17555701,0,5704940,28524700,27524700,1000000,4294967296,update,0
measured,probe-memory-buffer,run,2761,17593901,0,5704940,28524700,27563000,1000000,4294967296,read,1722687
measured,probe-memory-buffer,run,2762,17598301,0,5704940,28524700,27567500,1000000,4294967296,read,1722968
measured,probe-memory-buffer,run,2763,17602401,0,5704940,28524700,27571600,1000000,4294967296,read,1723225
measured,probe-memory-buffer,run,2764,17606501,0,5704940,28524700,27575700,1000000,4294967296,read,1723481
measured,probe-memory-buffer,run,2765,17610501,0,5704940,28524700,27579700,1000000,4294967296,read,1723731
measured,probe-memory-buffer,run,2766,17614501,0,5704940,28524700,27583700,1000000,4294967296,read,1723981
measured,probe-memory-buffer,run,2767,17618501,0,5704940,28524700,27587700,1000000,4294967296,read,1724231
measured,probe-memory-buffer,run,2768,17622501,0,5704940,28524700,27591700,1000000,4294967296,read,1724481
measured,probe-memory-buffer,run,2769,17626501,0,5704940,28524700,27595700,1000000,4294967296,read,1724731
measured,probe-memory-buffer,run,2770,17630501,0,5704940,28524700,27599700,1000000,4294967296,read,1724981
measured,probe-memory-buffer,run,2771,17634501,0,5704940,28524700,27603700,1000000,4294967296,read,1725231
measured,probe-memory-buffer,run,2772,17638501,0,5704940,28524700,27607700,1000000,4294967296,read,1725481
measured,probe-memory-buffer,run,2773,17642501,0,5704940,28524700,27611700,1000000,4294967296,read,1725731
measured,probe-memory-buffer,run,2774,17646501,0,5704940,28524700,27615700,1000000,4294967296,read,1725981
measured,probe-memory-buffer,run,2775,17650501,0,5704940,28524700,27619700,1000000,4294967296,read,1726231
measured,probe-memory-buffer,run,2776,17654501,0,5704940,28524700,27623700,1000000,4294967296,read,1726481
measured,probe-memory-buffer,run,2777,17659501,0,5704940,28524700,27628700,1000000,4294967296,read,1726793
measured,probe-memory-buffer,run,2778,17663501,0,5704940,28524700,27632700,1000000,4294967296,read,1727043
measured,probe-memory-buffer,run,2779,17667501,0,5704940,28524700,27636700,1000000,4294967296,read,1727293
measured,probe-memory-buffer,run,2780,17671501,0,5704940,28524700,27640700,1000000,4294967296,read,1727543
measured,probe-memory-buffer,run,2781,17675501,0,5704940,28524700,27644700,1000000,4294967296,read,1727793
measured,probe-memory-buffer,run,2782,17677301,0,5770475,28852375,27852375,1000000,4294967296,update,0
measured,probe-memory-buffer,run,2783,17683301,0,5770475,28852375,27858375,1000000,4294967296,read,1741148
measured,probe-memory-buffer,run,2784,17687601,0,5770475,28852375,27862775,1000000,4294967296,read,1741423
measured,probe-memory-buffer,run,2785,17691601,0,5770475,28852375,27866775,1000000,4294967296,read,1741673
measured,probe-memory-buffer,run,2786,17695601,0,5770475,28852375,27870775,1000000,4294967296,read,1741923
measured,probe-memory-buffer,run,2787,17699601,0,5770475,28852375,27874775,1000000,4294967296,read,1742173
measured,probe-memory-buffer,run,2788,17703601,0,5770475,28852375,27878775,1000000,4294967296,read,1742423
measured,probe-memory-buffer,run,2789,17707601,0,5770475,28852375,27882775,1000000,4294967296,read,1742673
measured,probe-memory-buffer,run,2790,17711601,0,5770475,28852375,27886775,1000000,4294967296,read,1742923
measured,probe-memory-buffer,run,2791,17715601,0,5770475,28852375,27890775,1000000,4294967296,read,1743173
measured,probe-memory-buffer,run,2792,17719601,0,5770475,28852375,27894775,1000000,4294967296,read,1743423
measured,probe-memory-buffer,run,2793,17723601,0,5770475,28852375,27898775,1000000,4294967296,read,1743673
measured,probe-memory-buffer,run,2794,17728201,0,5770475,28852375,27903375,1000000,4294967296,read,1743960
measured,probe-memory-buffer,run,2795,17732201,0,5770475,28852375,27907375,1000000,4294967296,read,1744210
measured,probe-memory-buffer,run,2796,17736201,0,5770475,28852375,27911375,1000000,4294967296,read,1744460
measured,probe-memory-buffer,run,2797,17740201,0,5770475,28852375,27915375,1000000,4294967296,read,1744710
measured,probe-memory-buffer,run,2798,17744201,0,5770475,28852375,27919375,1000000,4294967296,read,1744960
measured,probe-memory-buffer,run,2799,17748201,0,5770475,28852375,27923375,1000000,4294967296,read,1745210
measured,probe-memory-buffer,run,2800,17752201,0,5770475,28852375,27927375,1000000,4294967296,read,1745460
measured,probe-memory-buffer,run,2801,17756201,0,5770475,28852375,27931375,1000000,4294967296,read,1745710
measured,probe-memory-buffer,run,2802,17760201,0,5770475,28852375,27935375,1000000,4294967296,read,1745960
measured,probe-memory-buffer,run,2803,17764201,0,5770475,28852375,27939375,1000000,4294967296,read,1746210
measured,probe-memory-buffer,run,2804,17768201,0,5770475,28852375,27943375,1000000,4294967296,read,1746460
measured,probe-memory-buffer,run,2805,17772201,0,5770475,28852375,27947375,1000000,4294967296,read,1746710
measured,probe-memory-buffer,run,2806,17776201,0,5770475,28852375,27951375,1000000,4294967296,read,1746960
measured,probe-memory-buffer,run,2807,17780201,0,5770475,28852375,27955375,1000000,4294967296,read,1747210
measured,probe-memory-buffer,run,2808,17784201,0,5770475,28852375,27959375,1000000,4294967296,read,1747460
measured,probe-memory-buffer,run,2809,17788201,0,5770475,28852375,27963375,1000000,4294967296,read,1747710
measured,probe-memory-buffer,run,2810,17792601,0,5770475,28852375,27967775,1000000,4294967296,read,1747985
measured,probe-memory-buffer,run,2811,17796601,0,5770475,28852375,27971775,1000000,4294967296,read,1748235
measured,probe-memory-buffer,run,2812,17800201,0,5901545,29507725,28507725,1000000,4294967296,update,0
measured,probe-memory-buffer,run,2813,17877801,0,5901545,29507725,28585325,1000000,4294967296,read,1786582
measured,probe-memory-buffer,run,2814,17884501,0,5901545,29507725,28592125,1000000,4294967296,read,1787007
measured,probe-memory-buffer,run,2815,17888601,0,5901545,29507725,28596125,1000000,4294967296,read,1787257
measured,probe-memory-buffer,run,2816,17892601,0,5901545,29507725,28600125,1000000,4294967296,read,1787507
measured,probe-memory-buffer,run,2817,17896601,0,5901545,29507725,28604225,1000000,4294967296,read,1787764
measured,probe-memory-buffer,run,2818,17900601,0,5901545,29507725,28608225,1000000,4294967296,read,1788014
measured,probe-memory-buffer,run,2819,17904601,0,5901545,29507725,28612225,1000000,4294967296,read,1788264
measured,probe-memory-buffer,run,2820,17908601,0,5901545,29507725,28616225,1000000,4294967296,read,1788514
measured,probe-memory-buffer,run,2821,17912601,0,5901545,29507725,28620225,1000000,4294967296,read,1788764
measured,probe-memory-buffer,run,2822,17916601,0,5901545,29507725,28624225,1000000,4294967296,read,1789014
measured,probe-memory-buffer,run,2823,17920601,0,5901545,29507725,28628225,1000000,4294967296,read,1789264
measured,probe-memory-buffer,run,2824,17925901,0,5901545,29507725,28633425,1000000,3144720797,update,0
measured,probe-memory-buffer,run,2825,17949601,0,5901545,29507725,28650851,1000000,3144720797,read,1790678
measured,probe-memory-buffer,run,2826,17955401,0,5901545,29507725,28655097,1000000,3144720797,read,1790943
measured,probe-memory-buffer,run,2827,17961801,0,5901545,29507725,28659710,1000000,3144720797,read,1791231
measured,probe-memory-buffer,run,2828,17965801,0,5901545,29507725,28662712,1000000,3144720797,read,1791419
measured,probe-memory-buffer,run,2829,17969801,0,5901545,29507725,28665641,1000000,3144720797,read,1791602
measured,probe-memory-buffer,run,2830,17973801,0,5901545,29507725,28668569,1000000,3144720797,read,1791785
measured,probe-memory-buffer,run,2831,17977801,0,5901545,29507725,28671498,1000000,3144720797,read,1791968
measured,probe-memory-buffer,run,2832,17981801,0,5901545,29507725,28674427,1000000,3144720797,read,1792151
measured,probe-memory-buffer,run,2833,17985801,0,5901545,29507725,28677356,1000000,3144720797,read,1792334
measured,probe-memory-buffer,run,2834,17989801,0,5901545,29507725,28680284,1000000,3144720797,read,1792517
measured,probe-memory-buffer,run,2835,17993801,0,5901545,29507725,28683213,1000000,3144720797,read,1792700
measured,probe-memory-buffer,run,2836,17997801,0,5901545,29507725,28686142,1000000,3144720797,read,1792883
measured,probe-memory-buffer,run,2837,18001801,0,5901545,29507725,28689071,1000000,3144720797,read,1793066
measured,probe-memory-buffer,run,2838,18005801,0,5901545,29507725,28691999,1000000,3144720797,read,1793249
measured,probe-memory-buffer,run,2839,18009801,0,5901545,29507725,28694928,1000000,3144720797,read,1793433
measured,probe-memory-buffer,run,2840,18013801,0,5901545,29507725,28697857,1000000,3144720797,read,1793616
measured,probe-memory-buffer,run,2841,18017801,0,5901545,29507725,28700786,1000000,3144720797,read,1793799
measured,probe-memory-buffer,run,2842,18021801,0,5901545,29507725,28703714,1000000,3144720797,read,1793982
measured,probe-memory-buffer,run,2843,18026201,0,5901545,29507725,28706936,1000000,3144720797,read,1794183
measured,probe-memory-buffer,run,2844,18030201,0,5901545,29507725,28709865,1000000,3144720797,read,1794366
measured,probe-memory-buffer,run,2845,18034201,0,5901545,29507725,28712794,1000000,3144720797,read,1794549
measured,probe-memory-buffer,run,2846,18038201,0,5901545,29507725,28715722,1000000,3144720797,read,1794732
measured,probe-memory-buffer,run,2847,18042201,0,5901545,29507725,28718651,1000000,3144720797,read,1794915
measured,probe-memory-buffer,run,2848,18047401,0,6032615,30163075,29163075,1000000,3443019839,update,0
measured,probe-memory-buffer,run,2849,18074301,0,6032615,30163075,29184719,1000000,3443019839,read,1824044
measured,probe-memory-buffer,run,2850,18080801,0,6032615,30163075,29189929,1000000,3443019839,read,1824370
measured,probe-memory-buffer,run,2851,18085001,0,6032615,30163075,29193296,1000000,3443019839,read,1824581
measured,probe-memory-buffer,run,2852,18089101,0,6032615,30163075,29196503,1000000,3443019839,read,1824781
measured,probe-memory-buffer,run,2853,18093101,0,6032615,30163075,29199790,1000000,3443019839,read,1824986
measured,probe-memory-buffer,run,2854,18097101,0,6032615,30163075,29202996,1000000,3443019839,read,1825187
measured,probe-memory-buffer,run,2855,18101101,0,6032615,30163075,29206203,1000000,3443019839,read,1825387
measured,probe-memory-buffer,run,2856,18105101,0,6032615,30163075,29209409,1000000,3443019839,read,1825588
measured,probe-memory-buffer,run,2857,18132101,0,6032615,30163075,29230973,1000000,3443019839,read,1826935
measured,probe-memory-buffer,run,2858,18137001,0,6032615,30163075,29234901,1000000,3443019839,read,1827181
measured,probe-memory-buffer,run,2859,18141101,0,6032615,30163075,29238268,1000000,3443019839,read,1827391
measured,probe-memory-buffer,run,2860,18147101,0,6032615,30163075,29243078,1000000,3443019839,read,1827692
measured,probe-memory-buffer,run,2861,18151101,0,6032615,30163075,29246285,1000000,3443019839,read,1827892
measured,probe-memory-buffer,run,2862,18155101,0,6032615,30163075,29249491,1000000,3443019839,read,1828093
measured,probe-memory-buffer,run,2863,18159101,0,6032615,30163075,29252698,1000000,3443019839,read,1828293
measured,probe-memory-buffer,run,2864,18163101,0,6032615,30163075,29255904,1000000,3443019839,read,1828494
measured,probe-memory-buffer,run,2865,18188201,0,6032615,30163075,29276026,1000000,3443019839,read,1829751
measured,probe-memory-buffer,run,2866,18191501,0,6098150,30490750,29490750,1000000,3666744121,update,0
measured,probe-memory-buffer,run,2867,18193201,0,6098150,30490750,29492372,1000000,3666744121,read,1843273
measured,probe-memory-buffer,run,2868,18197601,0,6098150,30490750,29496128,1000000,3666744121,read,1843508
measured,probe-memory-buffer,run,2869,18201701,0,6098150,30490750,29499628,1000000,3666744121,read,1843726
measured,probe-memory-buffer,run,2870,18209301,0,6098150,30490750,29506117,1000000,3666744121,read,1844132
measured,probe-memory-buffer,run,2871,18213401,0,6098150,30490750,29509617,1000000,3666744121,read,1844351
measured,probe-memory-buffer,run,2872,18217501,0,6098150,30490750,29513117,1000000,3666744121,read,1844569
measured,probe-memory-buffer,run,2873,18221601,0,6098150,30490750,29516618,1000000,3666744121,read,1844788
measured,probe-memory-buffer,run,2874,18225701,0,6098150,30490750,29520032,1000000,3666744121,read,1845002
measured,probe-memory-buffer,run,2875,18244301,0,6098150,30490750,29535912,1000000,3666744121,read,1845994
measured,probe-memory-buffer,run,2876,18248301,0,6098150,30490750,29539412,1000000,3666744121,read,1846213
measured,probe-memory-buffer,run,2877,18252901,0,6098150,30490750,29543339,1000000,3666744121,read,1846458
measured,probe-memory-buffer,run,2878,18256901,0,6098150,30490750,29546754,1000000,3666744121,read,1846672
measured,probe-memory-buffer,run,2879,18260901,0,6098150,30490750,29550169,1000000,3666744121,read,1846885
measured,probe-memory-buffer,run,2880,18264901,0,6098150,30490750,29553584,1000000,3666744121,read,1847099
measured,probe-memory-buffer,run,2881,18268901,0,6098150,30490750,29556999,1000000,3666744121,read,1847312
measured,probe-memory-buffer,run,2882,18269301,0,6098150,30490750,29557340,1000000,3666744121,read,1847333
measured,probe-memory-buffer,run,2883,18269701,0,6098150,30490750,29557682,1000000,3666744121,read,1847355
measured,probe-memory-buffer,run,2884,18270201,0,6098150,30490750,29558023,1000000,3666744121,read,1847376
measured,probe-memory-buffer,run,2885,18270601,0,6098150,30490750,29558365,1000000,3666744121,read,1847397
measured,probe-memory-buffer,run,2886,18271001,0,6098150,30490750,29558792,1000000,3666744121,read,1847424
measured,probe-memory-buffer,run,2887,18271401,0,6098150,30490750,29559133,1000000,3666744121,read,1847445
measured,probe-memory-buffer,run,2888,18271801,0,6098150,30490750,29559475,1000000,3666744121,read,1847467
measured,probe-memory-buffer,run,2889,18272301,0,6098150,30490750,29559816,1000000,3666744121,read,1847488
measured,probe-memory-buffer,run,2890,18272701,0,6098150,30490750,29560158,1000000,3666744121,read,1847509
measured,probe-memory-buffer,run,2891,18273101,0,6098150,30490750,29560585,1000000,3666744121,read,1847536
measured,probe-memory-buffer,run,2892,18273501,0,6098150,30490750,29560926,1000000,3666744121,read,1847557
measured,probe-memory-buffer,run,2893,18273901,0,6098150,30490750,29561268,1000000,3666744121,read,1847579
measured,probe-memory-buffer,run,2894,18274301,0,6098150,30490750,29561609,1000000,3666744121,read,1847600
measured,probe-memory-buffer,run,2895,18274801,0,6098150,30490750,29561951,1000000,3666744121,read,1847621
measured,probe-memory-buffer,run,2896,18275201,0,6098150,30490750,29562377,1000000,3666744121,read,1847648
measured,probe-memory-buffer,run,2897,18275601,0,6098150,30490750,29562719,1000000,3666744121,read,1847669
measured,probe-memory-buffer,run,2898,18276001,0,6098150,30490750,29563060,1000000,3666744121,read,1847691
measured,probe-memory-buffer,run,2899,18276401,0,6098150,30490750,29563402,1000000,3666744121,read,1847712
measured,probe-memory-buffer,run,2900,18276901,0,6098150,30490750,29563743,1000000,3666744121,read,1847733
measured,probe-memory-buffer,run,2901,18277301,0,6098150,30490750,29564170,1000000,3666744121,read,1847760
measured,probe-memory-buffer,run,2902,18277701,0,6098150,30490750,29564512,1000000,3666744121,read,1847782
measured,probe-memory-buffer,run,2903,18278101,0,6098150,30490750,29564853,1000000,3666744121,read,1847803
measured,probe-memory-buffer,run,2904,18278501,0,6098150,30490750,29565195,1000000,3666744121,read,1847824
measured,probe-memory-buffer,run,2905,18279001,0,6098150,30490750,29565536,1000000,3666744121,read,1847846
measured,probe-memory-buffer,run,2906,18279401,0,6098150,30490750,29565963,1000000,3666744121,read,1847872
measured,probe-memory-buffer,run,2907,18279801,0,6098150,30490750,29566305,1000000,3666744121,read,1847894
measured,probe-memory-buffer,run,2908,18280201,0,6098150,30490750,29566646,1000000,3666744121,read,1847915
measured,probe-memory-buffer,run,2909,18280601,0,6098150,30490750,29566988,1000000,3666744121,read,1847936
measured,probe-memory-buffer,run,2910,18281101,0,6098150,30490750,29567329,1000000,3666744121,read,1847958
measured,probe-memory-buffer,run,2911,18281501,0,6098150,30490750,29567756,1000000,3666744121,read,1847984
measured,probe-memory-buffer,run,2912,18281901,0,6098150,30490750,29568097,1000000,3666744121,read,1848006
measured,probe-memory-buffer,run,2913,18282301,0,6098150,30490750,29568439,1000000,3666744121,read,1848027
measured,probe-memory-buffer,run,2914,18282701,0,6098150,30490750,29568780,1000000,3666744121,read,1848048
measured,probe-memory-buffer,run,2915,18283201,0,6098150,30490750,29569122,1000000,3666744121,read,1848070
measured,probe-memory-buffer,run,2916,18283601,0,6098150,30490750,29569549,1000000,3666744121,read,1848096
measured,probe-memory-buffer,run,2917,18284001,0,6098150,30490750,29569890,1000000,3666744121,read,1848118
measured,probe-memory-buffer,run,2918,18284401,0,6098150,30490750,29570232,1000000,3666744121,read,1848139
measured,probe-memory-buffer,run,2919,18284801,0,6098150,30490750,29570573,1000000,3666744121,read,1848160
measured,probe-memory-buffer,run,2920,18285301,0,6098150,30490750,29570915,1000000,3666744121,read,1848182
measured,probe-memory-buffer,run,2921,18285701,0,6098150,30490750,29571342,1000000,3666744121,read,1848208
measured,probe-memory-buffer,run,2922,18286101,0,6098150,30490750,29571683,1000000,3666744121,read,1848230
measured,probe-memory-buffer,run,2923,18286501,0,6098150,30490750,29572025,1000000,3666744121,read,1848251
measured,probe-memory-buffer,run,2924,18286901,0,6098150,30490750,29572366,1000000,3666744121,read,1848272
measured,probe-memory-buffer,run,2925,18287401,0,6098150,30490750,29572708,1000000,3666744121,read,1848294
measured,probe-memory-buffer,run,2926,18287801,0,6098150,30490750,29573049,1000000,3666744121,read,1848315
measured,probe-memory-buffer,run,2927,18289401,0,6098150,30490750,29574415,1000000,3666744121,read,1848400
measured,probe-memory-buffer,run,2928,18289801,0,6098150,30490750,29574842,1000000,3666744121,read,1848427
measured,probe-memory-buffer,run,2929,18290201,0,6098150,30490750,29575183,1000000,3666744121,read,1848448
measured,probe-memory-buffer,run,2930,18290601,0,6098150,30490750,29575525,1000000,3666744121,read,1848470
measured,probe-memory-buffer,run,2931,18291001,0,6098150,30490750,29575866,1000000,3666744121,read,1848491
measured,probe-memory-buffer,run,2932,18291501,0,6098150,30490750,29576208,1000000,3666744121,read,1848513
measured,probe-memory-buffer,run,2933,18291901,0,6098150,30490750,29576635,1000000,3666744121,read,1848539
measured,probe-memory-buffer,run,2934,18292301,0,6098150,30490750,29576976,1000000,3666744121,read,1848561
measured,probe-memory-buffer,run,2935,18292701,0,6098150,30490750,29577318,1000000,3666744121,read,1848582
measured,probe-memory-buffer,run,2936,18293101,0,6098150,30490750,29577659,1000000,3666744121,read,1848603
measured,probe-memory-buffer,run,2937,18293601,0,6098150,30490750,29578001,1000000,3666744121,read,1848625
measured,probe-memory-buffer,run,2938,18294001,0,6098150,30490750,29578428,1000000,3666744121,read,1848651
measured,probe-memory-buffer,run,2939,18294401,0,6098150,30490750,29578769,1000000,3666744121,read,1848673
measured,probe-memory-buffer,run,2940,18294801,0,6098150,30490750,29579111,1000000,3666744121,read,1848694
measured,probe-memory-buffer,run,2941,18295201,0,6098150,30490750,29579452,1000000,3666744121,read,1848715
measured,probe-memory-buffer,run,2942,18295701,0,6098150,30490750,29579794,1000000,3666744121,read,1848737
measured,probe-memory-buffer,run,2943,18296101,0,6098150,30490750,29580220,1000000,3666744121,read,1848763
measured,probe-memory-buffer,run,2944,18296501,0,6098150,30490750,29580562,1000000,3666744121,read,1848785
measured,probe-memory-buffer,run,2945,18296901,0,6098150,30490750,29580903,1000000,3666744121,read,1848806
measured,probe-memory-buffer,run,2946,18297301,0,6098150,30490750,29581245,1000000,3666744121,read,1848827
measured,probe-memory-buffer,run,2947,18297801,0,6098150,30490750,29581586,1000000,3666744121,read,1848849
measured,probe-memory-buffer,run,2948,18298201,0,6098150,30490750,29582013,1000000,3666744121,read,1848875
measured,probe-memory-buffer,run,2949,18298601,0,6098150,30490750,29582355,1000000,3666744121,read,1848897
measured,probe-memory-buffer,run,2950,18299001,0,6098150,30490750,29582696,1000000,3666744121,read,1848918
measured,probe-memory-buffer,run,2951,18299401,0,6098150,30490750,29583038,1000000,3666744121,read,1848939
measured,probe-memory-buffer,run,2952,18299901,0,6098150,30490750,29583379,1000000,3666744121,read,1848961
measured,probe-memory-buffer,run,2953,18300301,0,6098150,30490750,29583721,1000000,3666744121,read,1848982
measured,probe-memory-buffer,run,2954,18300701,0,6098150,30490750,29584148,1000000,3666744121,read,1849009
measured,probe-memory-buffer,run,2955,18301101,0,6098150,30490750,29584489,1000000,3666744121,read,1849030
measured,probe-memory-buffer,run,2956,18301501,0,6098150,30490750,29584831,1000000,3666744121,read,1849051
measured,probe-memory-buffer,run,2957,18301901,0,6098150,30490750,29585172,1000000,3666744121,read,1849073
measured,probe-memory-buffer,run,2958,18302401,0,6098150,30490750,29585514,1000000,3666744121,read,1849094
measured,probe-memory-buffer,run,2959,18302801,0,6098150,30490750,29585940,1000000,3666744121,read,1849121
measured,probe-memory-buffer,run,2960,18303201,0,6098150,30490750,29586282,1000000,3666744121,read,1849142
measured,probe-memory-buffer,run,2961,18303601,0,6098150,30490750,29586623,1000000,3666744121,read,1849163
measured,probe-memory-buffer,run,2962,18304001,0,6098150,30490750,29586965,1000000,3666744121,read,1849185
measured,probe-memory-buffer,run,2963,18304501,0,6098150,30490750,29587306,1000000,3666744121,read,1849206
measured,probe-memory-buffer,run,2964,18304901,0,6098150,30490750,29587733,1000000,3666744121,read,1849233
measured,probe-memory-buffer,run,2965,18305301,0,6098150,30490750,29588075,1000000,3666744121,read,1849254
measured,probe-memory-buffer,run,2966,18305701,0,6098150,30490750,29588416,1000000,3666744121,read,1849276
measured,probe-memory-buffer,run,2967,18306101,0,6098150,30490750,29588758,1000000,3666744121,read,1849297
measured,probe-memory-buffer,run,2968,18306601,0,6098150,30490750,29589185,1000000,3666744121,read,1849324
measured,probe-memory-buffer,run,2969,18307001,0,6098150,30490750,29589526,1000000,3666744121,read,1849345
measured,probe-memory-buffer,run,2970,18307401,0,6098150,30490750,29589868,1000000,3666744121,read,1849366
measured,probe-memory-buffer,run,2971,18307801,0,6098150,30490750,29590209,1000000,3666744121,read,1849388
measured,probe-memory-buffer,run,2972,18308301,0,6098150,30490750,29590551,1000000,3666744121,read,1849409
measured,probe-memory-buffer,run,2973,18308701,0,6098150,30490750,29590892,1000000,3666744121,read,1849430
measured,probe-memory-buffer,run,2974,18309101,0,6098150,30490750,29591319,1000000,3666744121,read,1849457
measured,probe-memory-buffer,run,2975,18309501,0,6098150,30490750,29591660,1000000,3666744121,read,1849478
measured,probe-memory-buffer,run,2976,18309901,0,6098150,30490750,29592002,1000000,3666744121,read,1849500
measured,probe-memory-buffer,run,2977,18310301,0,6098150,30490750,29592343,1000000,3666744121,read,1849521
measured,probe-memory-buffer,run,2978,18310801,0,6098150,30490750,29592685,1000000,3666744121,read,1849542
measured,probe-memory-buffer,run,2979,18311201,0,6098150,30490750,29593112,1000000,3666744121,read,1849569
measured,probe-memory-buffer,run,2980,18312601,0,6163685,30818425,29818425,1000000,3834537333,update,0
measured,probe-memory-buffer,run,2981,18340501,0,6163685,30818425,29843334,1000000,3834537333,read,1865208
measured,probe-memory-buffer,run,2982,18343401,0,6163685,30818425,29845923,1000000,3834537333,read,1865370
measured,probe-memory-buffer,run,2983,18343901,0,6163685,30818425,29846458,1000000,3834537333,read,1865403
measured,probe-memory-buffer,run,2984,18347301,0,6163685,30818425,29849494,1000000,3834537333,read,1865593
measured,probe-memory-buffer,run,2985,18347901,0,6163685,30818425,29849940,1000000,3834537333,read,1865621
measured,probe-memory-buffer,run,2986,18348301,0,6163685,30818425,29850387,1000000,3834537333,read,1865649
measured,probe-memory-buffer,run,2987,18348701,0,6163685,30818425,29850744,1000000,3834537333,read,1865671
measured,probe-memory-buffer,run,2988,18349101,0,6163685,30818425,29851101,1000000,3834537333,read,1865693
measured,probe-memory-buffer,run,2989,18349501,0,6163685,30818425,29851458,1000000,3834537333,read,1865716
measured,probe-memory-buffer,run,2990,18350001,0,6163685,30818425,29851815,1000000,3834537333,read,1865738
measured,probe-memory-buffer,run,2991,18350401,0,6163685,30818425,29852262,1000000,3834537333,read,1865766
measured,probe-memory-buffer,run,2992,18350801,0,6163685,30818425,29852619,1000000,3834537333,read,1865788
measured,probe-memory-buffer,run,2993,18351201,0,6163685,30818425,29852976,1000000,3834537333,read,1865811
measured,probe-memory-buffer,run,2994,18351601,0,6163685,30818425,29853333,1000000,3834537333,read,1865833
measured,probe-memory-buffer,run,2995,18352101,0,6163685,30818425,29853690,1000000,3834537333,read,1865855
measured,probe-memory-buffer,run,2996,18352501,0,6163685,30818425,29854047,1000000,3834537333,read,1865877
measured,probe-memory-buffer,run,2997,18352901,0,6163685,30818425,29854494,1000000,3834537333,read,1865905
measured,probe-memory-buffer,run,2998,18353301,0,6163685,30818425,29854851,1000000,3834537333,read,1865928
measured,probe-memory-buffer,run,2999,18353701,0,6163685,30818425,29855208,1000000,3834537333,read,1865950
measured,probe-memory-buffer,run,3000,18354101,0,6163685,30818425,29855565,1000000,3834537333,read,1865972
measured,probe-memory-buffer,run,3001,18354601,0,6163685,30818425,29855922,1000000,3834537333,read,1865995
measured,probe-memory-buffer,run,3002,18355001,0,6163685,30818425,29856368,1000000,3834537333,read,1866023
measured,probe-memory-buffer,run,3003,18355401,0,6163685,30818425,29856726,1000000,3834537333,read,1866045
measured,probe-memory-buffer,run,3004,18355801,0,6163685,30818425,29857083,1000000,3834537333,read,1866067
measured,probe-memory-buffer,run,3005,18356201,0,6163685,30818425,29857440,1000000,3834537333,read,1866090
measured,probe-memory-buffer,run,3006,18356701,0,6163685,30818425,29857797,1000000,3834537333,read,1866112
measured,probe-memory-buffer,run,3007,18357101,0,6163685,30818425,29858243,1000000,3834537333,read,1866140
measured,probe-memory-buffer,run,3008,18357501,0,6163685,30818425,29858600,1000000,3834537333,read,1866162
measured,probe-memory-buffer,run,3009,18357901,0,6163685,30818425,29858958,1000000,3834537333,read,1866184
measured,probe-memory-buffer,run,3010,18358301,0,6163685,30818425,29859315,1000000,3834537333,read,1866207
measured,probe-memory-buffer,run,3011,18362301,0,6163685,30818425,29862886,1000000,3834537333,read,1866430
measured,probe-memory-buffer,run,3012,18366401,0,6163685,30818425,29866457,1000000,3834537333,read,1866653
measured,probe-memory-buffer,run,3013,18370401,0,6163685,30818425,29870028,1000000,3834537333,read,1866876
measured,probe-memory-buffer,run,3014,18376001,0,6163685,30818425,29875117,1000000,3834537333,read,1867194
measured,probe-memory-buffer,run,3015,18380001,0,6163685,30818425,29878688,1000000,3834537333,read,1867418
measured,probe-memory-buffer,run,3016,18384001,0,6163685,30818425,29882260,1000000,3834537333,read,1867641
measured,probe-memory-buffer,run,3017,18388001,0,6163685,30818425,29885831,1000000,3834537333,read,1867864
measured,probe-memory-buffer,run,3018,18392001,0,6163685,30818425,29889402,1000000,3834537333,read,1868087
measured,probe-memory-buffer,run,3019,18396001,0,6163685,30818425,29892973,1000000,3834537333,read,1868310
measured,probe-memory-buffer,run,3020,18400001,0,6163685,30818425,29896544,1000000,3834537333,read,1868534
measured,probe-memory-buffer,run,3021,18404101,0,6163685,30818425,29900115,1000000,3834537333,read,1868757
measured,probe-memory-buffer,run,3022,18408001,0,6163685,30818425,29903687,1000000,3834537333,read,1868980
measured,probe-memory-buffer,run,3023,18412001,0,6163685,30818425,29907258,1000000,3834537333,read,1869203
measured,probe-memory-buffer,run,3024,18416001,0,6163685,30818425,29910829,1000000,3834537333,read,1869426
measured,probe-memory-buffer,run,3025,18420001,0,6163685,30818425,29914400,1000000,3834537333,read,1869650
measured,probe-memory-buffer,run,3026,18424001,0,6163685,30818425,29917971,1000000,3834537333,read,1869873
measured,probe-memory-buffer,run,3027,18428001,0,6163685,30818425,29921543,1000000,3834537333,read,1870096
measured,probe-memory-buffer,run,3028,18432001,0,6163685,30818425,29925114,1000000,3834537333,read,1870319
measured,probe-memory-buffer,run,3029,18434201,0,6229220,31146100,30146100,1000000,3960382242,update,0
measured,probe-memory-buffer,run,3030,18436101,0,6229220,31146100,30148036,1000000,3960382242,read,1884252
measured,probe-memory-buffer,run,3031,18444801,0,6229220,31146100,30155966,1000000,3960382242,read,1884747
measured,probe-memory-buffer,run,3032,18448801,0,6229220,31146100,30159747,1000000,3960382242,read,1884984
measured,probe-memory-buffer,run,3033,18452801,0,6229220,31146100,30163435,1000000,3960382242,read,1885214
measured,probe-memory-buffer,run,3034,18456801,0,6229220,31146100,30167123,1000000,3960382242,read,1885445
measured,probe-memory-buffer,run,3035,18460801,0,6229220,31146100,30170812,1000000,3960382242,read,1885675
measured,probe-memory-buffer,run,3036,18464801,0,6229220,31146100,30174500,1000000,3960382242,read,1885906
measured,probe-memory-buffer,run,3037,18468801,0,6229220,31146100,30178189,1000000,3960382242,read,1886136
measured,probe-memory-buffer,run,3038,18472801,0,6229220,31146100,30181877,1000000,3960382242,read,1886367
measured,probe-memory-buffer,run,3039,18476801,0,6229220,31146100,30185565,1000000,3960382242,read,1886597
measured,probe-memory-buffer,run,3040,18480801,0,6229220,31146100,30189254,1000000,3960382242,read,1886828
measured,probe-memory-buffer,run,3041,18486201,0,6229220,31146100,30194141,1000000,3960382242,read,1887133
measured,probe-memory-buffer,run,3042,18490201,0,6229220,31146100,30197829,1000000,3960382242,read,1887364
measured,probe-memory-buffer,run,3043,18494201,0,6229220,31146100,30201518,1000000,3960382242,read,1887594
measured,probe-memory-buffer,run,3044,18498201,0,6229220,31146100,30205298,1000000,3960382242,read,1887831
measured,probe-memory-buffer,run,3045,18502201,0,6229220,31146100,30208987,1000000,3960382242,read,1888061
measured,probe-memory-buffer,run,3046,18506701,0,6229220,31146100,30213136,1000000,3960382242,read,1888321
measured,probe-memory-buffer,run,3047,18510701,0,6229220,31146100,30216824,1000000,3960382242,read,1888551
measured,probe-memory-buffer,run,3048,18514701,0,6229220,31146100,30220513,1000000,3960382242,read,1888782
measured,probe-memory-buffer,run,3049,18518701,0,6229220,31146100,30224201,1000000,3960382242,read,1889012
measured,probe-memory-buffer,run,3050,18522701,0,6229220,31146100,30227890,1000000,3960382242,read,1889243
measured,probe-memory-buffer,run,3051,18526701,0,6229220,31146100,30231578,1000000,3960382242,read,1889473
measured,probe-memory-buffer,run,3052,18530701,0,6229220,31146100,30235266,1000000,3960382242,read,1889704
measured,probe-memory-buffer,run,3053,18534701,0,6229220,31146100,30238955,1000000,3960382242,read,1889934
measured,probe-memory-buffer,run,3054,18538701,0,6229220,31146100,30242643,1000000,3960382242,read,1890165
measured,probe-memory-buffer,run,3055,18542701,0,6229220,31146100,30246332,1000000,3960382242,read,1890395
measured,probe-memory-buffer,run,3056,18546701,0,6229220,31146100,30250020,1000000,3960382242,read,1890626
measured,probe-memory-buffer,run,3057,18550701,0,6229220,31146100,30253708,1000000,3960382242,read,1890856
measured,probe-memory-buffer,run,3058,18554701,0,6229220,31146100,30257397,1000000,3960382242,read,1891087
measured,probe-memory-buffer,run,3059,18557401,0,6360290,31801450,30801450,1000000,4054765923,update,0
measured,probe-memory-buffer,run,3060,18559101,0,6360290,31801450,30803149,1000000,4054765923,read,1925196
measured,probe-memory-buffer,run,3061,18563401,0,6360290,31801450,30807114,1000000,4054765923,read,1925444
measured,probe-memory-buffer,run,3062,18567401,0,6360290,31801450,30810985,1000000,4054765923,read,1925686
measured,probe-memory-buffer,run,3063,18571801,0,6360290,31801450,30815139,1000000,4054765923,read,1925946
measured,probe-memory-buffer,run,3064,18575801,0,6360290,31801450,30818915,1000000,4054765923,read,1926182
measured,probe-memory-buffer,run,3065,18579801,0,6360290,31801450,30822691,1000000,4054765923,read,1926418
measured,probe-memory-buffer,run,3066,18583801,0,6360290,31801450,30826467,1000000,4054765923,read,1926654
measured,probe-memory-buffer,run,3067,18587801,0,6360290,31801450,30830244,1000000,4054765923,read,1926890
measured,probe-memory-buffer,run,3068,18591901,0,6360290,31801450,30834020,1000000,4054765923,read,1927126
measured,probe-memory-buffer,run,3069,18595901,0,6360290,31801450,30837796,1000000,4054765923,read,1927362
measured,probe-memory-buffer,run,3070,18599901,0,6360290,31801450,30841573,1000000,4054765923,read,1927598
measured,probe-memory-buffer,run,3071,18603801,0,6360290,31801450,30845349,1000000,4054765923,read,1927834
measured,probe-memory-buffer,run,3072,18607801,0,6360290,31801450,30849125,1000000,4054765923,read,1928070
measured,probe-memory-buffer,run,3073,18611801,0,6360290,31801450,30852902,1000000,4054765923,read,1928306
measured,probe-memory-buffer,run,3074,18615801,0,6360290,31801450,30856678,1000000,4054765923,read,1928542
measured,probe-memory-buffer,run,3075,18619801,0,6360290,31801450,30860454,1000000,4054765923,read,1928778
measured,probe-memory-buffer,run,3076,18623801,0,6360290,31801450,30864230,1000000,4054765923,read,1929014
measured,probe-memory-buffer,run,3077,18627801,0,6360290,31801450,30868007,1000000,4054765923,read,1929250
measured,probe-memory-buffer,run,3078,18631801,0,6360290,31801450,30871783,1000000,4054765923,read,1929486
measured,probe-memory-buffer,run,3079,18636101,0,6360290,31801450,30875843,1000000,4054765923,read,1929740
measured,probe-memory-buffer,run,3080,18640101,0,6360290,31801450,30879619,1000000,4054765923,read,1929976
measured,probe-memory-buffer,run,3081,18644101,0,6360290,31801450,30883395,1000000,4054765923,read,1930212
measured,probe-memory-buffer,run,3082,18648101,0,6360290,31801450,30887171,1000000,4054765923,read,1930448
measured,probe-memory-buffer,run,3083,18652101,0,6360290,31801450,30890948,1000000,4054765923,read,1930684
measured,probe-memory-buffer,run,3084,18656101,0,6360290,31801450,30894724,1000000,4054765923,read,1930920
measured,probe-memory-buffer,run,3085,18660101,0,6360290,31801450,30898500,1000000,4054765923,read,1931156
measured,probe-memory-buffer,run,3086,18664101,0,6360290,31801450,30902277,1000000,4054765923,read,1931392
measured,probe-memory-buffer,run,3087,18668101,0,6360290,31801450,30906053,1000000,4054765923,read,1931628
measured,probe-memory-buffer,run,3088,18672101,0,6360290,31801450,30909829,1000000,4054765923,read,1931864
measured,probe-memory-buffer,run,3089,18676101,0,6360290,31801450,30913605,1000000,4054765923,read,1932100
measured,probe-memory-buffer,run,3090,18678601,0,6491360,32456800,31456800,1000000,4125553684,update,0
measured,probe-memory-buffer,run,3091,18680201,0,6491360,32456800,31458528,1000000,4125553684,read,1966158
measured,probe-memory-buffer,run,3092,18684301,0,6491360,32456800,31462467,1000000,4125553684,read,1966404
measured,probe-memory-buffer,run,3093,18688301,0,6491360,32456800,31466309,1000000,4125553684,read,1966644
measured,probe-memory-buffer,run,3094,18692301,0,6491360,32456800,31470151,1000000,4125553684,read,1966884
measured,probe-memory-buffer,run,3095,18696301,0,6491360,32456800,31473993,1000000,4125553684,read,1967124
measured,probe-memory-buffer,run,3096,18700801,0,6491360,32456800,31478220,1000000,4125553684,read,1967388
measured,probe-memory-buffer,run,3097,18704801,0,6491360,32456800,31482062,1000000,4125553684,read,1967628
measured,probe-memory-buffer,run,3098,18709801,0,6491360,32456800,31486961,1000000,4125553684,read,1967935
measured,probe-memory-buffer,run,3099,18713801,0,6491360,32456800,31490803,1000000,4125553684,read,1968175
measured,probe-memory-buffer,run,3100,18717801,0,6491360,32456800,31494645,1000000,4125553684,read,1968415
measured,probe-memory-buffer,run,3101,18721801,0,6491360,32456800,31498488,1000000,4125553684,read,1968655
measured,probe-memory-buffer,run,3102,18725801,0,6491360,32456800,31502330,1000000,4125553684,read,1968895
measured,probe-memory-buffer,run,3103,18729801,0,6491360,32456800,31506172,1000000,4125553684,read,1969135
measured,probe-memory-buffer,run,3104,18733801,0,6491360,32456800,31510014,1000000,4125553684,read,1969375
measured,probe-memory-buffer,run,3105,18737801,0,6491360,32456800,31513856,1000000,4125553684,read,1969616
measured,probe-memory-buffer,run,3106,18741801,0,6491360,32456800,31517699,1000000,4125553684,read,1969856
measured,probe-memory-buffer,run,3107,18745801,0,6491360,32456800,31521541,1000000,4125553684,read,1970096
measured,probe-memory-buffer,run,3108,18749801,0,6491360,32456800,31525383,1000000,4125553684,read,1970336
measured,probe-memory-buffer,run,3109,18753801,0,6491360,32456800,31529225,1000000,4125553684,read,1970576
measured,probe-memory-buffer,run,3110,18757801,0,6491360,32456800,31533068,1000000,4125553684,read,1970816
measured,probe-memory-buffer,run,3111,18761801,0,6491360,32456800,31536910,1000000,4125553684,read,1971056
measured,probe-memory-buffer,run,3112,18766201,0,6491360,32456800,31541136,1000000,4125553684,read,1971321
measured,probe-memory-buffer,run,3113,18770201,0,6491360,32456800,31544978,1000000,4125553684,read,1971561
measured,probe-memory-buffer,run,3114,18774201,0,6491360,32456800,31548821,1000000,4125553684,read,1971801
measured,probe-memory-buffer,run,3115,18778201,0,6491360,32456800,31552663,1000000,4125553684,read,1972041
measured,probe-memory-buffer,run,3116,18782201,0,6491360,32456800,31556505,1000000,4125553684,read,1972281
measured,probe-memory-buffer,run,3117,18786201,0,6491360,32456800,31560347,1000000,4125553684,read,1972521
measured,probe-memory-buffer,run,3118,18790201,0,6491360,32456800,31564190,1000000,4125553684,read,1972761
measured,probe-memory-buffer,run,3119,18794201,0,6491360,32456800,31568032,1000000,4125553684,read,1973002
measured,probe-memory-buffer,run,3120,18798301,0,6491360,32456800,31571874,1000000,4125553684,read,1973242
measured,probe-memory-buffer,run,3121,18800201,0,6622430,33112150,32112150,1000000,4178644505,update,0
measured,probe-memory-buffer,run,3122,18808101,0,6622430,33112150,32119933,1000000,4178644505,read,2007495
measured,probe-memory-buffer,run,3123,18812501,0,6622430,33112150,32124214,1000000,4178644505,read,2007763
measured,probe-memory-buffer,run,3124,18816501,0,6622430,33112150,32128105,1000000,4178644505,read,2008006
measured,probe-memory-buffer,run,3125,18820501,0,6622430,33112150,32131997,1000000,4178644505,read,2008249
measured,probe-memory-buffer,run,3126,18824501,0,6622430,33112150,32135889,1000000,4178644505,read,2008493
measured,probe-memory-buffer,run,3127,18828501,0,6622430,33112150,32139780,1000000,4178644505,read,2008736
measured,probe-memory-buffer,run,3128,18832501,0,6622430,33112150,32143672,1000000,4178644505,read,2008979
measured,probe-memory-buffer,run,3129,18837101,0,6622430,33112150,32148147,1000000,4178644505,read,2009259
measured,probe-memory-buffer,run,3130,18841101,0,6622430,33112150,32152039,1000000,4178644505,read,2009502
measured,probe-memory-buffer,run,3131,18845101,0,6622430,33112150,32155931,1000000,4178644505,read,2009745
measured,probe-memory-buffer,run,3132,18849101,0,6622430,33112150,32159822,1000000,4178644505,read,2009988
measured,probe-memory-buffer,run,3133,18853101,0,6622430,33112150,32163811,1000000,4178644505,read,2010238
measured,probe-memory-buffer,run,3134,18857101,0,6622430,33112150,32167703,1000000,4178644505,read,2010481
measured,probe-memory-buffer,run,3135,18861101,0,6622430,33112150,32171595,1000000,4178644505,read,2010724
measured,probe-memory-buffer,run,3136,18865101,0,6622430,33112150,32175486,1000000,4178644505,read,2010967
measured,probe-memory-buffer,run,3137,18869101,0,6622430,33112150,32179378,1000000,4178644505,read,2011211
measured,probe-memory-buffer,run,3138,18873101,0,6622430,33112150,32183270,1000000,4178644505,read,2011454
measured,probe-memory-buffer,run,3139,18877101,0,6622430,33112150,32187161,1000000,4178644505,read,2011697
measured,probe-memory-buffer,run,3140,18881101,0,6622430,33112150,32191053,1000000,4178644505,read,2011940
measured,probe-memory-buffer,run,3141,18885101,0,6622430,33112150,32194945,1000000,4178644505,read,2012184
measured,probe-memory-buffer,run,3142,18889101,0,6622430,33112150,32198836,1000000,4178644505,read,2012427
measured,probe-memory-buffer,run,3143,18889501,0,6622430,33112150,32199226,1000000,4178644505,read,2012451
measured,probe-memory-buffer,run,3144,18889901,0,6622430,33112150,32199615,1000000,4178644505,read,2012475
measured,probe-memory-buffer,run,3145,18890401,0,6622430,33112150,32200004,1000000,4178644505,read,2012500
measured,probe-memory-buffer,run,3146,18890801,0,6622430,33112150,32200490,1000000,4178644505,read,2012530
measured,probe-memory-buffer,run,3147,18891201,0,6622430,33112150,32200879,1000000,4178644505,read,2012554
measured,probe-memory-buffer,run,3148,18891601,0,6622430,33112150,32201269,1000000,4178644505,read,2012579
measured,probe-memory-buffer,run,3149,18892001,0,6622430,33112150,32201658,1000000,4178644505,read,2012603
measured,probe-memory-buffer,run,3150,18892401,0,6622430,33112150,32202047,1000000,4178644505,read,2012627
measured,probe-memory-buffer,run,3151,18892901,0,6622430,33112150,32202436,1000000,4178644505,read,2012652
measured,probe-memory-buffer,run,3152,18893301,0,6622430,33112150,32202923,1000000,4178644505,read,2012682
measured,probe-memory-buffer,run,3153,18893701,0,6622430,33112150,32203312,1000000,4178644505,read,2012707
measured,probe-memory-buffer,run,3154,18894101,0,6622430,33112150,32203701,1000000,4178644505,read,2012731
measured,probe-memory-buffer,run,3155,18895901,0,6622430,33112150,32205452,1000000,4178644505,read,2012840
measured,probe-memory-buffer,run,3156,18896301,0,6622430,33112150,32205841,1000000,4178644505,read,2012865
measured,probe-memory-buffer,run,3157,18896701,0,6622430,33112150,32206231,1000000,4178644505,read,2012889
measured,probe-memory-buffer,run,3158,18897101,0,6622430,33112150,32206620,1000000,4178644505,read,2012913
measured,probe-memory-buffer,run,3159,18897601,0,6622430,33112150,32207009,1000000,4178644505,read,2012938
measured,probe-memory-buffer,run,3160,18898001,0,6622430,33112150,32207495,1000000,4178644505,read,2012968
measured,probe-memory-buffer,run,3161,18898401,0,6622430,33112150,32207884,1000000,4178644505,read,2012992
measured,probe-memory-buffer,run,3162,18898801,0,6622430,33112150,32208274,1000000,4178644505,read,2013017
measured,probe-memory-buffer,run,3163,18899201,0,6622430,33112150,32208663,1000000,4178644505,read,2013041
measured,probe-memory-buffer,run,3164,18899701,0,6622430,33112150,32209052,1000000,4178644505,read,2013065
measured,probe-memory-buffer,run,3165,18900101,0,6622430,33112150,32209441,1000000,4178644505,read,2013090
measured,probe-memory-buffer,run,3166,18900501,0,6622430,33112150,32209928,1000000,4178644505,read,2013120
measured,probe-memory-buffer,run,3167,18900901,0,6622430,33112150,32210317,1000000,4178644505,read,2013144
measured,probe-memory-buffer,run,3168,18901301,0,6622430,33112150,32210706,1000000,4178644505,read,2013169
measured,probe-memory-buffer,run,3169,18901701,0,6622430,33112150,32211095,1000000,4178644505,read,2013193
measured,probe-memory-buffer,run,3170,18902201,0,6622430,33112150,32211484,1000000,4178644505,read,2013217
measured,probe-memory-buffer,run,3171,18902601,0,6622430,33112150,32211971,1000000,4178644505,read,2013248
measured,probe-memory-buffer,run,3172,18903001,0,6622430,33112150,32212360,1000000,4178644505,read,2013272
measured,probe-memory-buffer,run,3173,18903401,0,6622430,33112150,32212749,1000000,4178644505,read,2013296
measured,probe-memory-buffer,run,3174,18903801,0,6622430,33112150,32213138,1000000,4178644505,read,2013321
measured,probe-memory-buffer,run,3175,18904301,0,6622430,33112150,32213527,1000000,4178644505,read,2013345
measured,probe-memory-buffer,run,3176,18904701,0,6622430,33112150,32214014,1000000,4178644505,read,2013375
measured,probe-memory-buffer,run,3177,18905101,0,6622430,33112150,32214403,1000000,4178644505,read,2013400
measured,probe-memory-buffer,run,3178,18905501,0,6622430,33112150,32214792,1000000,4178644505,read,2013424
measured,probe-memory-buffer,run,3179,18905901,0,6622430,33112150,32215181,1000000,4178644505,read,2013448
measured,probe-memory-buffer,run,3180,18906401,0,6622430,33112150,32215571,1000000,4178644505,read,2013473
measured,probe-memory-buffer,run,3181,18923201,0,6687965,33439825,32439825,1000000,4294967296,update,0
measured,probe-memory-buffer,run,3182,18960201,0,6687965,33439825,32477025,1000000,4294967296,read,2029814
measured,probe-memory-buffer,run,3183,18960801,0,6687965,33439825,32477525,1000000,4294967296,read,2029845
measured,probe-memory-buffer,run,3184,18961201,0,6687965,33439825,32478025,1000000,4294967296,read,2029876
measured,probe-memory-buffer,run,3185,18961601,0,6687965,33439825,32478425,1000000,4294967296,read,2029901
measured,probe-memory-buffer,run,3186,18962001,0,6687965,33439825,32478825,1000000,4294967296,read,2029926
measured,probe-memory-buffer,run,3187,18962401,0,6687965,33439825,32479225,1000000,4294967296,read,2029951
measured,probe-memory-buffer,run,3188,18962901,0,6687965,33439825,32479625,1000000,4294967296,read,2029976
measured,probe-memory-buffer,run,3189,18963301,0,6687965,33439825,32480125,1000000,4294967296,read,2030007
measured,probe-memory-buffer,run,3190,18963701,0,6687965,33439825,32480525,1000000,4294967296,read,2030032
measured,probe-memory-buffer,run,3191,18964101,0,6687965,33439825,32480925,1000000,4294967296,read,2030057
measured,probe-memory-buffer,run,3192,18964501,0,6687965,33439825,32481325,1000000,4294967296,read,2030082
measured,probe-memory-buffer,run,3193,18965001,0,6687965,33439825,32481725,1000000,4294967296,read,2030107
measured,probe-memory-buffer,run,3194,18965401,0,6687965,33439825,32482225,1000000,4294967296,read,2030139
measured,probe-memory-buffer,run,3195,18965801,0,6687965,33439825,32482625,1000000,4294967296,read,2030164
measured,probe-memory-buffer,run,3196,18966201,0,6687965,33439825,32483025,1000000,4294967296,read,2030189
measured,probe-memory-buffer,run,3197,18966701,0,6687965,33439825,32483425,1000000,4294967296,read,2030214
measured,probe-memory-buffer,run,3198,18967101,0,6687965,33439825,32483825,1000000,4294967296,read,2030239
measured,probe-memory-buffer,run,3199,18967501,0,6687965,33439825,32484325,1000000,4294967296,read,2030270
measured,probe-memory-buffer,run,3200,18967901,0,6687965,33439825,32484725,1000000,4294967296,read,2030295
measured,probe-memory-buffer,run,3201,18968301,0,6687965,33439825,32485125,1000000,4294967296,read,2030320
measured,probe-memory-buffer,run,3202,18968701,0,6687965,33439825,32485525,1000000,4294967296,read,2030345
measured,probe-memory-buffer,run,3203,18969201,0,6687965,33439825,32485925,1000000,4294967296,read,2030370
measured,probe-memory-buffer,run,3204,18969601,0,6687965,33439825,32486425,1000000,4294967296,read,2030401
measured,probe-memory-buffer,run,3205,18970001,0,6687965,33439825,32486825,1000000,4294967296,read,2030426
measured,probe-memory-buffer,run,3206,18970401,0,6687965,33439825,32487225,1000000,4294967296,read,2030451
measured,probe-memory-buffer,run,3207,18970801,0,6687965,33439825,32487625,1000000,4294967296,read,2030476
measured,probe-memory-buffer,run,3208,18971301,0,6687965,33439825,32488025,1000000,4294967296,read,2030501
measured,probe-memory-buffer,run,3209,18971701,0,6687965,33439825,32488525,1000000,4294967296,read,2030532
measured,probe-memory-buffer,run,3210,18972101,0,6687965,33439825,32488925,1000000,4294967296,read,2030557
measured,probe-memory-buffer,run,3211,18972501,0,6687965,33439825,32489325,1000000,4294967296,read,2030582
measured,probe-memory-buffer,run,3212,18974701,0,6687965,33439825,32491525,1000000,4294967296,read,2030720
measured,probe-memory-buffer,run,3213,18975101,0,6687965,33439825,32491925,1000000,4294967296,read,2030745
measured,probe-memory-buffer,run,3214,18975501,0,6687965,33439825,32492325,1000000,4294967296,read,2030770
measured,probe-memory-buffer,run,3215,18976001,0,6687965,33439825,32492725,1000000,4294967296,read,2030795
measured,probe-memory-buffer,run,3216,18976401,0,6687965,33439825,32493225,1000000,4294967296,read,2030826
measured,probe-memory-buffer,run,3217,18976801,0,6687965,33439825,32493625,1000000,4294967296,read,2030851
measured,probe-memory-buffer,run,3218,18977201,0,6687965,33439825,32494025,1000000,4294967296,read,2030876
measured,probe-memory-buffer,run,3219,18977701,0,6687965,33439825,32494425,1000000,4294967296,read,2030901
measured,probe-memory-buffer,run,3220,18978101,0,6687965,33439825,32494825,1000000,4294967296,read,2030926
measured,probe-memory-buffer,run,3221,18978501,0,6687965,33439825,32495325,1000000,4294967296,read,2030957
measured,probe-memory-buffer,run,3222,18978901,0,6687965,33439825,32495725,1000000,4294967296,read,2030982
measured,probe-memory-buffer,run,3223,18979301,0,6687965,33439825,32496125,1000000,4294967296,read,2031007
measured,probe-memory-buffer,run,3224,18979701,0,6687965,33439825,32496525,1000000,4294967296,read,2031032
measured,probe-memory-buffer,run,3225,18980201,0,6687965,33439825,32496925,1000000,4294967296,read,2031057
measured,probe-memory-buffer,run,3226,18980601,0,6687965,33439825,32497425,1000000,4294967296,read,2031089
measured,probe-memory-buffer,run,3227,18981001,0,6687965,33439825,32497825,1000000,4294967296,read,2031114
measured,probe-memory-buffer,run,3228,18981401,0,6687965,33439825,32498225,1000000,4294967296,read,2031139
measured,probe-memory-buffer,run,3229,18981801,0,6687965,33439825,32498625,1000000,4294967296,read,2031164
measured,probe-memory-buffer,run,3230,18982301,0,6687965,33439825,32499025,1000000,4294967296,read,2031189
measured,probe-memory-buffer,run,3231,18982701,0,6687965,33439825,32499425,1000000,4294967296,read,2031214
measured,probe-memory-buffer,run,3232,18983101,0,6687965,33439825,32499925,1000000,4294967296,read,2031245
measured,probe-memory-buffer,run,3233,18983501,0,6687965,33439825,32500325,1000000,4294967296,read,2031270
measured,probe-memory-buffer,run,3234,18983901,0,6687965,33439825,32500725,1000000,4294967296,read,2031295
measured,probe-memory-buffer,run,3235,18984301,0,6687965,33439825,32501125,1000000,4294967296,read,2031320
measured,probe-memory-buffer,run,3236,18984801,0,6687965,33439825,32501525,1000000,4294967296,read,2031345
measured,probe-memory-buffer,run,3237,18985201,0,6687965,33439825,32502025,1000000,4294967296,read,2031376
measured,probe-memory-buffer,run,3238,18985601,0,6687965,33439825,32502425,1000000,4294967296,read,2031401
measured,probe-memory-buffer,run,3239,18986001,0,6687965,33439825,32502825,1000000,4294967296,read,2031426
measured,probe-memory-buffer,run,3240,18986401,0,6687965,33439825,32503225,1000000,4294967296,read,2031451
measured,probe-memory-buffer,run,3241,18986901,0,6687965,33439825,32503625,1000000,4294967296,read,2031476
measured,probe-memory-buffer,run,3242,18987301,0,6687965,33439825,32504125,1000000,4294967296,read,2031507
measured,probe-memory-buffer,run,3243,18987701,0,6687965,33439825,32504525,1000000,4294967296,read,2031532
measured,probe-memory-buffer,run,3244,18988101,0,6687965,33439825,32504925,1000000,4294967296,read,2031557
measured,probe-memory-buffer,run,3245,18988501,0,6687965,33439825,32505325,1000000,4294967296,read,2031582
measured,probe-memory-buffer,run,3246,18988901,0,6687965,33439825,32505725,1000000,4294967296,read,2031607
measured,probe-memory-buffer,run,3247,18989401,0,6687965,33439825,32506125,1000000,4294967296,read,2031632
measured,probe-memory-buffer,run,3248,18989801,0,6687965,33439825,32506525,1000000,4294967296,read,2031657
measured,probe-memory-buffer,run,3249,18990201,0,6687965,33439825,32507025,1000000,4294967296,read,2031689
measured,probe-memory-buffer,run,3250,18990601,0,6687965,33439825,32507425,1000000,4294967296,read,2031714
measured,probe-memory-buffer,run,3251,18991001,0,6687965,33439825,32507825,1000000,4294967296,read,2031739
measured,probe-memory-buffer,run,3252,18991401,0,6687965,33439825,32508225,1000000,4294967296,read,2031764
measured,probe-memory-buffer,run,3253,18991901,0,6687965,33439825,32508625,1000000,4294967296,read,2031789
measured,probe-memory-buffer,run,3254,18992301,0,6687965,33439825,32509125,1000000,4294967296,read,2031820
measured,probe-memory-buffer,run,3255,18992701,0,6687965,33439825,32509525,1000000,4294967296,read,2031845
measured,probe-memory-buffer,run,3256,18993101,0,6687965,33439825,32509925,1000000,4294967296,read,2031870
measured,probe-memory-buffer,run,3257,18993501,0,6687965,33439825,32510325,1000000,4294967296,read,2031895
measured,probe-memory-buffer,run,3258,18993901,0,6687965,33439825,32510725,1000000,4294967296,read,2031920
measured,probe-memory-buffer,run,3259,18994401,0,6687965,33439825,32511125,1000000,4294967296,read,2031945
measured,probe-memory-buffer,run,3260,18994801,0,6687965,33439825,32511625,1000000,4294967296,read,2031976
measured,probe-memory-buffer,run,3261,18995201,0,6687965,33439825,32512025,1000000,4294967296,read,2032001
measured,probe-memory-buffer,run,3262,18995601,0,6687965,33439825,32512425,1000000,4294967296,read,2032026
measured,probe-memory-buffer,run,3263,18996001,0,6687965,33439825,32512825,1000000,4294967296,read,2032051
measured,probe-memory-buffer,run,3264,18996401,0,6687965,33439825,32513225,1000000,4294967296,read,2032076
measured,probe-memory-buffer,run,3265,18996901,0,6687965,33439825,32513625,1000000,4294967296,read,2032101
measured,probe-memory-buffer,run,3266,18997301,0,6687965,33439825,32514125,1000000,4294967296,read,2032132
measured,probe-memory-buffer,run,3267,18997701,0,6687965,33439825,32514525,1000000,4294967296,read,2032157
measured,probe-memory-buffer,run,3268,18998101,0,6687965,33439825,32514925,1000000,4294967296,read,2032182
measured,probe-memory-buffer,run,3269,18999501,0,6687965,33439825,32516325,1000000,4294967296,read,2032270
measured,probe-memory-buffer,run,3270,18999901,0,6687965,33439825,32516725,1000000,4294967296,read,2032295
measured,probe-memory-buffer,run,3271,19000301,0,6687965,33439825,32517125,1000000,4294967296,read,2032320
measured,probe-memory-buffer,run,3272,19004301,0,6687965,33439825,32521125,1000000,4294967296,read,2032570
measured,probe-memory-buffer,run,3273,19008301,0,6687965,33439825,32525125,1000000,4294967296,read,2032820
measured,probe-memory-buffer,run,3274,19012301,0,6687965,33439825,32529125,1000000,4294967296,read,2033070
measured,probe-memory-buffer,run,3275,19016301,0,6687965,33439825,32533125,1000000,4294967296,read,2033320
measured,probe-memory-buffer,run,3276,19020301,0,6687965,33439825,32537125,1000000,4294967296,read,2033570
measured,probe-memory-buffer,run,3277,19024301,0,6687965,33439825,32541125,1000000,4294967296,read,2033820
measured,probe-memory-buffer,run,3278,19028301,0,6687965,33439825,32545125,1000000,4294967296,read,2034070
measured,probe-memory-buffer,run,3279,19032301,0,6687965,33439825,32549125,1000000,4294967296,read,2034320
measured,probe-memory-buffer,run,3280,19036301,0,6687965,33439825,32553125,1000000,4294967296,read,2034570
measured,probe-memory-buffer,run,3281,19041001,0,6687965,33439825,32557725,1000000,4294967296,read,2034857
measured,probe-memory-buffer,run,3282,19044101,0,6819035,34095175,33095175,1000000,4294967296,update,0
measured,probe-memory-buffer,run,3283,19053201,0,6819035,34095175,33104375,1000000,4294967296,read,2069023
measured,probe-memory-buffer,run,3284,19057701,0,6819035,34095175,33108875,1000000,4294967296,read,2069304
measured,probe-memory-buffer,run,3285,19061701,0,6819035,34095175,33112875,1000000,4294967296,read,2069554
measured,probe-memory-buffer,run,3286,19065701,0,6819035,34095175,33116875,1000000,4294967296,read,2069804
measured,probe-memory-buffer,run,3287,19069701,0,6819035,34095175,33120875,1000000,4294967296,read,2070054
measured,probe-memory-buffer,run,3288,19073701,0,6819035,34095175,33124875,1000000,4294967296,read,2070304
measured,probe-memory-buffer,run,3289,19077701,0,6819035,34095175,33128875,1000000,4294967296,read,2070554
measured,probe-memory-buffer,run,3290,19081701,0,6819035,34095175,33132875,1000000,4294967296,read,2070804
measured,probe-memory-buffer,run,3291,19085701,0,6819035,34095175,33136875,1000000,4294967296,read,2071054
measured,probe-memory-buffer,run,3292,19089701,0,6819035,34095175,33140875,1000000,4294967296,read,2071304
measured,probe-memory-buffer,run,3293,19093701,0,6819035,34095175,33144875,1000000,4294967296,read,2071554
measured,probe-memory-buffer,run,3294,19097701,0,6819035,34095175,33148875,1000000,4294967296,read,2071804
measured,probe-memory-buffer,run,3295,19101701,0,6819035,34095175,33152875,1000000,4294967296,read,2072054
measured,probe-memory-buffer,run,3296,19105701,0,6819035,34095175,33156875,1000000,4294967296,read,2072304
measured,probe-memory-buffer,run,3297,19109701,0,6819035,34095175,33160875,1000000,4294967296,read,2072554
measured,probe-memory-buffer,run,3298,19114401,0,6819035,34095175,33165575,1000000,4294967296,read,2072848
measured,probe-memory-buffer,run,3299,19118401,0,6819035,34095175,33169575,1000000,4294967296,read,2073098
measured,probe-memory-buffer,run,3300,19122401,0,6819035,34095175,33173575,1000000,4294967296,read,2073348
measured,probe-memory-buffer,run,3301,19126401,0,6819035,34095175,33177575,1000000,4294967296,read,2073598
measured,probe-memory-buffer,run,3302,19130401,0,6819035,34095175,33181575,1000000,4294967296,read,2073848
measured,probe-memory-buffer,run,3303,19134401,0,6819035,34095175,33185575,1000000,4294967296,read,2074098
measured,probe-memory-buffer,run,3304,19138401,0,6819035,34095175,33189575,1000000,4294967296,read,2074348
measured,probe-memory-buffer,run,3305,19142401,0,6819035,34095175,33193575,1000000,4294967296,read,2074598
measured,probe-memory-buffer,run,3306,19146401,0,6819035,34095175,33197575,1000000,4294967296,read,2074848
measured,probe-memory-buffer,run,3307,19150401,0,6819035,34095175,33201575,1000000,4294967296,read,2075098
measured,probe-memory-buffer,run,3308,19154401,0,6819035,34095175,33205575,1000000,4294967296,read,2075348
measured,probe-memory-buffer,run,3309,19158401,0,6819035,34095175,33209575,1000000,4294967296,read,2075598
measured,probe-memory-buffer,run,3310,19162401,0,6819035,34095175,33213575,1000000,4294967296,read,2075848
measured,probe-memory-buffer,run,3311,19166801,0,6884570,34422850,33422850,1000000,4294967296,update,0
measured,probe-memory-buffer,run,3312,19199701,0,6884570,34422850,33455850,1000000,4294967296,read,2090990
measured,probe-memory-buffer,run,3313,19206301,0,6884570,34422850,33462450,1000000,4294967296,read,2091403
measured,probe-memory-buffer,run,3314,19210401,0,6884570,34422850,33466650,1000000,4294967296,read,2091665
measured,probe-memory-buffer,run,3315,19216101,0,6884570,34422850,33472350,1000000,4294967296,read,2092021
measured,probe-memory-buffer,run,3316,19220201,0,6884570,34422850,33476350,1000000,4294967296,read,2092271
measured,probe-memory-buffer,run,3317,19224201,0,6884570,34422850,33480450,1000000,4294967296,read,2092528
measured,probe-memory-buffer,run,3318,19228201,0,6884570,34422850,33484450,1000000,4294967296,read,2092778
measured,probe-memory-buffer,run,3319,19232201,0,6884570,34422850,33488450,1000000,4294967296,read,2093028
measured,probe-memory-buffer,run,3320,19236201,0,6884570,34422850,33492450,1000000,4294967296,read,2093278
measured,probe-memory-buffer,run,3321,19240201,0,6884570,34422850,33496450,1000000,4294967296,read,2093528
measured,probe-memory-buffer,run,3322,19244201,0,6884570,34422850,33500450,1000000,4294967296,read,2093778
measured,probe-memory-buffer,run,3323,19248201,0,6884570,34422850,33504450,1000000,4294967296,read,2094028
measured,probe-memory-buffer,run,3324,19252201,0,6884570,34422850,33508450,1000000,4294967296,read,2094278
measured,probe-memory-buffer,run,3325,19259301,0,6884570,34422850,33515450,1000000,4294967296,read,2094715
measured,probe-memory-buffer,run,3326,19263301,0,6884570,34422850,33519550,1000000,4294967296,read,2094971
measured,probe-memory-buffer,run,3327,19267301,0,6884570,34422850,33523550,1000000,4294967296,read,2095221
measured,probe-memory-buffer,run,3328,19271301,0,6884570,34422850,33527550,1000000,4294967296,read,2095471
measured,probe-memory-buffer,run,3329,19275301,0,6884570,34422850,33531550,1000000,4294967296,read,2095721
measured,probe-memory-buffer,run,3330,19279301,0,6884570,34422850,33535550,1000000,4294967296,read,2095971
measured,probe-memory-buffer,run,3331,19283901,0,6884570,34422850,33540050,1000000,4294967296,read,2096253
measured,probe-memory-buffer,run,3332,19288201,0,7015640,35078200,34078200,1000000,4294967296,update,0
measured,probe-memory-buffer,run,3333,19295701,0,7015640,35078200,34085700,1000000,4294967296,read,2130356
measured,probe-memory-buffer,run,3334,19300201,0,7015640,35078200,34090300,1000000,4294967296,read,2130643
measured,probe-memory-buffer,run,3335,19304201,0,7015640,35078200,34094300,1000000,4294967296,read,2130893
measured,probe-memory-buffer,run,3336,19308201,0,7015640,35078200,34098300,1000000,4294967296,read,2131143
measured,probe-memory-buffer,run,3337,19312201,0,7015640,35078200,34102300,1000000,4294967296,read,2131393
measured,probe-memory-buffer,run,3338,19316201,0,7015640,35078200,34106300,1000000,4294967296,read,2131643
measured,probe-memory-buffer,run,3339,19320201,0,7015640,35078200,34110300,1000000,4294967296,read,2131893
measured,probe-memory-buffer,run,3340,19324201,0,7015640,35078200,34114300,1000000,4294967296,read,2132143
measured,probe-memory-buffer,run,3341,19328201,0,7015640,35078200,34118300,1000000,4294967296,read,2132393
measured,probe-memory-buffer,run,3342,19332201,0,7015640,35078200,34122300,1000000,4294967296,read,2132643
measured,probe-memory-buffer,run,3343,19336201,0,7015640,35078200,34126300,1000000,4294967296,read,2132893
measured,probe-memory-buffer,run,3344,19340201,0,7015640,35078200,34130300,1000000,4294967296,read,2133143
measured,probe-memory-buffer,run,3345,19344201,0,7015640,35078200,34134300,1000000,4294967296,read,2133393
measured,probe-memory-buffer,run,3346,19348201,0,7015640,35078200,34138300,1000000,4294967296,read,2133643
measured,probe-memory-buffer,run,3347,19352201,0,7015640,35078200,34142300,1000000,4294967296,read,2133893
measured,probe-memory-buffer,run,3348,19356901,0,7015640,35078200,34147000,1000000,4294967296,read,2134187
measured,probe-memory-buffer,run,3349,19360901,0,7015640,35078200,34151000,1000000,4294967296,read,2134437
measured,probe-memory-buffer,run,3350,19364901,0,7015640,35078200,34155000,1000000,4294967296,read,2134687
measured,probe-memory-buffer,run,3351,19368901,0,7015640,35078200,34159000,1000000,4294967296,read,2134937
measured,probe-memory-buffer,run,3352,19372901,0,7015640,35078200,34163000,1000000,4294967296,read,2135187
measured,probe-memory-buffer,run,3353,19376901,0,7015640,35078200,34167000,1000000,4294967296,read,2135437
measured,probe-memory-buffer,run,3354,19380901,0,7015640,35078200,34171000,1000000,4294967296,read,2135687
measured,probe-memory-buffer,run,3355,19384901,0,7015640,35078200,34175000,1000000,4294967296,read,2135937
measured,probe-memory-buffer,run,3356,19388901,0,7015640,35078200,34179000,1000000,4294967296,read,2136187
measured,probe-memory-buffer,run,3357,19392901,0,7015640,35078200,34183000,1000000,4294967296,read,2136437
measured,probe-memory-buffer,run,3358,19396901,0,7015640,35078200,34187000,1000000,4294967296,read,2136687
measured,probe-memory-buffer,run,3359,19401001,0,7015640,35078200,34191000,1000000,4294967296,read,2136937
measured,probe-memory-buffer,run,3360,19404901,0,7015640,35078200,34195000,1000000,4294967296,read,2137187
measured,probe-memory-buffer,run,3361,19408901,0,7015640,35078200,34199000,1000000,4294967296,read,2137437
measured,probe-memory-buffer,run,3362,19411101,0,7081175,35405875,34405875,1000000,4294967296,update,0
measured,probe-memory-buffer,run,3363,19413001,0,7081175,35405875,34407875,1000000,4294967296,read,2150492
measured,probe-memory-buffer,run,3364,19417101,0,7081175,35405875,34411975,1000000,4294967296,read,2150748
measured,probe-memory-buffer,run,3365,19421701,0,7081175,35405875,34416575,1000000,4294967296,read,2151035
measured,probe-memory-buffer,run,3366,19425701,0,7081175,35405875,34420575,1000000,4294967296,read,2151285
measured,probe-memory-buffer,run,3367,19429701,0,7081175,35405875,34424575,1000000,4294967296,read,2151535
measured,probe-memory-buffer,run,3368,19433701,0,7081175,35405875,34428575,1000000,4294967296,read,2151785
measured,probe-memory-buffer,run,3369,19437701,0,7081175,35405875,34432575,1000000,4294967296,read,2152035
measured,probe-memory-buffer,run,3370,19441701,0,7081175,35405875,34436575,1000000,4294967296,read,2152285
measured,probe-memory-buffer,run,3371,19445701,0,7081175,35405875,34440575,1000000,4294967296,read,2152535
measured,probe-memory-buffer,run,3372,19449701,0,7081175,35405875,34444575,1000000,4294967296,read,2152785
measured,probe-memory-buffer,run,3373,19453701,0,7081175,35405875,34448575,1000000,4294967296,read,2153035
measured,probe-memory-buffer,run,3374,19457701,0,7081175,35405875,34452575,1000000,4294967296,read,2153285
measured,probe-memory-buffer,run,3375,19461701,0,7081175,35405875,34456575,1000000,4294967296,read,2153535
measured,probe-memory-buffer,run,3376,19465701,0,7081175,35405875,34460575,1000000,4294967296,read,2153785
measured,probe-memory-buffer,run,3377,19469701,0,7081175,35405875,34464575,1000000,4294967296,read,2154035
measured,probe-memory-buffer,run,3378,19473701,0,7081175,35405875,34468575,1000000,4294967296,read,2154285
measured,probe-memory-buffer,run,3379,19477701,0,7081175,35405875,34472575,1000000,4294967296,read,2154535
measured,probe-memory-buffer,run,3380,19481701,0,7081175,35405875,34476575,1000000,4294967296,read,2154785
measured,probe-memory-buffer,run,3381,19486001,0,7081175,35405875,34480875,1000000,4294967296,read,2155054
measured,probe-memory-buffer,run,3382,19491501,0,7081175,35405875,34486275,1000000,4294967296,read,2155392
measured,probe-memory-buffer,run,3383,19495501,0,7081175,35405875,34490275,1000000,4294967296,read,2155642
measured,probe-memory-buffer,run,3384,19499501,0,7081175,35405875,34494275,1000000,4294967296,read,2155892
measured,probe-memory-buffer,run,3385,19503501,0,7081175,35405875,34498275,1000000,4294967296,read,2156142
measured,probe-memory-buffer,run,3386,19507401,0,7081175,35405875,34502275,1000000,4294967296,read,2156392
measured,probe-memory-buffer,run,3387,19511401,0,7081175,35405875,34506275,1000000,4294967296,read,2156642
measured,probe-memory-buffer,run,3388,19515501,0,7081175,35405875,34510275,1000000,4294967296,read,2156892
measured,probe-memory-buffer,run,3389,19519501,0,7081175,35405875,34514275,1000000,4294967296,read,2157142
measured,probe-memory-buffer,run,3390,19523501,0,7081175,35405875,34518275,1000000,4294967296,read,2157392
measured,probe-memory-buffer,run,3391,19527501,0,7081175,35405875,34522275,1000000,4294967296,read,2157642
measured,probe-memory-buffer,run,3392,19532501,0,7212245,36061225,35061225,1000000,4294967296,update,0
measured,probe-memory-buffer,run,3393,19564801,0,7212245,36061225,35093525,1000000,4294967296,read,2193345
measured,probe-memory-buffer,run,3394,19571301,0,7212245,36061225,35100125,1000000,4294967296,read,2193757
measured,probe-memory-buffer,run,3395,19575501,0,7212245,36061225,35104225,1000000,4294967296,read,2194014
measured,probe-memory-buffer,run,3396,19579601,0,7212245,36061225,35108325,1000000,4294967296,read,2194270
measured,probe-memory-buffer,run,3397,19583701,0,7212245,36061225,35112425,1000000,4294967296,read,2194526
measured,probe-memory-buffer,run,3398,19589301,0,7212245,36061225,35118025,1000000,4294967296,read,2194876
measured,probe-memory-buffer,run,3399,19593301,0,7212245,36061225,35122025,1000000,4294967296,read,2195126
measured,probe-memory-buffer,run,3400,19597301,0,7212245,36061225,35126025,1000000,4294967296,read,2195376
measured,probe-memory-buffer,run,3401,19601201,0,7212245,36061225,35130025,1000000,4294967296,read,2195626
measured,probe-memory-buffer,run,3402,19605201,0,7212245,36061225,35134025,1000000,4294967296,read,2195876
measured,probe-memory-buffer,run,3403,19609201,0,7212245,36061225,35138025,1000000,4294967296,read,2196126
measured,probe-memory-buffer,run,3404,19613301,0,7212245,36061225,35142025,1000000,4294967296,read,2196376
measured,probe-memory-buffer,run,3405,19613701,0,7212245,36061225,35142525,1000000,4294967296,read,2196407
measured,probe-memory-buffer,run,3406,19614101,0,7212245,36061225,35142925,1000000,4294967296,read,2196432
measured,probe-memory-buffer,run,3407,19614501,0,7212245,36061225,35143325,1000000,4294967296,read,2196457
measured,probe-memory-buffer,run,3408,19614901,0,7212245,36061225,35143725,1000000,4294967296,read,2196482
measured,probe-memory-buffer,run,3409,19615401,0,7212245,36061225,35144125,1000000,4294967296,read,2196507
measured,probe-memory-buffer,run,3410,19615801,0,7212245,36061225,35144625,1000000,4294967296,read,2196539
measured,probe-memory-buffer,run,3411,19616201,0,7212245,36061225,35145025,1000000,4294967296,read,2196564
measured,probe-memory-buffer,run,3412,19616601,0,7212245,36061225,35145425,1000000,4294967296,read,2196589
measured,probe-memory-buffer,run,3413,19617001,0,7212245,36061225,35145825,1000000,4294967296,read,2196614
measured,probe-memory-buffer,run,3414,19617501,0,7212245,36061225,35146225,1000000,4294967296,read,2196639
measured,probe-memory-buffer,run,3415,19617901,0,7212245,36061225,35146725,1000000,4294967296,read,2196670
measured,probe-memory-buffer,run,3416,19618301,0,7212245,36061225,35147125,1000000,4294967296,read,2196695
measured,probe-memory-buffer,run,3417,19618701,0,7212245,36061225,35147525,1000000,4294967296,read,2196720
measured,probe-memory-buffer,run,3418,19619101,0,7212245,36061225,35147925,1000000,4294967296,read,2196745
measured,probe-memory-buffer,run,3419,19619601,0,7212245,36061225,35148325,1000000,4294967296,read,2196770
measured,probe-memory-buffer,run,3420,19620001,0,7212245,36061225,35148825,1000000,4294967296,read,2196801
measured,probe-memory-buffer,run,3421,19620401,0,7212245,36061225,35149225,1000000,4294967296,read,2196826
measured,probe-memory-buffer,run,3422,19620801,0,7212245,36061225,35149625,1000000,4294967296,read,2196851
measured,probe-memory-buffer,run,3423,19621201,0,7212245,36061225,35150025,1000000,4294967296,read,2196876
measured,probe-memory-buffer,run,3424,19621701,0,7212245,36061225,35150425,1000000,4294967296,read,2196901
measured,probe-memory-buffer,run,3425,19622101,0,7212245,36061225,35150825,1000000,4294967296,read,2196926
measured,probe-memory-buffer,run,3426,19622501,0,7212245,36061225,35151325,1000000,4294967296,read,2196957
measured,probe-memory-buffer,run,3427,19622901,0,7212245,36061225,35151725,1000000,4294967296,read,2196982
measured,probe-memory-buffer,run,3428,19623301,0,7212245,36061225,35152125,1000000,4294967296,read,2197007
measured,probe-memory-buffer,run,3429,19623701,0,7212245,36061225,35152525,1000000,4294967296,read,2197032
measured,probe-memory-buffer,run,3430,19624201,0,7212245,36061225,35152925,1000000,4294967296,read,2197057
measured,probe-memory-buffer,run,3431,19624601,0,7212245,36061225,35153325,1000000,4294967296,read,2197082
measured,probe-memory-buffer,run,3432,19625001,0,7212245,36061225,35153825,1000000,4294967296,read,2197114
measured,probe-memory-buffer,run,3433,19625401,0,7212245,36061225,35154225,1000000,4294967296,read,2197139
measured,probe-memory-buffer,run,3434,19625801,0,7212245,36061225,35154625,1000000,4294967296,read,2197164
measured,probe-memory-buffer,run,3435,19626301,0,7212245,36061225,35155025,1000000,4294967296,read,2197189
measured,probe-memory-buffer,run,3436,19626701,0,7212245,36061225,35155425,1000000,4294967296,read,2197214
measured,probe-memory-buffer,run,3437,19627101,0,7212245,36061225,35155925,1000000,4294967296,read,2197245
measured,probe-memory-buffer,run,3438,19627501,0,7212245,36061225,35156325,1000000,4294967296,read,2197270
measured,probe-memory-buffer,run,3439,19630901,0,7212245,36061225,35159725,1000000,4294967296,read,2197482
measured,probe-memory-buffer,run,3440,19631401,0,7212245,36061225,35160125,1000000,4294967296,read,2197507
measured,probe-memory-buffer,run,3441,19631801,0,7212245,36061225,35160625,1000000,4294967296,read,2197539
measured,probe-memory-buffer,run,3442,19632201,0,7212245,36061225,35161025,1000000,4294967296,read,2197564
measured,probe-memory-buffer,run,3443,19632601,0,7212245,36061225,35161425,1000000,4294967296,read,2197589
measured,probe-memory-buffer,run,3444,19633001,0,7212245,36061225,35161825,1000000,4294967296,read,2197614
measured,probe-memory-buffer,run,3445,19633501,0,7212245,36061225,35162225,1000000,4294967296,read,2197639
measured,probe-memory-buffer,run,3446,19633901,0,7212245,36061225,35162625,1000000,4294967296,read,2197664
measured,probe-memory-buffer,run,3447,19634301,0,7212245,36061225,35163125,1000000,4294967296,read,2197695
measured,probe-memory-buffer,run,3448,19634701,0,7212245,36061225,35163525,1000000,4294967296,read,2197720
measured,probe-memory-buffer,run,3449,19635101,0,7212245,36061225,35163925,1000000,4294967296,read,2197745
measured,probe-memory-buffer,run,3450,19635501,0,7212245,36061225,35164325,1000000,4294967296,read,2197770
measured,probe-memory-buffer,run,3451,19636001,0,7212245,36061225,35164725,1000000,4294967296,read,2197795
measured,probe-memory-buffer,run,3452,19636401,0,7212245,36061225,35165225,1000000,4294967296,read,2197826
measured,probe-memory-buffer,run,3453,19636801,0,7212245,36061225,35165625,1000000,4294967296,read,2197851
measured,probe-memory-buffer,run,3454,19637201,0,7212245,36061225,35166025,1000000,4294967296,read,2197876
measured,probe-memory-buffer,run,3455,19637601,0,7212245,36061225,35166425,1000000,4294967296,read,2197901
measured,probe-memory-buffer,run,3456,19638101,0,7212245,36061225,35166825,1000000,4294967296,read,2197926
measured,probe-memory-buffer,run,3457,19638501,0,7212245,36061225,35167325,1000000,4294967296,read,2197957
measured,probe-memory-buffer,run,3458,19638901,0,7212245,36061225,35167725,1000000,4294967296,read,2197982
measured,probe-memory-buffer,run,3459,19639301,0,7212245,36061225,35168125,1000000,4294967296,read,2198007
measured,probe-memory-buffer,run,3460,19639701,0,7212245,36061225,35168525,1000000,4294967296,read,2198032
measured,probe-memory-buffer,run,3461,19640201,0,7212245,36061225,35168925,1000000,4294967296,read,2198057
measured,probe-memory-buffer,run,3462,19640601,0,7212245,36061225,35169425,1000000,4294967296,read,2198089
measured,probe-memory-buffer,run,3463,19641001,0,7212245,36061225,35169825,1000000,4294967296,read,2198114
measured,probe-memory-buffer,run,3464,19641401,0,7212245,36061225,35170225,1000000,4294967296,read,2198139
measured,probe-memory-buffer,run,3465,19641801,0,7212245,36061225,35170625,1000000,4294967296,read,2198164
measured,probe-memory-buffer,run,3466,19642301,0,7212245,36061225,35171025,1000000,4294967296,read,2198189
measured,probe-memory-buffer,run,3467,19642701,0,7212245,36061225,35171525,1000000,4294967296,read,2198220
measured,probe-memory-buffer,run,3468,19643101,0,7212245,36061225,35171925,1000000,4294967296,read,2198245
measured,probe-memory-buffer,run,3469,19643501,0,7212245,36061225,35172325,1000000,4294967296,read,2198270
measured,probe-memory-buffer,run,3470,19643901,0,7212245,36061225,35172725,1000000,4294967296,read,2198295
measured,probe-memory-buffer,run,3471,19644401,0,7212245,36061225,35173125,1000000,4294967296,read,2198320
measured,probe-memory-buffer,run,3472,19644801,0,7212245,36061225,35173625,1000000,4294967296,read,2198351
measured,probe-memory-buffer,run,3473,19645201,0,7212245,36061225,35174025,1000000,4294967296,read,2198376
measured,probe-memory-buffer,run,3474,19645601,0,7212245,36061225,35174425,1000000,4294967296,read,2198401
measured,probe-memory-buffer,run,3475,19646001,0,7212245,36061225,35174825,1000000,4294967296,read,2198426
measured,probe-memory-buffer,run,3476,19646501,0,7212245,36061225,35175225,1000000,4294967296,read,2198451
measured,probe-memory-buffer,run,3477,19646901,0,7212245,36061225,35175725,1000000,4294967296,read,2198482
measured,probe-memory-buffer,run,3478,19647301,0,7212245,36061225,35176125,1000000,4294967296,read,2198507
measured,probe-memory-buffer,run,3479,19647701,0,7212245,36061225,35176525,1000000,4294967296,read,2198532
measured,probe-memory-buffer,run,3480,19648201,0,7212245,36061225,35176925,1000000,4294967296,read,2198557
measured,probe-memory-buffer,run,3481,19648601,0,7212245,36061225,35177325,1000000,4294967296,read,2198582
measured,probe-memory-buffer,run,3482,19649001,0,7212245,36061225,35177825,1000000,4294967296,read,2198614
measured,probe-memory-buffer,run,3483,19649401,0,7212245,36061225,35178225,1000000,4294967296,read,2198639
measured,probe-memory-buffer,run,3484,19649801,0,7212245,36061225,35178625,1000000,4294967296,read,2198664
measured,probe-memory-buffer,run,3485,19650301,0,7212245,36061225,35179025,1000000,4294967296,read,2198689
measured,probe-memory-buffer,run,3486,19650701,0,7212245,36061225,35179525,1000000,4294967296,read,2198720
measured,probe-memory-buffer,run,3487,19651101,0,7212245,36061225,35179925,1000000,4294967296,read,2198745
measured,probe-memory-buffer,run,3488,19651501,0,7212245,36061225,35180325,1000000,4294967296,read,2198770
measured,probe-memory-buffer,run,3489,19652001,0,7212245,36061225,35180725,1000000,4294967296,read,2198795
measured,probe-memory-buffer,run,3490,19652401,0,7212245,36061225,35181225,1000000,4294967296,read,2198826
measured,probe-memory-buffer,run,3491,19654101,0,7277780,36388900,35388900,1000000,4294967296,update,0
measured,probe-memory-buffer,run,3492,19681301,0,7277780,36388900,35416100,1000000,4294967296,read,2213506
measured,probe-memory-buffer,run,3493,19684001,0,7277780,36388900,35418900,1000000,4294967296,read,2213681
measured,probe-memory-buffer,run,3494,19684601,0,7277780,36388900,35419500,1000000,4294967296,read,2213718
measured,probe-memory-buffer,run,3495,19685101,0,7277780,36388900,35420000,1000000,4294967296,read,2213750
measured,probe-memory-buffer,run,3496,19688501,0,7277780,36388900,35423400,1000000,4294967296,read,2213962
measured,probe-memory-buffer,run,3497,19688901,0,7277780,36388900,35423800,1000000,4294967296,read,2213987
measured,probe-memory-buffer,run,3498,19689301,0,7277780,36388900,35424200,1000000,4294967296,read,2214012
measured,probe-memory-buffer,run,3499,19689801,0,7277780,36388900,35424600,1000000,4294967296,read,2214037
measured,probe-memory-buffer,run,3500,19690201,0,7277780,36388900,35425000,1000000,4294967296,read,2214062
measured,probe-memory-buffer,run,3501,19690601,0,7277780,36388900,35425500,1000000,4294967296,read,2214093
measured,probe-memory-buffer,run,3502,19691001,0,7277780,36388900,35425900,1000000,4294967296,read,2214118
measured,probe-memory-buffer,run,3503,19691401,0,7277780,36388900,35426300,1000000,4294967296,read,2214143
measured,probe-memory-buffer,run,3504,19691801,0,7277780,36388900,35426700,1000000,4294967296,read,2214168
measured,probe-memory-buffer,run,3505,19692301,0,7277780,36388900,35427100,1000000,4294967296,read,2214193
measured,probe-memory-buffer,run,3506,19692701,0,7277780,36388900,35427600,1000000,4294967296,read,2214225
measured,probe-memory-buffer,run,3507,19693101,0,7277780,36388900,35428000,1000000,4294967296,read,2214250
measured,probe-memory-buffer,run,3508,19693501,0,7277780,36388900,35428400,1000000,4294967296,read,2214275
measured,probe-memory-buffer,run,3509,19693901,0,7277780,36388900,35428800,1000000,4294967296,read,2214300
measured,probe-memory-buffer,run,3510,19694301,0,7277780,36388900,35429200,1000000,4294967296,read,2214325
measured,probe-memory-buffer,run,3511,19694801,0,7277780,36388900,35429600,1000000,4294967296,read,2214350
measured,probe-memory-buffer,run,3512,19695201,0,7277780,36388900,35430100,1000000,4294967296,read,2214381
measured,probe-memory-buffer,run,3513,19695601,0,7277780,36388900,35430500,1000000,4294967296,read,2214406
measured,probe-memory-buffer,run,3514,19696001,0,7277780,36388900,35430900,1000000,4294967296,read,2214431
measured,probe-memory-buffer,run,3515,19696401,0,7277780,36388900,35431300,1000000,4294967296,read,2214456
measured,probe-memory-buffer,run,3516,19696901,0,7277780,36388900,35431700,1000000,4294967296,read,2214481
measured,probe-memory-buffer,run,3517,19697301,0,7277780,36388900,35432200,1000000,4294967296,read,2214512
measured,probe-memory-buffer,run,3518,19697701,0,7277780,36388900,35432600,1000000,4294967296,read,2214537
measured,probe-memory-buffer,run,3519,19698101,0,7277780,36388900,35433000,1000000,4294967296,read,2214562
measured,probe-memory-buffer,run,3520,19698501,0,7277780,36388900,35433400,1000000,4294967296,read,2214587
measured,probe-memory-buffer,run,3521,19699001,0,7277780,36388900,35433800,1000000,4294967296,read,2214612
measured,probe-memory-buffer,run,3522,19699401,0,7277780,36388900,35434200,1000000,4294967296,read,2214637
measured,probe-memory-buffer,run,3523,19699801,0,7277780,36388900,35434700,1000000,4294967296,read,2214668
measured,probe-memory-buffer,run,3524,19700201,0,7277780,36388900,35435100,1000000,4294967296,read,2214693
measured,probe-memory-buffer,run,3525,19700601,0,7277780,36388900,35435500,1000000,4294967296,read,2214718
measured,probe-memory-buffer,run,3526,19701001,0,7277780,36388900,35435900,1000000,4294967296,read,2214743
measured,probe-memory-buffer,run,3527,19701501,0,7277780,36388900,35436300,1000000,4294967296,read,2214768
measured,probe-memory-buffer,run,3528,19701901,0,7277780,36388900,35436800,1000000,4294967296,read,2214800
measured,probe-memory-buffer,run,3529,19702301,0,7277780,36388900,35437200,1000000,4294967296,read,2214825
measured,probe-memory-buffer,run,3530,19702701,0,7277780,36388900,35437600,1000000,4294967296,read,2214850
measured,probe-memory-buffer,run,3531,19703201,0,7277780,36388900,35438000,1000000,4294967296,read,2214875
measured,probe-memory-buffer,run,3532,19703601,0,7277780,36388900,35438500,1000000,4294967296,read,2214906
measured,probe-memory-buffer,run,3533,19704001,0,7277780,36388900,35438900,1000000,4294967296,read,2214931
measured,probe-memory-buffer,run,3534,19709701,0,7277780,36388900,35444500,1000000,4294967296,read,2215281
measured,probe-memory-buffer,run,3535,19713701,0,7277780,36388900,35448500,1000000,4294967296,read,2215531
measured,probe-memory-buffer,run,3536,19717701,0,7277780,36388900,35452500,1000000,4294967296,read,2215781
measured,probe-memory-buffer,run,3537,19721701,0,7277780,36388900,35456600,1000000,4294967296,read,2216037
measured,probe-memory-buffer,run,3538,19725701,0,7277780,36388900,35460500,1000000,4294967296,read,2216281
measured,probe-memory-buffer,run,3539,19729701,0,7277780,36388900,35464500,1000000,4294967296,read,2216531
measured,probe-memory-buffer,run,3540,19733701,0,7277780,36388900,35468500,1000000,4294967296,read,2216781
measured,probe-memory-buffer,run,3541,19737701,0,7277780,36388900,35472600,1000000,4294967296,read,2217037
measured,probe-memory-buffer,run,3542,19741701,0,7277780,36388900,35476600,1000000,4294967296,read,2217287
measured,probe-memory-buffer,run,3543,19745701,0,7277780,36388900,35480600,1000000,4294967296,read,2217537
measured,probe-memory-buffer,run,3544,19749701,0,7277780,36388900,35484600,1000000,4294967296,read,2217787
measured,probe-memory-buffer,run,3545,19753701,0,7277780,36388900,35488600,1000000,4294967296,read,2218037
measured,probe-memory-buffer,run,3546,19757701,0,7277780,36388900,35492600,1000000,4294967296,read,2218287
measured,probe-memory-buffer,run,3547,19761701,0,7277780,36388900,35496600,1000000,4294967296,read,2218537
measured,probe-memory-buffer,run,3548,19765701,0,7277780,36388900,35500600,1000000,4294967296,read,2218787
measured,probe-memory-buffer,run,3549,19769701,0,7277780,36388900,35504600,1000000,4294967296,read,2219037
measured,probe-memory-buffer,run,3550,19774101,0,7277780,36388900,35508900,1000000,4294967296,read,2219306
measured,probe-memory-buffer,run,3551,19775801,0,7408850,37044250,36044250,1000000,4294967296,update,0
measured,probe-memory-buffer,run,3552,19782001,0,7408850,37044250,36050450,1000000,4294967296,read,2253153
measured,probe-memory-buffer,run,3553,19790401,0,7408850,37044250,36058950,1000000,4294967296,read,2253684
measured,probe-memory-buffer,run,3554,19794401,0,7408850,37044250,36062850,1000000,4294967296,read,2253928
measured,probe-memory-buffer,run,3555,19798401,0,7408850,37044250,36066950,1000000,4294967296,read,2254184
measured,probe-memory-buffer,run,3556,19802401,0,7408850,37044250,36070950,1000000,4294967296,read,2254434
measured,probe-memory-buffer,run,3557,19806401,0,7408850,37044250,36074950,1000000,4294967296,read,2254684
measured,probe-memory-buffer,run,3558,19810401,0,7408850,37044250,36078950,1000000,4294967296,read,2254934
measured,probe-memory-buffer,run,3559,19814401,0,7408850,37044250,36082950,1000000,4294967296,read,2255184
measured,probe-memory-buffer,run,3560,19818401,0,7408850,37044250,36086950,1000000,4294967296,read,2255434
measured,probe-memory-buffer,run,3561,19822401,0,7408850,37044250,36090950,1000000,4294967296,read,2255684
measured,probe-memory-buffer,run,3562,19826401,0,7408850,37044250,36094950,1000000,4294967296,read,2255934
measured,probe-memory-buffer,run,3563,19830401,0,7408850,37044250,36098950,1000000,4294967296,read,2256184
measured,probe-memory-buffer,run,3564,19834401,0,7408850,37044250,36102950,1000000,4294967296,read,2256434
measured,probe-memory-buffer,run,3565,19838401,0,7408850,37044250,36106950,1000000,4294967296,read,2256684
measured,probe-memory-buffer,run,3566,19842401,0,7408850,37044250,36110950,1000000,4294967296,read,2256934
measured,probe-memory-buffer,run,3567,19847001,0,7408850,37044250,36115550,1000000,4294967296,read,2257221
measured,probe-memory-buffer,run,3568,19851001,0,7408850,37044250,36119550,1000000,4294967296,read,2257471
measured,probe-memory-buffer,run,3569,19855001,0,7408850,37044250,36123550,1000000,4294967296,read,2257721
measured,probe-memory-buffer,run,3570,19859001,0,7408850,37044250,36127550,1000000,4294967296,read,2257971
measured,probe-memory-buffer,run,3571,19863001,0,7408850,37044250,36131550,1000000,4294967296,read,2258221
measured,probe-memory-buffer,run,3572,19867001,0,7408850,37044250,36135550,1000000,4294967296,read,2258471
measured,probe-memory-buffer,run,3573,19871001,0,7408850,37044250,36139550,1000000,4294967296,read,2258721
measured,probe-memory-buffer,run,3574,19875001,0,7408850,37044250,36143550,1000000,4294967296,read,2258971
measured,probe-memory-buffer,run,3575,19879001,0,7408850,37044250,36147550,1000000,4294967296,read,2259221
measured,probe-memory-buffer,run,3576,19883001,0,7408850,37044250,36151550,1000000,4294967296,read,2259471
measured,probe-memory-buffer,run,3577,19887001,0,7408850,37044250,36155550,1000000,4294967296,read,2259721
measured,probe-memory-buffer,run,3578,19891001,0,7408850,37044250,36159550,1000000,4294967296,read,2259971
measured,probe-memory-buffer,run,3579,19895001,0,7408850,37044250,36163550,1000000,4294967296,read,2260221
measured,probe-memory-buffer,run,3580,19898901,0,7474385,37371925,36371925,1000000,4294967296,update,0
measured,probe-memory-buffer,run,3581,19926301,0,7474385,37371925,36399425,1000000,4294967296,read,2274964
measured,probe-memory-buffer,run,3582,19932701,0,7474385,37371925,36405825,1000000,4294967296,read,2275364
measured,probe-memory-buffer,run,3583,19936901,0,7474385,37371925,36409925,1000000,4294967296,read,2275620
measured,probe-memory-buffer,run,3584,19942501,0,7474385,37371925,36415525,1000000,4294967296,read,2275970
measured,probe-memory-buffer,run,3585,19946501,0,7474385,37371925,36419625,1000000,4294967296,read,2276226
measured,probe-memory-buffer,run,3586,19950501,0,7474385,37371925,36423625,1000000,4294967296,read,2276476
measured,probe-memory-buffer,run,3587,19954501,0,7474385,37371925,36427625,1000000,4294967296,read,2276726
measured,probe-memory-buffer,run,3588,19958501,0,7474385,37371925,36431625,1000000,4294967296,read,2276976
measured,probe-memory-buffer,run,3589,19962501,0,7474385,37371925,36435625,1000000,4294967296,read,2277226
measured,probe-memory-buffer,run,3590,19966501,0,7474385,37371925,36439625,1000000,4294967296,read,2277476
measured,probe-memory-buffer,run,3591,19970501,0,7474385,37371925,36443625,1000000,4294967296,read,2277726
measured,probe-memory-buffer,run,3592,19974501,0,7474385,37371925,36447625,1000000,4294967296,read,2277976
measured,probe-memory-buffer,run,3593,19978501,0,7474385,37371925,36451625,1000000,4294967296,read,2278226
measured,probe-memory-buffer,run,3594,19982501,0,7474385,37371925,36455625,1000000,4294967296,read,2278476
measured,probe-memory-buffer,run,3595,19986501,0,7474385,37371925,36459625,1000000,4294967296,read,2278726
measured,probe-memory-buffer,run,3596,19990501,0,7474385,37371925,36463625,1000000,4294967296,read,2278976
measured,probe-memory-buffer,run,3597,19994501,0,7474385,37371925,36467625,1000000,4294967296,read,2279226
measured,probe-memory-buffer,run,3598,19998501,0,7474385,37371925,36471625,1000000,4294967296,read,2279476
measured,probe-memory-buffer,run,3599,20002501,0,7474385,37371925,36475625,1000000,4294967296,read,2279726
measured,probe-memory-buffer,run,3600,20007001,0,7474385,37371925,36480125,1000000,4294967296,read,2280007
measured,probe-memory-buffer,run,3601,20011001,0,7474385,37371925,36484125,1000000,4294967296,read,2280257
measured,probe-memory-buffer,run,3602,20015001,0,7474385,37371925,36488025,1000000,4294967296,read,2280501
measured,probe-memory-buffer,run,3603,20019001,0,7474385,37371925,36492025,1000000,4294967296,read,2280751
measured,probe-memory-buffer,run,3604,20020501,0,7605455,38027275,37027275,1000000,4294967296,update,0
measured,probe-memory-buffer,run,3605,20028501,0,7605455,38027275,37035375,1000000,4294967296,read,2314710
measured,probe-memory-buffer,run,3606,20032901,0,7605455,38027275,37039875,1000000,4294967296,read,2314992
measured,probe-memory-buffer,run,3607,20036901,0,7605455,38027275,37043875,1000000,4294967296,read,2315242
measured,probe-memory-buffer,run,3608,20040901,0,7605455,38027275,37047875,1000000,4294967296,read,2315492
measured,probe-memory-buffer,run,3609,20044901,0,7605455,38027275,37051875,1000000,4294967296,read,2315742
measured,probe-memory-buffer,run,3610,20052101,0,7605455,38027275,37058975,1000000,4294967296,read,2316185
measured,probe-memory-buffer,run,3611,20056101,0,7605455,38027275,37062975,1000000,4294967296,read,2316435
measured,probe-memory-buffer,run,3612,20060101,0,7605455,38027275,37066975,1000000,4294967296,read,2316685
measured,probe-memory-buffer,run,3613,20064101,0,7605455,38027275,37070975,1000000,4294967296,read,2316935
measured,probe-memory-buffer,run,3614,20068101,0,7605455,38027275,37075075,1000000,4294967296,read,2317192
measured,probe-memory-buffer,run,3615,20072101,0,7605455,38027275,37079075,1000000,4294967296,read,2317442
measured,probe-memory-buffer,run,3616,20076101,0,7605455,38027275,37083075,1000000,4294967296,read,2317692
measured,probe-memory-buffer,run,3617,20080701,0,7605455,38027275,37087675,1000000,4294967296,read,2317979
measured,probe-memory-buffer,run,3618,20084701,0,7605455,38027275,37091675,1000000,4294967296,read,2318229
measured,probe-memory-buffer,run,3619,20088701,0,7605455,38027275,37095675,1000000,4294967296,read,2318479
measured,probe-memory-buffer,run,3620,20092701,0,7605455,38027275,37099675,1000000,4294967296,read,2318729
measured,probe-memory-buffer,run,3621,20096701,0,7605455,38027275,37103675,1000000,4294967296,read,2318979
measured,probe-memory-buffer,run,3622,20100701,0,7605455,38027275,37107675,1000000,4294967296,read,2319229
measured,probe-memory-buffer,run,3623,20104701,0,7605455,38027275,37111675,1000000,4294967296,read,2319479
measured,probe-memory-buffer,run,3624,20108701,0,7605455,38027275,37115675,1000000,4294967296,read,2319729
measured,probe-memory-buffer,run,3625,20112701,0,7605455,38027275,37119675,1000000,4294967296,read,2319979
measured,probe-memory-buffer,run,3626,20116701,0,7605455,38027275,37123675,1000000,4294967296,read,2320229
measured,probe-memory-buffer,run,3627,20120701,0,7605455,38027275,37127675,1000000,4294967296,read,2320479
measured,probe-memory-buffer,run,3628,20124701,0,7605455,38027275,37131675,1000000,4294967296,read,2320729
measured,probe-memory-buffer,run,3629,20128701,0,7605455,38027275,37135675,1000000,4294967296,read,2320979
measured,probe-memory-buffer,run,3630,20132801,0,7605455,38027275,37139675,1000000,4294967296,read,2321229
measured,probe-memory-buffer,run,3631,20136801,0,7605455,38027275,37143675,1000000,4294967296,read,2321479
measured,probe-memory-buffer,run,3632,20140701,0,7605455,38027275,37147675,1000000,4294967296,read,2321729
measured,probe-memory-buffer,run,3633,20143501,0,7736525,38682625,37682625,1000000,4294967296,update,0
measured,probe-memory-buffer,run,3634,20180501,0,7736525,38682625,37719725,1000000,4294967296,read,2357482
measured,probe-memory-buffer,run,3635,20184901,0,7736525,38682625,37724125,1000000,4294967296,read,2357757
measured,probe-memory-buffer,run,3636,20189001,0,7736525,38682625,37728225,1000000,4294967296,read,2358014
measured,probe-memory-buffer,run,3637,20193101,0,7736525,38682625,37732325,1000000,4294967296,read,2358270
measured,probe-memory-buffer,run,3638,20197101,0,7736525,38682625,37736325,1000000,4294967296,read,2358520
measured,probe-memory-buffer,run,3639,20201201,0,7736525,38682625,37740325,1000000,4294967296,read,2358770
measured,probe-memory-buffer,run,3640,20205201,0,7736525,38682625,37744325,1000000,4294967296,read,2359020
measured,probe-memory-buffer,run,3641,20209101,0,7736525,38682625,37748325,1000000,4294967296,read,2359270
measured,probe-memory-buffer,run,3642,20213101,0,7736525,38682625,37752325,1000000,4294967296,read,2359520
measured,probe-memory-buffer,run,3643,20217101,0,7736525,38682625,37756325,1000000,4294967296,read,2359770
measured,probe-memory-buffer,run,3644,20221101,0,7736525,38682625,37760325,1000000,4294967296,read,2360020
measured,probe-memory-buffer,run,3645,20225201,0,7736525,38682625,37764325,1000000,4294967296,read,2360270
measured,probe-memory-buffer,run,3646,20229201,0,7736525,38682625,37768325,1000000,4294967296,read,2360520
measured,probe-memory-buffer,run,3647,20233201,0,7736525,38682625,37772325,1000000,4294967296,read,2360770
measured,probe-memory-buffer,run,3648,20237201,0,7736525,38682625,37776325,1000000,4294967296,read,2361020
measured,probe-memory-buffer,run,3649,20241101,0,7736525,38682625,37780325,1000000,4294967296,read,2361270
measured,probe-memory-buffer,run,3650,20246101,0,7736525,38682625,37785325,1000000,4294967296,read,2361582
measured,probe-memory-buffer,run,3651,20250101,0,7736525,38682625,37789325,1000000,4294967296,read,2361832
measured,probe-memory-buffer,run,3652,20254101,0,7736525,38682625,37793325,1000000,4294967296,read,2362082
measured,probe-memory-buffer,run,3653,20258101,0,7736525,38682625,37797325,1000000,4294967296,read,2362332
measured,probe-memory-buffer,run,3654,20262101,0,7736525,38682625,37801325,1000000,4294967296,read,2362582
measured,probe-memory-buffer,run,3655,20266101,0,7736525,38682625,37805325,1000000,4294967296,read,2362832
measured,probe-memory-buffer,run,3656,20267901,0,7802060,39010300,38010300,1000000,4294967296,update,0
measured,probe-memory-buffer,run,3657,20273901,0,7802060,39010300,38016300,1000000,4294967296,read,2376018
measured,probe-memory-buffer,run,3658,20278201,0,7802060,39010300,38020700,1000000,4294967296,read,2376293
measured,probe-memory-buffer,run,3659,20282201,0,7802060,39010300,38024700,1000000,4294967296,read,2376543
measured,probe-memory-buffer,run,3660,20286201,0,7802060,39010300,38028700,1000000,4294967296,read,2376793
measured,probe-memory-buffer,run,3661,20290201,0,7802060,39010300,38032700,1000000,4294967296,read,2377043
measured,probe-memory-buffer,run,3662,20294201,0,7802060,39010300,38036700,1000000,4294967296,read,2377293
measured,probe-memory-buffer,run,3663,20298201,0,7802060,39010300,38040700,1000000,4294967296,read,2377543
measured,probe-memory-buffer,run,3664,20302201,0,7802060,39010300,38044700,1000000,4294967296,read,2377793
measured,probe-memory-buffer,run,3665,20306201,0,7802060,39010300,38048700,1000000,4294967296,read,2378043
measured,probe-memory-buffer,run,3666,20310201,0,7802060,39010300,38052700,1000000,4294967296,read,2378293
measured,probe-memory-buffer,run,3667,20313501,0,7802060,39010300,38056000,1000000,4294967296,read,2378500
measured,probe-memory-buffer,run,3668,20314001,0,7802060,39010300,38056400,1000000,4294967296,read,2378525
measured,probe-memory-buffer,run,3669,20315101,0,7802060,39010300,38057500,1000000,4294967296,read,2378593
measured,probe-memory-buffer,run,3670,20315501,0,7802060,39010300,38058000,1000000,4294967296,read,2378625
measured,probe-memory-buffer,run,3671,20315901,0,7802060,39010300,38058400,1000000,4294967296,read,2378650
measured,probe-memory-buffer,run,3672,20316301,0,7802060,39010300,38058800,1000000,4294967296,read,2378675
measured,probe-memory-buffer,run,3673,20316701,0,7802060,39010300,38059200,1000000,4294967296,read,2378700
measured,probe-memory-buffer,run,3674,20317201,0,7802060,39010300,38059600,1000000,4294967296,read,2378725
measured,probe-memory-buffer,run,3675,20317601,0,7802060,39010300,38060100,1000000,4294967296,read,2378756
measured,probe-memory-buffer,run,3676,20318001,0,7802060,39010300,38060500,1000000,4294967296,read,2378781
measured,probe-memory-buffer,run,3677,20318401,0,7802060,39010300,38060900,1000000,4294967296,read,2378806
measured,probe-memory-buffer,run,3678,20318801,0,7802060,39010300,38061300,1000000,4294967296,read,2378831
measured,probe-memory-buffer,run,3679,20319301,0,7802060,39010300,38061700,1000000,4294967296,read,2378856
measured,probe-memory-buffer,run,3680,20319701,0,7802060,39010300,38062200,1000000,4294967296,read,2378887
measured,probe-memory-buffer,run,3681,20320101,0,7802060,39010300,38062600,1000000,4294967296,read,2378912
measured,probe-memory-buffer,run,3682,20320501,0,7802060,39010300,38063000,1000000,4294967296,read,2378937
measured,probe-memory-buffer,run,3683,20320901,0,7802060,39010300,38063400,1000000,4294967296,read,2378962
measured,probe-memory-buffer,run,3684,20321401,0,7802060,39010300,38063800,1000000,4294967296,read,2378987
measured,probe-memory-buffer,run,3685,20321801,0,7802060,39010300,38064300,1000000,4294967296,read,2379018
measured,probe-memory-buffer,run,3686,20322201,0,7802060,39010300,38064700,1000000,4294967296,read,2379043
measured,probe-memory-buffer,run,3687,20322601,0,7802060,39010300,38065100,1000000,4294967296,read,2379068
measured,probe-memory-buffer,run,3688,20323001,0,7802060,39010300,38065500,1000000,4294967296,read,2379093
measured,probe-memory-buffer,run,3689,20323501,0,7802060,39010300,38065900,1000000,4294967296,read,2379118
measured,probe-memory-buffer,run,3690,20323901,0,7802060,39010300,38066300,1000000,4294967296,read,2379143
measured,probe-memory-buffer,run,3691,20324301,0,7802060,39010300,38066800,1000000,4294967296,read,2379175
measured,probe-memory-buffer,run,3692,20324701,0,7802060,39010300,38067200,1000000,4294967296,read,2379200
measured,probe-memory-buffer,run,3693,20325101,0,7802060,39010300,38067600,1000000,4294967296,read,2379225
measured,probe-memory-buffer,run,3694,20325501,0,7802060,39010300,38068000,1000000,4294967296,read,2379250
measured,probe-memory-buffer,run,3695,20326001,0,7802060,39010300,38068400,1000000,4294967296,read,2379275
measured,probe-memory-buffer,run,3696,20326401,0,7802060,39010300,38068900,1000000,4294967296,read,2379306
measured,probe-memory-buffer,run,3697,20326801,0,7802060,39010300,38069300,1000000,4294967296,read,2379331
measured,probe-memory-buffer,run,3698,20327201,0,7802060,39010300,38069700,1000000,4294967296,read,2379356
measured,probe-memory-buffer,run,3699,20327701,0,7802060,39010300,38070100,1000000,4294967296,read,2379381
measured,probe-memory-buffer,run,3700,20328101,0,7802060,39010300,38070600,1000000,4294967296,read,2379412
measured,probe-memory-buffer,run,3701,20328501,0,7802060,39010300,38071000,1000000,4294967296,read,2379437
measured,probe-memory-buffer,run,3702,20328901,0,7802060,39010300,38071400,1000000,4294967296,read,2379462
measured,probe-memory-buffer,run,3703,20329301,0,7802060,39010300,38071800,1000000,4294967296,read,2379487
measured,probe-memory-buffer,run,3704,20329701,0,7802060,39010300,38072200,1000000,4294967296,read,2379512
measured,probe-memory-buffer,run,3705,20330201,0,7802060,39010300,38072600,1000000,4294967296,read,2379537
measured,probe-memory-buffer,run,3706,20330601,0,7802060,39010300,38073100,1000000,4294967296,read,2379568
measured,probe-memory-buffer,run,3707,20331001,0,7802060,39010300,38073500,1000000,4294967296,read,2379593
measured,probe-memory-buffer,run,3708,20331401,0,7802060,39010300,38073900,1000000,4294967296,read,2379618
measured,probe-memory-buffer,run,3709,20331801,0,7802060,39010300,38074300,1000000,4294967296,read,2379643
measured,probe-memory-buffer,run,3710,20332301,0,7802060,39010300,38074700,1000000,4294967296,read,2379668
measured,probe-memory-buffer,run,3711,20332701,0,7802060,39010300,38075200,1000000,4294967296,read,2379700
measured,probe-memory-buffer,run,3712,20333101,0,7802060,39010300,38075600,1000000,4294967296,read,2379725
measured,probe-memory-buffer,run,3713,20333501,0,7802060,39010300,38076000,1000000,4294967296,read,2379750
measured,probe-memory-buffer,run,3714,20333901,0,7802060,39010300,38076400,1000000,4294967296,read,2379775
measured,probe-memory-buffer,run,3715,20334301,0,7802060,39010300,38076800,1000000,4294967296,read,2379800
measured,probe-memory-buffer,run,3716,20334801,0,7802060,39010300,38077200,1000000,4294967296,read,2379825
measured,probe-memory-buffer,run,3717,20335201,0,7802060,39010300,38077700,1000000,4294967296,read,2379856
measured,probe-memory-buffer,run,3718,20335601,0,7802060,39010300,38078100,1000000,4294967296,read,2379881
measured,probe-memory-buffer,run,3719,20336001,0,7802060,39010300,38078500,1000000,4294967296,read,2379906
measured,probe-memory-buffer,run,3720,20336401,0,7802060,39010300,38078900,1000000,4294967296,read,2379931
measured,probe-memory-buffer,run,3721,20336901,0,7802060,39010300,38079300,1000000,4294967296,read,2379956
measured,probe-memory-buffer,run,3722,20337301,0,7802060,39010300,38079700,1000000,4294967296,read,2379981
measured,probe-memory-buffer,run,3723,20337701,0,7802060,39010300,38080200,1000000,4294967296,read,2380012
measured,probe-memory-buffer,run,3724,20339201,0,7802060,39010300,38081700,1000000,4294967296,read,2380106
measured,probe-memory-buffer,run,3725,20339601,0,7802060,39010300,38082100,1000000,4294967296,read,2380131
measured,probe-memory-buffer,run,3726,20340001,0,7802060,39010300,38082500,1000000,4294967296,read,2380156
measured,probe-memory-buffer,run,3727,20340401,0,7802060,39010300,38082900,1000000,4294967296,read,2380181
measured,probe-memory-buffer,run,3728,20340901,0,7802060,39010300,38083400,1000000,4294967296,read,2380212
measured,probe-memory-buffer,run,3729,20341301,0,7802060,39010300,38083800,1000000,4294967296,read,2380237
measured,probe-memory-buffer,run,3730,20341701,0,7802060,39010300,38084200,1000000,4294967296,read,2380262
measured,probe-memory-buffer,run,3731,20342101,0,7802060,39010300,38084600,1000000,4294967296,read,2380287
measured,probe-memory-buffer,run,3732,20342601,0,7802060,39010300,38085000,1000000,4294967296,read,2380312
measured,probe-memory-buffer,run,3733,20343001,0,7802060,39010300,38085400,1000000,4294967296,read,2380337
measured,probe-memory-buffer,run,3734,20343401,0,7802060,39010300,38085900,1000000,4294967296,read,2380368
measured,probe-memory-buffer,run,3735,20343801,0,7802060,39010300,38086300,1000000,4294967296,read,2380393
measured,probe-memory-buffer,run,3736,20344201,0,7802060,39010300,38086700,1000000,4294967296,read,2380418
measured,probe-memory-buffer,run,3737,20344601,0,7802060,39010300,38087100,1000000,4294967296,read,2380443
measured,probe-memory-buffer,run,3738,20345101,0,7802060,39010300,38087500,1000000,4294967296,read,2380468
measured,probe-memory-buffer,run,3739,20345501,0,7802060,39010300,38088000,1000000,4294967296,read,2380500
measured,probe-memory-buffer,run,3740,20345901,0,7802060,39010300,38088400,1000000,4294967296,read,2380525
measured,probe-memory-buffer,run,3741,20346301,0,7802060,39010300,38088800,1000000,4294967296,read,2380550
measured,probe-memory-buffer,run,3742,20346701,0,7802060,39010300,38089200,1000000,4294967296,read,2380575
measured,probe-memory-buffer,run,3743,20347101,0,7802060,39010300,38089600,1000000,4294967296,read,2380600
measured,probe-memory-buffer,run,3744,20347601,0,7802060,39010300,38090000,1000000,4294967296,read,2380625
measured,probe-memory-buffer,run,3745,20348001,0,7802060,39010300,38090500,1000000,4294967296,read,2380656
measured,probe-memory-buffer,run,3746,20348401,0,7802060,39010300,38090900,1000000,4294967296,read,2380681
measured,probe-memory-buffer,run,3747,20348801,0,7802060,39010300,38091300,1000000,4294967296,read,2380706
measured,probe-memory-buffer,run,3748,20349201,0,7802060,39010300,38091700,1000000,4294967296,read,2380731
measured,probe-memory-buffer,run,3749,20349701,0,7802060,39010300,38092100,1000000,4294967296,read,2380756
measured,probe-memory-buffer,run,3750,20350101,0,7802060,39010300,38092500,1000000,4294967296,read,2380781
measured,probe-memory-buffer,run,3751,20350501,0,7802060,39010300,38093000,1000000,4294967296,read,2380812
measured,probe-memory-buffer,run,3752,20350901,0,7802060,39010300,38093400,1000000,4294967296,read,2380837
measured,probe-memory-buffer,run,3753,20351301,0,7802060,39010300,38093800,1000000,4294967296,read,2380862
measured,probe-memory-buffer,run,3754,20351701,0,7802060,39010300,38094200,1000000,4294967296,read,2380887
measured,probe-memory-buffer,run,3755,20352201,0,7802060,39010300,38094600,1000000,4294967296,read,2380912
measured,probe-memory-buffer,run,3756,20352601,0,7802060,39010300,38095100,1000000,4294967296,read,2380943
measured,probe-memory-buffer,run,3757,20353001,0,7802060,39010300,38095500,1000000,4294967296,read,2380968
measured,probe-memory-buffer,run,3758,20353401,0,7802060,39010300,38095900,1000000,4294967296,read,2380993
measured,probe-memory-buffer,run,3759,20353801,0,7802060,39010300,38096300,1000000,4294967296,read,2381018
measured,probe-memory-buffer,run,3760,20354301,0,7802060,39010300,38096700,1000000,4294967296,read,2381043
measured,probe-memory-buffer,run,3761,20354701,0,7802060,39010300,38097200,1000000,4294967296,read,2381075
measured,probe-memory-buffer,run,3762,20355101,0,7802060,39010300,38097600,1000000,4294967296,read,2381100
measured,probe-memory-buffer,run,3763,20355501,0,7802060,39010300,38098000,1000000,4294967296,read,2381125
measured,probe-memory-buffer,run,3764,20355901,0,7802060,39010300,38098400,1000000,4294967296,read,2381150
measured,probe-memory-buffer,run,3765,20356401,0,7802060,39010300,38098800,1000000,4294967296,read,2381175
measured,probe-memory-buffer,run,3766,20356801,0,7802060,39010300,38099200,1000000,4294967296,read,2381200
measured,probe-memory-buffer,run,3767,20357201,0,7802060,39010300,38099700,1000000,4294967296,read,2381231
measured,probe-memory-buffer,run,3768,20357601,0,7802060,39010300,38100100,1000000,4294967296,read,2381256
measured,probe-memory-buffer,run,3769,20358001,0,7802060,39010300,38100500,1000000,4294967296,read,2381281
measured,probe-memory-buffer,run,3770,20358401,0,7802060,39010300,38100900,1000000,4294967296,read,2381306
measured,probe-memory-buffer,run,3771,20358901,0,7802060,39010300,38101300,1000000,4294967296,read,2381331
measured,probe-memory-buffer,run,3772,20359301,0,7802060,39010300,38101800,1000000,4294967296,read,2381362
measured,probe-memory-buffer,run,3773,20359701,0,7802060,39010300,38102200,1000000,4294967296,read,2381387
measured,probe-memory-buffer,run,3774,20360101,0,7802060,39010300,38102600,1000000,4294967296,read,2381412
measured,probe-memory-buffer,run,3775,20360501,0,7802060,39010300,38103000,1000000,4294967296,read,2381437
measured,probe-memory-buffer,run,3776,20361001,0,7802060,39010300,38103400,1000000,4294967296,read,2381462
measured,probe-memory-buffer,run,3777,20361401,0,7802060,39010300,38103800,1000000,4294967296,read,2381487
measured,probe-memory-buffer,run,3778,20361801,0,7802060,39010300,38104300,1000000,4294967296,read,2381518
measured,probe-memory-buffer,run,3779,20362201,0,7802060,39010300,38104700,1000000,4294967296,read,2381543
measured,probe-memory-buffer,run,3780,20362601,0,7802060,39010300,38105100,1000000,4294967296,read,2381568
measured,probe-memory-buffer,run,3781,20364001,0,7802060,39010300,38106500,1000000,4294967296,read,2381656
measured,probe-memory-buffer,run,3782,20364401,0,7802060,39010300,38106900,1000000,4294967296,read,2381681
measured,probe-memory-buffer,run,3783,20364901,0,7802060,39010300,38107300,1000000,4294967296,read,2381706
measured,probe-memory-buffer,run,3784,20365301,0,7802060,39010300,38107800,1000000,4294967296,read,2381737
measured,probe-memory-buffer,run,3785,20365701,0,7802060,39010300,38108200,1000000,4294967296,read,2381762
measured,probe-memory-buffer,run,3786,20366101,0,7802060,39010300,38108600,1000000,4294967296,read,2381787
measured,probe-memory-buffer,run,3787,20366601,0,7802060,39010300,38109000,1000000,4294967296,read,2381812
measured,probe-memory-buffer,run,3788,20367001,0,7802060,39010300,38109400,1000000,4294967296,read,2381837
measured,probe-memory-buffer,run,3789,20367401,0,7802060,39010300,38109900,1000000,4294967296,read,2381868
measured,probe-memory-buffer,run,3790,20367801,0,7802060,39010300,38110300,1000000,4294967296,read,2381893
measured,probe-memory-buffer,run,3791,20368201,0,7802060,39010300,38110700,1000000,4294967296,read,2381918
measured,probe-memory-buffer,run,3792,20368601,0,7802060,39010300,38111100,1000000,4294967296,read,2381943
measured,probe-memory-buffer,run,3793,20369101,0,7802060,39010300,38111500,1000000,4294967296,read,2381968
measured,probe-memory-buffer,run,3794,20369501,0,7802060,39010300,38112000,1000000,4294967296,read,2382000
measured,probe-memory-buffer,run,3795,20373501,0,7802060,39010300,38116000,1000000,4294967296,read,2382250
measured,probe-memory-buffer,run,3796,20377501,0,7802060,39010300,38120000,1000000,4294967296,read,2382500
measured,probe-memory-buffer,run,3797,20381501,0,7802060,39010300,38124000,1000000,4294967296,read,2382750
measured,probe-memory-buffer,run,3798,20385501,0,7802060,39010300,38128000,1000000,4294967296,read,2383000
measured,probe-memory-buffer,run,3799,20390801,0,7867595,39337975,38337975,1000000,4294967296,update,0
measured,probe-memory-buffer,run,3800,20423501,0,7867595,39337975,38370675,1000000,4294967296,read,2398167
measured,probe-memory-buffer,run,3801,20430101,0,7867595,39337975,38377275,1000000,4294967296,read,2398579
measured,probe-memory-buffer,run,3802,20434201,0,7867595,39337975,38381475,1000000,4294967296,read,2398842
measured,probe-memory-buffer,run,3803,20439501,0,7867595,39337975,38386775,1000000,4294967296,read,2399173
measured,probe-memory-buffer,run,3804,20443601,0,7867595,39337975,38390775,1000000,4294967296,read,2399423
measured,probe-memory-buffer,run,3805,20447601,0,7867595,39337975,38394875,1000000,4294967296,read,2399679
measured,probe-memory-buffer,run,3806,20451601,0,7867595,39337975,38398875,1000000,4294967296,read,2399929
measured,probe-memory-buffer,run,3807,20455601,0,7867595,39337975,38402875,1000000,4294967296,read,2400179
measured,probe-memory-buffer,run,3808,20459601,0,7867595,39337975,38406875,1000000,4294967296,read,2400429
measured,probe-memory-buffer,run,3809,20463601,0,7867595,39337975,38410875,1000000,4294967296,read,2400679
measured,probe-memory-buffer,run,3810,20467601,0,7867595,39337975,38414875,1000000,4294967296,read,2400929
measured,probe-memory-buffer,run,3811,20471601,0,7867595,39337975,38418875,1000000,4294967296,read,2401179
measured,probe-memory-buffer,run,3812,20475601,0,7867595,39337975,38422875,1000000,4294967296,read,2401429
measured,probe-memory-buffer,run,3813,20479601,0,7867595,39337975,38426875,1000000,4294967296,read,2401679
measured,probe-memory-buffer,run,3814,20483601,0,7867595,39337975,38430875,1000000,4294967296,read,2401929
measured,probe-memory-buffer,run,3815,20487601,0,7867595,39337975,38434875,1000000,4294967296,read,2402179
measured,probe-memory-buffer,run,3816,20491601,0,7867595,39337975,38438875,1000000,4294967296,read,2402429
measured,probe-memory-buffer,run,3817,20495601,0,7867595,39337975,38442875,1000000,4294967296,read,2402679
measured,probe-memory-buffer,run,3818,20499601,0,7867595,39337975,38446875,1000000,4294967296,read,2402929
measured,probe-memory-buffer,run,3819,20504401,0,7867595,39337975,38451575,1000000,4294967296,read,2403223
measured,probe-memory-buffer,run,3820,20508401,0,7867595,39337975,38455675,1000000,4294967296,read,2403479
measured,probe-memory-buffer,run,3821,20513101,0,7998665,39993325,38993325,1000000,4294967296,update,0
measured,probe-memory-buffer,run,3822,20526801,0,7998665,39993325,39007125,1000000,4294967296,read,2437945
measured,probe-memory-buffer,run,3823,20532201,0,7998665,39993325,39012525,1000000,4294967296,read,2438282
measured,probe-memory-buffer,run,3824,20536401,0,7998665,39993325,39016725,1000000,4294967296,read,2438545
measured,probe-memory-buffer,run,3825,20540501,0,7998665,39993325,39020825,1000000,4294967296,read,2438801
measured,probe-memory-buffer,run,3826,20544601,0,7998665,39993325,39024925,1000000,4294967296,read,2439057
measured,probe-memory-buffer,run,3827,20548601,0,7998665,39993325,39028925,1000000,4294967296,read,2439307
measured,probe-memory-buffer,run,3828,20552601,0,7998665,39993325,39032925,1000000,4294967296,read,2439557
measured,probe-memory-buffer,run,3829,20556601,0,7998665,39993325,39036925,1000000,4294967296,read,2439807
measured,probe-memory-buffer,run,3830,20560601,0,7998665,39993325,39040925,1000000,4294967296,read,2440057
measured,probe-memory-buffer,run,3831,20564601,0,7998665,39993325,39044925,1000000,4294967296,read,2440307
measured,probe-memory-buffer,run,3832,20568601,0,7998665,39993325,39048925,1000000,4294967296,read,2440557
measured,probe-memory-buffer,run,3833,20572601,0,7998665,39993325,39052925,1000000,4294967296,read,2440807
measured,probe-memory-buffer,run,3834,20576601,0,7998665,39993325,39056925,1000000,4294967296,read,2441057
measured,probe-memory-buffer,run,3835,20580601,0,7998665,39993325,39060925,1000000,4294967296,read,2441307
measured,probe-memory-buffer,run,3836,20585701,0,7998665,39993325,39066025,1000000,4294967296,read,2441626
measured,probe-memory-buffer,run,3837,20592801,0,7998665,39993325,39073125,1000000,4294967296,read,2442070
measured,probe-memory-buffer,run,3838,20596801,0,7998665,39993325,39077125,1000000,4294967296,read,2442320
measured,probe-memory-buffer,run,3839,20600801,0,7998665,39993325,39081125,1000000,4294967296,read,2442570
measured,probe-memory-buffer,run,3840,20604801,0,7998665,39993325,39085125,1000000,4294967296,read,2442820
measured,probe-memory-buffer,run,3841,20608801,0,7998665,39993325,39089125,1000000,4294967296,read,2443070
measured,probe-memory-buffer,run,3842,20612801,0,7998665,39993325,39093125,1000000,4294967296,read,2443320
measured,probe-memory-buffer,run,3843,20616801,0,7998665,39993325,39097125,1000000,4294967296,read,2443570
measured,probe-memory-buffer,run,3844,20620801,0,7998665,39993325,39101125,1000000,4294967296,read,2443820
measured,probe-memory-buffer,run,3845,20624801,0,7998665,39993325,39105125,1000000,4294967296,read,2444070
measured,probe-memory-buffer,run,3846,20628801,0,7998665,39993325,39109125,1000000,4294967296,read,2444320
measured,probe-memory-buffer,run,3847,20632801,0,7998665,39993325,39113125,1000000,4294967296,read,2444570
measured,probe-memory-buffer,run,3848,20634401,0,8064200,40321000,39321000,1000000,4294967296,update,0
measured,probe-memory-buffer,run,3849,20640601,0,8064200,40321000,39327300,1000000,4294967296,read,2457956
measured,probe-memory-buffer,run,3850,20644901,0,8064200,40321000,39331600,1000000,4294967296,read,2458225
measured,probe-memory-buffer,run,3851,20648901,0,8064200,40321000,39335600,1000000,4294967296,read,2458475
measured,probe-memory-buffer,run,3852,20652901,0,8064200,40321000,39339600,1000000,4294967296,read,2458725
measured,probe-memory-buffer,run,3853,20657501,0,8064200,40321000,39344200,1000000,4294967296,read,2459012
measured,probe-memory-buffer,run,3854,20661501,0,8064200,40321000,39348200,1000000,4294967296,read,2459262
measured,probe-memory-buffer,run,3855,20665501,0,8064200,40321000,39352200,1000000,4294967296,read,2459512
measured,probe-memory-buffer,run,3856,20669501,0,8064200,40321000,39356200,1000000,4294967296,read,2459762
measured,probe-memory-buffer,run,3857,20673501,0,8064200,40321000,39360300,1000000,4294967296,read,2460018
measured,probe-memory-buffer,run,3858,20677501,0,8064200,40321000,39364300,1000000,4294967296,read,2460268
measured,probe-memory-buffer,run,3859,20681501,0,8064200,40321000,39368300,1000000,4294967296,read,2460518
measured,probe-memory-buffer,run,3860,20685501,0,8064200,40321000,39372300,1000000,4294967296,read,2460768
measured,probe-memory-buffer,run,3861,20689501,0,8064200,40321000,39376200,1000000,4294967296,read,2461012
measured,probe-memory-buffer,run,3862,20693501,0,8064200,40321000,39380200,1000000,4294967296,read,2461262
measured,probe-memory-buffer,run,3863,20697501,0,8064200,40321000,39384200,1000000,4294967296,read,2461512
measured,probe-memory-buffer,run,3864,20701501,0,8064200,40321000,39388300,1000000,4294967296,read,2461768
measured,probe-memory-buffer,run,3865,20705501,0,8064200,40321000,39392300,1000000,4294967296,read,2462018
measured,probe-memory-buffer,run,3866,20709501,0,8064200,40321000,39396300,1000000,4294967296,read,2462268
measured,probe-memory-buffer,run,3867,20713501,0,8064200,40321000,39400300,1000000,4294967296,read,2462518
measured,probe-memory-buffer,run,3868,20717501,0,8064200,40321000,39404300,1000000,4294967296,read,2462768
measured,probe-memory-buffer,run,3869,20721901,0,8064200,40321000,39408700,1000000,4294967296,read,2463043
measured,probe-memory-buffer,run,3870,20725901,0,8064200,40321000,39412700,1000000,4294967296,read,2463293
measured,probe-memory-buffer,run,3871,20729901,0,8064200,40321000,39416700,1000000,4294967296,read,2463543
measured,probe-memory-buffer,run,3872,20733901,0,8064200,40321000,39420700,1000000,4294967296,read,2463793
measured,probe-memory-buffer,run,3873,20737901,0,8064200,40321000,39424700,1000000,4294967296,read,2464043
measured,probe-memory-buffer,run,3874,20741901,0,8064200,40321000,39428700,1000000,4294967296,read,2464293
measured,probe-memory-buffer,run,3875,20745901,0,8064200,40321000,39432700,1000000,4294967296,read,2464543
measured,probe-memory-buffer,run,3876,20749901,0,8064200,40321000,39436700,1000000,4294967296,read,2464793
measured,probe-memory-buffer,run,3877,20753901,0,8064200,40321000,39440700,1000000,4294967296,read,2465043
measured,probe-memory-buffer,run,3878,20757701,0,8195270,40976350,39976350,1000000,4294967296,update,0
measured,probe-memory-buffer,run,3879,20784501,0,8195270,40976350,40003150,1000000,4294967296,read,2500196
measured,probe-memory-buffer,run,3880,20790801,0,8195270,40976350,40009550,1000000,4294967296,read,2500596
measured,probe-memory-buffer,run,3881,20795001,0,8195270,40976350,40013750,1000000,4294967296,read,2500859
measured,probe-memory-buffer,run,3882,20799101,0,8195270,40976350,40017850,1000000,4294967296,read,2501115
measured,probe-memory-buffer,run,3883,20803201,0,8195270,40976350,40021950,1000000,4294967296,read,2501371
measured,probe-memory-buffer,run,3884,20807201,0,8195270,40976350,40025950,1000000,4294967296,read,2501621
measured,probe-memory-buffer,run,3885,20811201,0,8195270,40976350,40029950,1000000,4294967296,read,2501871
measured,probe-memory-buffer,run,3886,20816601,0,8195270,40976350,40035350,1000000,4294967296,read,2502209
measured,probe-memory-buffer,run,3887,20820601,0,8195270,40976350,40039350,1000000,4294967296,read,2502459
measured,probe-memory-buffer,run,3888,20824601,0,8195270,40976350,40043350,1000000,4294967296,read,2502709
measured,probe-memory-buffer,run,3889,20828701,0,8195270,40976350,40047350,1000000,4294967296,read,2502959
measured,probe-memory-buffer,run,3890,20832701,0,8195270,40976350,40051350,1000000,4294967296,read,2503209
measured,probe-memory-buffer,run,3891,20836701,0,8195270,40976350,40055350,1000000,4294967296,read,2503459
measured,probe-memory-buffer,run,3892,20840701,0,8195270,40976350,40059450,1000000,4294967296,read,2503715
measured,probe-memory-buffer,run,3893,20844701,0,8195270,40976350,40063450,1000000,4294967296,read,2503965
measured,probe-memory-buffer,run,3894,20851601,0,8195270,40976350,40070350,1000000,4294967296,read,2504396
measured,probe-memory-buffer,run,3895,20855601,0,8195270,40976350,40074350,1000000,4294967296,read,2504646
measured,probe-memory-buffer,run,3896,20859601,0,8195270,40976350,40078350,1000000,4294967296,read,2504896
measured,probe-memory-buffer,run,3897,20863601,0,8195270,40976350,40082350,1000000,4294967296,read,2505146
measured,probe-memory-buffer,run,3898,20867701,0,8195270,40976350,40086350,1000000,4294967296,read,2505396
measured,probe-memory-buffer,run,3899,20871701,0,8195270,40976350,40090350,1000000,4294967296,read,2505646
measured,probe-memory-buffer,run,3900,20875701,0,8195270,40976350,40094350,1000000,4294967296,read,2505896
measured,probe-memory-buffer,run,3901,20879101,0,8260805,41304025,40304025,1000000,4294967296,update,0
measured,probe-memory-buffer,run,3902,20887901,0,8260805,41304025,40312925,1000000,4294967296,read,2519557
measured,probe-memory-buffer,run,3903,20893101,0,8260805,41304025,40318125,1000000,4294967296,read,2519882
measured,probe-memory-buffer,run,3904,20897101,0,8260805,41304025,40322125,1000000,4294967296,read,2520132
measured,probe-memory-buffer,run,3905,20901201,0,8260805,41304025,40326125,1000000,4294967296,read,2520382
measured,probe-memory-buffer,run,3906,20905201,0,8260805,41304025,40330125,1000000,4294967296,read,2520632
measured,probe-memory-buffer,run,3907,20909101,0,8260805,41304025,40334125,1000000,4294967296,read,2520882
measured,probe-memory-buffer,run,3908,20913101,0,8260805,41304025,40338125,1000000,4294967296,read,2521132
measured,probe-memory-buffer,run,3909,20917101,0,8260805,41304025,40342125,1000000,4294967296,read,2521382
measured,probe-memory-buffer,run,3910,20921101,0,8260805,41304025,40346125,1000000,4294967296,read,2521632
measured,probe-memory-buffer,run,3911,20925101,0,8260805,41304025,40350125,1000000,4294967296,read,2521882
measured,probe-memory-buffer,run,3912,20929201,0,8260805,41304025,40354125,1000000,4294967296,read,2522132
measured,probe-memory-buffer,run,3913,20933201,0,8260805,41304025,40358125,1000000,4294967296,read,2522382
measured,probe-memory-buffer,run,3914,20937201,0,8260805,41304025,40362125,1000000,4294967296,read,2522632
measured,probe-memory-buffer,run,3915,20941201,0,8260805,41304025,40366125,1000000,4294967296,read,2522882
measured,probe-memory-buffer,run,3916,20945101,0,8260805,41304025,40370125,1000000,4294967296,read,2523132
measured,probe-memory-buffer,run,3917,20949101,0,8260805,41304025,40374125,1000000,4294967296,read,2523382
measured,probe-memory-buffer,run,3918,20953101,0,8260805,41304025,40378125,1000000,4294967296,read,2523632
measured,probe-memory-buffer,run,3919,20957501,0,8260805,41304025,40382425,1000000,4294967296,read,2523901
measured,probe-memory-buffer,run,3920,20961501,0,8260805,41304025,40386425,1000000,4294967296,read,2524151
measured,probe-memory-buffer,run,3921,20965501,0,8260805,41304025,40390525,1000000,4294967296,read,2524407
measured,probe-memory-buffer,run,3922,20969501,0,8260805,41304025,40394525,1000000,4294967296,read,2524657
measured,probe-memory-buffer,run,3923,20973501,0,8260805,41304025,40398425,1000000,4294967296,read,2524901
measured,probe-memory-buffer,run,3924,20977501,0,8260805,41304025,40402425,1000000,4294967296,read,2525151
measured,probe-memory-buffer,run,3925,20981501,0,8260805,41304025,40406425,1000000,4294967296,read,2525401
measured,probe-memory-buffer,run,3926,20985501,0,8260805,41304025,40410425,1000000,4294967296,read,2525651
measured,probe-memory-buffer,run,3927,20989501,0,8260805,41304025,40414425,1000000,4294967296,read,2525901
measured,probe-memory-buffer,run,3928,20989901,0,8260805,41304025,40414925,1000000,4294967296,read,2525932
measured,probe-memory-buffer,run,3929,20990301,0,8260805,41304025,40415325,1000000,4294967296,read,2525957
measured,probe-memory-buffer,run,3930,20990701,0,8260805,41304025,40415725,1000000,4294967296,read,2525982
measured,probe-memory-buffer,run,3931,20991201,0,8260805,41304025,40416125,1000000,4294967296,read,2526007
measured,probe-memory-buffer,run,3932,20991601,0,8260805,41304025,40416525,1000000,4294967296,read,2526032
measured,probe-memory-buffer,run,3933,20992001,0,8260805,41304025,40417025,1000000,4294967296,read,2526064
measured,probe-memory-buffer,run,3934,20992401,0,8260805,41304025,40417425,1000000,4294967296,read,2526089
measured,probe-memory-buffer,run,3935,20992801,0,8260805,41304025,40417825,1000000,4294967296,read,2526114
measured,probe-memory-buffer,run,3936,20993301,0,8260805,41304025,40418225,1000000,4294967296,read,2526139
measured,probe-memory-buffer,run,3937,20993701,0,8260805,41304025,40418625,1000000,4294967296,read,2526164
measured,probe-memory-buffer,run,3938,20994101,0,8260805,41304025,40419125,1000000,4294967296,read,2526195
measured,probe-memory-buffer,run,3939,20994501,0,8260805,41304025,40419525,1000000,4294967296,read,2526220
measured,probe-memory-buffer,run,3940,20994901,0,8260805,41304025,40419925,1000000,4294967296,read,2526245
measured,probe-memory-buffer,run,3941,20995301,0,8260805,41304025,40420325,1000000,4294967296,read,2526270
measured,probe-memory-buffer,run,3942,20995801,0,8260805,41304025,40420725,1000000,4294967296,read,2526295
measured,probe-memory-buffer,run,3943,20996201,0,8260805,41304025,40421225,1000000,4294967296,read,2526326
measured,probe-memory-buffer,run,3944,20996601,0,8260805,41304025,40421625,1000000,4294967296,read,2526351
measured,probe-memory-buffer,run,3945,20997001,0,8260805,41304025,40422025,1000000,4294967296,read,2526376
measured,probe-memory-buffer,run,3946,20997401,0,8260805,41304025,40422425,1000000,4294967296,read,2526401
measured,probe-memory-buffer,run,3947,20997901,0,8260805,41304025,40422825,1000000,4294967296,read,2526426
measured,probe-memory-buffer,run,3948,20998301,0,8260805,41304025,40423225,1000000,4294967296,read,2526451
measured,probe-memory-buffer,run,3949,20998701,0,8260805,41304025,40423725,1000000,4294967296,read,2526482
measured,probe-memory-buffer,run,3950,20999101,0,8260805,41304025,40424125,1000000,4294967296,read,2526507
measured,probe-memory-buffer,run,3951,21002701,0,8391875,41959375,40959375,1000000,4294967296,update,0
measured,probe-memory-buffer,run,3952,21031001,0,8391875,41959375,40987775,1000000,4294967296,read,2561735
measured,probe-memory-buffer,run,3953,21033801,0,8391875,41959375,40990575,1000000,4294967296,read,2561910
measured,probe-memory-buffer,run,3954,21034401,0,8391875,41959375,40991175,1000000,4294967296,read,2561948
measured,probe-memory-buffer,run,3955,21034901,0,8391875,41959375,40991675,1000000,4294967296,read,2561979
measured,probe-memory-buffer,run,3956,21035401,0,8391875,41959375,40992175,1000000,4294967296,read,2562010
measured,probe-memory-buffer,run,3957,21035801,0,8391875,41959375,40992575,1000000,4294967296,read,2562035
measured,probe-memory-buffer,run,3958,21036301,0,8391875,41959375,40992975,1000000,4294967296,read,2562060
measured,probe-memory-buffer,run,3959,21036701,0,8391875,41959375,40993375,1000000,4294967296,read,2562085
measured,probe-memory-buffer,run,3960,21037101,0,8391875,41959375,40993875,1000000,4294967296,read,2562117
measured,probe-memory-buffer,run,3961,21037501,0,8391875,41959375,40994275,1000000,4294967296,read,2562142
measured,probe-memory-buffer,run,3962,21037901,0,8391875,41959375,40994675,1000000,4294967296,read,2562167
measured,probe-memory-buffer,run,3963,21038301,0,8391875,41959375,40995075,1000000,4294967296,read,2562192
measured,probe-memory-buffer,run,3964,21038801,0,8391875,41959375,40995475,1000000,4294967296,read,2562217
measured,probe-memory-buffer,run,3965,21039201,0,8391875,41959375,40995975,1000000,4294967296,read,2562248
measured,probe-memory-buffer,run,3966,21039601,0,8391875,41959375,40996375,1000000,4294967296,read,2562273
measured,probe-memory-buffer,run,3967,21040001,0,8391875,41959375,40996775,1000000,4294967296,read,2562298
measured,probe-memory-buffer,run,3968,21040401,0,8391875,41959375,40997175,1000000,4294967296,read,2562323
measured,probe-memory-buffer,run,3969,21040801,0,8391875,41959375,40997575,1000000,4294967296,read,2562348
measured,probe-memory-buffer,run,3970,21041301,0,8391875,41959375,40997975,1000000,4294967296,read,2562373
measured,probe-memory-buffer,run,3971,21041701,0,8391875,41959375,40998475,1000000,4294967296,read,2562404
measured,probe-memory-buffer,run,3972,21042101,0,8391875,41959375,40998875,1000000,4294967296,read,2562429
measured,probe-memory-buffer,run,3973,21042501,0,8391875,41959375,40999275,1000000,4294967296,read,2562454
measured,probe-memory-buffer,run,3974,21042901,0,8391875,41959375,40999675,1000000,4294967296,read,2562479
measured,probe-memory-buffer,run,3975,21043401,0,8391875,41959375,41000075,1000000,4294967296,read,2562504
measured,probe-memory-buffer,run,3976,21043801,0,8391875,41959375,41000575,1000000,4294967296,read,2562535
measured,probe-memory-buffer,run,3977,21044201,0,8391875,41959375,41000975,1000000,4294967296,read,2562560
measured,probe-memory-buffer,run,3978,21044601,0,8391875,41959375,41001375,1000000,4294967296,read,2562585
measured,probe-memory-buffer,run,3979,21045001,0,8391875,41959375,41001775,1000000,4294967296,read,2562610
measured,probe-memory-buffer,run,3980,21045501,0,8391875,41959375,41002175,1000000,4294967296,read,2562635
measured,probe-memory-buffer,run,3981,21045901,0,8391875,41959375,41002675,1000000,4294967296,read,2562667
measured,probe-memory-buffer,run,3982,21046301,0,8391875,41959375,41003075,1000000,4294967296,read,2562692
measured,probe-memory-buffer,run,3983,21046701,0,8391875,41959375,41003475,1000000,4294967296,read,2562717
measured,probe-memory-buffer,run,3984,21047101,0,8391875,41959375,41003875,1000000,4294967296,read,2562742
measured,probe-memory-buffer,run,3985,21047501,0,8391875,41959375,41004275,1000000,4294967296,read,2562767
measured,probe-memory-buffer,run,3986,21048001,0,8391875,41959375,41004675,1000000,4294967296,read,2562792
measured,probe-memory-buffer,run,3987,21048401,0,8391875,41959375,41005175,1000000,4294967296,read,2562823
measured,probe-memory-buffer,run,3988,21048801,0,8391875,41959375,41005575,1000000,4294967296,read,2562848
measured,probe-memory-buffer,run,3989,21049201,0,8391875,41959375,41005975,1000000,4294967296,read,2562873
measured,probe-memory-buffer,run,3990,21049701,0,8391875,41959375,41006375,1000000,4294967296,read,2562898
measured,probe-memory-buffer,run,3991,21050101,0,8391875,41959375,41006875,1000000,4294967296,read,2562929
measured,probe-memory-buffer,run,3992,21050501,0,8391875,41959375,41007275,1000000,4294967296,read,2562954
measured,probe-memory-buffer,run,3993,21050901,0,8391875,41959375,41007675,1000000,4294967296,read,2562979
measured,probe-memory-buffer,run,3994,21051301,0,8391875,41959375,41008075,1000000,4294967296,read,2563004
measured,probe-memory-buffer,run,3995,21051801,0,8391875,41959375,41008475,1000000,4294967296,read,2563029
measured,probe-memory-buffer,run,3996,21052201,0,8391875,41959375,41008975,1000000,4294967296,read,2563060
measured,probe-memory-buffer,run,3997,21052601,0,8391875,41959375,41009375,1000000,4294967296,read,2563085
measured,probe-memory-buffer,run,3998,21053001,0,8391875,41959375,41009775,1000000,4294967296,read,2563110
measured,probe-memory-buffer,run,3999,21053401,0,8391875,41959375,41010175,1000000,4294967296,read,2563135
measured,probe-memory-buffer,run,4000,21053901,0,8391875,41959375,41010575,1000000,4294967296,read,2563160
measured,probe-memory-buffer,run,4001,21054301,0,8391875,41959375,41011075,1000000,4294967296,read,2563192
measured,probe-memory-buffer,run,4002,21054701,0,8391875,41959375,41011475,1000000,4294967296,read,2563217
measured,probe-memory-buffer,run,4003,21055101,0,8391875,41959375,41011875,1000000,4294967296,read,2563242
measured,probe-memory-buffer,run,4004,21055501,0,8391875,41959375,41012275,1000000,4294967296,read,2563267
measured,probe-memory-buffer,run,4005,21056001,0,8391875,41959375,41012675,1000000,4294967296,read,2563292
measured,probe-memory-buffer,run,4006,21056401,0,8391875,41959375,41013175,1000000,4294967296,read,2563323
measured,probe-memory-buffer,run,4007,21056801,0,8391875,41959375,41013575,1000000,4294967296,read,2563348
measured,probe-memory-buffer,run,4008,21060001,0,8391875,41959375,41016775,1000000,4294967296,read,2563548
measured,probe-memory-buffer,run,4009,21060501,0,8391875,41959375,41017175,1000000,4294967296,read,2563573
measured,probe-memory-buffer,run,4010,21060901,0,8391875,41959375,41017675,1000000,4294967296,read,2563604
measured,probe-memory-buffer,run,4011,21061301,0,8391875,41959375,41018075,1000000,4294967296,read,2563629
measured,probe-memory-buffer,run,4012,21061701,0,8391875,41959375,41018475,1000000,4294967296,read,2563654
measured,probe-memory-buffer,run,4013,21062201,0,8391875,41959375,41018875,1000000,4294967296,read,2563679
measured,probe-memory-buffer,run,4014,21062601,0,8391875,41959375,41019375,1000000,4294967296,read,2563710
measured,probe-memory-buffer,run,4015,21063001,0,8391875,41959375,41019775,1000000,4294967296,read,2563735
measured,probe-memory-buffer,run,4016,21063401,0,8391875,41959375,41020175,1000000,4294967296,read,2563760
measured,probe-memory-buffer,run,4017,21063801,0,8391875,41959375,41020575,1000000,4294967296,read,2563785
measured,probe-memory-buffer,run,4018,21064301,0,8391875,41959375,41020975,1000000,4294967296,read,2563810
measured,probe-memory-buffer,run,4019,21064701,0,8391875,41959375,41021375,1000000,4294967296,read,2563835
measured,probe-memory-buffer,run,4020,21065101,0,8391875,41959375,41021875,1000000,4294967296,read,2563867
measured,probe-memory-buffer,run,4021,21065501,0,8391875,41959375,41022275,1000000,4294967296,read,2563892
measured,probe-memory-buffer,run,4022,21065901,0,8391875,41959375,41022675,1000000,4294967296,read,2563917
measured,probe-memory-buffer,run,4023,21066401,0,8391875,41959375,41023075,1000000,4294967296,read,2563942
measured,probe-memory-buffer,run,4024,21066801,0,8391875,41959375,41023575,1000000,4294967296,read,2563973
measured,probe-memory-buffer,run,4025,21067201,0,8391875,41959375,41023975,1000000,4294967296,read,2563998
measured,probe-memory-buffer,run,4026,21067601,0,8391875,41959375,41024375,1000000,4294967296,read,2564023
measured,probe-memory-buffer,run,4027,21068001,0,8391875,41959375,41024775,1000000,4294967296,read,2564048
measured,probe-memory-buffer,run,4028,21068501,0,8391875,41959375,41025175,1000000,4294967296,read,2564073
measured,probe-memory-buffer,run,4029,21068901,0,8391875,41959375,41025675,1000000,4294967296,read,2564104
measured,probe-memory-buffer,run,4030,21069301,0,8391875,41959375,41026075,1000000,4294967296,read,2564129
measured,probe-memory-buffer,run,4031,21069701,0,8391875,41959375,41026475,1000000,4294967296,read,2564154
measured,probe-memory-buffer,run,4032,21070101,0,8391875,41959375,41026875,1000000,4294967296,read,2564179
measured,probe-memory-buffer,run,4033,21071801,0,8391875,41959375,41028575,1000000,4294967296,read,2564285
measured,probe-memory-buffer,run,4034,21072301,0,8391875,41959375,41029075,1000000,4294967296,read,2564317
measured,probe-memory-buffer,run,4035,21072701,0,8391875,41959375,41029475,1000000,4294967296,read,2564342
measured,probe-memory-buffer,run,4036,21073101,0,8391875,41959375,41029875,1000000,4294967296,read,2564367
measured,probe-memory-buffer,run,4037,21073501,0,8391875,41959375,41030275,1000000,4294967296,read,2564392
measured,probe-memory-buffer,run,4038,21073901,0,8391875,41959375,41030675,1000000,4294967296,read,2564417
measured,probe-memory-buffer,run,4039,21074401,0,8391875,41959375,41031075,1000000,4294967296,read,2564442
measured,probe-memory-buffer,run,4040,21074801,0,8391875,41959375,41031575,1000000,4294967296,read,2564473
measured,probe-memory-buffer,run,4041,21075201,0,8391875,41959375,41031975,1000000,4294967296,read,2564498
measured,probe-memory-buffer,run,4042,21075601,0,8391875,41959375,41032375,1000000,4294967296,read,2564523
measured,probe-memory-buffer,run,4043,21076001,0,8391875,41959375,41032775,1000000,4294967296,read,2564548
measured,probe-memory-buffer,run,4044,21076501,0,8391875,41959375,41033175,1000000,4294967296,read,2564573
measured,probe-memory-buffer,run,4045,21076901,0,8391875,41959375,41033675,1000000,4294967296,read,2564604
measured,probe-memory-buffer,run,4046,21077301,0,8391875,41959375,41034075,1000000,4294967296,read,2564629
measured,probe-memory-buffer,run,4047,21077701,0,8391875,41959375,41034475,1000000,4294967296,read,2564654
measured,probe-memory-buffer,run,4048,21078101,0,8391875,41959375,41034875,1000000,4294967296,read,2564679
measured,probe-memory-buffer,run,4049,21078601,0,8391875,41959375,41035275,1000000,4294967296,read,2564704
measured,probe-memory-buffer,run,4050,21079001,0,8391875,41959375,41035775,1000000,4294967296,read,2564735
measured,probe-memory-buffer,run,4051,21079401,0,8391875,41959375,41036175,1000000,4294967296,read,2564760
measured,probe-memory-buffer,run,4052,21079801,0,8391875,41959375,41036575,1000000,4294967296,read,2564785
measured,probe-memory-buffer,run,4053,21080201,0,8391875,41959375,41036975,1000000,4294967296,read,2564810
measured,probe-memory-buffer,run,4054,21080701,0,8391875,41959375,41037375,1000000,4294967296,read,2564835
measured,probe-memory-buffer,run,4055,21081101,0,8391875,41959375,41037775,1000000,4294967296,read,2564860
measured,probe-memory-buffer,run,4056,21081501,0,8391875,41959375,41038275,1000000,4294967296,read,2564892
measured,probe-memory-buffer,run,4057,21085501,0,8391875,41959375,41042275,1000000,4294967296,read,2565142
measured,probe-memory-buffer,run,4058,21089501,0,8391875,41959375,41046275,1000000,4294967296,read,2565392
measured,probe-memory-buffer,run,4059,21093501,0,8391875,41959375,41050275,1000000,4294967296,read,2565642
measured,probe-memory-buffer,run,4060,21097501,0,8391875,41959375,41054275,1000000,4294967296,read,2565892
measured,probe-memory-buffer,run,4061,21101501,0,8391875,41959375,41058275,1000000,4294967296,read,2566142
measured,probe-memory-buffer,run,4062,21105501,0,8391875,41959375,41062275,1000000,4294967296,read,2566392
measured,probe-memory-buffer,run,4063,21109501,0,8391875,41959375,41066275,1000000,4294967296,read,2566642
measured,probe-memory-buffer,run,4064,21113501,0,8391875,41959375,41070275,1000000,4294967296,read,2566892
measured,probe-memory-buffer,run,4065,21118801,0,8391875,41959375,41075475,1000000,4294967296,read,2567217
measured,probe-memory-buffer,run,4066,21122801,0,8391875,41959375,41079475,1000000,4294967296,read,2567467
measured,probe-memory-buffer,run,4067,21126801,0,8391875,41959375,41083475,1000000,4294967296,read,2567717
measured,probe-memory-buffer,run,4068,21158701,0,8457410,42287050,41287050,1000000,4294967296,update,0
measured,probe-memory-buffer,run,4069,21196801,0,8457410,42287050,41325250,1000000,4294967296,read,2582828
measured,probe-memory-buffer,run,4070,21217601,0,8457410,42287050,41346050,1000000,4294967296,read,2584128
measured,probe-memory-buffer,run,4071,21221801,0,8457410,42287050,41350350,1000000,4294967296,read,2584396
measured,probe-memory-buffer,run,4072,21227601,0,8457410,42287050,41356150,1000000,4294967296,read,2584759
measured,probe-memory-buffer,run,4073,21231601,0,8457410,42287050,41360150,1000000,4294967296,read,2585009
measured,probe-memory-buffer,run,4074,21235701,0,8457410,42287050,41364150,1000000,4294967296,read,2585259
measured,probe-memory-buffer,run,4075,21239701,0,8457410,42287050,41368150,1000000,4294967296,read,2585509
measured,probe-memory-buffer,run,4076,21243701,0,8457410,42287050,41372150,1000000,4294967296,read,2585759
measured,probe-memory-buffer,run,4077,21247701,0,8457410,42287050,41376250,1000000,4294967296,read,2586015
measured,probe-memory-buffer,run,4078,21251701,0,8457410,42287050,41380250,1000000,4294967296,read,2586265
measured,probe-memory-buffer,run,4079,21255701,0,8457410,42287050,41384250,1000000,4294967296,read,2586515
measured,probe-memory-buffer,run,4080,21259701,0,8457410,42287050,41388250,1000000,4294967296,read,2586765
measured,probe-memory-buffer,run,4081,21263701,0,8457410,42287050,41392250,1000000,4294967296,read,2587015
measured,probe-memory-buffer,run,4082,21267701,0,8457410,42287050,41396250,1000000,4294967296,read,2587265
measured,probe-memory-buffer,run,4083,21271701,0,8457410,42287050,41400250,1000000,4294967296,read,2587515
measured,probe-memory-buffer,run,4084,21275701,0,8457410,42287050,41404250,1000000,4294967296,read,2587765
measured,probe-memory-buffer,run,4085,21279701,0,8457410,42287050,41408250,1000000,4294967296,read,2588015
measured,probe-memory-buffer,run,4086,21283701,0,8457410,42287050,41412250,1000000,4294967296,read,2588265
measured,probe-memory-buffer,run,4087,21287701,0,8457410,42287050,41416250,1000000,4294967296,read,2588515
measured,probe-memory-buffer,run,4088,21292101,0,8457410,42287050,41420550,1000000,4294967296,read,2588784
measured,probe-memory-buffer,run,4089,21296101,0,8457410,42287050,41424550,1000000,4294967296,read,2589034
measured,probe-memory-buffer,run,4090,21306801,0,8588480,42942400,41942400,1000000,4294967296,update,0
measured,probe-memory-buffer,run,4091,21433501,0,8588480,42942400,42069000,1000000,3144720797,update,0
measured,probe-memory-buffer,run,4092,21559601,0,8588480,42942400,42161182,1000000,2249823668,update,0
