evidence,source_log,run_id,seq,host_ns,cpu,global_icount,model_ns,visible_ns,window_ns,slope_q32,event,counter_ticks
measured,probe-memory-buffer,run,0,77100,0,0,0,0,1000000,0,update,0
measured,probe-memory-buffer,run,1,649800,1,0,0,0,1000000,16777216,resume,0
measured,probe-memory-buffer,run,2,896200,0,0,0,962,1000000,16777216,resume,0
measured,probe-memory-buffer,run,3,1300600,1,0,0,2541,1000000,16777216,resume,0
measured,probe-memory-buffer,run,4,1425100,0,0,0,3028,1000000,16777216,read,189
measured,probe-memory-buffer,run,5,1448500,1,0,0,3119,1000000,16777216,read,194
measured,probe-memory-buffer,run,6,1490200,0,0,0,3282,1000000,16777216,read,205
measured,probe-memory-buffer,run,7,1491200,1,0,0,3286,1000000,16777216,read,205
measured,probe-memory-buffer,run,8,1491800,0,0,0,3289,1000000,16777216,read,205
measured,probe-memory-buffer,run,9,1492400,1,0,0,3291,1000000,16777216,read,205
measured,probe-memory-buffer,run,10,1493100,0,0,0,3293,1000000,16777216,read,205
measured,probe-memory-buffer,run,11,1493700,1,0,0,3296,1000000,16777216,read,206
measured,probe-memory-buffer,run,12,1494300,0,0,0,3298,1000000,16777216,read,206
measured,probe-memory-buffer,run,13,1494800,1,0,0,3300,1000000,16777216,read,206
measured,probe-memory-buffer,run,14,1495400,0,0,0,3303,1000000,16777216,read,206
measured,probe-memory-buffer,run,15,1496000,1,0,0,3305,1000000,16777216,read,206
measured,probe-memory-buffer,run,16,1496600,0,0,0,3307,1000000,16777216,read,206
measured,probe-memory-buffer,run,17,1497200,1,0,0,3310,1000000,16777216,read,206
measured,probe-memory-buffer,run,18,1497800,0,0,0,3312,1000000,16777216,read,207
measured,probe-memory-buffer,run,19,1498400,1,0,0,3314,1000000,16777216,read,207
measured,probe-memory-buffer,run,20,1499100,0,0,0,3317,1000000,16777216,read,207
measured,probe-memory-buffer,run,21,1499700,1,0,0,3319,1000000,16777216,read,207
measured,probe-memory-buffer,run,22,1500300,0,0,0,3322,1000000,16777216,read,207
measured,probe-memory-buffer,run,23,1500900,1,0,0,3324,1000000,16777216,read,207
measured,probe-memory-buffer,run,24,1501500,0,0,0,3326,1000000,16777216,read,207
measured,probe-memory-buffer,run,25,1502100,1,0,0,3329,1000000,16777216,read,208
measured,probe-memory-buffer,run,26,1504100,0,0,0,3336,1000000,16777216,read,208
measured,probe-memory-buffer,run,27,1504800,1,0,0,3339,1000000,16777216,read,208
measured,probe-memory-buffer,run,28,1505400,0,0,0,3341,1000000,16777216,read,208
measured,probe-memory-buffer,run,29,1506000,1,0,0,3344,1000000,16777216,read,209
measured,probe-memory-buffer,run,30,1506600,0,0,0,3346,1000000,16777216,read,209
measured,probe-memory-buffer,run,31,1507200,1,0,0,3349,1000000,16777216,read,209
measured,probe-memory-buffer,run,32,1507900,0,0,0,3351,1000000,16777216,read,209
measured,probe-memory-buffer,run,33,1508500,1,0,0,3353,1000000,16777216,read,209
measured,probe-memory-buffer,run,34,1509100,0,0,0,3356,1000000,16777216,read,209
measured,probe-memory-buffer,run,35,1509700,1,0,0,3358,1000000,16777216,read,209
measured,probe-memory-buffer,run,36,1510300,0,0,0,3361,1000000,16777216,read,210
measured,probe-memory-buffer,run,37,1510900,1,0,0,3363,1000000,16777216,read,210
measured,probe-memory-buffer,run,38,1511500,0,0,0,3366,1000000,16777216,read,210
measured,probe-memory-buffer,run,39,1512200,1,0,0,3368,1000000,16777216,read,210
measured,probe-memory-buffer,run,40,1512800,0,0,0,3371,1000000,16777216,read,210
measured,probe-memory-buffer,run,41,1513400,1,0,0,3373,1000000,16777216,read,210
measured,probe-memory-buffer,run,42,1514100,0,0,0,3375,1000000,16777216,read,210
measured,probe-memory-buffer,run,43,1514700,1,0,0,3378,1000000,16777216,read,211
measured,probe-memory-buffer,run,44,1515300,0,0,0,3380,1000000,16777216,read,211
measured,probe-memory-buffer,run,45,1515900,1,0,0,3383,1000000,16777216,read,211
measured,probe-memory-buffer,run,46,1516500,0,0,0,3385,1000000,16777216,read,211
measured,probe-memory-buffer,run,47,1517200,1,0,0,3387,1000000,16777216,read,211
measured,probe-memory-buffer,run,48,1517800,0,0,0,3390,1000000,16777216,read,211
measured,probe-memory-buffer,run,49,1518400,1,0,0,3392,1000000,16777216,read,212
measured,probe-memory-buffer,run,50,1519000,0,0,0,3395,1000000,16777216,read,212
measured,probe-memory-buffer,run,51,1519600,1,0,0,3397,1000000,16777216,read,212
measured,probe-memory-buffer,run,52,1520300,0,0,0,3400,1000000,16777216,read,212
measured,probe-memory-buffer,run,53,1520900,1,0,0,3402,1000000,16777216,read,212
measured,probe-memory-buffer,run,54,1521500,0,0,0,3404,1000000,16777216,read,212
measured,probe-memory-buffer,run,55,1522100,1,0,0,3407,1000000,16777216,read,212
measured,probe-memory-buffer,run,56,1522700,0,0,0,3409,1000000,16777216,read,213
measured,probe-memory-buffer,run,57,1523300,1,0,0,3412,1000000,16777216,read,213
measured,probe-memory-buffer,run,58,1524000,0,0,0,3414,1000000,16777216,read,213
measured,probe-memory-buffer,run,59,1524500,1,0,0,3416,1000000,16777216,read,213
measured,probe-memory-buffer,run,60,1525200,0,0,0,3419,1000000,16777216,read,213
measured,probe-memory-buffer,run,61,1525800,1,0,0,3421,1000000,16777216,read,213
measured,probe-memory-buffer,run,62,1526400,0,0,0,3424,1000000,16777216,read,214
measured,probe-memory-buffer,run,63,1527000,1,0,0,3426,1000000,16777216,read,214
measured,probe-memory-buffer,run,64,1527700,0,0,0,3428,1000000,16777216,read,214
measured,probe-memory-buffer,run,65,1528300,1,0,0,3431,1000000,16777216,read,214
measured,probe-memory-buffer,run,66,1528900,0,0,0,3433,1000000,16777216,read,214
measured,probe-memory-buffer,run,67,1529500,1,0,0,3436,1000000,16777216,read,214
measured,probe-memory-buffer,run,68,1530200,0,0,0,3438,1000000,16777216,read,214
measured,probe-memory-buffer,run,69,1530800,1,0,0,3441,1000000,16777216,read,215
measured,probe-memory-buffer,run,70,1531400,0,0,0,3443,1000000,16777216,read,215
measured,probe-memory-buffer,run,71,1532000,1,0,0,3446,1000000,16777216,read,215
measured,probe-memory-buffer,run,72,1532700,0,0,0,3448,1000000,16777216,read,215
measured,probe-memory-buffer,run,73,1533300,1,0,0,3450,1000000,16777216,read,215
measured,probe-memory-buffer,run,74,1533900,0,0,0,3453,1000000,16777216,read,215
measured,probe-memory-buffer,run,75,1534500,1,0,0,3455,1000000,16777216,read,215
measured,probe-memory-buffer,run,76,1535100,0,0,0,3458,1000000,16777216,read,216
measured,probe-memory-buffer,run,77,1535700,1,0,0,3460,1000000,16777216,read,216
measured,probe-memory-buffer,run,78,1536400,0,0,0,3462,1000000,16777216,read,216
measured,probe-memory-buffer,run,79,1537000,1,0,0,3465,1000000,16777216,read,216
measured,probe-memory-buffer,run,80,1537600,0,0,0,3467,1000000,16777216,read,216
measured,probe-memory-buffer,run,81,1538200,1,0,0,3470,1000000,16777216,read,216
measured,probe-memory-buffer,run,82,1538900,0,0,0,3472,1000000,16777216,read,217
measured,probe-memory-buffer,run,83,1540800,1,0,0,3480,1000000,16777216,read,217
measured,probe-memory-buffer,run,84,1541500,0,0,0,3483,1000000,16777216,read,217
measured,probe-memory-buffer,run,85,1542100,1,0,0,3485,1000000,16777216,read,217
measured,probe-memory-buffer,run,86,1542700,0,0,0,3487,1000000,16777216,read,217
measured,probe-memory-buffer,run,87,1543300,1,0,0,3490,1000000,16777216,read,218
measured,probe-memory-buffer,run,88,1544000,0,0,0,3492,1000000,16777216,read,218
measured,probe-memory-buffer,run,89,1544500,1,0,0,3494,1000000,16777216,read,218
measured,probe-memory-buffer,run,90,1545200,0,0,0,3497,1000000,16777216,read,218
measured,probe-memory-buffer,run,91,1545800,1,0,0,3500,1000000,16777216,read,218
measured,probe-memory-buffer,run,92,1546400,0,0,0,3502,1000000,16777216,read,218
measured,probe-memory-buffer,run,93,1547000,1,0,0,3504,1000000,16777216,read,219
measured,probe-memory-buffer,run,94,1547600,0,0,0,3507,1000000,16777216,read,219
measured,probe-memory-buffer,run,95,1548200,1,0,0,3509,1000000,16777216,read,219
measured,probe-memory-buffer,run,96,1548800,0,0,0,3511,1000000,16777216,read,219
measured,probe-memory-buffer,run,97,1549400,1,0,0,3514,1000000,16777216,read,219
measured,probe-memory-buffer,run,98,1550000,0,0,0,3516,1000000,16777216,read,219
measured,probe-memory-buffer,run,99,1550600,1,0,0,3518,1000000,16777216,read,219
measured,probe-memory-buffer,run,100,1551200,0,0,0,3521,1000000,16777216,read,220
measured,probe-memory-buffer,run,101,1551800,1,0,0,3523,1000000,16777216,read,220
measured,probe-memory-buffer,run,102,1552500,0,0,0,3525,1000000,16777216,read,220
measured,probe-memory-buffer,run,103,1553100,1,0,0,3528,1000000,16777216,read,220
measured,probe-memory-buffer,run,104,1553700,0,0,0,3530,1000000,16777216,read,220
measured,probe-memory-buffer,run,105,1566700,1,0,0,3581,1000000,16777216,read,223
measured,probe-memory-buffer,run,106,1567300,0,0,0,3583,1000000,16777216,read,223
measured,probe-memory-buffer,run,107,1567900,1,0,0,3586,1000000,16777216,read,224
measured,probe-memory-buffer,run,108,1568600,0,0,0,3588,1000000,16777216,read,224
measured,probe-memory-buffer,run,109,1569200,1,0,0,3591,1000000,16777216,read,224
measured,probe-memory-buffer,run,110,1569800,0,0,0,3593,1000000,16777216,read,224
measured,probe-memory-buffer,run,111,1570300,1,0,0,3595,1000000,16777216,read,224
measured,probe-memory-buffer,run,112,1571000,0,0,0,3598,1000000,16777216,read,224
measured,probe-memory-buffer,run,113,1571500,1,0,0,3600,1000000,16777216,read,225
measured,probe-memory-buffer,run,114,1572200,0,0,0,3602,1000000,16777216,read,225
measured,probe-memory-buffer,run,115,1572800,1,0,0,3605,1000000,16777216,read,225
measured,probe-memory-buffer,run,116,1573400,0,0,0,3607,1000000,16777216,read,225
measured,probe-memory-buffer,run,117,1574000,1,0,0,3609,1000000,16777216,read,225
measured,probe-memory-buffer,run,118,1574600,0,0,0,3612,1000000,16777216,read,225
measured,probe-memory-buffer,run,119,1575200,1,0,0,3614,1000000,16777216,read,225
measured,probe-memory-buffer,run,120,1575800,0,0,0,3616,1000000,16777216,read,226
measured,probe-memory-buffer,run,121,1576400,1,0,0,3619,1000000,16777216,read,226
measured,probe-memory-buffer,run,122,1577000,0,0,0,3621,1000000,16777216,read,226
measured,probe-memory-buffer,run,123,1577600,1,0,0,3623,1000000,16777216,read,226
measured,probe-memory-buffer,run,124,1578200,0,0,0,3626,1000000,16777216,read,226
measured,probe-memory-buffer,run,125,1578900,1,0,0,3628,1000000,16777216,read,226
measured,probe-memory-buffer,run,126,1579500,0,0,0,3631,1000000,16777216,read,226
measured,probe-memory-buffer,run,127,1580000,1,0,0,3633,1000000,16777216,read,227
measured,probe-memory-buffer,run,128,1580700,0,0,0,3635,1000000,16777216,read,227
measured,probe-memory-buffer,run,129,1581300,1,0,0,3638,1000000,16777216,read,227
measured,probe-memory-buffer,run,130,1581900,0,0,0,3641,1000000,16777216,read,227
measured,probe-memory-buffer,run,131,1582500,1,0,0,3643,1000000,16777216,read,227
measured,probe-memory-buffer,run,132,1583200,0,0,0,3645,1000000,16777216,read,227
measured,probe-memory-buffer,run,133,1583800,1,0,0,3648,1000000,16777216,read,228
measured,probe-memory-buffer,run,134,1584400,0,0,0,3650,1000000,16777216,read,228
measured,probe-memory-buffer,run,135,1585000,1,0,0,3653,1000000,16777216,read,228
measured,probe-memory-buffer,run,136,1585600,0,0,0,3655,1000000,16777216,read,228
measured,probe-memory-buffer,run,137,1586200,1,0,0,3657,1000000,16777216,read,228
measured,probe-memory-buffer,run,138,1586900,0,0,0,3660,1000000,16777216,read,228
measured,probe-memory-buffer,run,139,1587500,1,0,0,3662,1000000,16777216,read,228
measured,probe-memory-buffer,run,140,1589200,0,0,0,3669,1000000,16777216,read,229
measured,probe-memory-buffer,run,141,1589800,1,0,0,3671,1000000,16777216,read,229
measured,probe-memory-buffer,run,142,1590400,0,0,0,3674,1000000,16777216,read,229
measured,probe-memory-buffer,run,143,1591100,1,0,0,3676,1000000,16777216,read,229
measured,probe-memory-buffer,run,144,1591700,0,0,0,3678,1000000,16777216,read,229
measured,probe-memory-buffer,run,145,1592300,1,0,0,3681,1000000,16777216,read,230
measured,probe-memory-buffer,run,146,1592900,0,0,0,3683,1000000,16777216,read,230
measured,probe-memory-buffer,run,147,1593500,1,0,0,3686,1000000,16777216,read,230
measured,probe-memory-buffer,run,148,1594200,0,0,0,3688,1000000,16777216,read,230
measured,probe-memory-buffer,run,149,1594800,1,0,0,3691,1000000,16777216,read,230
measured,probe-memory-buffer,run,150,1595400,0,0,0,3693,1000000,16777216,read,230
measured,probe-memory-buffer,run,151,1596000,1,0,0,3696,1000000,16777216,read,231
measured,probe-memory-buffer,run,152,1596600,0,0,0,3698,1000000,16777216,read,231
measured,probe-memory-buffer,run,153,1597200,1,0,0,3700,1000000,16777216,read,231
measured,probe-memory-buffer,run,154,1597800,0,0,0,3703,1000000,16777216,read,231
measured,probe-memory-buffer,run,155,1598500,1,0,0,3705,1000000,16777216,read,231
measured,probe-memory-buffer,run,156,1599100,0,0,0,3707,1000000,16777216,read,231
measured,probe-memory-buffer,run,157,1599700,1,0,0,3710,1000000,16777216,read,231
measured,probe-memory-buffer,run,158,1600300,0,0,0,3712,1000000,16777216,read,232
measured,probe-memory-buffer,run,159,1600900,1,0,0,3715,1000000,16777216,read,232
measured,probe-memory-buffer,run,160,1601500,0,0,0,3717,1000000,16777216,read,232
measured,probe-memory-buffer,run,161,1602100,1,0,0,3719,1000000,16777216,read,232
measured,probe-memory-buffer,run,162,1602700,0,0,0,3722,1000000,16777216,read,232
measured,probe-memory-buffer,run,163,1603400,1,0,0,3724,1000000,16777216,read,232
measured,probe-memory-buffer,run,164,1604000,0,0,0,3726,1000000,16777216,read,232
measured,probe-memory-buffer,run,165,1604500,1,0,0,3729,1000000,16777216,read,233
measured,probe-memory-buffer,run,166,1605100,0,0,0,3731,1000000,16777216,read,233
measured,probe-memory-buffer,run,167,1605800,1,0,0,3733,1000000,16777216,read,233
measured,probe-memory-buffer,run,168,1606400,0,0,0,3736,1000000,16777216,read,233
measured,probe-memory-buffer,run,169,1607000,1,0,0,3738,1000000,16777216,read,233
measured,probe-memory-buffer,run,170,1607600,0,0,0,3741,1000000,16777216,read,233
measured,probe-memory-buffer,run,171,1608200,1,0,0,3743,1000000,16777216,read,233
measured,probe-memory-buffer,run,172,1608800,0,0,0,3745,1000000,16777216,read,234
measured,probe-memory-buffer,run,173,1609400,1,0,0,3748,1000000,16777216,read,234
measured,probe-memory-buffer,run,174,1610000,0,0,0,3750,1000000,16777216,read,234
measured,probe-memory-buffer,run,175,1610600,1,0,0,3753,1000000,16777216,read,234
measured,probe-memory-buffer,run,176,1611200,0,0,0,3755,1000000,16777216,read,234
measured,probe-memory-buffer,run,177,1611800,1,0,0,3757,1000000,16777216,read,234
measured,probe-memory-buffer,run,178,1612400,0,0,0,3760,1000000,16777216,read,235
measured,probe-memory-buffer,run,179,1613000,1,0,0,3762,1000000,16777216,read,235
measured,probe-memory-buffer,run,180,1613600,0,0,0,3764,1000000,16777216,read,235
measured,probe-memory-buffer,run,181,1614200,1,0,0,3767,1000000,16777216,read,235
measured,probe-memory-buffer,run,182,1614900,0,0,0,3769,1000000,16777216,read,235
measured,probe-memory-buffer,run,183,1615500,1,0,0,3771,1000000,16777216,read,235
measured,probe-memory-buffer,run,184,1616100,0,0,0,3774,1000000,16777216,read,235
measured,probe-memory-buffer,run,185,1616700,1,0,0,3776,1000000,16777216,read,236
measured,probe-memory-buffer,run,186,1617300,0,0,0,3779,1000000,16777216,read,236
measured,probe-memory-buffer,run,187,1618000,1,0,0,3781,1000000,16777216,read,236
measured,probe-memory-buffer,run,188,1618600,0,0,0,3783,1000000,16777216,read,236
measured,probe-memory-buffer,run,189,1619200,1,0,0,3786,1000000,16777216,read,236
measured,probe-memory-buffer,run,190,1619800,0,0,0,3789,1000000,16777216,read,236
measured,probe-memory-buffer,run,191,1620400,1,0,0,3791,1000000,16777216,read,236
measured,probe-memory-buffer,run,192,1621000,0,0,0,3793,1000000,16777216,read,237
measured,probe-memory-buffer,run,193,1621600,1,0,0,3796,1000000,16777216,read,237
measured,probe-memory-buffer,run,194,1622300,0,0,0,3798,1000000,16777216,read,237
measured,probe-memory-buffer,run,195,1622900,1,0,0,3801,1000000,16777216,read,237
measured,probe-memory-buffer,run,196,1623500,0,0,0,3803,1000000,16777216,read,237
measured,probe-memory-buffer,run,197,1625100,1,0,0,3809,1000000,16777216,read,238
measured,probe-memory-buffer,run,198,1625800,0,0,0,3812,1000000,16777216,read,238
measured,probe-memory-buffer,run,199,1626400,1,0,0,3814,1000000,16777216,read,238
measured,probe-memory-buffer,run,200,1627000,0,0,0,3817,1000000,16777216,read,238
measured,probe-memory-buffer,run,201,1627700,1,0,0,3819,1000000,16777216,read,238
measured,probe-memory-buffer,run,202,1628300,0,0,0,3821,1000000,16777216,read,238
measured,probe-memory-buffer,run,203,1628900,1,0,0,3824,1000000,16777216,read,239
measured,probe-memory-buffer,run,204,1632600,0,0,0,3839,1000000,16777216,read,239
measured,probe-memory-buffer,run,205,1633200,1,0,0,3841,1000000,16777216,read,240
measured,probe-memory-buffer,run,206,1633800,0,0,0,3843,1000000,16777216,read,240
measured,probe-memory-buffer,run,207,1634400,1,0,0,3846,1000000,16777216,read,240
measured,probe-memory-buffer,run,208,1635000,0,0,0,3848,1000000,16777216,read,240
measured,probe-memory-buffer,run,209,1635600,1,0,0,3850,1000000,16777216,read,240
measured,probe-memory-buffer,run,210,1636200,0,0,0,3853,1000000,16777216,read,240
measured,probe-memory-buffer,run,211,1636800,1,0,0,3855,1000000,16777216,read,240
measured,probe-memory-buffer,run,212,1637500,0,0,0,3857,1000000,16777216,read,241
measured,probe-memory-buffer,run,213,1638100,1,0,0,3860,1000000,16777216,read,241
measured,probe-memory-buffer,run,214,1638700,0,0,0,3862,1000000,16777216,read,241
measured,probe-memory-buffer,run,215,1639300,1,0,0,3865,1000000,16777216,read,241
measured,probe-memory-buffer,run,216,1639900,0,0,0,3867,1000000,16777216,read,241
measured,probe-memory-buffer,run,217,1640500,1,0,0,3869,1000000,16777216,read,241
measured,probe-memory-buffer,run,218,1641100,0,0,0,3871,1000000,16777216,read,241
measured,probe-memory-buffer,run,219,1641700,1,0,0,3874,1000000,16777216,read,242
measured,probe-memory-buffer,run,220,1642300,0,0,0,3876,1000000,16777216,read,242
measured,probe-memory-buffer,run,221,1642900,1,0,0,3879,1000000,16777216,read,242
measured,probe-memory-buffer,run,222,1643500,0,0,0,3881,1000000,16777216,read,242
measured,probe-memory-buffer,run,223,1644100,1,0,0,3883,1000000,16777216,read,242
measured,probe-memory-buffer,run,224,1644700,0,0,0,3886,1000000,16777216,read,242
measured,probe-memory-buffer,run,225,1645300,1,0,0,3888,1000000,16777216,read,243
measured,probe-memory-buffer,run,226,1646000,0,0,0,3891,1000000,16777216,read,243
measured,probe-memory-buffer,run,227,1646500,1,0,0,3893,1000000,16777216,read,243
measured,probe-memory-buffer,run,228,1647100,0,0,0,3895,1000000,16777216,read,243
measured,probe-memory-buffer,run,229,1647700,1,0,0,3898,1000000,16777216,read,243
measured,probe-memory-buffer,run,230,1648300,0,0,0,3900,1000000,16777216,read,243
measured,probe-memory-buffer,run,231,1648900,1,0,0,3902,1000000,16777216,read,243
measured,probe-memory-buffer,run,232,1649500,0,0,0,3905,1000000,16777216,read,244
measured,probe-memory-buffer,run,233,1650100,1,0,0,3907,1000000,16777216,read,244
measured,probe-memory-buffer,run,234,1650800,0,0,0,3909,1000000,16777216,read,244
measured,probe-memory-buffer,run,235,1651300,1,0,0,3912,1000000,16777216,read,244
measured,probe-memory-buffer,run,236,1652000,0,0,0,3914,1000000,16777216,read,244
measured,probe-memory-buffer,run,237,1652500,1,0,0,3916,1000000,16777216,read,244
measured,probe-memory-buffer,run,238,1653100,0,0,0,3919,1000000,16777216,read,244
measured,probe-memory-buffer,run,239,1653700,1,0,0,3921,1000000,16777216,read,245
measured,probe-memory-buffer,run,240,1654400,0,0,0,3923,1000000,16777216,read,245
measured,probe-memory-buffer,run,241,1654900,1,0,0,3926,1000000,16777216,read,245
measured,probe-memory-buffer,run,242,1655600,0,0,0,3928,1000000,16777216,read,245
measured,probe-memory-buffer,run,243,1656100,1,0,0,3930,1000000,16777216,read,245
measured,probe-memory-buffer,run,244,1656800,0,0,0,3933,1000000,16777216,read,245
measured,probe-memory-buffer,run,245,1657300,1,0,0,3935,1000000,16777216,read,245
measured,probe-memory-buffer,run,246,1658000,0,0,0,3937,1000000,16777216,read,246
measured,probe-memory-buffer,run,247,1658600,1,0,0,3940,1000000,16777216,read,246
measured,probe-memory-buffer,run,248,1659200,0,0,0,3942,1000000,16777216,read,246
measured,probe-memory-buffer,run,249,1659700,1,0,0,3944,1000000,16777216,read,246
measured,probe-memory-buffer,run,250,1660400,0,0,0,3947,1000000,16777216,read,246
measured,probe-memory-buffer,run,251,1660900,1,0,0,3949,1000000,16777216,read,246
measured,probe-memory-buffer,run,252,1661600,0,0,0,3951,1000000,16777216,read,246
measured,probe-memory-buffer,run,253,1663500,1,0,0,3959,1000000,16777216,read,247
measured,probe-memory-buffer,run,254,1664200,0,0,0,3962,1000000,16777216,read,247
measured,probe-memory-buffer,run,255,1664800,1,0,0,3964,1000000,16777216,read,247
measured,probe-memory-buffer,run,256,1665400,0,0,0,3967,1000000,16777216,read,247
measured,probe-memory-buffer,run,257,1666000,1,0,0,3969,1000000,16777216,read,248
measured,probe-memory-buffer,run,258,1666700,0,0,0,3971,1000000,16777216,read,248
measured,probe-memory-buffer,run,259,1667300,1,0,0,3974,1000000,16777216,read,248
measured,probe-memory-buffer,run,260,1667900,0,0,0,3976,1000000,16777216,read,248
measured,probe-memory-buffer,run,261,1668500,1,0,0,3978,1000000,16777216,read,248
measured,probe-memory-buffer,run,262,1669100,0,0,0,3981,1000000,16777216,read,248
measured,probe-memory-buffer,run,263,1669700,1,0,0,3983,1000000,16777216,read,248
measured,probe-memory-buffer,run,264,1670300,0,0,0,3986,1000000,16777216,read,249
measured,probe-memory-buffer,run,265,1670900,1,0,0,3988,1000000,16777216,read,249
measured,probe-memory-buffer,run,266,1671500,0,0,0,3990,1000000,16777216,read,249
measured,probe-memory-buffer,run,267,1672100,1,0,0,3992,1000000,16777216,read,249
measured,probe-memory-buffer,run,268,1672700,0,0,0,3995,1000000,16777216,read,249
measured,probe-memory-buffer,run,269,1673300,1,0,0,3998,1000000,16777216,read,249
measured,probe-memory-buffer,run,270,1673900,0,0,0,4000,1000000,16777216,read,250
measured,probe-memory-buffer,run,271,1674500,1,0,0,4002,1000000,16777216,read,250
measured,probe-memory-buffer,run,272,1675100,0,0,0,4004,1000000,16777216,read,250
measured,probe-memory-buffer,run,273,1675700,1,0,0,4007,1000000,16777216,read,250
measured,probe-memory-buffer,run,274,1676300,0,0,0,4009,1000000,16777216,read,250
measured,probe-memory-buffer,run,275,1676900,1,0,0,4012,1000000,16777216,read,250
measured,probe-memory-buffer,run,276,1677500,0,0,0,4014,1000000,16777216,read,250
measured,probe-memory-buffer,run,277,1678100,1,0,0,4016,1000000,16777216,read,251
measured,probe-memory-buffer,run,278,1678700,0,0,0,4018,1000000,16777216,read,251
measured,probe-memory-buffer,run,279,1679300,1,0,0,4021,1000000,16777216,read,251
measured,probe-memory-buffer,run,280,1679900,0,0,0,4023,1000000,16777216,read,251
measured,probe-memory-buffer,run,281,1680400,1,0,0,4025,1000000,16777216,read,251
measured,probe-memory-buffer,run,282,1681100,0,0,0,4028,1000000,16777216,read,251
measured,probe-memory-buffer,run,283,1681600,1,0,0,4030,1000000,16777216,read,251
measured,probe-memory-buffer,run,284,1682200,0,0,0,4032,1000000,16777216,read,252
measured,probe-memory-buffer,run,285,1682800,1,0,0,4035,1000000,16777216,read,252
measured,probe-memory-buffer,run,286,1683400,0,0,0,4037,1000000,16777216,read,252
measured,probe-memory-buffer,run,287,1684000,1,0,0,4039,1000000,16777216,read,252
measured,probe-memory-buffer,run,288,1684600,0,0,0,4042,1000000,16777216,read,252
measured,probe-memory-buffer,run,289,1685200,1,0,0,4044,1000000,16777216,read,252
measured,probe-memory-buffer,run,290,1685900,0,0,0,4046,1000000,16777216,read,252
measured,probe-memory-buffer,run,291,1686400,1,0,0,4049,1000000,16777216,read,253
measured,probe-memory-buffer,run,292,1687100,0,0,0,4051,1000000,16777216,read,253
measured,probe-memory-buffer,run,293,1687600,1,0,0,4053,1000000,16777216,read,253
measured,probe-memory-buffer,run,294,1688300,0,0,0,4056,1000000,16777216,read,253
measured,probe-memory-buffer,run,295,1688800,1,0,0,4058,1000000,16777216,read,253
measured,probe-memory-buffer,run,296,1689500,0,0,0,4060,1000000,16777216,read,253
measured,probe-memory-buffer,run,297,1690100,1,0,0,4063,1000000,16777216,read,253
measured,probe-memory-buffer,run,298,1690700,0,0,0,4066,1000000,16777216,read,254
measured,probe-memory-buffer,run,299,1691300,1,0,0,4068,1000000,16777216,read,254
measured,probe-memory-buffer,run,300,1692000,0,0,0,4070,1000000,16777216,read,254
measured,probe-memory-buffer,run,301,1692600,1,0,0,4073,1000000,16777216,read,254
measured,probe-memory-buffer,run,302,1693200,0,0,0,4075,1000000,16777216,read,254
measured,probe-memory-buffer,run,303,1693800,1,0,0,4078,1000000,16777216,read,254
measured,probe-memory-buffer,run,304,1694400,0,0,0,4080,1000000,16777216,read,255
measured,probe-memory-buffer,run,305,1695100,1,0,0,4082,1000000,16777216,read,255
measured,probe-memory-buffer,run,306,1695700,0,0,0,4085,1000000,16777216,read,255
measured,probe-memory-buffer,run,307,1696300,1,0,0,4087,1000000,16777216,read,255
measured,probe-memory-buffer,run,308,1696900,0,0,0,4090,1000000,16777216,read,255
measured,probe-memory-buffer,run,309,1697500,1,0,0,4092,1000000,16777216,read,255
measured,probe-memory-buffer,run,310,1699000,0,0,0,4098,1000000,16777216,read,256
measured,probe-memory-buffer,run,311,1699700,1,0,0,4100,1000000,16777216,read,256
measured,probe-memory-buffer,run,312,1700300,0,0,0,4103,1000000,16777216,read,256
measured,probe-memory-buffer,run,313,1700900,1,0,0,4105,1000000,16777216,read,256
measured,probe-memory-buffer,run,314,1701500,0,0,0,4108,1000000,16777216,read,256
measured,probe-memory-buffer,run,315,1702100,1,0,0,4110,1000000,16777216,read,256
measured,probe-memory-buffer,run,316,1702700,0,0,0,4112,1000000,16777216,read,257
measured,probe-memory-buffer,run,317,1703300,1,0,0,4114,1000000,16777216,read,257
measured,probe-memory-buffer,run,318,1703900,0,0,0,4117,1000000,16777216,read,257
measured,probe-memory-buffer,run,319,1704500,1,0,0,4119,1000000,16777216,read,257
measured,probe-memory-buffer,run,320,1705100,0,0,0,4121,1000000,16777216,read,257
measured,probe-memory-buffer,run,321,1705700,1,0,0,4124,1000000,16777216,read,257
measured,probe-memory-buffer,run,322,1706200,0,0,0,4126,1000000,16777216,read,257
measured,probe-memory-buffer,run,323,1706800,1,0,0,4128,1000000,16777216,read,258
measured,probe-memory-buffer,run,324,1707400,0,0,0,4131,1000000,16777216,read,258
measured,probe-memory-buffer,run,325,1708000,1,0,0,4133,1000000,16777216,read,258
measured,probe-memory-buffer,run,326,1708600,0,0,0,4135,1000000,16777216,read,258
measured,probe-memory-buffer,run,327,1725900,1,0,0,4203,1000000,16777216,read,262
measured,probe-memory-buffer,run,328,1726500,0,0,0,4205,1000000,16777216,read,262
measured,probe-memory-buffer,run,329,1727200,1,0,0,4208,1000000,16777216,read,263
measured,probe-memory-buffer,run,330,1727800,0,0,0,4210,1000000,16777216,read,263
measured,probe-memory-buffer,run,331,1728300,1,0,0,4212,1000000,16777216,read,263
measured,probe-memory-buffer,run,332,1729000,0,0,0,4215,1000000,16777216,read,263
measured,probe-memory-buffer,run,333,1729500,1,0,0,4217,1000000,16777216,read,263
measured,probe-memory-buffer,run,334,1730100,0,0,0,4219,1000000,16777216,read,263
measured,probe-memory-buffer,run,335,1730800,1,0,0,4222,1000000,16777216,read,263
measured,probe-memory-buffer,run,336,1731400,0,0,0,4224,1000000,16777216,read,264
measured,probe-memory-buffer,run,337,1731900,1,0,0,4226,1000000,16777216,read,264
measured,probe-memory-buffer,run,338,1732500,0,0,0,4229,1000000,16777216,read,264
measured,probe-memory-buffer,run,339,1733200,1,0,0,4231,1000000,16777216,read,264
measured,probe-memory-buffer,run,340,1733800,0,0,0,4233,1000000,16777216,read,264
measured,probe-memory-buffer,run,341,1734300,1,0,0,4236,1000000,16777216,read,264
measured,probe-memory-buffer,run,342,1734900,0,0,0,4238,1000000,16777216,read,264
measured,probe-memory-buffer,run,343,1735500,1,0,0,4241,1000000,16777216,read,265
measured,probe-memory-buffer,run,344,1736100,0,0,0,4243,1000000,16777216,read,265
measured,probe-memory-buffer,run,345,1736700,1,0,0,4245,1000000,16777216,read,265
measured,probe-memory-buffer,run,346,1737400,0,0,0,4248,1000000,16777216,read,265
measured,probe-memory-buffer,run,347,1738000,1,0,0,4250,1000000,16777216,read,265
measured,probe-memory-buffer,run,348,1738600,0,0,0,4253,1000000,16777216,read,265
measured,probe-memory-buffer,run,349,1739200,1,0,0,4255,1000000,16777216,read,265
measured,probe-memory-buffer,run,350,1739800,0,0,0,4257,1000000,16777216,read,266
measured,probe-memory-buffer,run,351,1740400,1,0,0,4260,1000000,16777216,read,266
measured,probe-memory-buffer,run,352,1741000,0,0,0,4262,1000000,16777216,read,266
measured,probe-memory-buffer,run,353,1741600,1,0,0,4264,1000000,16777216,read,266
measured,probe-memory-buffer,run,354,1742200,0,0,0,4267,1000000,16777216,read,266
measured,probe-memory-buffer,run,355,1742800,1,0,0,4269,1000000,16777216,read,266
measured,probe-memory-buffer,run,356,1743500,0,0,0,4271,1000000,16777216,read,266
measured,probe-memory-buffer,run,357,1744100,1,0,0,4274,1000000,16777216,read,267
measured,probe-memory-buffer,run,358,1744700,0,0,0,4276,1000000,16777216,read,267
measured,probe-memory-buffer,run,359,1745300,1,0,0,4279,1000000,16777216,read,267
measured,probe-memory-buffer,run,360,1745900,0,0,0,4281,1000000,16777216,read,267
measured,probe-memory-buffer,run,361,1746600,1,0,0,4283,1000000,16777216,read,267
measured,probe-memory-buffer,run,362,1747200,0,0,0,4286,1000000,16777216,read,267
measured,probe-memory-buffer,run,363,1747800,1,0,0,4288,1000000,16777216,read,268
measured,probe-memory-buffer,run,364,1748400,0,0,0,4291,1000000,16777216,read,268
measured,probe-memory-buffer,run,365,1749000,1,0,0,4293,1000000,16777216,read,268
measured,probe-memory-buffer,run,366,1749600,0,0,0,4295,1000000,16777216,read,268
measured,probe-memory-buffer,run,367,1751100,1,0,0,4301,1000000,16777216,read,268
measured,probe-memory-buffer,run,368,1751800,0,0,0,4304,1000000,16777216,read,269
measured,probe-memory-buffer,run,369,1752400,1,0,0,4306,1000000,16777216,read,269
measured,probe-memory-buffer,run,370,1753000,0,0,0,4309,1000000,16777216,read,269
measured,probe-memory-buffer,run,371,1753600,1,0,0,4311,1000000,16777216,read,269
measured,probe-memory-buffer,run,372,1754200,0,0,0,4314,1000000,16777216,read,269
measured,probe-memory-buffer,run,373,1754800,1,0,0,4316,1000000,16777216,read,269
measured,probe-memory-buffer,run,374,1755400,0,0,0,4318,1000000,16777216,read,269
measured,probe-memory-buffer,run,375,1756000,1,0,0,4321,1000000,16777216,read,270
measured,probe-memory-buffer,run,376,1756600,0,0,0,4323,1000000,16777216,read,270
measured,probe-memory-buffer,run,377,1757200,1,0,0,4325,1000000,16777216,read,270
measured,probe-memory-buffer,run,378,1757900,0,0,0,4328,1000000,16777216,read,270
measured,probe-memory-buffer,run,379,1758500,1,0,0,4330,1000000,16777216,read,270
measured,probe-memory-buffer,run,380,1759000,0,0,0,4332,1000000,16777216,read,270
measured,probe-memory-buffer,run,381,1759600,1,0,0,4335,1000000,16777216,read,270
measured,probe-memory-buffer,run,382,1760200,0,0,0,4337,1000000,16777216,read,271
measured,probe-memory-buffer,run,383,1760800,1,0,0,4339,1000000,16777216,read,271
measured,probe-memory-buffer,run,384,1761400,0,0,0,4342,1000000,16777216,read,271
measured,probe-memory-buffer,run,385,1762000,1,0,0,4344,1000000,16777216,read,271
measured,probe-memory-buffer,run,386,1762600,0,0,0,4346,1000000,16777216,read,271
measured,probe-memory-buffer,run,387,1763200,1,0,0,4349,1000000,16777216,read,271
measured,probe-memory-buffer,run,388,1763800,0,0,0,4351,1000000,16777216,read,271
measured,probe-memory-buffer,run,389,1764400,1,0,0,4353,1000000,16777216,read,272
measured,probe-memory-buffer,run,390,1765000,0,0,0,4356,1000000,16777216,read,272
measured,probe-memory-buffer,run,391,1765600,1,0,0,4358,1000000,16777216,read,272
measured,probe-memory-buffer,run,392,1766200,0,0,0,4360,1000000,16777216,read,272
measured,probe-memory-buffer,run,393,1766800,1,0,0,4363,1000000,16777216,read,272
measured,probe-memory-buffer,run,394,1767500,0,0,0,4365,1000000,16777216,read,272
measured,probe-memory-buffer,run,395,1768000,1,0,0,4367,1000000,16777216,read,272
measured,probe-memory-buffer,run,396,1768700,0,0,0,4370,1000000,16777216,read,273
measured,probe-memory-buffer,run,397,1788800,1,0,0,4449,1000000,16777216,read,278
measured,probe-memory-buffer,run,398,1789600,0,0,0,4451,1000000,16777216,read,278
measured,probe-memory-buffer,run,399,1790200,1,0,0,4454,1000000,16777216,read,278
measured,probe-memory-buffer,run,400,1790800,0,0,0,4457,1000000,16777216,read,278
measured,probe-memory-buffer,run,401,1791400,1,0,0,4459,1000000,16777216,read,278
measured,probe-memory-buffer,run,402,1792000,0,0,0,4461,1000000,16777216,read,278
measured,probe-memory-buffer,run,403,1792600,1,0,0,4464,1000000,16777216,read,279
measured,probe-memory-buffer,run,404,1793200,0,0,0,4466,1000000,16777216,read,279
measured,probe-memory-buffer,run,405,1793800,1,0,0,4468,1000000,16777216,read,279
measured,probe-memory-buffer,run,406,1794400,0,0,0,4471,1000000,16777216,read,279
measured,probe-memory-buffer,run,407,1795100,1,0,0,4473,1000000,16777216,read,279
measured,probe-memory-buffer,run,408,1795700,0,0,0,4475,1000000,16777216,read,279
measured,probe-memory-buffer,run,409,1812600,1,0,0,4542,1000000,16777216,read,283
measured,probe-memory-buffer,run,410,10414701,0,200000,1000000,38143,1000000,255568798,update,0
measured,probe-memory-buffer,run,411,10539201,0,200000,1000000,45551,1000000,255568798,read,2846
measured,probe-memory-buffer,run,412,10541601,1,200000,1000000,45694,1000000,255568798,read,2855
measured,probe-memory-buffer,run,413,10543001,0,200000,1000000,45783,1000000,255568798,read,2861
measured,probe-memory-buffer,run,414,10543601,1,200000,1000000,45819,1000000,255568798,read,2863
measured,probe-memory-buffer,run,415,10544301,0,200000,1000000,45854,1000000,255568798,read,2865
measured,probe-memory-buffer,run,416,10544901,1,200000,1000000,45890,1000000,255568798,read,2868
measured,probe-memory-buffer,run,417,10545501,0,200000,1000000,45932,1000000,255568798,read,2870
measured,probe-memory-buffer,run,418,10546101,1,200000,1000000,45967,1000000,255568798,read,2872
measured,probe-memory-buffer,run,419,10546701,0,200000,1000000,46003,1000000,255568798,read,2875
measured,probe-memory-buffer,run,420,10547301,1,200000,1000000,46039,1000000,255568798,read,2877
measured,probe-memory-buffer,run,421,10548001,0,200000,1000000,46074,1000000,255568798,read,2879
measured,probe-memory-buffer,run,422,10548601,1,200000,1000000,46110,1000000,255568798,read,2881
measured,probe-memory-buffer,run,423,10549201,0,200000,1000000,46152,1000000,255568798,read,2884
measured,probe-memory-buffer,run,424,10558401,1,200000,1000000,46699,1000000,255568798,read,2918
measured,probe-memory-buffer,run,425,10559201,0,200000,1000000,46741,1000000,255568798,read,2921
measured,probe-memory-buffer,run,426,10559801,1,200000,1000000,46783,1000000,255568798,read,2923
measured,probe-memory-buffer,run,427,10560501,0,200000,1000000,46818,1000000,255568798,read,2926
measured,probe-memory-buffer,run,428,10561101,1,200000,1000000,46860,1000000,255568798,read,2928
measured,probe-memory-buffer,run,429,10561701,0,200000,1000000,46896,1000000,255568798,read,2931
measured,probe-memory-buffer,run,430,10562401,1,200000,1000000,46931,1000000,255568798,read,2933
measured,probe-memory-buffer,run,431,10563001,0,200000,1000000,46973,1000000,255568798,read,2935
measured,probe-memory-buffer,run,432,10563701,1,200000,1000000,47009,1000000,255568798,read,2938
measured,probe-memory-buffer,run,433,10564301,0,200000,1000000,47050,1000000,255568798,read,2940
measured,probe-memory-buffer,run,434,10564901,1,200000,1000000,47086,1000000,255568798,read,2942
measured,probe-memory-buffer,run,435,10565601,0,200000,1000000,47122,1000000,255568798,read,2945
measured,probe-memory-buffer,run,436,10566201,1,200000,1000000,47157,1000000,255568798,read,2947
measured,probe-memory-buffer,run,437,10566801,0,200000,1000000,47199,1000000,255568798,read,2949
measured,probe-memory-buffer,run,438,10567401,1,200000,1000000,47235,1000000,255568798,read,2952
measured,probe-memory-buffer,run,439,10568101,0,200000,1000000,47270,1000000,255568798,read,2954
measured,probe-memory-buffer,run,440,10568701,1,200000,1000000,47306,1000000,255568798,read,2956
measured,probe-memory-buffer,run,441,10569401,0,200000,1000000,47354,1000000,255568798,read,2959
measured,probe-memory-buffer,run,442,10570001,1,200000,1000000,47389,1000000,255568798,read,2961
measured,probe-memory-buffer,run,443,10570701,0,200000,1000000,47425,1000000,255568798,read,2964
measured,probe-memory-buffer,run,444,10571301,1,200000,1000000,47467,1000000,255568798,read,2966
measured,probe-memory-buffer,run,445,10572001,0,200000,1000000,47503,1000000,255568798,read,2968
measured,probe-memory-buffer,run,446,10572601,1,200000,1000000,47544,1000000,255568798,read,2971
measured,probe-memory-buffer,run,447,10573301,0,200000,1000000,47580,1000000,255568798,read,2973
measured,probe-memory-buffer,run,448,10573901,1,200000,1000000,47616,1000000,255568798,read,2976
measured,probe-memory-buffer,run,449,10574501,0,200000,1000000,47657,1000000,255568798,read,2978
measured,probe-memory-buffer,run,450,10575101,1,200000,1000000,47693,1000000,255568798,read,2980
measured,probe-memory-buffer,run,451,10575801,0,200000,1000000,47729,1000000,255568798,read,2983
measured,probe-memory-buffer,run,452,10576401,1,200000,1000000,47770,1000000,255568798,read,2985
measured,probe-memory-buffer,run,453,10577101,0,200000,1000000,47806,1000000,255568798,read,2987
measured,probe-memory-buffer,run,454,10577601,1,200000,1000000,47842,1000000,255568798,read,2990
measured,probe-memory-buffer,run,455,10578301,0,200000,1000000,47877,1000000,255568798,read,2992
measured,probe-memory-buffer,run,456,10578901,1,200000,1000000,47913,1000000,255568798,read,2994
measured,probe-memory-buffer,run,457,10579601,0,200000,1000000,47955,1000000,255568798,read,2997
measured,probe-memory-buffer,run,458,10580201,1,200000,1000000,47990,1000000,255568798,read,2999
measured,probe-memory-buffer,run,459,10580801,0,200000,1000000,48032,1000000,255568798,read,3002
measured,probe-memory-buffer,run,460,10581501,1,200000,1000000,48068,1000000,255568798,read,3004
measured,probe-memory-buffer,run,461,10582101,0,200000,1000000,48109,1000000,255568798,read,3006
measured,probe-memory-buffer,run,462,10582801,1,200000,1000000,48145,1000000,255568798,read,3009
measured,probe-memory-buffer,run,463,10583401,0,200000,1000000,48187,1000000,255568798,read,3011
measured,probe-memory-buffer,run,464,10586101,0,200000,1000000,48342,1000000,185601054,update,0
measured,probe-memory-buffer,run,465,10613201,1,200000,1000000,49513,1000000,185601054,read,3094
measured,probe-memory-buffer,run,466,10615301,0,200000,1000000,49603,1000000,185601054,read,3100
measured,probe-memory-buffer,run,467,10616301,1,200000,1000000,49651,1000000,185601054,read,3103
measured,probe-memory-buffer,run,468,10617101,0,200000,1000000,49681,1000000,185601054,read,3105
measured,probe-memory-buffer,run,469,10617701,1,200000,1000000,49711,1000000,185601054,read,3106
measured,probe-memory-buffer,run,470,10618401,0,200000,1000000,49737,1000000,185601054,read,3108
measured,probe-memory-buffer,run,471,10619001,1,200000,1000000,49768,1000000,185601054,read,3110
measured,probe-memory-buffer,run,472,10619701,0,200000,1000000,49793,1000000,185601054,read,3112
measured,probe-memory-buffer,run,473,10620301,1,200000,1000000,49824,1000000,185601054,read,3114
measured,probe-memory-buffer,run,474,10621001,0,200000,1000000,49850,1000000,185601054,read,3115
measured,probe-memory-buffer,run,475,10621601,1,200000,1000000,49880,1000000,185601054,read,3117
measured,probe-memory-buffer,run,476,10622301,0,200000,1000000,49910,1000000,185601054,read,3119
measured,probe-memory-buffer,run,477,10622901,1,200000,1000000,49936,1000000,185601054,read,3121
measured,probe-memory-buffer,run,478,10623601,0,200000,1000000,49962,1000000,185601054,read,3122
measured,probe-memory-buffer,run,479,10624201,1,200000,1000000,49992,1000000,185601054,read,3124
measured,probe-memory-buffer,run,480,10624801,0,200000,1000000,50018,1000000,185601054,read,3126
measured,probe-memory-buffer,run,481,10626601,1,200000,1000000,50096,1000000,185601054,read,3131
measured,probe-memory-buffer,run,482,10627301,0,200000,1000000,50126,1000000,185601054,read,3132
measured,probe-memory-buffer,run,483,10627901,1,200000,1000000,50152,1000000,185601054,read,3134
measured,probe-memory-buffer,run,484,10628501,0,200000,1000000,50178,1000000,185601054,read,3136
measured,probe-memory-buffer,run,485,10629101,1,200000,1000000,50204,1000000,185601054,read,3137
measured,probe-memory-buffer,run,486,10629701,0,200000,1000000,50230,1000000,185601054,read,3139
measured,probe-memory-buffer,run,487,10630301,1,200000,1000000,50256,1000000,185601054,read,3141
measured,probe-memory-buffer,run,488,10630901,0,200000,1000000,50282,1000000,185601054,read,3142
measured,probe-memory-buffer,run,489,10631501,1,200000,1000000,50308,1000000,185601054,read,3144
measured,probe-memory-buffer,run,490,10632201,0,200000,1000000,50338,1000000,185601054,read,3146
measured,probe-memory-buffer,run,491,10632801,1,200000,1000000,50364,1000000,185601054,read,3147
measured,probe-memory-buffer,run,492,10633501,0,200000,1000000,50390,1000000,185601054,read,3149
measured,probe-memory-buffer,run,493,10634101,1,200000,1000000,50420,1000000,185601054,read,3151
measured,probe-memory-buffer,run,494,10634801,0,200000,1000000,50446,1000000,185601054,read,3152
measured,probe-memory-buffer,run,495,10635401,1,200000,1000000,50476,1000000,185601054,read,3154
measured,probe-memory-buffer,run,496,10636101,0,200000,1000000,50502,1000000,185601054,read,3156
measured,probe-memory-buffer,run,497,10636701,1,200000,1000000,50532,1000000,185601054,read,3158
measured,probe-memory-buffer,run,498,10637401,0,200000,1000000,50558,1000000,185601054,read,3159
measured,probe-memory-buffer,run,499,10638001,1,200000,1000000,50589,1000000,185601054,read,3161
measured,probe-memory-buffer,run,500,10638601,0,200000,1000000,50615,1000000,185601054,read,3163
measured,probe-memory-buffer,run,501,10639301,1,200000,1000000,50640,1000000,185601054,read,3165
measured,probe-memory-buffer,run,502,10639901,0,200000,1000000,50671,1000000,185601054,read,3166
measured,probe-memory-buffer,run,503,10640601,1,200000,1000000,50697,1000000,185601054,read,3168
measured,probe-memory-buffer,run,504,10641201,0,200000,1000000,50727,1000000,185601054,read,3170
measured,probe-memory-buffer,run,505,10641901,1,200000,1000000,50753,1000000,185601054,read,3172
measured,probe-memory-buffer,run,506,10642501,0,200000,1000000,50783,1000000,185601054,read,3173
measured,probe-memory-buffer,run,507,10643201,1,200000,1000000,50809,1000000,185601054,read,3175
measured,probe-memory-buffer,run,508,10643801,0,200000,1000000,50835,1000000,185601054,read,3177
measured,probe-memory-buffer,run,509,10644401,1,200000,1000000,50865,1000000,185601054,read,3179
measured,probe-memory-buffer,run,510,10645001,0,200000,1000000,50891,1000000,185601054,read,3180
measured,probe-memory-buffer,run,511,10645601,1,200000,1000000,50917,1000000,185601054,read,3182
measured,probe-memory-buffer,run,512,10646301,0,200000,1000000,50943,1000000,185601054,read,3183
measured,probe-memory-buffer,run,513,10646901,1,200000,1000000,50969,1000000,185601054,read,3185
measured,probe-memory-buffer,run,514,10647501,0,200000,1000000,50999,1000000,185601054,read,3187
measured,probe-memory-buffer,run,515,10648201,1,200000,1000000,51025,1000000,185601054,read,3189
measured,probe-memory-buffer,run,516,10648801,0,200000,1000000,51055,1000000,185601054,read,3190
measured,probe-memory-buffer,run,517,10649501,1,200000,1000000,51081,1000000,185601054,read,3192
measured,probe-memory-buffer,run,518,10650101,0,200000,1000000,51111,1000000,185601054,read,3194
measured,probe-memory-buffer,run,519,10650701,1,200000,1000000,51137,1000000,185601054,read,3196
measured,probe-memory-buffer,run,520,10651401,0,200000,1000000,51163,1000000,185601054,read,3197
measured,probe-memory-buffer,run,521,10652001,1,200000,1000000,51194,1000000,185601054,read,3199
measured,probe-memory-buffer,run,522,10652701,0,200000,1000000,51220,1000000,185601054,read,3201
measured,probe-memory-buffer,run,523,10653201,1,200000,1000000,51245,1000000,185601054,read,3202
measured,probe-memory-buffer,run,524,10653901,0,200000,1000000,51271,1000000,185601054,read,3204
measured,probe-memory-buffer,run,525,10654501,1,200000,1000000,51302,1000000,185601054,read,3206
measured,probe-memory-buffer,run,526,10655201,0,200000,1000000,51328,1000000,185601054,read,3208
measured,probe-memory-buffer,run,527,10655801,1,200000,1000000,51358,1000000,185601054,read,3209
measured,probe-memory-buffer,run,528,10656501,0,200000,1000000,51384,1000000,185601054,read,3211
measured,probe-memory-buffer,run,529,10657101,1,200000,1000000,51414,1000000,185601054,read,3213
measured,probe-memory-buffer,run,530,10657701,0,200000,1000000,51440,1000000,185601054,read,3215
measured,probe-memory-buffer,run,531,10658401,1,200000,1000000,51466,1000000,185601054,read,3216
measured,probe-memory-buffer,run,532,10659001,0,200000,1000000,51496,1000000,185601054,read,3218
measured,probe-memory-buffer,run,533,10659701,1,200000,1000000,51522,1000000,185601054,read,3220
measured,probe-memory-buffer,run,534,10660301,0,200000,1000000,51552,1000000,185601054,read,3222
measured,probe-memory-buffer,run,535,10661001,1,200000,1000000,51578,1000000,185601054,read,3223
measured,probe-memory-buffer,run,536,10661601,0,200000,1000000,51608,1000000,185601054,read,3225
measured,probe-memory-buffer,run,537,10662201,1,200000,1000000,51634,1000000,185601054,read,3227
measured,probe-memory-buffer,run,538,10667201,0,200000,1000000,51850,1000000,185601054,read,3240
measured,probe-memory-buffer,run,539,10668001,1,200000,1000000,51885,1000000,185601054,read,3242
measured,probe-memory-buffer,run,540,10668701,0,200000,1000000,51911,1000000,185601054,read,3244
measured,probe-memory-buffer,run,541,10669301,1,200000,1000000,51937,1000000,185601054,read,3246
measured,probe-memory-buffer,run,542,10669901,0,200000,1000000,51967,1000000,185601054,read,3247
measured,probe-memory-buffer,run,543,10670601,1,200000,1000000,51993,1000000,185601054,read,3249
measured,probe-memory-buffer,run,544,10671201,0,200000,1000000,52023,1000000,185601054,read,3251
measured,probe-memory-buffer,run,545,10671901,1,200000,1000000,52049,1000000,185601054,read,3253
measured,probe-memory-buffer,run,546,10672501,0,200000,1000000,52079,1000000,185601054,read,3254
measured,probe-memory-buffer,run,547,10673201,1,200000,1000000,52105,1000000,185601054,read,3256
measured,probe-memory-buffer,run,548,10673801,0,200000,1000000,52136,1000000,185601054,read,3258
measured,probe-memory-buffer,run,549,10674401,1,200000,1000000,52162,1000000,185601054,read,3260
measured,probe-memory-buffer,run,550,10675101,0,200000,1000000,52188,1000000,185601054,read,3261
measured,probe-memory-buffer,run,551,10675701,1,200000,1000000,52218,1000000,185601054,read,3263
measured,probe-memory-buffer,run,552,10676301,0,200000,1000000,52244,1000000,185601054,read,3265
measured,probe-memory-buffer,run,553,10676901,1,200000,1000000,52270,1000000,185601054,read,3266
measured,probe-memory-buffer,run,554,10677601,0,200000,1000000,52296,1000000,185601054,read,3268
measured,probe-memory-buffer,run,555,10678201,1,200000,1000000,52321,1000000,185601054,read,3270
measured,probe-memory-buffer,run,556,10678801,0,200000,1000000,52352,1000000,185601054,read,3272
measured,probe-memory-buffer,run,557,10679401,1,200000,1000000,52378,1000000,185601054,read,3273
measured,probe-memory-buffer,run,558,10680101,0,200000,1000000,52404,1000000,185601054,read,3275
measured,probe-memory-buffer,run,559,10680701,1,200000,1000000,52430,1000000,185601054,read,3276
measured,probe-memory-buffer,run,560,10697801,0,200000,1000000,53168,1000000,185601054,read,3323
measured,probe-memory-buffer,run,561,10698801,1,200000,1000000,53212,1000000,185601054,read,3325
measured,probe-memory-buffer,run,562,10699501,0,200000,1000000,53242,1000000,185601054,read,3327
measured,probe-memory-buffer,run,563,10700101,1,200000,1000000,53268,1000000,185601054,read,3329
measured,probe-memory-buffer,run,564,10700701,0,200000,1000000,53294,1000000,185601054,read,3330
measured,probe-memory-buffer,run,565,10701301,1,200000,1000000,53324,1000000,185601054,read,3332
measured,probe-memory-buffer,run,566,10702001,0,200000,1000000,53350,1000000,185601054,read,3334
measured,probe-memory-buffer,run,567,10702701,1,200000,1000000,53380,1000000,185601054,read,3336
measured,probe-memory-buffer,run,568,10703301,0,200000,1000000,53406,1000000,185601054,read,3337
measured,probe-memory-buffer,run,569,10703901,1,200000,1000000,53432,1000000,185601054,read,3339
measured,probe-memory-buffer,run,570,10704501,0,200000,1000000,53458,1000000,185601054,read,3341
measured,probe-memory-buffer,run,571,10705101,1,200000,1000000,53488,1000000,185601054,read,3343
measured,probe-memory-buffer,run,572,10705701,0,200000,1000000,53514,1000000,185601054,read,3344
measured,probe-memory-buffer,run,573,10706401,1,200000,1000000,53540,1000000,185601054,read,3346
measured,probe-memory-buffer,run,574,10707001,0,200000,1000000,53566,1000000,185601054,read,3347
measured,probe-memory-buffer,run,575,10707601,1,200000,1000000,53596,1000000,185601054,read,3349
measured,probe-memory-buffer,run,576,10708201,0,200000,1000000,53622,1000000,185601054,read,3351
measured,probe-memory-buffer,run,577,10708901,1,200000,1000000,53648,1000000,185601054,read,3353
measured,probe-memory-buffer,run,578,10709501,0,200000,1000000,53674,1000000,185601054,read,3354
measured,probe-memory-buffer,run,579,10710101,1,200000,1000000,53704,1000000,185601054,read,3356
measured,probe-memory-buffer,run,580,10710701,0,200000,1000000,53730,1000000,185601054,read,3358
measured,probe-memory-buffer,run,581,10713401,0,265535,1327675,327675,1000000,1704162302,update,0
measured,probe-memory-buffer,run,582,10747401,1,265535,1327675,341205,1000000,1704162302,read,21325
measured,probe-memory-buffer,run,583,10750201,0,265535,1327675,342316,1000000,1704162302,read,21394
measured,probe-memory-buffer,run,584,10751601,1,265535,1327675,342871,1000000,1704162302,read,21429
measured,probe-memory-buffer,run,585,10752301,0,265535,1327675,343149,1000000,1704162302,read,21446
measured,probe-memory-buffer,run,586,10752901,1,265535,1327675,343427,1000000,1704162302,read,21464
measured,probe-memory-buffer,run,587,10753601,0,265535,1327675,343665,1000000,1704162302,read,21479
measured,probe-memory-buffer,run,588,10754301,1,265535,1327675,343943,1000000,1704162302,read,21496
measured,probe-memory-buffer,run,589,10754901,0,265535,1327675,344220,1000000,1704162302,read,21513
measured,probe-memory-buffer,run,590,10755601,1,265535,1327675,344458,1000000,1704162302,read,21528
measured,probe-memory-buffer,run,591,10756201,0,265535,1327675,344736,1000000,1704162302,read,21546
measured,probe-memory-buffer,run,592,10756901,1,265535,1327675,344974,1000000,1704162302,read,21560
measured,probe-memory-buffer,run,593,10757501,0,265535,1327675,345212,1000000,1704162302,read,21575
measured,probe-memory-buffer,run,594,10758101,1,265535,1327675,345490,1000000,1704162302,read,21593
measured,probe-memory-buffer,run,595,10762601,0,265535,1327675,347236,1000000,1704162302,read,21702
measured,probe-memory-buffer,run,596,10763201,1,265535,1327675,347514,1000000,1704162302,read,21719
measured,probe-memory-buffer,run,597,10763901,0,265535,1327675,347752,1000000,1704162302,read,21734
measured,probe-memory-buffer,run,598,10764501,1,265535,1327675,348029,1000000,1704162302,read,21751
measured,probe-memory-buffer,run,599,10765201,0,265535,1327675,348267,1000000,1704162302,read,21766
measured,probe-memory-buffer,run,600,10765801,1,265535,1327675,348545,1000000,1704162302,read,21784
measured,probe-memory-buffer,run,601,10766401,0,265535,1327675,348783,1000000,1704162302,read,21798
measured,probe-memory-buffer,run,602,10767101,1,265535,1327675,349021,1000000,1704162302,read,21813
measured,probe-memory-buffer,run,603,10767701,0,265535,1327675,349299,1000000,1704162302,read,21831
measured,probe-memory-buffer,run,604,10768401,1,265535,1327675,349537,1000000,1704162302,read,21846
measured,probe-memory-buffer,run,605,10769001,0,265535,1327675,349815,1000000,1704162302,read,21863
measured,probe-memory-buffer,run,606,10769701,1,265535,1327675,350053,1000000,1704162302,read,21878
measured,probe-memory-buffer,run,607,10770301,0,265535,1327675,350331,1000000,1704162302,read,21895
measured,probe-memory-buffer,run,608,10771001,1,265535,1327675,350569,1000000,1704162302,read,21910
measured,probe-memory-buffer,run,609,10771601,0,265535,1327675,350847,1000000,1704162302,read,21927
measured,probe-memory-buffer,run,610,10772301,1,265535,1327675,351085,1000000,1704162302,read,21942
measured,probe-memory-buffer,run,611,10772901,0,265535,1327675,351362,1000000,1704162302,read,21960
measured,probe-memory-buffer,run,612,10773601,1,265535,1327675,351600,1000000,1704162302,read,21975
measured,probe-memory-buffer,run,613,10774201,0,265535,1327675,351878,1000000,1704162302,read,21992
measured,probe-memory-buffer,run,614,10774901,1,265535,1327675,352116,1000000,1704162302,read,22007
measured,probe-memory-buffer,run,615,10775501,0,265535,1327675,352394,1000000,1704162302,read,22024
measured,probe-memory-buffer,run,616,10776101,1,265535,1327675,352632,1000000,1704162302,read,22039
measured,probe-memory-buffer,run,617,10776801,0,265535,1327675,352910,1000000,1704162302,read,22056
measured,probe-memory-buffer,run,618,10777401,1,265535,1327675,353148,1000000,1704162302,read,22071
measured,probe-memory-buffer,run,619,10778101,0,265535,1327675,353386,1000000,1704162302,read,22086
measured,probe-memory-buffer,run,620,10778701,1,265535,1327675,353664,1000000,1704162302,read,22104
measured,probe-memory-buffer,run,621,10779301,0,265535,1327675,353902,1000000,1704162302,read,22118
measured,probe-memory-buffer,run,622,10780001,1,265535,1327675,354140,1000000,1704162302,read,22133
measured,probe-memory-buffer,run,623,10780601,0,265535,1327675,354418,1000000,1704162302,read,22151
measured,probe-memory-buffer,run,624,10781301,1,265535,1327675,354656,1000000,1704162302,read,22166
measured,probe-memory-buffer,run,625,10781901,0,265535,1327675,354933,1000000,1704162302,read,22183
measured,probe-memory-buffer,run,626,10782501,1,265535,1327675,355171,1000000,1704162302,read,22198
measured,probe-memory-buffer,run,627,10783201,0,265535,1327675,355410,1000000,1704162302,read,22213
measured,probe-memory-buffer,run,628,10783801,1,265535,1327675,355687,1000000,1704162302,read,22230
measured,probe-memory-buffer,run,629,10784501,0,265535,1327675,355925,1000000,1704162302,read,22245
measured,probe-memory-buffer,run,630,10785101,1,265535,1327675,356203,1000000,1704162302,read,22262
measured,probe-memory-buffer,run,631,10785801,0,265535,1327675,356441,1000000,1704162302,read,22277
measured,probe-memory-buffer,run,632,10786401,1,265535,1327675,356719,1000000,1704162302,read,22294
measured,probe-memory-buffer,run,633,10787001,0,265535,1327675,356957,1000000,1704162302,read,22309
measured,probe-memory-buffer,run,634,10787701,1,265535,1327675,357195,1000000,1704162302,read,22324
measured,probe-memory-buffer,run,635,10788301,0,265535,1327675,357473,1000000,1704162302,read,22342
measured,probe-memory-buffer,run,636,10789001,1,265535,1327675,357711,1000000,1704162302,read,22356
measured,probe-memory-buffer,run,637,10789601,0,265535,1327675,357989,1000000,1704162302,read,22374
measured,probe-memory-buffer,run,638,10790201,1,265535,1327675,358227,1000000,1704162302,read,22389
measured,probe-memory-buffer,run,639,10790901,0,265535,1327675,358465,1000000,1704162302,read,22404
measured,probe-memory-buffer,run,640,10791501,1,265535,1327675,358742,1000000,1704162302,read,22421
measured,probe-memory-buffer,run,641,10792201,0,265535,1327675,358981,1000000,1704162302,read,22436
measured,probe-memory-buffer,run,642,10792801,1,265535,1327675,359258,1000000,1704162302,read,22453
measured,probe-memory-buffer,run,643,10793501,0,265535,1327675,359496,1000000,1704162302,read,22468
measured,probe-memory-buffer,run,644,10794101,1,265535,1327675,359774,1000000,1704162302,read,22485
measured,probe-memory-buffer,run,645,10794801,0,265535,1327675,360012,1000000,1704162302,read,22500
measured,probe-memory-buffer,run,646,10795401,1,265535,1327675,360290,1000000,1704162302,read,22518
measured,probe-memory-buffer,run,647,10796001,0,265535,1327675,360528,1000000,1704162302,read,22533
measured,probe-memory-buffer,run,648,10796701,1,265535,1327675,360766,1000000,1704162302,read,22547
measured,probe-memory-buffer,run,649,10797301,0,265535,1327675,361044,1000000,1704162302,read,22565
measured,probe-memory-buffer,run,650,10798001,1,265535,1327675,361282,1000000,1704162302,read,22580
measured,probe-memory-buffer,run,651,10798601,0,265535,1327675,361560,1000000,1704162302,read,22597
measured,probe-memory-buffer,run,652,10800801,1,265535,1327675,362393,1000000,1704162302,read,22649
measured,probe-memory-buffer,run,653,10801501,0,265535,1327675,362671,1000000,1704162302,read,22666
measured,probe-memory-buffer,run,654,10802101,1,265535,1327675,362909,1000000,1704162302,read,22681
measured,probe-memory-buffer,run,655,10802701,0,265535,1327675,363186,1000000,1704162302,read,22699
measured,probe-memory-buffer,run,656,10803401,1,265535,1327675,363424,1000000,1704162302,read,22714
measured,probe-memory-buffer,run,657,10804001,0,265535,1327675,363702,1000000,1704162302,read,22731
measured,probe-memory-buffer,run,658,10804701,1,265535,1327675,363940,1000000,1704162302,read,22746
measured,probe-memory-buffer,run,659,10805301,0,265535,1327675,364218,1000000,1704162302,read,22763
measured,probe-memory-buffer,run,660,10806001,1,265535,1327675,364456,1000000,1704162302,read,22778
measured,probe-memory-buffer,run,661,10806601,0,265535,1327675,364734,1000000,1704162302,read,22795
measured,probe-memory-buffer,run,662,10807201,1,265535,1327675,364972,1000000,1704162302,read,22810
measured,probe-memory-buffer,run,663,10807901,0,265535,1327675,365250,1000000,1704162302,read,22828
measured,probe-memory-buffer,run,664,10808501,1,265535,1327675,365488,1000000,1704162302,read,22843
measured,probe-memory-buffer,run,665,10809201,0,265535,1327675,365765,1000000,1704162302,read,22860
measured,probe-memory-buffer,run,666,10809801,1,265535,1327675,366004,1000000,1704162302,read,22875
measured,probe-memory-buffer,run,667,10810501,0,265535,1327675,366281,1000000,1704162302,read,22892
measured,probe-memory-buffer,run,668,10811101,1,265535,1327675,366519,1000000,1704162302,read,22907
measured,probe-memory-buffer,run,669,10811801,0,265535,1327675,366757,1000000,1704162302,read,22922
measured,probe-memory-buffer,run,670,10812401,1,265535,1327675,367035,1000000,1704162302,read,22939
measured,probe-memory-buffer,run,671,10813101,0,265535,1327675,367273,1000000,1704162302,read,22954
measured,probe-memory-buffer,run,672,10813701,1,265535,1327675,367551,1000000,1704162302,read,22971
measured,probe-memory-buffer,run,673,10814401,0,265535,1327675,367789,1000000,1704162302,read,22986
measured,probe-memory-buffer,run,674,10815001,1,265535,1327675,368067,1000000,1704162302,read,23004
measured,probe-memory-buffer,run,675,10815701,0,265535,1327675,368305,1000000,1704162302,read,23019
measured,probe-memory-buffer,run,676,10816301,1,265535,1327675,368583,1000000,1704162302,read,23036
measured,probe-memory-buffer,run,677,10816901,0,265535,1327675,368821,1000000,1704162302,read,23051
measured,probe-memory-buffer,run,678,10817601,1,265535,1327675,369059,1000000,1704162302,read,23066
measured,probe-memory-buffer,run,679,10818201,0,265535,1327675,369337,1000000,1704162302,read,23083
measured,probe-memory-buffer,run,680,10818901,1,265535,1327675,369575,1000000,1704162302,read,23098
measured,probe-memory-buffer,run,681,10819501,0,265535,1327675,369852,1000000,1704162302,read,23115
measured,probe-memory-buffer,run,682,10820101,1,265535,1327675,370090,1000000,1704162302,read,23130
measured,probe-memory-buffer,run,683,10820801,0,265535,1327675,370328,1000000,1704162302,read,23145
measured,probe-memory-buffer,run,684,10821401,1,265535,1327675,370606,1000000,1704162302,read,23162
measured,probe-memory-buffer,run,685,10822001,0,265535,1327675,370844,1000000,1704162302,read,23177
measured,probe-memory-buffer,run,686,10822701,1,265535,1327675,371082,1000000,1704162302,read,23192
measured,probe-memory-buffer,run,687,10823301,0,265535,1327675,371360,1000000,1704162302,read,23210
measured,probe-memory-buffer,run,688,10824001,1,265535,1327675,371598,1000000,1704162302,read,23224
measured,probe-memory-buffer,run,689,10824601,0,265535,1327675,371876,1000000,1704162302,read,23242
measured,probe-memory-buffer,run,690,10825301,1,265535,1327675,372114,1000000,1704162302,read,23257
measured,probe-memory-buffer,run,691,10825901,0,265535,1327675,372392,1000000,1704162302,read,23274
measured,probe-memory-buffer,run,692,10826601,1,265535,1327675,372630,1000000,1704162302,read,23289
measured,probe-memory-buffer,run,693,10827201,0,265535,1327675,372908,1000000,1704162302,read,23306
measured,probe-memory-buffer,run,694,10827801,1,265535,1327675,373146,1000000,1704162302,read,23321
measured,probe-memory-buffer,run,695,10828501,0,265535,1327675,373384,1000000,1704162302,read,23336
measured,probe-memory-buffer,run,696,10829101,1,265535,1327675,373661,1000000,1704162302,read,23353
measured,probe-memory-buffer,run,697,10829801,0,265535,1327675,373900,1000000,1704162302,read,23368
measured,probe-memory-buffer,run,698,10830401,1,265535,1327675,374177,1000000,1704162302,read,23386
measured,probe-memory-buffer,run,699,10832601,0,265535,1327675,375010,1000000,1704162302,read,23438
measured,probe-memory-buffer,run,700,10833201,1,265535,1327675,375288,1000000,1704162302,read,23455
measured,probe-memory-buffer,run,701,10833901,0,265535,1327675,375526,1000000,1704162302,read,23470
measured,probe-memory-buffer,run,702,10834501,1,265535,1327675,375804,1000000,1704162302,read,23487
measured,probe-memory-buffer,run,703,10835201,0,265535,1327675,376042,1000000,1704162302,read,23502
measured,probe-memory-buffer,run,704,10835801,1,265535,1327675,376320,1000000,1704162302,read,23520
measured,probe-memory-buffer,run,705,10836501,0,265535,1327675,376558,1000000,1704162302,read,23534
measured,probe-memory-buffer,run,706,10837101,1,265535,1327675,376836,1000000,1704162302,read,23552
measured,probe-memory-buffer,run,707,10839401,0,265535,1327675,377669,1000000,1159641901,update,0
measured,probe-memory-buffer,run,708,10867201,0,265535,1327675,385175,1000000,1159641901,read,24073
measured,probe-memory-buffer,run,709,10872001,1,265535,1327675,386471,1000000,1159641901,read,24154
measured,probe-memory-buffer,run,710,10873101,0,265535,1327675,386795,1000000,1159641901,read,24174
measured,probe-memory-buffer,run,711,10873801,1,265535,1327675,386984,1000000,1159641901,read,24186
measured,probe-memory-buffer,run,712,10874501,0,265535,1327675,387173,1000000,1159641901,read,24198
measured,probe-memory-buffer,run,713,10875201,1,265535,1327675,387335,1000000,1159641901,read,24208
measured,probe-memory-buffer,run,714,10875801,0,265535,1327675,387524,1000000,1159641901,read,24220
measured,probe-memory-buffer,run,715,10876501,1,265535,1327675,387686,1000000,1159641901,read,24230
measured,probe-memory-buffer,run,716,10877201,0,265535,1327675,387875,1000000,1159641901,read,24242
measured,probe-memory-buffer,run,717,10877801,1,265535,1327675,388037,1000000,1159641901,read,24252
measured,probe-memory-buffer,run,718,10878401,0,265535,1327675,388226,1000000,1159641901,read,24264
measured,probe-memory-buffer,run,719,10879001,1,265535,1327675,388388,1000000,1159641901,read,24274
measured,probe-memory-buffer,run,720,10879601,0,265535,1327675,388550,1000000,1159641901,read,24284
measured,probe-memory-buffer,run,721,10880301,1,265535,1327675,388712,1000000,1159641901,read,24294
measured,probe-memory-buffer,run,722,10880901,0,265535,1327675,388901,1000000,1159641901,read,24306
measured,probe-memory-buffer,run,723,10881501,1,265535,1327675,389063,1000000,1159641901,read,24316
measured,probe-memory-buffer,run,724,10882201,0,265535,1327675,389225,1000000,1159641901,read,24326
measured,probe-memory-buffer,run,725,10882801,1,265535,1327675,389387,1000000,1159641901,read,24336
measured,probe-memory-buffer,run,726,10883401,0,265535,1327675,389576,1000000,1159641901,read,24348
measured,probe-memory-buffer,run,727,10884101,1,265535,1327675,389738,1000000,1159641901,read,24358
measured,probe-memory-buffer,run,728,10884701,0,265535,1327675,389900,1000000,1159641901,read,24368
measured,probe-memory-buffer,run,729,10885301,1,265535,1327675,390089,1000000,1159641901,read,24380
measured,probe-memory-buffer,run,730,10885901,0,265535,1327675,390251,1000000,1159641901,read,24390
measured,probe-memory-buffer,run,731,10886601,1,265535,1327675,390413,1000000,1159641901,read,24400
measured,probe-memory-buffer,run,732,10887201,0,265535,1327675,390575,1000000,1159641901,read,24410
measured,probe-memory-buffer,run,733,10887801,1,265535,1327675,390764,1000000,1159641901,read,24422
measured,probe-memory-buffer,run,734,10888401,0,265535,1327675,390926,1000000,1159641901,read,24432
measured,probe-memory-buffer,run,735,10889101,1,265535,1327675,391088,1000000,1159641901,read,24443
measured,probe-memory-buffer,run,736,10889701,0,265535,1327675,391250,1000000,1159641901,read,24453
measured,probe-memory-buffer,run,737,10890301,1,265535,1327675,391439,1000000,1159641901,read,24464
measured,probe-memory-buffer,run,738,10890901,0,265535,1327675,391601,1000000,1159641901,read,24475
measured,probe-memory-buffer,run,739,10891601,1,265535,1327675,391763,1000000,1159641901,read,24485
measured,probe-memory-buffer,run,740,10892201,0,265535,1327675,391925,1000000,1159641901,read,24495
measured,probe-memory-buffer,run,741,10892801,1,265535,1327675,392114,1000000,1159641901,read,24507
measured,probe-memory-buffer,run,742,10893401,0,265535,1327675,392276,1000000,1159641901,read,24517
measured,probe-memory-buffer,run,743,10894001,1,265535,1327675,392438,1000000,1159641901,read,24527
measured,probe-memory-buffer,run,744,10894701,0,265535,1327675,392600,1000000,1159641901,read,24537
measured,probe-memory-buffer,run,745,10895301,1,265535,1327675,392789,1000000,1159641901,read,24549
measured,probe-memory-buffer,run,746,10895901,0,265535,1327675,392951,1000000,1159641901,read,24559
measured,probe-memory-buffer,run,747,10896601,1,265535,1327675,393113,1000000,1159641901,read,24569
measured,probe-memory-buffer,run,748,10897201,0,265535,1327675,393302,1000000,1159641901,read,24581
measured,probe-memory-buffer,run,749,10897801,1,265535,1327675,393464,1000000,1159641901,read,24591
measured,probe-memory-buffer,run,750,10898501,0,265535,1327675,393626,1000000,1159641901,read,24601
measured,probe-memory-buffer,run,751,10899101,1,265535,1327675,393815,1000000,1159641901,read,24613
measured,probe-memory-buffer,run,752,10899701,0,265535,1327675,393977,1000000,1159641901,read,24623
measured,probe-memory-buffer,run,753,10900401,1,265535,1327675,394139,1000000,1159641901,read,24633
measured,probe-memory-buffer,run,754,10901001,0,265535,1327675,394301,1000000,1159641901,read,24643
measured,probe-memory-buffer,run,755,10901601,1,265535,1327675,394490,1000000,1159641901,read,24655
measured,probe-memory-buffer,run,756,10902201,0,265535,1327675,394652,1000000,1159641901,read,24665
measured,probe-memory-buffer,run,757,10902901,1,265535,1327675,394814,1000000,1159641901,read,24675
measured,probe-memory-buffer,run,758,10903501,0,265535,1327675,394976,1000000,1159641901,read,24686
measured,probe-memory-buffer,run,759,10904101,1,265535,1327675,395165,1000000,1159641901,read,24697
measured,probe-memory-buffer,run,760,10904701,0,265535,1327675,395327,1000000,1159641901,read,24707
measured,probe-memory-buffer,run,761,10905401,1,265535,1327675,395489,1000000,1159641901,read,24718
measured,probe-memory-buffer,run,762,10906001,0,265535,1327675,395651,1000000,1159641901,read,24728
measured,probe-memory-buffer,run,763,10906601,1,265535,1327675,395840,1000000,1159641901,read,24740
measured,probe-memory-buffer,run,764,10907201,0,265535,1327675,396002,1000000,1159641901,read,24750
measured,probe-memory-buffer,run,765,10908901,1,265535,1327675,396434,1000000,1159641901,read,24777
measured,probe-memory-buffer,run,766,10909501,0,265535,1327675,396623,1000000,1159641901,read,24788
measured,probe-memory-buffer,run,767,10910201,1,265535,1327675,396785,1000000,1159641901,read,24799
measured,probe-memory-buffer,run,768,10910801,0,265535,1327675,396974,1000000,1159641901,read,24810
measured,probe-memory-buffer,run,769,10911401,1,265535,1327675,397136,1000000,1159641901,read,24821
measured,probe-memory-buffer,run,770,10912101,0,265535,1327675,397298,1000000,1159641901,read,24831
measured,probe-memory-buffer,run,771,10912701,1,265535,1327675,397487,1000000,1159641901,read,24842
measured,probe-memory-buffer,run,772,10913301,0,265535,1327675,397649,1000000,1159641901,read,24853
measured,probe-memory-buffer,run,773,10914001,1,265535,1327675,397811,1000000,1159641901,read,24863
measured,probe-memory-buffer,run,774,10914601,0,265535,1327675,397973,1000000,1159641901,read,24873
measured,probe-memory-buffer,run,775,10915201,1,265535,1327675,398162,1000000,1159641901,read,24885
measured,probe-memory-buffer,run,776,10915901,0,265535,1327675,398324,1000000,1159641901,read,24895
measured,probe-memory-buffer,run,777,10916501,1,265535,1327675,398486,1000000,1159641901,read,24905
measured,probe-memory-buffer,run,778,10917101,0,265535,1327675,398675,1000000,1159641901,read,24917
measured,probe-memory-buffer,run,779,10917701,1,265535,1327675,398837,1000000,1159641901,read,24927
measured,probe-memory-buffer,run,780,10918301,0,265535,1327675,398999,1000000,1159641901,read,24937
measured,probe-memory-buffer,run,781,10919001,1,265535,1327675,399161,1000000,1159641901,read,24947
measured,probe-memory-buffer,run,782,10919601,0,265535,1327675,399350,1000000,1159641901,read,24959
measured,probe-memory-buffer,run,783,10920201,1,265535,1327675,399512,1000000,1159641901,read,24969
measured,probe-memory-buffer,run,784,10920901,0,265535,1327675,399674,1000000,1159641901,read,24979
measured,probe-memory-buffer,run,785,10921501,1,265535,1327675,399863,1000000,1159641901,read,24991
measured,probe-memory-buffer,run,786,10922101,0,265535,1327675,400025,1000000,1159641901,read,25001
measured,probe-memory-buffer,run,787,10922801,1,265535,1327675,400187,1000000,1159641901,read,25011
measured,probe-memory-buffer,run,788,10923401,0,265535,1327675,400376,1000000,1159641901,read,25023
measured,probe-memory-buffer,run,789,10924001,1,265535,1327675,400538,1000000,1159641901,read,25033
measured,probe-memory-buffer,run,790,10924601,0,265535,1327675,400700,1000000,1159641901,read,25043
measured,probe-memory-buffer,run,791,10925201,1,265535,1327675,400862,1000000,1159641901,read,25053
measured,probe-memory-buffer,run,792,10925901,0,265535,1327675,401024,1000000,1159641901,read,25064
measured,probe-memory-buffer,run,793,10926501,1,265535,1327675,401213,1000000,1159641901,read,25075
measured,probe-memory-buffer,run,794,10927101,0,265535,1327675,401375,1000000,1159641901,read,25085
measured,probe-memory-buffer,run,795,10927801,1,265535,1327675,401564,1000000,1159641901,read,25097
measured,probe-memory-buffer,run,796,10928401,0,265535,1327675,401726,1000000,1159641901,read,25107
measured,probe-memory-buffer,run,797,10929101,1,265535,1327675,401888,1000000,1159641901,read,25118
measured,probe-memory-buffer,run,798,10929701,0,265535,1327675,402077,1000000,1159641901,read,25129
measured,probe-memory-buffer,run,799,10930401,1,265535,1327675,402239,1000000,1159641901,read,25139
measured,probe-memory-buffer,run,800,10931001,0,265535,1327675,402401,1000000,1159641901,read,25150
measured,probe-memory-buffer,run,801,10931601,1,265535,1327675,402590,1000000,1159641901,read,25161
measured,probe-memory-buffer,run,802,10932201,0,265535,1327675,402752,1000000,1159641901,read,25172
measured,probe-memory-buffer,run,803,10932901,1,265535,1327675,402914,1000000,1159641901,read,25182
measured,probe-memory-buffer,run,804,10933501,0,265535,1327675,403103,1000000,1159641901,read,25193
measured,probe-memory-buffer,run,805,10934101,1,265535,1327675,403265,1000000,1159641901,read,25204
measured,probe-memory-buffer,run,806,10934801,0,265535,1327675,403427,1000000,1159641901,read,25214
measured,probe-memory-buffer,run,807,10935401,1,265535,1327675,403589,1000000,1159641901,read,25224
measured,probe-memory-buffer,run,808,10936001,0,265535,1327675,403778,1000000,1159641901,read,25236
measured,probe-memory-buffer,run,809,10936601,1,265535,1327675,403940,1000000,1159641901,read,25246
measured,probe-memory-buffer,run,810,10937301,0,265535,1327675,404129,1000000,1159641901,read,25258
measured,probe-memory-buffer,run,811,10937901,1,265535,1327675,404291,1000000,1159641901,read,25268
measured,probe-memory-buffer,run,812,10938601,0,265535,1327675,404480,1000000,1159641901,read,25280
measured,probe-memory-buffer,run,813,10939201,1,265535,1327675,404642,1000000,1159641901,read,25290
measured,probe-memory-buffer,run,814,10939801,0,265535,1327675,404804,1000000,1159641901,read,25300
measured,probe-memory-buffer,run,815,10940501,1,265535,1327675,404993,1000000,1159641901,read,25312
measured,probe-memory-buffer,run,816,10941101,0,265535,1327675,405155,1000000,1159641901,read,25322
measured,probe-memory-buffer,run,817,10941801,1,265535,1327675,405317,1000000,1159641901,read,25332
measured,probe-memory-buffer,run,818,10942401,0,265535,1327675,405506,1000000,1159641901,read,25344
measured,probe-memory-buffer,run,819,10943101,1,265535,1327675,405668,1000000,1159641901,read,25354
measured,probe-memory-buffer,run,820,10943701,0,265535,1327675,405857,1000000,1159641901,read,25366
measured,probe-memory-buffer,run,821,10944401,1,265535,1327675,406019,1000000,1159641901,read,25376
measured,probe-memory-buffer,run,822,10946401,0,265535,1327675,406559,1000000,1159641901,read,25409
measured,probe-memory-buffer,run,823,10947101,1,265535,1327675,406748,1000000,1159641901,read,25421
measured,probe-memory-buffer,run,824,10947701,0,265535,1327675,406937,1000000,1159641901,read,25433
measured,probe-memory-buffer,run,825,10948401,1,265535,1327675,407099,1000000,1159641901,read,25443
measured,probe-memory-buffer,run,826,10949001,0,265535,1327675,407261,1000000,1159641901,read,25453
measured,probe-memory-buffer,run,827,10949601,1,265535,1327675,407450,1000000,1159641901,read,25465
measured,probe-memory-buffer,run,828,10950301,0,265535,1327675,407639,1000000,1159641901,read,25477
measured,probe-memory-buffer,run,829,10950901,1,265535,1327675,407801,1000000,1159641901,read,25487
measured,probe-memory-buffer,run,830,10951601,0,265535,1327675,407963,1000000,1159641901,read,25497
measured,probe-memory-buffer,run,831,10952201,1,265535,1327675,408152,1000000,1159641901,read,25509
measured,probe-memory-buffer,run,832,10952901,0,265535,1327675,408314,1000000,1159641901,read,25519
measured,probe-memory-buffer,run,833,10953501,1,265535,1327675,408476,1000000,1159641901,read,25529
measured,probe-memory-buffer,run,834,10954101,0,265535,1327675,408665,1000000,1159641901,read,25541
measured,probe-memory-buffer,run,835,10954801,1,265535,1327675,408854,1000000,1159641901,read,25553
measured,probe-memory-buffer,run,836,10955501,0,265535,1327675,409016,1000000,1159641901,read,25563
measured,probe-memory-buffer,run,837,10956101,1,265535,1327675,409178,1000000,1159641901,read,25573
measured,probe-memory-buffer,run,838,10956701,0,265535,1327675,409367,1000000,1159641901,read,25585
measured,probe-memory-buffer,run,839,10957401,1,265535,1327675,409529,1000000,1159641901,read,25595
measured,probe-memory-buffer,run,840,10958001,0,265535,1327675,409718,1000000,1159641901,read,25607
measured,probe-memory-buffer,run,841,10958701,1,265535,1327675,409880,1000000,1159641901,read,25617
measured,probe-memory-buffer,run,842,10959301,0,265535,1327675,410069,1000000,1159641901,read,25629
measured,probe-memory-buffer,run,843,10960001,1,265535,1327675,410231,1000000,1159641901,read,25639
measured,probe-memory-buffer,run,844,10960601,0,265535,1327675,410420,1000000,1159641901,read,25651
measured,probe-memory-buffer,run,845,10961301,1,265535,1327675,410582,1000000,1159641901,read,25661
measured,probe-memory-buffer,run,846,10961901,0,265535,1327675,410771,1000000,1159641901,read,25673
measured,probe-memory-buffer,run,847,10962601,1,265535,1327675,410933,1000000,1159641901,read,25683
measured,probe-memory-buffer,run,848,10963201,0,265535,1327675,411122,1000000,1159641901,read,25695
measured,probe-memory-buffer,run,849,10965601,0,331070,1655350,655350,1000000,2126245307,update,0
measured,probe-memory-buffer,run,850,10993701,1,331070,1655350,669261,1000000,2126245307,read,41828
measured,probe-memory-buffer,run,851,10996401,0,331070,1655350,670597,1000000,2126245307,read,41912
measured,probe-memory-buffer,run,852,10997701,1,331070,1655350,671290,1000000,2126245307,read,41955
measured,probe-memory-buffer,run,853,10998401,0,331070,1655350,671637,1000000,2126245307,read,41977
measured,probe-memory-buffer,run,854,10999101,1,331070,1655350,671934,1000000,2126245307,read,41995
measured,probe-memory-buffer,run,855,10999701,0,331070,1655350,672280,1000000,2126245307,read,42017
measured,probe-memory-buffer,run,856,11000401,1,331070,1655350,672627,1000000,2126245307,read,42039
measured,probe-memory-buffer,run,857,11001001,0,331070,1655350,672924,1000000,2126245307,read,42057
measured,probe-memory-buffer,run,858,11001701,1,331070,1655350,673270,1000000,2126245307,read,42079
measured,probe-memory-buffer,run,859,11002301,0,331070,1655350,673568,1000000,2126245307,read,42098
measured,probe-memory-buffer,run,860,11040501,1,331070,1655350,692429,1000000,2126245307,read,43276
measured,probe-memory-buffer,run,861,11046701,0,331070,1655350,695498,1000000,2126245307,read,43468
measured,probe-memory-buffer,run,862,11047301,1,331070,1655350,695845,1000000,2126245307,read,43490
measured,probe-memory-buffer,run,863,11048001,0,331070,1655350,696142,1000000,2126245307,read,43508
measured,probe-memory-buffer,run,864,11048601,1,331070,1655350,696439,1000000,2126245307,read,43527
measured,probe-memory-buffer,run,865,11049201,0,331070,1655350,696736,1000000,2126245307,read,43546
measured,probe-memory-buffer,run,866,11049801,1,331070,1655350,697083,1000000,2126245307,read,43567
measured,probe-memory-buffer,run,867,11050501,0,331070,1655350,697380,1000000,2126245307,read,43586
measured,probe-memory-buffer,run,868,11051101,1,331070,1655350,697677,1000000,2126245307,read,43604
measured,probe-memory-buffer,run,869,11051701,0,331070,1655350,698023,1000000,2126245307,read,43626
measured,probe-memory-buffer,run,870,11052401,1,331070,1655350,698320,1000000,2126245307,read,43645
measured,probe-memory-buffer,run,871,11053001,0,331070,1655350,698667,1000000,2126245307,read,43666
measured,probe-memory-buffer,run,872,11053601,1,331070,1655350,698964,1000000,2126245307,read,43685
measured,probe-memory-buffer,run,873,11054201,0,331070,1655350,699261,1000000,2126245307,read,43703
measured,probe-memory-buffer,run,874,11054801,1,331070,1655350,699558,1000000,2126245307,read,43722
measured,probe-memory-buffer,run,875,11055401,0,331070,1655350,699855,1000000,2126245307,read,43740
measured,probe-memory-buffer,run,876,11056001,1,331070,1655350,700152,1000000,2126245307,read,43759
measured,probe-memory-buffer,run,877,11056601,0,331070,1655350,700449,1000000,2126245307,read,43778
measured,probe-memory-buffer,run,878,11057201,1,331070,1655350,700746,1000000,2126245307,read,43796
measured,probe-memory-buffer,run,879,11060801,0,331070,1655350,702528,1000000,2126245307,read,43908
measured,probe-memory-buffer,run,880,11061501,1,331070,1655350,702875,1000000,2126245307,read,43929
measured,probe-memory-buffer,run,881,11062201,0,331070,1655350,703172,1000000,2126245307,read,43948
measured,probe-memory-buffer,run,882,11062801,1,331070,1655350,703518,1000000,2126245307,read,43969
measured,probe-memory-buffer,run,883,11063501,0,331070,1655350,703815,1000000,2126245307,read,43988
measured,probe-memory-buffer,run,884,11064101,1,331070,1655350,704162,1000000,2126245307,read,44010
measured,probe-memory-buffer,run,885,11064801,0,331070,1655350,704459,1000000,2126245307,read,44028
measured,probe-memory-buffer,run,886,11065401,1,331070,1655350,704806,1000000,2126245307,read,44050
measured,probe-memory-buffer,run,887,11066101,0,331070,1655350,705103,1000000,2126245307,read,44068
measured,probe-memory-buffer,run,888,11066601,1,331070,1655350,705400,1000000,2126245307,read,44087
measured,probe-memory-buffer,run,889,11067301,0,331070,1655350,705746,1000000,2126245307,read,44109
measured,probe-memory-buffer,run,890,11068001,1,331070,1655350,706043,1000000,2126245307,read,44127
measured,probe-memory-buffer,run,891,11068601,0,331070,1655350,706390,1000000,2126245307,read,44149
measured,probe-memory-buffer,run,892,11069301,1,331070,1655350,706687,1000000,2126245307,read,44167
measured,probe-memory-buffer,run,893,11069901,0,331070,1655350,706984,1000000,2126245307,read,44186
measured,probe-memory-buffer,run,894,11070501,1,331070,1655350,707330,1000000,2126245307,read,44208
measured,probe-memory-buffer,run,895,11071201,0,331070,1655350,707627,1000000,2126245307,read,44226
measured,probe-memory-buffer,run,896,11071801,1,331070,1655350,707974,1000000,2126245307,read,44248
measured,probe-memory-buffer,run,897,11072401,0,331070,1655350,708271,1000000,2126245307,read,44266
measured,probe-memory-buffer,run,898,11073001,1,331070,1655350,708568,1000000,2126245307,read,44285
measured,probe-memory-buffer,run,899,11073601,0,331070,1655350,708865,1000000,2126245307,read,44304
measured,probe-memory-buffer,run,900,11074201,1,331070,1655350,709162,1000000,2126245307,read,44322
measured,probe-memory-buffer,run,901,11074801,0,331070,1655350,709459,1000000,2126245307,read,44341
measured,probe-memory-buffer,run,902,11075401,1,331070,1655350,709756,1000000,2126245307,read,44359
measured,probe-memory-buffer,run,903,11076101,0,331070,1655350,710053,1000000,2126245307,read,44378
measured,probe-memory-buffer,run,904,11076701,1,331070,1655350,710350,1000000,2126245307,read,44396
measured,probe-memory-buffer,run,905,11077301,0,331070,1655350,710647,1000000,2126245307,read,44415
measured,probe-memory-buffer,run,906,11077901,1,331070,1655350,710944,1000000,2126245307,read,44434
measured,probe-memory-buffer,run,907,11078501,0,331070,1655350,711241,1000000,2126245307,read,44452
measured,probe-memory-buffer,run,908,11079101,1,331070,1655350,711588,1000000,2126245307,read,44474
measured,probe-memory-buffer,run,909,11079701,0,331070,1655350,711885,1000000,2126245307,read,44492
measured,probe-memory-buffer,run,910,11080301,1,331070,1655350,712182,1000000,2126245307,read,44511
measured,probe-memory-buffer,run,911,11080901,0,331070,1655350,712479,1000000,2126245307,read,44529
measured,probe-memory-buffer,run,912,11081501,1,331070,1655350,712776,1000000,2126245307,read,44548
measured,probe-memory-buffer,run,913,11082101,0,331070,1655350,713073,1000000,2126245307,read,44567
measured,probe-memory-buffer,run,914,11082701,1,331070,1655350,713370,1000000,2126245307,read,44585
measured,probe-memory-buffer,run,915,11083301,0,331070,1655350,713667,1000000,2126245307,read,44604
measured,probe-memory-buffer,run,916,11083901,1,331070,1655350,713964,1000000,2126245307,read,44622
measured,probe-memory-buffer,run,917,11084501,0,331070,1655350,714261,1000000,2126245307,read,44641
measured,probe-memory-buffer,run,918,11085101,1,331070,1655350,714558,1000000,2126245307,read,44659
measured,probe-memory-buffer,run,919,11085701,0,331070,1655350,714855,1000000,2126245307,read,44678
measured,probe-memory-buffer,run,920,11086301,1,331070,1655350,715152,1000000,2126245307,read,44697
measured,probe-memory-buffer,run,921,11087001,0,331070,1655350,715449,1000000,2126245307,read,44715
measured,probe-memory-buffer,run,922,11087501,1,331070,1655350,715746,1000000,2126245307,read,44734
measured,probe-memory-buffer,run,923,11088201,0,331070,1655350,716043,1000000,2126245307,read,44752
measured,probe-memory-buffer,run,924,11088801,1,331070,1655350,716340,1000000,2126245307,read,44771
measured,probe-memory-buffer,run,925,11089401,0,331070,1655350,716637,1000000,2126245307,read,44789
measured,probe-memory-buffer,run,926,11090001,1,331070,1655350,716934,1000000,2126245307,read,44808
measured,probe-memory-buffer,run,927,11092301,0,396605,1983025,983025,1000000,2764338363,update,0
measured,probe-memory-buffer,run,928,11118301,0,396605,1983025,999823,1000000,2764338363,read,62488
measured,probe-memory-buffer,run,929,11120201,1,396605,1983025,1001110,1000000,2764338363,read,62569
measured,probe-memory-buffer,run,930,11121401,0,396605,1983025,1001818,1000000,2764338363,read,62613
measured,probe-memory-buffer,run,931,11122001,1,396605,1983025,1002269,1000000,2764338363,read,62641
measured,probe-memory-buffer,run,932,11122701,0,396605,1983025,1002719,1000000,2764338363,read,62669
measured,probe-memory-buffer,run,933,11123301,1,396605,1983025,1003106,1000000,2764338363,read,62694
measured,probe-memory-buffer,run,934,11124001,0,396605,1983025,1003556,1000000,2764338363,read,62722
measured,probe-memory-buffer,run,935,11124601,1,396605,1983025,1003942,1000000,2764338363,read,62746
measured,probe-memory-buffer,run,936,11126701,0,396605,1983025,1005294,1000000,2764338363,read,62830
measured,probe-memory-buffer,run,937,11127401,1,396605,1983025,1005744,1000000,2764338363,read,62859
measured,probe-memory-buffer,run,938,11128001,0,396605,1983025,1006131,1000000,2764338363,read,62883
measured,probe-memory-buffer,run,939,11128601,1,396605,1983025,1006517,1000000,2764338363,read,62907
measured,probe-memory-buffer,run,940,11129301,0,396605,1983025,1006903,1000000,2764338363,read,62931
measured,probe-memory-buffer,run,941,11129801,1,396605,1983025,1007289,1000000,2764338363,read,62955
measured,probe-memory-buffer,run,942,11130501,0,396605,1983025,1007675,1000000,2764338363,read,62979
measured,probe-memory-buffer,run,943,11131001,1,396605,1983025,1008061,1000000,2764338363,read,63003
measured,probe-memory-buffer,run,944,11131601,0,396605,1983025,1008448,1000000,2764338363,read,63028
measured,probe-memory-buffer,run,945,11132301,1,396605,1983025,1008834,1000000,2764338363,read,63052
measured,probe-memory-buffer,run,946,11132901,0,396605,1983025,1009220,1000000,2764338363,read,63076
measured,probe-memory-buffer,run,947,11133501,1,396605,1983025,1009606,1000000,2764338363,read,63100
measured,probe-memory-buffer,run,948,11134101,0,396605,1983025,1009992,1000000,2764338363,read,63124
measured,probe-memory-buffer,run,949,11134701,1,396605,1983025,1010378,1000000,2764338363,read,63148
measured,probe-memory-buffer,run,950,11135301,0,396605,1983025,1010765,1000000,2764338363,read,63172
measured,probe-memory-buffer,run,951,11135901,1,396605,1983025,1011151,1000000,2764338363,read,63196
measured,probe-memory-buffer,run,952,11136501,0,396605,1983025,1011601,1000000,2764338363,read,63225
measured,probe-memory-buffer,run,953,11137101,1,396605,1983025,1011988,1000000,2764338363,read,63249
measured,probe-memory-buffer,run,954,11137701,0,396605,1983025,1012374,1000000,2764338363,read,63273
measured,probe-memory-buffer,run,955,11138301,1,396605,1983025,1012760,1000000,2764338363,read,63297
measured,probe-memory-buffer,run,956,11138901,0,396605,1983025,1013146,1000000,2764338363,read,63321
measured,probe-memory-buffer,run,957,11139501,1,396605,1983025,1013532,1000000,2764338363,read,63345
measured,probe-memory-buffer,run,958,11140101,0,396605,1983025,1013918,1000000,2764338363,read,63369
measured,probe-memory-buffer,run,959,11140701,1,396605,1983025,1014305,1000000,2764338363,read,63394
measured,probe-memory-buffer,run,960,11141301,0,396605,1983025,1014691,1000000,2764338363,read,63418
measured,probe-memory-buffer,run,961,11141901,1,396605,1983025,1015077,1000000,2764338363,read,63442
measured,probe-memory-buffer,run,962,11142501,0,396605,1983025,1015463,1000000,2764338363,read,63466
measured,probe-memory-buffer,run,963,11143101,1,396605,1983025,1015849,1000000,2764338363,read,63490
measured,probe-memory-buffer,run,964,11143701,0,396605,1983025,1016235,1000000,2764338363,read,63514
measured,probe-memory-buffer,run,965,11144301,1,396605,1983025,1016622,1000000,2764338363,read,63538
measured,probe-memory-buffer,run,966,11145001,0,396605,1983025,1017008,1000000,2764338363,read,63563
measured,probe-memory-buffer,run,967,11145501,1,396605,1983025,1017394,1000000,2764338363,read,63587
measured,probe-memory-buffer,run,968,11146201,0,396605,1983025,1017780,1000000,2764338363,read,63611
measured,probe-memory-buffer,run,969,11146801,1,396605,1983025,1018166,1000000,2764338363,read,63635
measured,probe-memory-buffer,run,970,11147401,0,396605,1983025,1018552,1000000,2764338363,read,63659
measured,probe-memory-buffer,run,971,11148001,1,396605,1983025,1018939,1000000,2764338363,read,63683
measured,probe-memory-buffer,run,972,11148601,0,396605,1983025,1019325,1000000,2764338363,read,63707
measured,probe-memory-buffer,run,973,11149201,1,396605,1983025,1019711,1000000,2764338363,read,63731
measured,probe-memory-buffer,run,974,11149801,0,396605,1983025,1020097,1000000,2764338363,read,63756
measured,probe-memory-buffer,run,975,11150401,1,396605,1983025,1020483,1000000,2764338363,read,63780
measured,probe-memory-buffer,run,976,11151001,0,396605,1983025,1020934,1000000,2764338363,read,63808
measured,probe-memory-buffer,run,977,11151601,1,396605,1983025,1021320,1000000,2764338363,read,63832
measured,probe-memory-buffer,run,978,11152201,0,396605,1983025,1021706,1000000,2764338363,read,63856
measured,probe-memory-buffer,run,979,11152801,1,396605,1983025,1022092,1000000,2764338363,read,63880
measured,probe-memory-buffer,run,980,11153401,0,396605,1983025,1022479,1000000,2764338363,read,63904
measured,probe-memory-buffer,run,981,11154001,1,396605,1983025,1022865,1000000,2764338363,read,63929
measured,probe-memory-buffer,run,982,11154601,0,396605,1983025,1023251,1000000,2764338363,read,63953
measured,probe-memory-buffer,run,983,11155201,1,396605,1983025,1023637,1000000,2764338363,read,63977
measured,probe-memory-buffer,run,984,11155901,0,396605,1983025,1024023,1000000,2764338363,read,64001
measured,probe-memory-buffer,run,985,11156501,1,396605,1983025,1024409,1000000,2764338363,read,64025
measured,probe-memory-buffer,run,986,11157101,0,396605,1983025,1024796,1000000,2764338363,read,64049
measured,probe-memory-buffer,run,987,11157701,1,396605,1983025,1025182,1000000,2764338363,read,64073
measured,probe-memory-buffer,run,988,11158301,0,396605,1983025,1025568,1000000,2764338363,read,64098
measured,probe-memory-buffer,run,989,11158901,1,396605,1983025,1026018,1000000,2764338363,read,64126
measured,probe-memory-buffer,run,990,11159501,0,396605,1983025,1026405,1000000,2764338363,read,64150
measured,probe-memory-buffer,run,991,11160101,1,396605,1983025,1026791,1000000,2764338363,read,64174
measured,probe-memory-buffer,run,992,11160701,0,396605,1983025,1027177,1000000,2764338363,read,64198
measured,probe-memory-buffer,run,993,11163701,1,396605,1983025,1029044,1000000,2764338363,read,64315
measured,probe-memory-buffer,run,994,11164401,0,396605,1983025,1029494,1000000,2764338363,read,64343
measured,probe-memory-buffer,run,995,11165001,1,396605,1983025,1029945,1000000,2764338363,read,64371
measured,probe-memory-buffer,run,996,11165601,0,396605,1983025,1030331,1000000,2764338363,read,64395
measured,probe-memory-buffer,run,997,11166201,1,396605,1983025,1030717,1000000,2764338363,read,64419
measured,probe-memory-buffer,run,998,11166901,0,396605,1983025,1031103,1000000,2764338363,read,64443
measured,probe-memory-buffer,run,999,11167501,1,396605,1983025,1031554,1000000,2764338363,read,64472
measured,probe-memory-buffer,run,1000,11168201,0,396605,1983025,1031940,1000000,2764338363,read,64496
measured,probe-memory-buffer,run,1001,11169301,1,396605,1983025,1032648,1000000,2764338363,read,64540
measured,probe-memory-buffer,run,1002,11169901,0,396605,1983025,1033098,1000000,2764338363,read,64568
measured,probe-memory-buffer,run,1003,11170501,1,396605,1983025,1033485,1000000,2764338363,read,64592
measured,probe-memory-buffer,run,1004,11171201,0,396605,1983025,1033935,1000000,2764338363,read,64620
measured,probe-memory-buffer,run,1005,11171901,1,396605,1983025,1034321,1000000,2764338363,read,64645
measured,probe-memory-buffer,run,1006,11172501,0,396605,1983025,1034772,1000000,2764338363,read,64673
measured,probe-memory-buffer,run,1007,11173101,1,396605,1983025,1035158,1000000,2764338363,read,64697
measured,probe-memory-buffer,run,1008,11173801,0,396605,1983025,1035608,1000000,2764338363,read,64725
measured,probe-memory-buffer,run,1009,11174401,1,396605,1983025,1035995,1000000,2764338363,read,64749
measured,probe-memory-buffer,run,1010,11175101,0,396605,1983025,1036445,1000000,2764338363,read,64777
measured,probe-memory-buffer,run,1011,11175801,1,396605,1983025,1036831,1000000,2764338363,read,64801
measured,probe-memory-buffer,run,1012,11176401,0,396605,1983025,1037218,1000000,2764338363,read,64826
measured,probe-memory-buffer,run,1013,11177001,1,396605,1983025,1037668,1000000,2764338363,read,64854
measured,probe-memory-buffer,run,1014,11177601,0,396605,1983025,1038054,1000000,2764338363,read,64878
measured,probe-memory-buffer,run,1015,11178201,1,396605,1983025,1038440,1000000,2764338363,read,64902
measured,probe-memory-buffer,run,1016,11178901,0,396605,1983025,1038827,1000000,2764338363,read,64926
measured,probe-memory-buffer,run,1017,11179501,1,396605,1983025,1039277,1000000,2764338363,read,64954
measured,probe-memory-buffer,run,1018,11180101,0,396605,1983025,1039663,1000000,2764338363,read,64978
measured,probe-memory-buffer,run,1019,11180801,1,396605,1983025,1040049,1000000,2764338363,read,65003
measured,probe-memory-buffer,run,1020,11181401,0,396605,1983025,1040500,1000000,2764338363,read,65031
measured,probe-memory-buffer,run,1021,11182101,1,396605,1983025,1040886,1000000,2764338363,read,65055
measured,probe-memory-buffer,run,1022,11182701,0,396605,1983025,1041272,1000000,2764338363,read,65079
measured,probe-memory-buffer,run,1023,11183301,1,396605,1983025,1041659,1000000,2764338363,read,65103
measured,probe-memory-buffer,run,1024,11183901,0,396605,1983025,1042045,1000000,2764338363,read,65127
measured,probe-memory-buffer,run,1025,11184501,1,396605,1983025,1042431,1000000,2764338363,read,65151
measured,probe-memory-buffer,run,1026,11185101,0,396605,1983025,1042817,1000000,2764338363,read,65176
measured,probe-memory-buffer,run,1027,11185701,1,396605,1983025,1043268,1000000,2764338363,read,65204
measured,probe-memory-buffer,run,1028,11186301,0,396605,1983025,1043654,1000000,2764338363,read,65228
measured,probe-memory-buffer,run,1029,11186901,1,396605,1983025,1044040,1000000,2764338363,read,65252
measured,probe-memory-buffer,run,1030,11187501,0,396605,1983025,1044426,1000000,2764338363,read,65276
measured,probe-memory-buffer,run,1031,11188101,1,396605,1983025,1044812,1000000,2764338363,read,65300
measured,probe-memory-buffer,run,1032,11188801,0,396605,1983025,1045198,1000000,2764338363,read,65324
measured,probe-memory-buffer,run,1033,11189301,1,396605,1983025,1045585,1000000,2764338363,read,65349
measured,probe-memory-buffer,run,1034,11189901,0,396605,1983025,1045971,1000000,2764338363,read,65373
measured,probe-memory-buffer,run,1035,11190501,1,396605,1983025,1046357,1000000,2764338363,read,65397
measured,probe-memory-buffer,run,1036,11191201,0,396605,1983025,1046743,1000000,2764338363,read,65421
measured,probe-memory-buffer,run,1037,11191801,1,396605,1983025,1047129,1000000,2764338363,read,65445
measured,probe-memory-buffer,run,1038,11192401,0,396605,1983025,1047515,1000000,2764338363,read,65469
measured,probe-memory-buffer,run,1039,11193001,1,396605,1983025,1047902,1000000,2764338363,read,65493
measured,probe-memory-buffer,run,1040,11193601,0,396605,1983025,1048288,1000000,2764338363,read,65518
measured,probe-memory-buffer,run,1041,11194201,1,396605,1983025,1048674,1000000,2764338363,read,65542
measured,probe-memory-buffer,run,1042,11194801,0,396605,1983025,1049125,1000000,2764338363,read,65570
measured,probe-memory-buffer,run,1043,11195401,1,396605,1983025,1049511,1000000,2764338363,read,65594
measured,probe-memory-buffer,run,1044,11196101,0,396605,1983025,1049897,1000000,2764338363,read,65618
measured,probe-memory-buffer,run,1045,11196701,1,396605,1983025,1050283,1000000,2764338363,read,65642
measured,probe-memory-buffer,run,1046,11197301,0,396605,1983025,1050669,1000000,2764338363,read,65666
measured,probe-memory-buffer,run,1047,11197901,1,396605,1983025,1051055,1000000,2764338363,read,65690
measured,probe-memory-buffer,run,1048,11198501,0,396605,1983025,1051442,1000000,2764338363,read,65715
measured,probe-memory-buffer,run,1049,11199101,1,396605,1983025,1051828,1000000,2764338363,read,65739
measured,probe-memory-buffer,run,1050,11200601,0,396605,1983025,1052858,1000000,2764338363,read,65803
measured,probe-memory-buffer,run,1051,11201301,1,396605,1983025,1053308,1000000,2764338363,read,65831
measured,probe-memory-buffer,run,1052,11202001,0,396605,1983025,1053759,1000000,2764338363,read,65859
measured,probe-memory-buffer,run,1053,11202701,1,396605,1983025,1054145,1000000,2764338363,read,65884
measured,probe-memory-buffer,run,1054,11203301,0,396605,1983025,1054595,1000000,2764338363,read,65912
measured,probe-memory-buffer,run,1055,11204001,1,396605,1983025,1054982,1000000,2764338363,read,65936
measured,probe-memory-buffer,run,1056,11204601,0,396605,1983025,1055432,1000000,2764338363,read,65964
measured,probe-memory-buffer,run,1057,11205201,1,396605,1983025,1055818,1000000,2764338363,read,65988
measured,probe-memory-buffer,run,1058,11205801,0,396605,1983025,1056204,1000000,2764338363,read,66012
measured,probe-memory-buffer,run,1059,11206401,1,396605,1983025,1056591,1000000,2764338363,read,66036
measured,probe-memory-buffer,run,1060,11207001,0,396605,1983025,1056977,1000000,2764338363,read,66061
measured,probe-memory-buffer,run,1061,11207601,1,396605,1983025,1057363,1000000,2764338363,read,66085
measured,probe-memory-buffer,run,1062,11208201,0,396605,1983025,1057749,1000000,2764338363,read,66109
measured,probe-memory-buffer,run,1063,11208901,1,396605,1983025,1058135,1000000,2764338363,read,66133
measured,probe-memory-buffer,run,1064,11209501,0,396605,1983025,1058521,1000000,2764338363,read,66157
measured,probe-memory-buffer,run,1065,11210101,1,396605,1983025,1058908,1000000,2764338363,read,66181
measured,probe-memory-buffer,run,1066,11210701,0,396605,1983025,1059294,1000000,2764338363,read,66205
measured,probe-memory-buffer,run,1067,11211301,1,396605,1983025,1059680,1000000,2764338363,read,66230
measured,probe-memory-buffer,run,1068,11211901,0,396605,1983025,1060066,1000000,2764338363,read,66254
measured,probe-memory-buffer,run,1069,11212501,1,396605,1983025,1060452,1000000,2764338363,read,66278
measured,probe-memory-buffer,run,1070,11213101,0,396605,1983025,1060838,1000000,2764338363,read,66302
measured,probe-memory-buffer,run,1071,11213701,1,396605,1983025,1061225,1000000,2764338363,read,66326
measured,probe-memory-buffer,run,1072,11214301,0,396605,1983025,1061611,1000000,2764338363,read,66350
measured,probe-memory-buffer,run,1073,11214901,1,396605,1983025,1062061,1000000,2764338363,read,66378
measured,probe-memory-buffer,run,1074,11215501,0,396605,1983025,1062448,1000000,2764338363,read,66403
measured,probe-memory-buffer,run,1075,11216101,1,396605,1983025,1062834,1000000,2764338363,read,66427
measured,probe-memory-buffer,run,1076,11219001,0,396605,1983025,1064571,1000000,2008302207,update,0
measured,probe-memory-buffer,run,1077,11253301,0,396605,1983025,1080703,1000000,2008302207,read,67543
measured,probe-memory-buffer,run,1078,11256601,1,396605,1983025,1082199,1000000,2008302207,read,67637
measured,probe-memory-buffer,run,1079,11258001,0,396605,1983025,1082853,1000000,2008302207,read,67678
measured,probe-memory-buffer,run,1080,11258601,1,396605,1983025,1083181,1000000,2008302207,read,67698
measured,probe-memory-buffer,run,1081,11259301,0,396605,1983025,1083461,1000000,2008302207,read,67716
measured,probe-memory-buffer,run,1082,11259901,1,396605,1983025,1083742,1000000,2008302207,read,67733
measured,probe-memory-buffer,run,1083,11262401,0,396605,1983025,1084958,1000000,2008302207,read,67809
measured,probe-memory-buffer,run,1084,11263001,1,396605,1983025,1085238,1000000,2008302207,read,67827
measured,probe-memory-buffer,run,1085,11263701,0,396605,1983025,1085565,1000000,2008302207,read,67847
measured,probe-memory-buffer,run,1086,11264401,1,396605,1983025,1085846,1000000,2008302207,read,67865
measured,probe-memory-buffer,run,1087,11265001,0,396605,1983025,1086127,1000000,2008302207,read,67882
measured,probe-memory-buffer,run,1088,11265601,1,396605,1983025,1086407,1000000,2008302207,read,67900
measured,probe-memory-buffer,run,1089,11266201,0,396605,1983025,1086734,1000000,2008302207,read,67920
measured,probe-memory-buffer,run,1090,11266901,1,396605,1983025,1087015,1000000,2008302207,read,67938
measured,probe-memory-buffer,run,1091,11267501,0,396605,1983025,1087296,1000000,2008302207,read,67956
measured,probe-memory-buffer,run,1092,11268101,1,396605,1983025,1087623,1000000,2008302207,read,67976
measured,probe-memory-buffer,run,1093,11268801,0,396605,1983025,1087903,1000000,2008302207,read,67993
measured,probe-memory-buffer,run,1094,11269401,1,396605,1983025,1088231,1000000,2008302207,read,68014
measured,probe-memory-buffer,run,1095,11270001,0,396605,1983025,1088511,1000000,2008302207,read,68031
measured,probe-memory-buffer,run,1096,11270601,1,396605,1983025,1088792,1000000,2008302207,read,68049
measured,probe-memory-buffer,run,1097,11271201,0,396605,1983025,1089072,1000000,2008302207,read,68067
measured,probe-memory-buffer,run,1098,11271801,1,396605,1983025,1089353,1000000,2008302207,read,68084
measured,probe-memory-buffer,run,1099,11272401,0,396605,1983025,1089634,1000000,2008302207,read,68102
measured,probe-memory-buffer,run,1100,11273001,1,396605,1983025,1089914,1000000,2008302207,read,68119
measured,probe-memory-buffer,run,1101,11273601,0,396605,1983025,1090195,1000000,2008302207,read,68137
measured,probe-memory-buffer,run,1102,11274201,1,396605,1983025,1090475,1000000,2008302207,read,68154
measured,probe-memory-buffer,run,1103,11274801,0,396605,1983025,1090756,1000000,2008302207,read,68172
measured,probe-memory-buffer,run,1104,11275401,1,396605,1983025,1091036,1000000,2008302207,read,68189
measured,probe-memory-buffer,run,1105,11276001,0,396605,1983025,1091317,1000000,2008302207,read,68207
measured,probe-memory-buffer,run,1106,11276601,1,396605,1983025,1091597,1000000,2008302207,read,68224
measured,probe-memory-buffer,run,1107,11278801,0,396605,1983025,1092626,1000000,2008302207,read,68289
measured,probe-memory-buffer,run,1108,11279501,1,396605,1983025,1092907,1000000,2008302207,read,68306
measured,probe-memory-buffer,run,1109,11280101,0,396605,1983025,1093234,1000000,2008302207,read,68327
measured,probe-memory-buffer,run,1110,11280701,1,396605,1983025,1093515,1000000,2008302207,read,68344
measured,probe-memory-buffer,run,1111,11281401,0,396605,1983025,1093795,1000000,2008302207,read,68362
measured,probe-memory-buffer,run,1112,11282001,1,396605,1983025,1094122,1000000,2008302207,read,68382
measured,probe-memory-buffer,run,1113,11282701,0,396605,1983025,1094403,1000000,2008302207,read,68400
measured,probe-memory-buffer,run,1114,11283301,1,396605,1983025,1094730,1000000,2008302207,read,68420
measured,probe-memory-buffer,run,1115,11284001,0,396605,1983025,1095011,1000000,2008302207,read,68438
measured,probe-memory-buffer,run,1116,11284601,1,396605,1983025,1095338,1000000,2008302207,read,68458
measured,probe-memory-buffer,run,1117,11285301,0,396605,1983025,1095619,1000000,2008302207,read,68476
measured,probe-memory-buffer,run,1118,11285901,1,396605,1983025,1095899,1000000,2008302207,read,68493
measured,probe-memory-buffer,run,1119,11286501,0,396605,1983025,1096227,1000000,2008302207,read,68514
measured,probe-memory-buffer,run,1120,11287101,1,396605,1983025,1096507,1000000,2008302207,read,68531
measured,probe-memory-buffer,run,1121,11287701,0,396605,1983025,1096788,1000000,2008302207,read,68549
measured,probe-memory-buffer,run,1122,11288401,1,396605,1983025,1097115,1000000,2008302207,read,68569
measured,probe-memory-buffer,run,1123,11289001,0,396605,1983025,1097396,1000000,2008302207,read,68587
measured,probe-memory-buffer,run,1124,11289701,1,396605,1983025,1097723,1000000,2008302207,read,68607
measured,probe-memory-buffer,run,1125,11290401,0,396605,1983025,1098003,1000000,2008302207,read,68625
measured,probe-memory-buffer,run,1126,11291001,1,396605,1983025,1098284,1000000,2008302207,read,68642
measured,probe-memory-buffer,run,1127,11291601,0,396605,1983025,1098611,1000000,2008302207,read,68663
measured,probe-memory-buffer,run,1128,11292301,1,396605,1983025,1098892,1000000,2008302207,read,68680
measured,probe-memory-buffer,run,1129,11292901,0,396605,1983025,1099219,1000000,2008302207,read,68701
measured,probe-memory-buffer,run,1130,11293601,1,396605,1983025,1099500,1000000,2008302207,read,68718
measured,probe-memory-buffer,run,1131,11294201,0,396605,1983025,1099827,1000000,2008302207,read,68739
measured,probe-memory-buffer,run,1132,11294801,1,396605,1983025,1100108,1000000,2008302207,read,68756
measured,probe-memory-buffer,run,1133,11295501,0,396605,1983025,1100388,1000000,2008302207,read,68774
measured,probe-memory-buffer,run,1134,11296101,1,396605,1983025,1100716,1000000,2008302207,read,68794
measured,probe-memory-buffer,run,1135,11296801,0,396605,1983025,1100996,1000000,2008302207,read,68812
measured,probe-memory-buffer,run,1136,11297401,1,396605,1983025,1101323,1000000,2008302207,read,68832
measured,probe-memory-buffer,run,1137,11298001,0,396605,1983025,1101604,1000000,2008302207,read,68850
measured,probe-memory-buffer,run,1138,11298701,1,396605,1983025,1101885,1000000,2008302207,read,68867
measured,probe-memory-buffer,run,1139,11299301,0,396605,1983025,1102212,1000000,2008302207,read,68888
measured,probe-memory-buffer,run,1140,11299901,1,396605,1983025,1102492,1000000,2008302207,read,68905
measured,probe-memory-buffer,run,1141,11300501,0,396605,1983025,1102773,1000000,2008302207,read,68923
measured,probe-memory-buffer,run,1142,11301101,1,396605,1983025,1103054,1000000,2008302207,read,68940
measured,probe-memory-buffer,run,1143,11301801,0,396605,1983025,1103334,1000000,2008302207,read,68958
measured,probe-memory-buffer,run,1144,11302901,1,396605,1983025,1103895,1000000,2008302207,read,68993
measured,probe-memory-buffer,run,1145,11303501,0,396605,1983025,1104176,1000000,2008302207,read,69011
measured,probe-memory-buffer,run,1146,11304101,1,396605,1983025,1104456,1000000,2008302207,read,69028
measured,probe-memory-buffer,run,1147,11304701,0,396605,1983025,1104737,1000000,2008302207,read,69046
measured,probe-memory-buffer,run,1148,11305301,1,396605,1983025,1105017,1000000,2008302207,read,69063
measured,probe-memory-buffer,run,1149,11305901,0,396605,1983025,1105298,1000000,2008302207,read,69081
measured,probe-memory-buffer,run,1150,11306501,1,396605,1983025,1105579,1000000,2008302207,read,69098
measured,probe-memory-buffer,run,1151,11307101,0,396605,1983025,1105859,1000000,2008302207,read,69116
measured,probe-memory-buffer,run,1152,11307701,1,396605,1983025,1106140,1000000,2008302207,read,69133
measured,probe-memory-buffer,run,1153,11308301,0,396605,1983025,1106420,1000000,2008302207,read,69151
measured,probe-memory-buffer,run,1154,11308901,1,396605,1983025,1106701,1000000,2008302207,read,69168
measured,probe-memory-buffer,run,1155,11309501,0,396605,1983025,1106981,1000000,2008302207,read,69186
measured,probe-memory-buffer,run,1156,11310101,1,396605,1983025,1107262,1000000,2008302207,read,69203
measured,probe-memory-buffer,run,1157,11310701,0,396605,1983025,1107542,1000000,2008302207,read,69221
measured,probe-memory-buffer,run,1158,11319101,1,396605,1983025,1111470,1000000,2008302207,read,69466
measured,probe-memory-buffer,run,1159,11320001,0,396605,1983025,1111891,1000000,2008302207,read,69493
measured,probe-memory-buffer,run,1160,11320701,1,396605,1983025,1112218,1000000,2008302207,read,69513
measured,probe-memory-buffer,run,1161,11321401,0,396605,1983025,1112546,1000000,2008302207,read,69534
measured,probe-memory-buffer,run,1162,11322001,1,396605,1983025,1112826,1000000,2008302207,read,69551
measured,probe-memory-buffer,run,1163,11322701,0,396605,1983025,1113154,1000000,2008302207,read,69572
measured,probe-memory-buffer,run,1164,11326701,1,396605,1983025,1114977,1000000,2008302207,read,69686
measured,probe-memory-buffer,run,1165,11327501,0,396605,1983025,1115351,1000000,2008302207,read,69709
measured,probe-memory-buffer,run,1166,11328101,1,396605,1983025,1115679,1000000,2008302207,read,69729
measured,probe-memory-buffer,run,1167,11328801,0,396605,1983025,1115959,1000000,2008302207,read,69747
measured,probe-memory-buffer,run,1168,11329401,1,396605,1983025,1116286,1000000,2008302207,read,69767
measured,probe-memory-buffer,run,1169,11330001,0,396605,1983025,1116567,1000000,2008302207,read,69785
measured,probe-memory-buffer,run,1170,11330701,1,396605,1983025,1116848,1000000,2008302207,read,69803
measured,probe-memory-buffer,run,1171,11331301,0,396605,1983025,1117175,1000000,2008302207,read,69823
measured,probe-memory-buffer,run,1172,11332001,1,396605,1983025,1117455,1000000,2008302207,read,69840
measured,probe-memory-buffer,run,1173,11332601,0,396605,1983025,1117736,1000000,2008302207,read,69858
measured,probe-memory-buffer,run,1174,11333201,1,396605,1983025,1118063,1000000,2008302207,read,69878
measured,probe-memory-buffer,run,1175,11333801,0,396605,1983025,1118344,1000000,2008302207,read,69896
measured,probe-memory-buffer,run,1176,11334501,1,396605,1983025,1118624,1000000,2008302207,read,69914
measured,probe-memory-buffer,run,1177,11335101,0,396605,1983025,1118905,1000000,2008302207,read,69931
measured,probe-memory-buffer,run,1178,11335701,1,396605,1983025,1119232,1000000,2008302207,read,69952
measured,probe-memory-buffer,run,1179,11336301,0,396605,1983025,1119513,1000000,2008302207,read,69969
measured,probe-memory-buffer,run,1180,11337001,1,396605,1983025,1119793,1000000,2008302207,read,69987
measured,probe-memory-buffer,run,1181,11337601,0,396605,1983025,1120074,1000000,2008302207,read,70004
measured,probe-memory-buffer,run,1182,11338201,1,396605,1983025,1120401,1000000,2008302207,read,70025
measured,probe-memory-buffer,run,1183,11338801,0,396605,1983025,1120682,1000000,2008302207,read,70042
measured,probe-memory-buffer,run,1184,11339501,1,396605,1983025,1120962,1000000,2008302207,read,70060
measured,probe-memory-buffer,run,1185,11340101,0,396605,1983025,1121243,1000000,2008302207,read,70077
measured,probe-memory-buffer,run,1186,11340701,1,396605,1983025,1121570,1000000,2008302207,read,70098
measured,probe-memory-buffer,run,1187,11341301,0,396605,1983025,1121851,1000000,2008302207,read,70115
measured,probe-memory-buffer,run,1188,11342001,1,396605,1983025,1122131,1000000,2008302207,read,70133
measured,probe-memory-buffer,run,1189,11344501,0,462140,2310700,1310700,1000000,2710160244,update,0
measured,probe-memory-buffer,run,1190,11372001,0,462140,2310700,1328115,1000000,2710160244,read,83007
measured,probe-memory-buffer,run,1191,11374601,1,462140,2310700,1329693,1000000,2710160244,read,83105
measured,probe-memory-buffer,run,1192,11375801,0,462140,2310700,1330513,1000000,2710160244,read,83157
measured,probe-memory-buffer,run,1193,11376501,1,462140,2310700,1330955,1000000,2710160244,read,83184
measured,probe-memory-buffer,run,1194,11377201,0,462140,2310700,1331397,1000000,2710160244,read,83212
measured,probe-memory-buffer,run,1195,11377901,1,462140,2310700,1331775,1000000,2710160244,read,83235
measured,probe-memory-buffer,run,1196,11378601,0,462140,2310700,1332217,1000000,2710160244,read,83263
measured,probe-memory-buffer,run,1197,11379201,1,462140,2310700,1332659,1000000,2710160244,read,83291
measured,probe-memory-buffer,run,1198,11379901,0,462140,2310700,1333037,1000000,2710160244,read,83314
measured,probe-memory-buffer,run,1199,11380501,1,462140,2310700,1333479,1000000,2710160244,read,83342
measured,probe-memory-buffer,run,1200,11381101,0,462140,2310700,1333858,1000000,2710160244,read,83366
measured,probe-memory-buffer,run,1201,11381801,1,462140,2310700,1334236,1000000,2710160244,read,83389
measured,probe-memory-buffer,run,1202,11382401,0,462140,2310700,1334678,1000000,2710160244,read,83417
measured,probe-memory-buffer,run,1203,11383101,1,462140,2310700,1335056,1000000,2710160244,read,83441
measured,probe-memory-buffer,run,1204,11383701,0,462140,2310700,1335498,1000000,2710160244,read,83468
measured,probe-memory-buffer,run,1205,11384401,1,462140,2310700,1335877,1000000,2710160244,read,83492
measured,probe-memory-buffer,run,1206,11385001,0,462140,2310700,1336318,1000000,2710160244,read,83519
measured,probe-memory-buffer,run,1207,11385601,1,462140,2310700,1336697,1000000,2710160244,read,83543
measured,probe-memory-buffer,run,1208,11386301,0,462140,2310700,1337076,1000000,2710160244,read,83567
measured,probe-memory-buffer,run,1209,11386901,1,462140,2310700,1337454,1000000,2710160244,read,83590
measured,probe-memory-buffer,run,1210,11387501,0,462140,2310700,1337833,1000000,2710160244,read,83614
measured,probe-memory-buffer,run,1211,11388101,1,462140,2310700,1338211,1000000,2710160244,read,83638
measured,probe-memory-buffer,run,1212,11388701,0,462140,2310700,1338590,1000000,2710160244,read,83661
measured,probe-memory-buffer,run,1213,11389301,1,462140,2310700,1338969,1000000,2710160244,read,83685
measured,probe-memory-buffer,run,1214,11389901,0,462140,2310700,1339347,1000000,2710160244,read,83709
measured,probe-memory-buffer,run,1215,11390501,1,462140,2310700,1339726,1000000,2710160244,read,83732
measured,probe-memory-buffer,run,1216,11391101,0,462140,2310700,1340104,1000000,2710160244,read,83756
measured,probe-memory-buffer,run,1217,11391701,1,462140,2310700,1340483,1000000,2710160244,read,83780
measured,probe-memory-buffer,run,1218,11392301,0,462140,2310700,1340862,1000000,2710160244,read,83803
measured,probe-memory-buffer,run,1219,11392901,1,462140,2310700,1341240,1000000,2710160244,read,83827
measured,probe-memory-buffer,run,1220,11393501,0,462140,2310700,1341682,1000000,2710160244,read,83855
measured,probe-memory-buffer,run,1221,11396701,1,462140,2310700,1343701,1000000,2710160244,read,83981
measured,probe-memory-buffer,run,1222,11397401,0,462140,2310700,1344143,1000000,2710160244,read,84008
measured,probe-memory-buffer,run,1223,11398101,1,462140,2310700,1344522,1000000,2710160244,read,84032
measured,probe-memory-buffer,run,1224,11398601,0,462140,2310700,1344900,1000000,2710160244,read,84056
measured,probe-memory-buffer,run,1225,11399201,1,462140,2310700,1345279,1000000,2710160244,read,84079
measured,probe-memory-buffer,run,1226,11399901,0,462140,2310700,1345720,1000000,2710160244,read,84107
measured,probe-memory-buffer,run,1227,11400601,1,462140,2310700,1346099,1000000,2710160244,read,84131
measured,probe-memory-buffer,run,1228,11401201,0,462140,2310700,1346541,1000000,2710160244,read,84158
measured,probe-memory-buffer,run,1229,11401901,1,462140,2310700,1346919,1000000,2710160244,read,84182
measured,probe-memory-buffer,run,1230,11402501,0,462140,2310700,1347361,1000000,2710160244,read,84210
measured,probe-memory-buffer,run,1231,11403101,1,462140,2310700,1347740,1000000,2710160244,read,84233
measured,probe-memory-buffer,run,1232,11403801,0,462140,2310700,1348118,1000000,2710160244,read,84257
measured,probe-memory-buffer,run,1233,11404401,1,462140,2310700,1348560,1000000,2710160244,read,84285
measured,probe-memory-buffer,run,1234,11405101,0,462140,2310700,1348939,1000000,2710160244,read,84308
measured,probe-memory-buffer,run,1235,11405701,1,462140,2310700,1349380,1000000,2710160244,read,84336
measured,probe-memory-buffer,run,1236,11406401,0,462140,2310700,1349759,1000000,2710160244,read,84359
measured,probe-memory-buffer,run,1237,11407001,1,462140,2310700,1350201,1000000,2710160244,read,84387
measured,probe-memory-buffer,run,1238,11407701,0,462140,2310700,1350579,1000000,2710160244,read,84411
measured,probe-memory-buffer,run,1239,11408301,1,462140,2310700,1351021,1000000,2710160244,read,84438
measured,probe-memory-buffer,run,1240,11409001,0,462140,2310700,1351400,1000000,2710160244,read,84462
measured,probe-memory-buffer,run,1241,11409601,1,462140,2310700,1351841,1000000,2710160244,read,84490
measured,probe-memory-buffer,run,1242,11410301,0,462140,2310700,1352220,1000000,2710160244,read,84513
measured,probe-memory-buffer,run,1243,11410901,1,462140,2310700,1352662,1000000,2710160244,read,84541
measured,probe-memory-buffer,run,1244,11411601,0,462140,2310700,1353040,1000000,2710160244,read,84565
measured,probe-memory-buffer,run,1245,11412201,1,462140,2310700,1353482,1000000,2710160244,read,84592
measured,probe-memory-buffer,run,1246,11412901,0,462140,2310700,1353860,1000000,2710160244,read,84616
measured,probe-memory-buffer,run,1247,11413501,1,462140,2310700,1354302,1000000,2710160244,read,84643
measured,probe-memory-buffer,run,1248,11414201,0,462140,2310700,1354681,1000000,2710160244,read,84667
measured,probe-memory-buffer,run,1249,11414801,1,462140,2310700,1355059,1000000,2710160244,read,84691
measured,probe-memory-buffer,run,1250,11415401,0,462140,2310700,1355501,1000000,2710160244,read,84718
measured,probe-memory-buffer,run,1251,11416101,1,462140,2310700,1355880,1000000,2710160244,read,84742
measured,probe-memory-buffer,run,1252,11416701,0,462140,2310700,1356321,1000000,2710160244,read,84770
measured,probe-memory-buffer,run,1253,11417401,1,462140,2310700,1356700,1000000,2710160244,read,84793
measured,probe-memory-buffer,run,1254,11418001,0,462140,2310700,1357142,1000000,2710160244,read,84821
measured,probe-memory-buffer,run,1255,11418701,1,462140,2310700,1357520,1000000,2710160244,read,84845
measured,probe-memory-buffer,run,1256,11419301,0,462140,2310700,1357962,1000000,2710160244,read,84872
measured,probe-memory-buffer,run,1257,11420001,1,462140,2310700,1358341,1000000,2710160244,read,84896
measured,probe-memory-buffer,run,1258,11420601,0,462140,2310700,1358782,1000000,2710160244,read,84923
measured,probe-memory-buffer,run,1259,11421201,1,462140,2310700,1359161,1000000,2710160244,read,84947
measured,probe-memory-buffer,run,1260,11421901,0,462140,2310700,1359540,1000000,2710160244,read,84971
measured,probe-memory-buffer,run,1261,11422501,1,462140,2310700,1359918,1000000,2710160244,read,84994
measured,probe-memory-buffer,run,1262,11423101,0,462140,2310700,1360360,1000000,2710160244,read,85022
measured,probe-memory-buffer,run,1263,11423701,1,462140,2310700,1360738,1000000,2710160244,read,85046
measured,probe-memory-buffer,run,1264,11424401,0,462140,2310700,1361117,1000000,2710160244,read,85069
measured,probe-memory-buffer,run,1265,11425001,1,462140,2310700,1361496,1000000,2710160244,read,85093
measured,probe-memory-buffer,run,1266,11425601,0,462140,2310700,1361874,1000000,2710160244,read,85117
measured,probe-memory-buffer,run,1267,11426201,1,462140,2310700,1362253,1000000,2710160244,read,85140
measured,probe-memory-buffer,run,1268,11426801,0,462140,2310700,1362631,1000000,2710160244,read,85164
measured,probe-memory-buffer,run,1269,11427401,1,462140,2310700,1363010,1000000,2710160244,read,85188
measured,probe-memory-buffer,run,1270,11428001,0,462140,2310700,1363389,1000000,2710160244,read,85211
measured,probe-memory-buffer,run,1271,11428601,1,462140,2310700,1363767,1000000,2710160244,read,85235
measured,probe-memory-buffer,run,1272,11429201,0,462140,2310700,1364146,1000000,2710160244,read,85259
measured,probe-memory-buffer,run,1273,11429801,1,462140,2310700,1364525,1000000,2710160244,read,85282
measured,probe-memory-buffer,run,1274,11430401,0,462140,2310700,1364903,1000000,2710160244,read,85306
measured,probe-memory-buffer,run,1275,11431901,1,462140,2310700,1365913,1000000,2710160244,read,85369
measured,probe-memory-buffer,run,1276,11432501,0,462140,2310700,1366291,1000000,2710160244,read,85393
measured,probe-memory-buffer,run,1277,11434001,1,462140,2310700,1367238,1000000,2710160244,read,85452
measured,probe-memory-buffer,run,1278,11434701,0,462140,2310700,1367680,1000000,2710160244,read,85480
measured,probe-memory-buffer,run,1279,11435301,1,462140,2310700,1368058,1000000,2710160244,read,85503
measured,probe-memory-buffer,run,1280,11435901,0,462140,2310700,1368437,1000000,2710160244,read,85527
measured,probe-memory-buffer,run,1281,11436501,1,462140,2310700,1368815,1000000,2710160244,read,85550
measured,probe-memory-buffer,run,1282,11437201,0,462140,2310700,1369194,1000000,2710160244,read,85574
measured,probe-memory-buffer,run,1283,11437701,1,462140,2310700,1369573,1000000,2710160244,read,85598
measured,probe-memory-buffer,run,1284,11438401,0,462140,2310700,1369951,1000000,2710160244,read,85621
measured,probe-memory-buffer,run,1285,11439001,1,462140,2310700,1370330,1000000,2710160244,read,85645
measured,probe-memory-buffer,run,1286,11439601,0,462140,2310700,1370708,1000000,2710160244,read,85669
measured,probe-memory-buffer,run,1287,11440201,1,462140,2310700,1371087,1000000,2710160244,read,85692
measured,probe-memory-buffer,run,1288,11440801,0,462140,2310700,1371529,1000000,2710160244,read,85720
measured,probe-memory-buffer,run,1289,11441401,1,462140,2310700,1371907,1000000,2710160244,read,85744
measured,probe-memory-buffer,run,1290,11442001,0,462140,2310700,1372286,1000000,2710160244,read,85767
measured,probe-memory-buffer,run,1291,11442601,1,462140,2310700,1372665,1000000,2710160244,read,85791
measured,probe-memory-buffer,run,1292,11443201,0,462140,2310700,1373043,1000000,2710160244,read,85815
measured,probe-memory-buffer,run,1293,11443801,1,462140,2310700,1373422,1000000,2710160244,read,85838
measured,probe-memory-buffer,run,1294,11444401,0,462140,2310700,1373800,1000000,2710160244,read,85862
measured,probe-memory-buffer,run,1295,11445001,1,462140,2310700,1374179,1000000,2710160244,read,85886
measured,probe-memory-buffer,run,1296,11445701,0,462140,2310700,1374558,1000000,2710160244,read,85909
measured,probe-memory-buffer,run,1297,11446301,1,462140,2310700,1374936,1000000,2710160244,read,85933
measured,probe-memory-buffer,run,1298,11446901,0,462140,2310700,1375315,1000000,2710160244,read,85957
measured,probe-memory-buffer,run,1299,11447501,1,462140,2310700,1375693,1000000,2710160244,read,85980
measured,probe-memory-buffer,run,1300,11448101,0,462140,2310700,1376072,1000000,2710160244,read,86004
measured,probe-memory-buffer,run,1301,11448701,1,462140,2310700,1376451,1000000,2710160244,read,86028
measured,probe-memory-buffer,run,1302,11449301,0,462140,2310700,1376829,1000000,2710160244,read,86051
measured,probe-memory-buffer,run,1303,11449901,1,462140,2310700,1377208,1000000,2710160244,read,86075
measured,probe-memory-buffer,run,1304,11450501,0,462140,2310700,1377586,1000000,2710160244,read,86099
measured,probe-memory-buffer,run,1305,11451101,1,462140,2310700,1377965,1000000,2710160244,read,86122
measured,probe-memory-buffer,run,1306,11451701,0,462140,2310700,1378344,1000000,2710160244,read,86146
measured,probe-memory-buffer,run,1307,11452301,1,462140,2310700,1378722,1000000,2710160244,read,86170
measured,probe-memory-buffer,run,1308,11452901,0,462140,2310700,1379164,1000000,2710160244,read,86197
measured,probe-memory-buffer,run,1309,11453501,1,462140,2310700,1379479,1000000,2710160244,read,86217
measured,probe-memory-buffer,run,1310,11455301,0,462140,2310700,1380615,1000000,2710160244,read,86288
measured,probe-memory-buffer,run,1311,11455901,1,462140,2310700,1380994,1000000,2710160244,read,86312
measured,probe-memory-buffer,run,1312,11456501,0,462140,2310700,1381436,1000000,2710160244,read,86339
measured,probe-memory-buffer,run,1313,11457101,1,462140,2310700,1381814,1000000,2710160244,read,86363
measured,probe-memory-buffer,run,1314,11457801,0,462140,2310700,1382193,1000000,2710160244,read,86387
measured,probe-memory-buffer,run,1315,11458401,1,462140,2310700,1382634,1000000,2710160244,read,86414
measured,probe-memory-buffer,run,1316,11459101,0,462140,2310700,1383013,1000000,2710160244,read,86438
measured,probe-memory-buffer,run,1317,11459701,1,462140,2310700,1383455,1000000,2710160244,read,86465
measured,probe-memory-buffer,run,1318,11460301,0,462140,2310700,1383833,1000000,2710160244,read,86489
measured,probe-memory-buffer,run,1319,11461001,1,462140,2310700,1384212,1000000,2710160244,read,86513
measured,probe-memory-buffer,run,1320,11461601,0,462140,2310700,1384654,1000000,2710160244,read,86540
measured,probe-memory-buffer,run,1321,11462201,1,462140,2310700,1385032,1000000,2710160244,read,86564
measured,probe-memory-buffer,run,1322,11462801,0,462140,2310700,1385411,1000000,2710160244,read,86588
measured,probe-memory-buffer,run,1323,11463401,1,462140,2310700,1385789,1000000,2710160244,read,86611
measured,probe-memory-buffer,run,1324,11464001,0,462140,2310700,1386168,1000000,2710160244,read,86635
measured,probe-memory-buffer,run,1325,11464701,1,462140,2310700,1386547,1000000,2710160244,read,86659
measured,probe-memory-buffer,run,1326,11465301,0,462140,2310700,1386925,1000000,2710160244,read,86682
measured,probe-memory-buffer,run,1327,11465901,1,462140,2310700,1387304,1000000,2710160244,read,86706
measured,probe-memory-buffer,run,1328,11466501,0,462140,2310700,1387746,1000000,2710160244,read,86734
measured,probe-memory-buffer,run,1329,11468901,0,527675,2638375,1638375,1000000,3224320614,update,0
measured,probe-memory-buffer,run,1330,11501601,1,527675,2638375,1662998,1000000,3224320614,read,103937
measured,probe-memory-buffer,run,1331,11504401,0,527675,2638375,1665025,1000000,3224320614,read,104064
measured,probe-memory-buffer,run,1332,11505601,1,527675,2638375,1666001,1000000,3224320614,read,104125
measured,probe-memory-buffer,run,1333,11506301,0,527675,2638375,1666451,1000000,3224320614,read,104153
measured,probe-memory-buffer,run,1334,11507901,1,527675,2638375,1667653,1000000,3224320614,read,104228
measured,probe-memory-buffer,run,1335,11508601,0,527675,2638375,1668253,1000000,3224320614,read,104265
measured,probe-memory-buffer,run,1336,11509301,1,527675,2638375,1668704,1000000,3224320614,read,104294
measured,probe-memory-buffer,run,1337,11509901,0,527675,2638375,1669154,1000000,3224320614,read,104322
measured,probe-memory-buffer,run,1338,11510501,1,527675,2638375,1669680,1000000,3224320614,read,104355
measured,probe-memory-buffer,run,1339,11511201,0,527675,2638375,1670130,1000000,3224320614,read,104383
measured,probe-memory-buffer,run,1340,11511801,1,527675,2638375,1670655,1000000,3224320614,read,104415
measured,probe-memory-buffer,run,1341,11512501,0,527675,2638375,1671106,1000000,3224320614,read,104444
measured,probe-memory-buffer,run,1342,11513101,1,527675,2638375,1671631,1000000,3224320614,read,104476
measured,probe-memory-buffer,run,1343,11513701,0,527675,2638375,1672082,1000000,3224320614,read,104505
measured,probe-memory-buffer,run,1344,11514401,1,527675,2638375,1672532,1000000,3224320614,read,104533
measured,probe-memory-buffer,run,1345,11515001,0,527675,2638375,1673058,1000000,3224320614,read,104566
measured,probe-memory-buffer,run,1346,11515601,1,527675,2638375,1673508,1000000,3224320614,read,104594
measured,probe-memory-buffer,run,1347,11516301,0,527675,2638375,1674034,1000000,3224320614,read,104627
measured,probe-memory-buffer,run,1348,11517001,1,527675,2638375,1674484,1000000,3224320614,read,104655
measured,probe-memory-buffer,run,1349,11517601,0,527675,2638375,1675010,1000000,3224320614,read,104688
measured,probe-memory-buffer,run,1350,11518201,1,527675,2638375,1675460,1000000,3224320614,read,104716
measured,probe-memory-buffer,run,1351,11518901,0,527675,2638375,1675911,1000000,3224320614,read,104744
measured,probe-memory-buffer,run,1352,11519501,1,527675,2638375,1676361,1000000,3224320614,read,104772
measured,probe-memory-buffer,run,1353,11520101,0,527675,2638375,1676886,1000000,3224320614,read,104805
measured,probe-memory-buffer,run,1354,11520701,1,527675,2638375,1677337,1000000,3224320614,read,104833
measured,probe-memory-buffer,run,1355,11521301,0,527675,2638375,1677787,1000000,3224320614,read,104861
measured,probe-memory-buffer,run,1356,11522001,1,527675,2638375,1678238,1000000,3224320614,read,104889
measured,probe-memory-buffer,run,1357,11522601,0,527675,2638375,1678763,1000000,3224320614,read,104922
measured,probe-memory-buffer,run,1358,11523301,1,527675,2638375,1679214,1000000,3224320614,read,104950
measured,probe-memory-buffer,run,1359,11523901,0,527675,2638375,1679739,1000000,3224320614,read,104983
measured,probe-memory-buffer,run,1360,11524501,1,527675,2638375,1680190,1000000,3224320614,read,105011
measured,probe-memory-buffer,run,1361,11525201,0,527675,2638375,1680640,1000000,3224320614,read,105040
measured,probe-memory-buffer,run,1362,11525801,1,527675,2638375,1681166,1000000,3224320614,read,105072
measured,probe-memory-buffer,run,1363,11526501,0,527675,2638375,1681616,1000000,3224320614,read,105101
measured,probe-memory-buffer,run,1364,11527101,1,527675,2638375,1682066,1000000,3224320614,read,105129
measured,probe-memory-buffer,run,1365,11527601,0,527675,2638375,1682517,1000000,3224320614,read,105157
measured,probe-memory-buffer,run,1366,11528301,1,527675,2638375,1682967,1000000,3224320614,read,105185
measured,probe-memory-buffer,run,1367,11528901,0,527675,2638375,1683418,1000000,3224320614,read,105213
measured,probe-memory-buffer,run,1368,11529501,1,527675,2638375,1683868,1000000,3224320614,read,105241
measured,probe-memory-buffer,run,1369,11530101,0,527675,2638375,1684394,1000000,3224320614,read,105274
measured,probe-memory-buffer,run,1370,11530701,1,527675,2638375,1684844,1000000,3224320614,read,105302
measured,probe-memory-buffer,run,1371,11531301,0,527675,2638375,1685295,1000000,3224320614,read,105330
measured,probe-memory-buffer,run,1372,11531901,1,527675,2638375,1685745,1000000,3224320614,read,105359
measured,probe-memory-buffer,run,1373,11532501,0,527675,2638375,1686195,1000000,3224320614,read,105387
measured,probe-memory-buffer,run,1374,11533101,1,527675,2638375,1686646,1000000,3224320614,read,105415
measured,probe-memory-buffer,run,1375,11533701,0,527675,2638375,1687096,1000000,3224320614,read,105443
measured,probe-memory-buffer,run,1376,11534401,1,527675,2638375,1687547,1000000,3224320614,read,105471
measured,probe-memory-buffer,run,1377,11535001,0,527675,2638375,1688072,1000000,3224320614,read,105504
measured,probe-memory-buffer,run,1378,11535701,1,527675,2638375,1688523,1000000,3224320614,read,105532
measured,probe-memory-buffer,run,1379,11536301,0,527675,2638375,1689048,1000000,3224320614,read,105565
measured,probe-memory-buffer,run,1380,11537001,1,527675,2638375,1689499,1000000,3224320614,read,105593
measured,probe-memory-buffer,run,1381,11537601,0,527675,2638375,1689949,1000000,3224320614,read,105621
measured,probe-memory-buffer,run,1382,11538201,1,527675,2638375,1690475,1000000,3224320614,read,105654
measured,probe-memory-buffer,run,1383,11538801,0,527675,2638375,1690925,1000000,3224320614,read,105682
measured,probe-memory-buffer,run,1384,11539501,1,527675,2638375,1691375,1000000,3224320614,read,105710
measured,probe-memory-buffer,run,1385,11540101,0,527675,2638375,1691826,1000000,3224320614,read,105739
measured,probe-memory-buffer,run,1386,11540701,1,527675,2638375,1692351,1000000,3224320614,read,105771
measured,probe-memory-buffer,run,1387,11541301,0,527675,2638375,1692802,1000000,3224320614,read,105800
measured,probe-memory-buffer,run,1388,11541901,1,527675,2638375,1693252,1000000,3224320614,read,105828
measured,probe-memory-buffer,run,1389,11542501,0,527675,2638375,1693703,1000000,3224320614,read,105856
measured,probe-memory-buffer,run,1390,11543101,1,527675,2638375,1694153,1000000,3224320614,read,105884
measured,probe-memory-buffer,run,1391,11546701,0,527675,2638375,1696781,1000000,3224320614,read,106048
measured,probe-memory-buffer,run,1392,11547401,1,527675,2638375,1697306,1000000,3224320614,read,106081
measured,probe-memory-buffer,run,1393,11548001,0,527675,2638375,1697757,1000000,3224320614,read,106109
measured,probe-memory-buffer,run,1394,11548601,1,527675,2638375,1698282,1000000,3224320614,read,106142
measured,probe-memory-buffer,run,1395,11549301,0,527675,2638375,1698732,1000000,3224320614,read,106170
measured,probe-memory-buffer,run,1396,11549901,1,527675,2638375,1699258,1000000,3224320614,read,106203
measured,probe-memory-buffer,run,1397,11550601,0,527675,2638375,1699708,1000000,3224320614,read,106231
measured,probe-memory-buffer,run,1398,11551201,1,527675,2638375,1700234,1000000,3224320614,read,106264
measured,probe-memory-buffer,run,1399,11551901,0,527675,2638375,1700684,1000000,3224320614,read,106292
measured,probe-memory-buffer,run,1400,11552501,1,527675,2638375,1701135,1000000,3224320614,read,106320
measured,probe-memory-buffer,run,1401,11553101,0,527675,2638375,1701660,1000000,3224320614,read,106353
measured,probe-memory-buffer,run,1402,11553701,1,527675,2638375,1702111,1000000,3224320614,read,106381
measured,probe-memory-buffer,run,1403,11554301,0,527675,2638375,1702561,1000000,3224320614,read,106410
measured,probe-memory-buffer,run,1404,11554901,1,527675,2638375,1703012,1000000,3224320614,read,106438
measured,probe-memory-buffer,run,1405,11555501,0,527675,2638375,1703462,1000000,3224320614,read,106466
measured,probe-memory-buffer,run,1406,11556101,1,527675,2638375,1703912,1000000,3224320614,read,106494
measured,probe-memory-buffer,run,1407,11556701,0,527675,2638375,1704363,1000000,3224320614,read,106522
measured,probe-memory-buffer,run,1408,11557301,1,527675,2638375,1704813,1000000,3224320614,read,106550
measured,probe-memory-buffer,run,1409,11558001,0,527675,2638375,1705264,1000000,3224320614,read,106579
measured,probe-memory-buffer,run,1410,11558601,1,527675,2638375,1705714,1000000,3224320614,read,106607
measured,probe-memory-buffer,run,1411,11559201,0,527675,2638375,1706165,1000000,3224320614,read,106635
measured,probe-memory-buffer,run,1412,11559801,1,527675,2638375,1706615,1000000,3224320614,read,106663
measured,probe-memory-buffer,run,1413,11560401,0,527675,2638375,1707065,1000000,3224320614,read,106691
measured,probe-memory-buffer,run,1414,11560901,1,527675,2638375,1707516,1000000,3224320614,read,106719
measured,probe-memory-buffer,run,1415,11561601,0,527675,2638375,1707966,1000000,3224320614,read,106747
measured,probe-memory-buffer,run,1416,11562201,1,527675,2638375,1708417,1000000,3224320614,read,106776
measured,probe-memory-buffer,run,1417,11562801,0,527675,2638375,1708867,1000000,3224320614,read,106804
measured,probe-memory-buffer,run,1418,11563401,1,527675,2638375,1709318,1000000,3224320614,read,106832
measured,probe-memory-buffer,run,1419,11564001,0,527675,2638375,1709843,1000000,3224320614,read,106865
measured,probe-memory-buffer,run,1420,11564601,1,527675,2638375,1710294,1000000,3224320614,read,106893
measured,probe-memory-buffer,run,1421,11565201,0,527675,2638375,1710744,1000000,3224320614,read,106921
measured,probe-memory-buffer,run,1422,11565801,1,527675,2638375,1711194,1000000,3224320614,read,106949
measured,probe-memory-buffer,run,1423,11566401,0,527675,2638375,1711645,1000000,3224320614,read,106977
measured,probe-memory-buffer,run,1424,11567001,1,527675,2638375,1712095,1000000,3224320614,read,107005
measured,probe-memory-buffer,run,1425,11567601,0,527675,2638375,1712546,1000000,3224320614,read,107034
measured,probe-memory-buffer,run,1426,11568301,1,527675,2638375,1712996,1000000,3224320614,read,107062
measured,probe-memory-buffer,run,1427,11568901,0,527675,2638375,1713447,1000000,3224320614,read,107090
measured,probe-memory-buffer,run,1428,11569501,1,527675,2638375,1713897,1000000,3224320614,read,107118
measured,probe-memory-buffer,run,1429,11570101,0,527675,2638375,1714347,1000000,3224320614,read,107146
measured,probe-memory-buffer,run,1430,11570701,1,527675,2638375,1714798,1000000,3224320614,read,107174
measured,probe-memory-buffer,run,1431,11571301,0,527675,2638375,1715323,1000000,3224320614,read,107207
measured,probe-memory-buffer,run,1432,11571901,1,527675,2638375,1715774,1000000,3224320614,read,107235
measured,probe-memory-buffer,run,1433,11572501,0,527675,2638375,1716224,1000000,3224320614,read,107264
measured,probe-memory-buffer,run,1434,11573101,1,527675,2638375,1716675,1000000,3224320614,read,107292
measured,probe-memory-buffer,run,1435,11573701,0,527675,2638375,1717125,1000000,3224320614,read,107320
measured,probe-memory-buffer,run,1436,11574301,1,527675,2638375,1717576,1000000,3224320614,read,107348
measured,probe-memory-buffer,run,1437,11574901,0,527675,2638375,1718026,1000000,3224320614,read,107376
measured,probe-memory-buffer,run,1438,11575501,1,527675,2638375,1718476,1000000,3224320614,read,107404
measured,probe-memory-buffer,run,1439,11576201,0,527675,2638375,1718927,1000000,3224320614,read,107432
measured,probe-memory-buffer,run,1440,11576801,1,527675,2638375,1719377,1000000,3224320614,read,107461
measured,probe-memory-buffer,run,1441,11577401,0,527675,2638375,1719828,1000000,3224320614,read,107489
measured,probe-memory-buffer,run,1442,11578001,1,527675,2638375,1720278,1000000,3224320614,read,107517
measured,probe-memory-buffer,run,1443,11578601,0,527675,2638375,1720804,1000000,3224320614,read,107550
measured,probe-memory-buffer,run,1444,11579201,1,527675,2638375,1721254,1000000,3224320614,read,107578
measured,probe-memory-buffer,run,1445,11579801,0,527675,2638375,1721704,1000000,3224320614,read,107606
measured,probe-memory-buffer,run,1446,11580401,1,527675,2638375,1722155,1000000,3224320614,read,107634
measured,probe-memory-buffer,run,1447,11581001,0,527675,2638375,1722605,1000000,3224320614,read,107662
measured,probe-memory-buffer,run,1448,11582501,1,527675,2638375,1723656,1000000,3224320614,read,107728
measured,probe-memory-buffer,run,1449,11583201,0,527675,2638375,1724182,1000000,3224320614,read,107761
measured,probe-memory-buffer,run,1450,11583801,1,527675,2638375,1724632,1000000,3224320614,read,107789
measured,probe-memory-buffer,run,1451,11584401,0,527675,2638375,1725158,1000000,3224320614,read,107822
measured,probe-memory-buffer,run,1452,11585001,1,527675,2638375,1725533,1000000,3224320614,read,107845
measured,probe-memory-buffer,run,1453,11585601,0,527675,2638375,1725984,1000000,3224320614,read,107874
measured,probe-memory-buffer,run,1454,11586201,1,527675,2638375,1726509,1000000,3224320614,read,107906
measured,probe-memory-buffer,run,1455,11586801,0,527675,2638375,1726960,1000000,3224320614,read,107935
measured,probe-memory-buffer,run,1456,11587401,1,527675,2638375,1727410,1000000,3224320614,read,107963
measured,probe-memory-buffer,run,1457,11588401,0,527675,2638375,1728086,1000000,3224320614,read,108005
measured,probe-memory-buffer,run,1458,11589001,1,527675,2638375,1728536,1000000,3224320614,read,108033
measured,probe-memory-buffer,run,1459,11589601,0,527675,2638375,1729062,1000000,3224320614,read,108066
measured,probe-memory-buffer,run,1460,11590201,1,527675,2638375,1729512,1000000,3224320614,read,108094
measured,probe-memory-buffer,run,1461,11590801,0,527675,2638375,1729962,1000000,3224320614,read,108122
measured,probe-memory-buffer,run,1462,11592901,0,593210,2966050,1966050,1000000,3622174050,update,0
measured,probe-memory-buffer,run,1463,11625301,1,593210,2966050,1993374,1000000,3622174050,read,124585
measured,probe-memory-buffer,run,1464,11627901,0,593210,2966050,1995651,1000000,3622174050,read,124728
measured,probe-memory-buffer,run,1465,11629201,1,593210,2966050,1996748,1000000,3622174050,read,124796
measured,probe-memory-buffer,run,1466,11629801,0,593210,2966050,1997254,1000000,3622174050,read,124828
measured,probe-memory-buffer,run,1467,11630501,1,593210,2966050,1997844,1000000,3622174050,read,124865
measured,probe-memory-buffer,run,1468,11631201,0,593210,2966050,1998350,1000000,3622174050,read,124896
measured,probe-memory-buffer,run,1469,11631801,1,593210,2966050,1998940,1000000,3622174050,read,124933
measured,probe-memory-buffer,run,1470,11632501,0,593210,2966050,1999446,1000000,3622174050,read,124965
measured,probe-memory-buffer,run,1471,11633201,1,593210,2966050,2000037,1000000,3622174050,read,125002
measured,probe-memory-buffer,run,1472,11633801,0,593210,2966050,2000627,1000000,3622174050,read,125039
measured,probe-memory-buffer,run,1473,11634401,1,593210,2966050,2001133,1000000,3622174050,read,125070
measured,probe-memory-buffer,run,1474,11635101,0,593210,2966050,2001723,1000000,3622174050,read,125107
measured,probe-memory-buffer,run,1475,11635701,1,593210,2966050,2002229,1000000,3622174050,read,125139
measured,probe-memory-buffer,run,1476,11636301,0,593210,2966050,2002735,1000000,3622174050,read,125170
measured,probe-memory-buffer,run,1477,11636901,1,593210,2966050,2003241,1000000,3622174050,read,125202
measured,probe-memory-buffer,run,1478,11637501,0,593210,2966050,2003747,1000000,3622174050,read,125234
measured,probe-memory-buffer,run,1479,11638101,1,593210,2966050,2004253,1000000,3622174050,read,125265
measured,probe-memory-buffer,run,1480,11638701,0,593210,2966050,2004759,1000000,3622174050,read,125297
measured,probe-memory-buffer,run,1481,11639301,1,593210,2966050,2005265,1000000,3622174050,read,125329
measured,probe-memory-buffer,run,1482,11640001,0,593210,2966050,2005771,1000000,3622174050,read,125360
measured,probe-memory-buffer,run,1483,11640601,1,593210,2966050,2006277,1000000,3622174050,read,125392
measured,probe-memory-buffer,run,1484,11641201,0,593210,2966050,2006783,1000000,3622174050,read,125423
measured,probe-memory-buffer,run,1485,11641801,1,593210,2966050,2007289,1000000,3622174050,read,125455
measured,probe-memory-buffer,run,1486,11642401,0,593210,2966050,2007795,1000000,3622174050,read,125487
measured,probe-memory-buffer,run,1487,11643001,1,593210,2966050,2008301,1000000,3622174050,read,125518
measured,probe-memory-buffer,run,1488,11643601,0,593210,2966050,2008808,1000000,3622174050,read,125550
measured,probe-memory-buffer,run,1489,11644201,1,593210,2966050,2009314,1000000,3622174050,read,125582
measured,probe-memory-buffer,run,1490,11644801,0,593210,2966050,2009820,1000000,3622174050,read,125613
measured,probe-memory-buffer,run,1491,11645401,1,593210,2966050,2010326,1000000,3622174050,read,125645
measured,probe-memory-buffer,run,1492,11646001,0,593210,2966050,2010916,1000000,3622174050,read,125682
measured,probe-memory-buffer,run,1493,11646601,1,593210,2966050,2011422,1000000,3622174050,read,125713
measured,probe-memory-buffer,run,1494,11647201,0,593210,2966050,2011844,1000000,3622174050,read,125740
measured,probe-memory-buffer,run,1495,11647801,1,593210,2966050,2012350,1000000,3622174050,read,125771
measured,probe-memory-buffer,run,1496,11648401,0,593210,2966050,2012940,1000000,3622174050,read,125808
measured,probe-memory-buffer,run,1497,11649001,1,593210,2966050,2013362,1000000,3622174050,read,125835
measured,probe-memory-buffer,run,1498,11649601,0,593210,2966050,2013952,1000000,3622174050,read,125872
measured,probe-memory-buffer,run,1499,11650201,1,593210,2966050,2014458,1000000,3622174050,read,125903
measured,probe-memory-buffer,run,1500,11650801,0,593210,2966050,2014964,1000000,3622174050,read,125935
measured,probe-memory-buffer,run,1501,11652601,1,593210,2966050,2016398,1000000,3622174050,read,126024
measured,probe-memory-buffer,run,1502,11653201,0,593210,2966050,2016904,1000000,3622174050,read,126056
measured,probe-memory-buffer,run,1503,11653801,1,593210,2966050,2017410,1000000,3622174050,read,126088
measured,probe-memory-buffer,run,1504,11654401,0,593210,2966050,2018000,1000000,3622174050,read,126125
measured,probe-memory-buffer,run,1505,11655801,1,593210,2966050,2019181,1000000,3622174050,read,126198
measured,probe-memory-buffer,run,1506,11656601,0,593210,2966050,2019771,1000000,3622174050,read,126235
measured,probe-memory-buffer,run,1507,11657201,1,593210,2966050,2020361,1000000,3622174050,read,126272
measured,probe-memory-buffer,run,1508,11657901,0,593210,2966050,2020867,1000000,3622174050,read,126304
measured,probe-memory-buffer,run,1509,11658501,1,593210,2966050,2021458,1000000,3622174050,read,126341
measured,probe-memory-buffer,run,1510,11659201,0,593210,2966050,2021964,1000000,3622174050,read,126372
measured,probe-memory-buffer,run,1511,11659801,1,593210,2966050,2022554,1000000,3622174050,read,126409
measured,probe-memory-buffer,run,1512,11660401,0,593210,2966050,2023060,1000000,3622174050,read,126441
measured,probe-memory-buffer,run,1513,11661001,1,593210,2966050,2023566,1000000,3622174050,read,126472
measured,probe-memory-buffer,run,1514,11661701,0,593210,2966050,2024072,1000000,3622174050,read,126504
measured,probe-memory-buffer,run,1515,11662301,1,593210,2966050,2024663,1000000,3622174050,read,126541
measured,probe-memory-buffer,run,1516,11662901,0,593210,2966050,2025169,1000000,3622174050,read,126573
measured,probe-memory-buffer,run,1517,11663601,1,593210,2966050,2025675,1000000,3622174050,read,126604
measured,probe-memory-buffer,run,1518,11664201,0,593210,2966050,2026265,1000000,3622174050,read,126641
measured,probe-memory-buffer,run,1519,11664901,1,593210,2966050,2026771,1000000,3622174050,read,126673
measured,probe-memory-buffer,run,1520,11665501,0,593210,2966050,2027361,1000000,3622174050,read,126710
measured,probe-memory-buffer,run,1521,11666201,1,593210,2966050,2027867,1000000,3622174050,read,126741
measured,probe-memory-buffer,run,1522,11666801,0,593210,2966050,2028458,1000000,3622174050,read,126778
measured,probe-memory-buffer,run,1523,11667501,1,593210,2966050,2028964,1000000,3622174050,read,126810
measured,probe-memory-buffer,run,1524,11668101,0,593210,2966050,2029554,1000000,3622174050,read,126847
measured,probe-memory-buffer,run,1525,11668801,1,593210,2966050,2030060,1000000,3622174050,read,126878
measured,probe-memory-buffer,run,1526,11669401,0,593210,2966050,2030650,1000000,3622174050,read,126915
measured,probe-memory-buffer,run,1527,11670101,1,593210,2966050,2031156,1000000,3622174050,read,126947
measured,probe-memory-buffer,run,1528,11670701,0,593210,2966050,2031662,1000000,3622174050,read,126978
measured,probe-memory-buffer,run,1529,11671301,1,593210,2966050,2032253,1000000,3622174050,read,127015
measured,probe-memory-buffer,run,1530,11671901,0,593210,2966050,2032759,1000000,3622174050,read,127047
measured,probe-memory-buffer,run,1531,11672501,1,593210,2966050,2033265,1000000,3622174050,read,127079
measured,probe-memory-buffer,run,1532,11673201,0,593210,2966050,2033771,1000000,3622174050,read,127110
measured,probe-memory-buffer,run,1533,11673801,1,593210,2966050,2034361,1000000,3622174050,read,127147
measured,probe-memory-buffer,run,1534,11674501,0,593210,2966050,2034867,1000000,3622174050,read,127179
measured,probe-memory-buffer,run,1535,11675101,1,593210,2966050,2035457,1000000,3622174050,read,127216
measured,probe-memory-buffer,run,1536,11675701,0,593210,2966050,2035963,1000000,3622174050,read,127247
measured,probe-memory-buffer,run,1537,11676401,1,593210,2966050,2036469,1000000,3622174050,read,127279
measured,probe-memory-buffer,run,1538,11677001,0,593210,2966050,2037060,1000000,3622174050,read,127316
measured,probe-memory-buffer,run,1539,11677701,1,593210,2966050,2037566,1000000,3622174050,read,127347
measured,probe-memory-buffer,run,1540,11678301,0,593210,2966050,2038156,1000000,3622174050,read,127384
measured,probe-memory-buffer,run,1541,11679001,1,593210,2966050,2038662,1000000,3622174050,read,127416
measured,probe-memory-buffer,run,1542,11679601,0,593210,2966050,2039253,1000000,3622174050,read,127453
measured,probe-memory-buffer,run,1543,11680201,1,593210,2966050,2039759,1000000,3622174050,read,127484
measured,probe-memory-buffer,run,1544,11680901,0,593210,2966050,2040265,1000000,3622174050,read,127516
measured,probe-memory-buffer,run,1545,11681501,1,593210,2966050,2040771,1000000,3622174050,read,127548
measured,probe-memory-buffer,run,1546,11682101,0,593210,2966050,2041277,1000000,3622174050,read,127579
measured,probe-memory-buffer,run,1547,11682701,1,593210,2966050,2041783,1000000,3622174050,read,127611
measured,probe-memory-buffer,run,1548,11683301,0,593210,2966050,2042373,1000000,3622174050,read,127648
measured,probe-memory-buffer,run,1549,11684001,1,593210,2966050,2042879,1000000,3622174050,read,127679
measured,probe-memory-buffer,run,1550,11684601,0,593210,2966050,2043469,1000000,3622174050,read,127716
measured,probe-memory-buffer,run,1551,11685301,1,593210,2966050,2043975,1000000,3622174050,read,127748
measured,probe-memory-buffer,run,1552,11685901,0,593210,2966050,2044566,1000000,3622174050,read,127785
measured,probe-memory-buffer,run,1553,11686601,1,593210,2966050,2045072,1000000,3622174050,read,127817
measured,probe-memory-buffer,run,1554,11687201,0,593210,2966050,2045662,1000000,3622174050,read,127853
measured,probe-memory-buffer,run,1555,11687901,1,593210,2966050,2046168,1000000,3622174050,read,127885
measured,probe-memory-buffer,run,1556,11688501,0,593210,2966050,2046758,1000000,3622174050,read,127922
measured,probe-memory-buffer,run,1557,11689101,1,593210,2966050,2047264,1000000,3622174050,read,127954
measured,probe-memory-buffer,run,1558,11689801,0,593210,2966050,2047855,1000000,3622174050,read,127990
measured,probe-memory-buffer,run,1559,11690401,1,593210,2966050,2048361,1000000,3622174050,read,128022
measured,probe-memory-buffer,run,1560,11691101,0,593210,2966050,2048867,1000000,3622174050,read,128054
measured,probe-memory-buffer,run,1561,11691701,1,593210,2966050,2049457,1000000,3622174050,read,128091
measured,probe-memory-buffer,run,1562,11695401,0,593210,2966050,2052578,1000000,3622174050,read,128286
measured,probe-memory-buffer,run,1563,11696101,1,593210,2966050,2053168,1000000,3622174050,read,128323
measured,probe-memory-buffer,run,1564,11696801,0,593210,2966050,2053758,1000000,3622174050,read,128359
measured,probe-memory-buffer,run,1565,11697401,1,593210,2966050,2054180,1000000,3622174050,read,128386
measured,probe-memory-buffer,run,1566,11698101,0,593210,2966050,2054770,1000000,3622174050,read,128423
measured,probe-memory-buffer,run,1567,11698701,1,593210,2966050,2055361,1000000,3622174050,read,128460
measured,probe-memory-buffer,run,1568,11699301,0,593210,2966050,2055867,1000000,3622174050,read,128491
measured,probe-memory-buffer,run,1569,11700001,1,593210,2966050,2056457,1000000,3622174050,read,128528
measured,probe-memory-buffer,run,1570,11700601,0,593210,2966050,2056963,1000000,3622174050,read,128560
measured,probe-memory-buffer,run,1571,11701301,1,593210,2966050,2057469,1000000,3622174050,read,128591
measured,probe-memory-buffer,run,1572,11701901,0,593210,2966050,2058059,1000000,3622174050,read,128628
measured,probe-memory-buffer,run,1573,11702501,1,593210,2966050,2058565,1000000,3622174050,read,128660
measured,probe-memory-buffer,run,1574,11703201,0,593210,2966050,2059071,1000000,3622174050,read,128691
measured,probe-memory-buffer,run,1575,11703801,1,593210,2966050,2059577,1000000,3622174050,read,128723
measured,probe-memory-buffer,run,1576,11704401,0,593210,2966050,2060168,1000000,3622174050,read,128760
measured,probe-memory-buffer,run,1577,11705001,1,593210,2966050,2060674,1000000,3622174050,read,128792
measured,probe-memory-buffer,run,1578,11705601,0,593210,2966050,2061180,1000000,3622174050,read,128823
measured,probe-memory-buffer,run,1579,11706301,1,593210,2966050,2061686,1000000,3622174050,read,128855
measured,probe-memory-buffer,run,1580,11706901,0,593210,2966050,2062276,1000000,3622174050,read,128892
measured,probe-memory-buffer,run,1581,11707501,1,593210,2966050,2062698,1000000,3622174050,read,128918
measured,probe-memory-buffer,run,1582,11708101,0,593210,2966050,2063288,1000000,3622174050,read,128955
measured,probe-memory-buffer,run,1583,11708701,1,593210,2966050,2063794,1000000,3622174050,read,128987
measured,probe-memory-buffer,run,1584,11709401,0,593210,2966050,2064300,1000000,3622174050,read,129018
measured,probe-memory-buffer,run,1585,11710001,1,593210,2966050,2064806,1000000,3622174050,read,129050
measured,probe-memory-buffer,run,1586,11710601,0,593210,2966050,2065396,1000000,3622174050,read,129087
measured,probe-memory-buffer,run,1587,11711201,1,593210,2966050,2065903,1000000,3622174050,read,129118
measured,probe-memory-buffer,run,1588,11711901,0,593210,2966050,2066409,1000000,3622174050,read,129150
measured,probe-memory-buffer,run,1589,11712401,1,593210,2966050,2066915,1000000,3622174050,read,129182
measured,probe-memory-buffer,run,1590,11713101,0,593210,2966050,2067505,1000000,3622174050,read,129219
measured,probe-memory-buffer,run,1591,11713701,1,593210,2966050,2068011,1000000,3622174050,read,129250
measured,probe-memory-buffer,run,1592,11714301,0,593210,2966050,2068517,1000000,3622174050,read,129282
measured,probe-memory-buffer,run,1593,11714901,1,593210,2966050,2069023,1000000,3622174050,read,129313
measured,probe-memory-buffer,run,1594,11717101,0,593210,2966050,2070710,1000000,2607913608,update,0
measured,probe-memory-buffer,run,1595,11743901,0,593210,2966050,2087043,1000000,2607913608,read,130440
measured,probe-memory-buffer,run,1596,11746501,1,593210,2966050,2088561,1000000,2607913608,read,130535
measured,probe-memory-buffer,run,1597,11747701,0,593210,2966050,2089290,1000000,2607913608,read,130580
measured,probe-memory-buffer,run,1598,11748301,1,593210,2966050,2089715,1000000,2607913608,read,130607
measured,probe-memory-buffer,run,1599,11749001,0,593210,2966050,2090140,1000000,2607913608,read,130633
measured,probe-memory-buffer,run,1600,11749601,1,593210,2966050,2090504,1000000,2607913608,read,130656
measured,probe-memory-buffer,run,1601,11751801,0,593210,2966050,2091840,1000000,2607913608,read,130740
measured,probe-memory-buffer,run,1602,11752501,1,593210,2966050,2092204,1000000,2607913608,read,130762
measured,probe-memory-buffer,run,1603,11753101,0,593210,2966050,2092629,1000000,2607913608,read,130789
measured,probe-memory-buffer,run,1604,11753801,1,593210,2966050,2093055,1000000,2607913608,read,130815
measured,probe-memory-buffer,run,1605,11754401,0,593210,2966050,2093419,1000000,2607913608,read,130838
measured,probe-memory-buffer,run,1606,11755101,1,593210,2966050,2093783,1000000,2607913608,read,130861
measured,probe-memory-buffer,run,1607,11755701,0,593210,2966050,2094208,1000000,2607913608,read,130888
measured,probe-memory-buffer,run,1608,11756401,1,593210,2966050,2094573,1000000,2607913608,read,130910
measured,probe-memory-buffer,run,1609,11757001,0,593210,2966050,2094998,1000000,2607913608,read,130937
measured,probe-memory-buffer,run,1610,11757601,1,593210,2966050,2095362,1000000,2607913608,read,130960
measured,probe-memory-buffer,run,1611,11758301,0,593210,2966050,2095726,1000000,2607913608,read,130982
measured,probe-memory-buffer,run,1612,11758901,1,593210,2966050,2096151,1000000,2607913608,read,131009
measured,probe-memory-buffer,run,1613,11759501,0,593210,2966050,2096516,1000000,2607913608,read,131032
measured,probe-memory-buffer,run,1614,11760201,1,593210,2966050,2096880,1000000,2607913608,read,131055
measured,probe-memory-buffer,run,1615,11760801,0,593210,2966050,2097305,1000000,2607913608,read,131081
measured,probe-memory-buffer,run,1616,11761501,1,593210,2966050,2097669,1000000,2607913608,read,131104
measured,probe-memory-buffer,run,1617,11762101,0,593210,2966050,2098094,1000000,2607913608,read,131130
measured,probe-memory-buffer,run,1618,11762701,1,593210,2966050,2098459,1000000,2607913608,read,131153
measured,probe-memory-buffer,run,1619,11764401,0,593210,2966050,2099430,1000000,2607913608,read,131214
measured,probe-memory-buffer,run,1620,11765001,1,593210,2966050,2099855,1000000,2607913608,read,131240
measured,probe-memory-buffer,run,1621,11765701,0,593210,2966050,2100220,1000000,2607913608,read,131263
measured,probe-memory-buffer,run,1622,11766301,1,593210,2966050,2100584,1000000,2607913608,read,131286
measured,probe-memory-buffer,run,1623,11766901,0,593210,2966050,2101009,1000000,2607913608,read,131313
measured,probe-memory-buffer,run,1624,11767601,1,593210,2966050,2101373,1000000,2607913608,read,131335
measured,probe-memory-buffer,run,1625,11768201,0,593210,2966050,2101798,1000000,2607913608,read,131362
measured,probe-memory-buffer,run,1626,11768901,1,593210,2966050,2102163,1000000,2607913608,read,131385
measured,probe-memory-buffer,run,1627,11769501,0,593210,2966050,2102588,1000000,2607913608,read,131411
measured,probe-memory-buffer,run,1628,11770201,1,593210,2966050,2102952,1000000,2607913608,read,131434
measured,probe-memory-buffer,run,1629,11770801,0,593210,2966050,2103377,1000000,2607913608,read,131461
measured,probe-memory-buffer,run,1630,11771401,1,593210,2966050,2103681,1000000,2607913608,read,131480
measured,probe-memory-buffer,run,1631,11772001,0,593210,2966050,2104106,1000000,2607913608,read,131506
measured,probe-memory-buffer,run,1632,11772601,1,593210,2966050,2104470,1000000,2607913608,read,131529
measured,probe-memory-buffer,run,1633,11773301,0,593210,2966050,2104834,1000000,2607913608,read,131552
measured,probe-memory-buffer,run,1634,11773901,1,593210,2966050,2105199,1000000,2607913608,read,131574
measured,probe-memory-buffer,run,1635,11774501,0,593210,2966050,2105624,1000000,2607913608,read,131601
measured,probe-memory-buffer,run,1636,11775101,1,593210,2966050,2105988,1000000,2607913608,read,131624
measured,probe-memory-buffer,run,1637,11775701,0,593210,2966050,2106352,1000000,2607913608,read,131647
measured,probe-memory-buffer,run,1638,11776401,1,593210,2966050,2106717,1000000,2607913608,read,131669
measured,probe-memory-buffer,run,1639,11777001,0,593210,2966050,2107081,1000000,2607913608,read,131692
measured,probe-memory-buffer,run,1640,11777601,1,593210,2966050,2107445,1000000,2607913608,read,131715
measured,probe-memory-buffer,run,1641,11778201,0,593210,2966050,2107870,1000000,2607913608,read,131741
measured,probe-memory-buffer,run,1642,11778801,1,593210,2966050,2108235,1000000,2607913608,read,131764
measured,probe-memory-buffer,run,1643,11779501,0,593210,2966050,2108599,1000000,2607913608,read,131787
measured,probe-memory-buffer,run,1644,11780101,1,593210,2966050,2108963,1000000,2607913608,read,131810
measured,probe-memory-buffer,run,1645,11780701,0,593210,2966050,2109328,1000000,2607913608,read,131833
measured,probe-memory-buffer,run,1646,11781301,1,593210,2966050,2109753,1000000,2607913608,read,131859
measured,probe-memory-buffer,run,1647,11782001,0,593210,2966050,2110117,1000000,2607913608,read,131882
measured,probe-memory-buffer,run,1648,11782601,1,593210,2966050,2110542,1000000,2607913608,read,131908
measured,probe-memory-buffer,run,1649,11783301,0,593210,2966050,2110906,1000000,2607913608,read,131931
measured,probe-memory-buffer,run,1650,11783901,1,593210,2966050,2111331,1000000,2607913608,read,131958
measured,probe-memory-buffer,run,1651,11784601,0,593210,2966050,2111696,1000000,2607913608,read,131981
measured,probe-memory-buffer,run,1652,11785201,1,593210,2966050,2112121,1000000,2607913608,read,132007
measured,probe-memory-buffer,run,1653,11785801,0,593210,2966050,2112485,1000000,2607913608,read,132030
measured,probe-memory-buffer,run,1654,11786501,1,593210,2966050,2112849,1000000,2607913608,read,132053
measured,probe-memory-buffer,run,1655,11787101,0,593210,2966050,2113274,1000000,2607913608,read,132079
measured,probe-memory-buffer,run,1656,11787801,1,593210,2966050,2113639,1000000,2607913608,read,132102
measured,probe-memory-buffer,run,1657,11788401,0,593210,2966050,2114064,1000000,2607913608,read,132129
measured,probe-memory-buffer,run,1658,11789001,1,593210,2966050,2114428,1000000,2607913608,read,132151
measured,probe-memory-buffer,run,1659,11789701,0,593210,2966050,2114792,1000000,2607913608,read,132174
measured,probe-memory-buffer,run,1660,11790301,1,593210,2966050,2115157,1000000,2607913608,read,132197
measured,probe-memory-buffer,run,1661,11790901,0,593210,2966050,2115582,1000000,2607913608,read,132223
measured,probe-memory-buffer,run,1662,11792501,1,593210,2966050,2116553,1000000,2607913608,read,132284
measured,probe-memory-buffer,run,1663,11793101,0,593210,2966050,2116918,1000000,2607913608,read,132307
measured,probe-memory-buffer,run,1664,11793801,1,593210,2966050,2117282,1000000,2607913608,read,132330
measured,probe-memory-buffer,run,1665,11794501,0,593210,2966050,2117707,1000000,2607913608,read,132356
measured,probe-memory-buffer,run,1666,11795101,1,593210,2966050,2118071,1000000,2607913608,read,132379
measured,probe-memory-buffer,run,1667,11795701,0,593210,2966050,2118496,1000000,2607913608,read,132406
measured,probe-memory-buffer,run,1668,11796401,1,593210,2966050,2118861,1000000,2607913608,read,132428
measured,probe-memory-buffer,run,1669,11797001,0,593210,2966050,2119286,1000000,2607913608,read,132455
measured,probe-memory-buffer,run,1670,11797601,1,593210,2966050,2119650,1000000,2607913608,read,132478
measured,probe-memory-buffer,run,1671,11798201,0,593210,2966050,2120014,1000000,2607913608,read,132500
measured,probe-memory-buffer,run,1672,11798901,1,593210,2966050,2120379,1000000,2607913608,read,132523
measured,probe-memory-buffer,run,1673,11799501,0,593210,2966050,2120743,1000000,2607913608,read,132546
measured,probe-memory-buffer,run,1674,11800101,1,593210,2966050,2121107,1000000,2607913608,read,132569
measured,probe-memory-buffer,run,1675,11800701,0,593210,2966050,2121472,1000000,2607913608,read,132592
measured,probe-memory-buffer,run,1676,11804101,1,593210,2966050,2123536,1000000,2607913608,read,132721
measured,probe-memory-buffer,run,1677,11804701,0,593210,2966050,2123961,1000000,2607913608,read,132747
measured,probe-memory-buffer,run,1678,11805401,1,593210,2966050,2124325,1000000,2607913608,read,132770
measured,probe-memory-buffer,run,1679,11806001,0,593210,2966050,2124750,1000000,2607913608,read,132796
measured,probe-memory-buffer,run,1680,11806601,1,593210,2966050,2125054,1000000,2607913608,read,132815
measured,probe-memory-buffer,run,1681,11807201,0,593210,2966050,2125479,1000000,2607913608,read,132842
measured,probe-memory-buffer,run,1682,11807901,1,593210,2966050,2125843,1000000,2607913608,read,132865
measured,probe-memory-buffer,run,1683,11808501,0,593210,2966050,2126269,1000000,2607913608,read,132891
measured,probe-memory-buffer,run,1684,11809201,1,593210,2966050,2126633,1000000,2607913608,read,132914
measured,probe-memory-buffer,run,1685,11809801,0,593210,2966050,2127058,1000000,2607913608,read,132941
measured,probe-memory-buffer,run,1686,11810501,1,593210,2966050,2127422,1000000,2607913608,read,132963
measured,probe-memory-buffer,run,1687,11811101,0,593210,2966050,2127847,1000000,2607913608,read,132990
measured,probe-memory-buffer,run,1688,11811801,1,593210,2966050,2128212,1000000,2607913608,read,133013
measured,probe-memory-buffer,run,1689,11812401,0,593210,2966050,2128637,1000000,2607913608,read,133039
measured,probe-memory-buffer,run,1690,11813101,1,593210,2966050,2129001,1000000,2607913608,read,133062
measured,probe-memory-buffer,run,1691,11813701,0,593210,2966050,2129426,1000000,2607913608,read,133089
measured,probe-memory-buffer,run,1692,11814301,1,593210,2966050,2129790,1000000,2607913608,read,133111
measured,probe-memory-buffer,run,1693,11815001,0,593210,2966050,2130215,1000000,2607913608,read,133138
measured,probe-memory-buffer,run,1694,11815601,1,593210,2966050,2130580,1000000,2607913608,read,133161
measured,probe-memory-buffer,run,1695,11816201,0,593210,2966050,2130944,1000000,2607913608,read,133184
measured,probe-memory-buffer,run,1696,11816901,1,593210,2966050,2131308,1000000,2607913608,read,133206
measured,probe-memory-buffer,run,1697,11817501,0,593210,2966050,2131733,1000000,2607913608,read,133233
measured,probe-memory-buffer,run,1698,11818201,1,593210,2966050,2132098,1000000,2607913608,read,133256
measured,probe-memory-buffer,run,1699,11818801,0,593210,2966050,2132523,1000000,2607913608,read,133282
measured,probe-memory-buffer,run,1700,11819501,1,593210,2966050,2132887,1000000,2607913608,read,133305
measured,probe-memory-buffer,run,1701,11820101,0,593210,2966050,2133251,1000000,2607913608,read,133328
measured,probe-memory-buffer,run,1702,11820701,1,593210,2966050,2133676,1000000,2607913608,read,133354
measured,probe-memory-buffer,run,1703,11821301,0,593210,2966050,2134041,1000000,2607913608,read,133377
measured,probe-memory-buffer,run,1704,11821901,1,593210,2966050,2134405,1000000,2607913608,read,133400
measured,probe-memory-buffer,run,1705,11822601,0,593210,2966050,2134830,1000000,2607913608,read,133426
measured,probe-memory-buffer,run,1706,11823201,1,593210,2966050,2135194,1000000,2607913608,read,133449
measured,probe-memory-buffer,run,1707,11823901,0,593210,2966050,2135559,1000000,2607913608,read,133472
measured,probe-memory-buffer,run,1708,11824501,1,593210,2966050,2135984,1000000,2607913608,read,133499
measured,probe-memory-buffer,run,1709,11825201,0,593210,2966050,2136348,1000000,2607913608,read,133521
measured,probe-memory-buffer,run,1710,11825801,1,593210,2966050,2136773,1000000,2607913608,read,133548
measured,probe-memory-buffer,run,1711,11826501,0,593210,2966050,2137137,1000000,2607913608,read,133571
measured,probe-memory-buffer,run,1712,11827101,1,593210,2966050,2137502,1000000,2607913608,read,133593
measured,probe-memory-buffer,run,1713,11827801,0,593210,2966050,2137927,1000000,2607913608,read,133620
measured,probe-memory-buffer,run,1714,11828401,1,593210,2966050,2138352,1000000,2607913608,read,133647
measured,probe-memory-buffer,run,1715,11829101,0,593210,2966050,2138716,1000000,2607913608,read,133669
measured,probe-memory-buffer,run,1716,11829701,1,593210,2966050,2139141,1000000,2607913608,read,133696
measured,probe-memory-buffer,run,1717,11830401,0,593210,2966050,2139506,1000000,2607913608,read,133719
measured,probe-memory-buffer,run,1718,11831001,1,593210,2966050,2139870,1000000,2607913608,read,133741
measured,probe-memory-buffer,run,1719,11831701,0,593210,2966050,2140295,1000000,2607913608,read,133768
measured,probe-memory-buffer,run,1720,11832301,1,593210,2966050,2140659,1000000,2607913608,read,133791
measured,probe-memory-buffer,run,1721,11832901,0,593210,2966050,2141084,1000000,2607913608,read,133817
measured,probe-memory-buffer,run,1722,11833501,1,593210,2966050,2141449,1000000,2607913608,read,133840
measured,probe-memory-buffer,run,1723,11834101,0,593210,2966050,2141813,1000000,2607913608,read,133863
measured,probe-memory-buffer,run,1724,11834801,1,593210,2966050,2142177,1000000,2607913608,read,133886
measured,probe-memory-buffer,run,1725,11835401,0,593210,2966050,2142602,1000000,2607913608,read,133912
measured,probe-memory-buffer,run,1726,11836101,1,593210,2966050,2142967,1000000,2607913608,read,133935
measured,probe-memory-buffer,run,1727,11836701,0,593210,2966050,2143392,1000000,2607913608,read,133962
measured,probe-memory-buffer,run,1728,11837301,1,593210,2966050,2143756,1000000,2607913608,read,133984
measured,probe-memory-buffer,run,1729,11838001,0,593210,2966050,2144120,1000000,2607913608,read,134007
measured,probe-memory-buffer,run,1730,11838601,1,593210,2966050,2144545,1000000,2607913608,read,134034
measured,probe-memory-buffer,run,1731,11839301,0,593210,2966050,2144970,1000000,2607913608,read,134060
measured,probe-memory-buffer,run,1732,11841901,0,658745,3293725,2293725,1000000,3159868795,update,0
measured,probe-memory-buffer,run,1733,11921301,1,658745,3293725,2352140,1000000,3159868795,read,147008
measured,probe-memory-buffer,run,1734,11924101,0,658745,3293725,2354200,1000000,3159868795,read,147137
measured,probe-memory-buffer,run,1735,11925301,1,658745,3293725,2355157,1000000,3159868795,read,147197
measured,probe-memory-buffer,run,1736,11926001,0,658745,3293725,2355672,1000000,3159868795,read,147229
measured,probe-memory-buffer,run,1737,11926601,1,658745,3293725,2356113,1000000,3159868795,read,147257
measured,probe-memory-buffer,run,1738,11927301,0,658745,3293725,2356554,1000000,3159868795,read,147284
measured,probe-memory-buffer,run,1739,11927901,1,658745,3293725,2357069,1000000,3159868795,read,147316
measured,probe-memory-buffer,run,1740,11928601,0,658745,3293725,2357511,1000000,3159868795,read,147344
measured,probe-memory-buffer,run,1741,11929201,1,658745,3293725,2358026,1000000,3159868795,read,147376
measured,probe-memory-buffer,run,1742,11929901,0,658745,3293725,2358467,1000000,3159868795,read,147404
measured,probe-memory-buffer,run,1743,11930501,1,658745,3293725,2358982,1000000,3159868795,read,147436
measured,probe-memory-buffer,run,1744,11931201,0,658745,3293725,2359424,1000000,3159868795,read,147464
measured,probe-memory-buffer,run,1745,11931801,1,658745,3293725,2359939,1000000,3159868795,read,147496
measured,probe-memory-buffer,run,1746,11932501,0,658745,3293725,2360380,1000000,3159868795,read,147523
measured,probe-memory-buffer,run,1747,11933101,1,658745,3293725,2360822,1000000,3159868795,read,147551
measured,probe-memory-buffer,run,1748,11933701,0,658745,3293725,2361337,1000000,3159868795,read,147583
measured,probe-memory-buffer,run,1749,11934401,1,658745,3293725,2361778,1000000,3159868795,read,147611
measured,probe-memory-buffer,run,1750,11935001,0,658745,3293725,2362293,1000000,3159868795,read,147643
measured,probe-memory-buffer,run,1751,11935601,1,658745,3293725,2362734,1000000,3159868795,read,147670
measured,probe-memory-buffer,run,1752,11936301,0,658745,3293725,2363176,1000000,3159868795,read,147698
measured,probe-memory-buffer,run,1753,11936901,1,658745,3293725,2363691,1000000,3159868795,read,147730
measured,probe-memory-buffer,run,1754,11937601,0,658745,3293725,2364132,1000000,3159868795,read,147758
measured,probe-memory-buffer,run,1755,11938201,1,658745,3293725,2364647,1000000,3159868795,read,147790
measured,probe-memory-buffer,run,1756,11938901,0,658745,3293725,2365089,1000000,3159868795,read,147818
measured,probe-memory-buffer,run,1757,11939501,1,658745,3293725,2365530,1000000,3159868795,read,147845
measured,probe-memory-buffer,run,1758,11940101,0,658745,3293725,2366045,1000000,3159868795,read,147877
measured,probe-memory-buffer,run,1759,11940701,1,658745,3293725,2366487,1000000,3159868795,read,147905
measured,probe-memory-buffer,run,1760,11941401,0,658745,3293725,2366928,1000000,3159868795,read,147933
measured,probe-memory-buffer,run,1761,11942001,1,658745,3293725,2367369,1000000,3159868795,read,147960
measured,probe-memory-buffer,run,1762,11942601,0,658745,3293725,2367884,1000000,3159868795,read,147992
measured,probe-memory-buffer,run,1763,11943301,1,658745,3293725,2368326,1000000,3159868795,read,148020
measured,probe-memory-buffer,run,1764,11943901,0,658745,3293725,2368841,1000000,3159868795,read,148052
measured,probe-memory-buffer,run,1765,11944601,1,658745,3293725,2369282,1000000,3159868795,read,148080
measured,probe-memory-buffer,run,1766,11945201,0,658745,3293725,2369797,1000000,3159868795,read,148112
measured,probe-memory-buffer,run,1767,11945801,1,658745,3293725,2370239,1000000,3159868795,read,148139
measured,probe-memory-buffer,run,1768,11946501,0,658745,3293725,2370680,1000000,3159868795,read,148167
measured,probe-memory-buffer,run,1769,11947101,1,658745,3293725,2371195,1000000,3159868795,read,148199
measured,probe-memory-buffer,run,1770,11947701,0,658745,3293725,2371637,1000000,3159868795,read,148227
measured,probe-memory-buffer,run,1771,11948401,1,658745,3293725,2372078,1000000,3159868795,read,148254
measured,probe-memory-buffer,run,1772,11949001,0,658745,3293725,2372593,1000000,3159868795,read,148287
measured,probe-memory-buffer,run,1773,11949701,1,658745,3293725,2373034,1000000,3159868795,read,148314
measured,probe-memory-buffer,run,1774,11950301,0,658745,3293725,2373549,1000000,3159868795,read,148346
measured,probe-memory-buffer,run,1775,11950901,1,658745,3293725,2373991,1000000,3159868795,read,148374
measured,probe-memory-buffer,run,1776,11951601,0,658745,3293725,2374432,1000000,3159868795,read,148402
measured,probe-memory-buffer,run,1777,11952201,1,658745,3293725,2374947,1000000,3159868795,read,148434
measured,probe-memory-buffer,run,1778,11952901,0,658745,3293725,2375389,1000000,3159868795,read,148461
measured,probe-memory-buffer,run,1779,11953501,1,658745,3293725,2375830,1000000,3159868795,read,148489
measured,probe-memory-buffer,run,1780,11954101,0,658745,3293725,2376345,1000000,3159868795,read,148521
measured,probe-memory-buffer,run,1781,11954801,1,658745,3293725,2376787,1000000,3159868795,read,148549
measured,probe-memory-buffer,run,1782,11955401,0,658745,3293725,2377302,1000000,3159868795,read,148581
measured,probe-memory-buffer,run,1783,11956101,1,658745,3293725,2377743,1000000,3159868795,read,148608
measured,probe-memory-buffer,run,1784,11956701,0,658745,3293725,2378258,1000000,3159868795,read,148641
measured,probe-memory-buffer,run,1785,11957401,1,658745,3293725,2378699,1000000,3159868795,read,148668
measured,probe-memory-buffer,run,1786,11958001,0,658745,3293725,2379214,1000000,3159868795,read,148700
measured,probe-memory-buffer,run,1787,11958601,1,658745,3293725,2379656,1000000,3159868795,read,148728
measured,probe-memory-buffer,run,1788,11959301,0,658745,3293725,2380097,1000000,3159868795,read,148756
measured,probe-memory-buffer,run,1789,11960901,1,658745,3293725,2381348,1000000,3159868795,read,148834
measured,probe-memory-buffer,run,1790,11961601,0,658745,3293725,2381863,1000000,3159868795,read,148866
measured,probe-memory-buffer,run,1791,11962201,1,658745,3293725,2382304,1000000,3159868795,read,148894
measured,probe-memory-buffer,run,1792,11962901,0,658745,3293725,2382819,1000000,3159868795,read,148926
measured,probe-memory-buffer,run,1793,11963501,1,658745,3293725,2383261,1000000,3159868795,read,148953
measured,probe-memory-buffer,run,1794,11964201,0,658745,3293725,2383702,1000000,3159868795,read,148981
measured,probe-memory-buffer,run,1795,11964801,1,658745,3293725,2384144,1000000,3159868795,read,149009
measured,probe-memory-buffer,run,1796,11965401,0,658745,3293725,2384659,1000000,3159868795,read,149041
measured,probe-memory-buffer,run,1797,11966001,1,658745,3293725,2385100,1000000,3159868795,read,149068
measured,probe-memory-buffer,run,1798,11966701,0,658745,3293725,2385542,1000000,3159868795,read,149096
measured,probe-memory-buffer,run,1799,11967301,1,658745,3293725,2386057,1000000,3159868795,read,149128
measured,probe-memory-buffer,run,1800,11969801,0,724280,3621400,2621400,1000000,3454380838,update,0
measured,probe-memory-buffer,run,1801,12002401,0,724280,3621400,2647780,1000000,3454380838,read,165486
measured,probe-memory-buffer,run,1802,12005101,1,724280,3621400,2649952,1000000,3454380838,read,165622
measured,probe-memory-buffer,run,1803,12006401,0,724280,3621400,2650997,1000000,3454380838,read,165687
measured,probe-memory-buffer,run,1804,12007101,1,724280,3621400,2651560,1000000,3454380838,read,165722
measured,probe-memory-buffer,run,1805,12007801,0,724280,3621400,2652123,1000000,3454380838,read,165757
measured,probe-memory-buffer,run,1806,12009501,1,724280,3621400,2653490,1000000,3454380838,read,165843
measured,probe-memory-buffer,run,1807,12010201,0,724280,3621400,2654053,1000000,3454380838,read,165878
measured,probe-memory-buffer,run,1808,12010901,1,724280,3621400,2654536,1000000,3454380838,read,165908
measured,probe-memory-buffer,run,1809,12011601,0,724280,3621400,2655099,1000000,3454380838,read,165943
measured,probe-memory-buffer,run,1810,12012201,1,724280,3621400,2655662,1000000,3454380838,read,165978
measured,probe-memory-buffer,run,1811,12012801,0,724280,3621400,2656145,1000000,3454380838,read,166009
measured,probe-memory-buffer,run,1812,12013501,1,724280,3621400,2656627,1000000,3454380838,read,166039
measured,probe-memory-buffer,run,1813,12014101,0,724280,3621400,2657110,1000000,3454380838,read,166069
measured,probe-memory-buffer,run,1814,12014701,1,724280,3621400,2657673,1000000,3454380838,read,166104
measured,probe-memory-buffer,run,1815,12015401,0,724280,3621400,2658155,1000000,3454380838,read,166134
measured,probe-memory-buffer,run,1816,12016001,1,724280,3621400,2658718,1000000,3454380838,read,166169
measured,probe-memory-buffer,run,1817,12016701,0,724280,3621400,2659201,1000000,3454380838,read,166200
measured,probe-memory-buffer,run,1818,12017301,1,724280,3621400,2659683,1000000,3454380838,read,166230
measured,probe-memory-buffer,run,1819,12017901,0,724280,3621400,2660246,1000000,3454380838,read,166265
measured,probe-memory-buffer,run,1820,12018501,1,724280,3621400,2660729,1000000,3454380838,read,166295
measured,probe-memory-buffer,run,1821,12019101,0,724280,3621400,2661212,1000000,3454380838,read,166325
measured,probe-memory-buffer,run,1822,12019701,1,724280,3621400,2661694,1000000,3454380838,read,166355
measured,probe-memory-buffer,run,1823,12020401,0,724280,3621400,2662177,1000000,3454380838,read,166386
measured,probe-memory-buffer,run,1824,12021001,1,724280,3621400,2662659,1000000,3454380838,read,166416
measured,probe-memory-buffer,run,1825,12021601,0,724280,3621400,2663222,1000000,3454380838,read,166451
measured,probe-memory-buffer,run,1826,12022201,1,724280,3621400,2663705,1000000,3454380838,read,166481
measured,probe-memory-buffer,run,1827,12022901,0,724280,3621400,2664187,1000000,3454380838,read,166511
measured,probe-memory-buffer,run,1828,12023501,1,724280,3621400,2664670,1000000,3454380838,read,166541
measured,probe-memory-buffer,run,1829,12024101,0,724280,3621400,2665233,1000000,3454380838,read,166577
measured,probe-memory-buffer,run,1830,12024701,1,724280,3621400,2665716,1000000,3454380838,read,166607
measured,probe-memory-buffer,run,1831,12025401,0,724280,3621400,2666198,1000000,3454380838,read,166637
measured,probe-memory-buffer,run,1832,12026001,1,724280,3621400,2666681,1000000,3454380838,read,166667
measured,probe-memory-buffer,run,1833,12026601,0,724280,3621400,2667163,1000000,3454380838,read,166697
measured,probe-memory-buffer,run,1834,12027201,1,724280,3621400,2667726,1000000,3454380838,read,166732
measured,probe-memory-buffer,run,1835,12027901,0,724280,3621400,2668209,1000000,3454380838,read,166763
measured,probe-memory-buffer,run,1836,12028501,1,724280,3621400,2668691,1000000,3454380838,read,166793
measured,probe-memory-buffer,run,1837,12029101,0,724280,3621400,2669174,1000000,3454380838,read,166823
measured,probe-memory-buffer,run,1838,12029701,1,724280,3621400,2669657,1000000,3454380838,read,166853
measured,probe-memory-buffer,run,1839,12030301,0,724280,3621400,2670220,1000000,3454380838,read,166888
measured,probe-memory-buffer,run,1840,12030901,1,724280,3621400,2670702,1000000,3454380838,read,166918
measured,probe-memory-buffer,run,1841,12031501,0,724280,3621400,2671185,1000000,3454380838,read,166949
measured,probe-memory-buffer,run,1842,12032101,1,724280,3621400,2671667,1000000,3454380838,read,166979
measured,probe-memory-buffer,run,1843,12032801,0,724280,3621400,2672150,1000000,3454380838,read,167009
measured,probe-memory-buffer,run,1844,12033401,1,724280,3621400,2672632,1000000,3454380838,read,167039
measured,probe-memory-buffer,run,1845,12034001,0,724280,3621400,2673195,1000000,3454380838,read,167074
measured,probe-memory-buffer,run,1846,12037501,1,724280,3621400,2676010,1000000,3454380838,read,167250
measured,probe-memory-buffer,run,1847,12038201,0,724280,3621400,2676573,1000000,3454380838,read,167285
measured,probe-memory-buffer,run,1848,12038901,1,724280,3621400,2677056,1000000,3454380838,read,167316
measured,probe-memory-buffer,run,1849,12039501,0,724280,3621400,2677619,1000000,3454380838,read,167351
measured,probe-memory-buffer,run,1850,12040201,1,724280,3621400,2678102,1000000,3454380838,read,167381
measured,probe-memory-buffer,run,1851,12040801,0,724280,3621400,2678665,1000000,3454380838,read,167416
measured,probe-memory-buffer,run,1852,12041501,1,724280,3621400,2679147,1000000,3454380838,read,167446
measured,probe-memory-buffer,run,1853,12042101,0,724280,3621400,2679710,1000000,3454380838,read,167481
measured,probe-memory-buffer,run,1854,12042701,1,724280,3621400,2680193,1000000,3454380838,read,167512
measured,probe-memory-buffer,run,1855,12043401,0,724280,3621400,2680675,1000000,3454380838,read,167542
measured,probe-memory-buffer,run,1856,12044001,1,724280,3621400,2681238,1000000,3454380838,read,167577
measured,probe-memory-buffer,run,1857,12044701,0,724280,3621400,2681721,1000000,3454380838,read,167607
measured,probe-memory-buffer,run,1858,12045301,1,724280,3621400,2682284,1000000,3454380838,read,167642
measured,probe-memory-buffer,run,1859,12045901,0,724280,3621400,2682766,1000000,3454380838,read,167672
measured,probe-memory-buffer,run,1860,12046601,1,724280,3621400,2683249,1000000,3454380838,read,167703
measured,probe-memory-buffer,run,1861,12047201,0,724280,3621400,2683812,1000000,3454380838,read,167738
measured,probe-memory-buffer,run,1862,12047901,1,724280,3621400,2684295,1000000,3454380838,read,167768
measured,probe-memory-buffer,run,1863,12048501,0,724280,3621400,2684858,1000000,3454380838,read,167803
measured,probe-memory-buffer,run,1864,12049201,1,724280,3621400,2685340,1000000,3454380838,read,167833
measured,probe-memory-buffer,run,1865,12049801,0,724280,3621400,2685903,1000000,3454380838,read,167868
measured,probe-memory-buffer,run,1866,12050501,1,724280,3621400,2686466,1000000,3454380838,read,167904
measured,probe-memory-buffer,run,1867,12051101,0,724280,3621400,2686949,1000000,3454380838,read,167934
measured,probe-memory-buffer,run,1868,12051801,1,724280,3621400,2687431,1000000,3454380838,read,167964
measured,probe-memory-buffer,run,1869,12052401,0,724280,3621400,2687994,1000000,3454380838,read,167999
measured,probe-memory-buffer,run,1870,12053101,1,724280,3621400,2688477,1000000,3454380838,read,168029
measured,probe-memory-buffer,run,1871,12053701,0,724280,3621400,2689040,1000000,3454380838,read,168065
measured,probe-memory-buffer,run,1872,12054401,1,724280,3621400,2689522,1000000,3454380838,read,168095
measured,probe-memory-buffer,run,1873,12055001,0,724280,3621400,2690085,1000000,3454380838,read,168130
measured,probe-memory-buffer,run,1874,12055701,1,724280,3621400,2690568,1000000,3454380838,read,168160
measured,probe-memory-buffer,run,1875,12056301,0,724280,3621400,2691131,1000000,3454380838,read,168195
measured,probe-memory-buffer,run,1876,12057001,1,724280,3621400,2691614,1000000,3454380838,read,168225
measured,probe-memory-buffer,run,1877,12058901,0,724280,3621400,2693142,1000000,3454380838,read,168321
measured,probe-memory-buffer,run,1878,12059501,1,724280,3621400,2693624,1000000,3454380838,read,168351
measured,probe-memory-buffer,run,1879,12060101,0,724280,3621400,2694187,1000000,3454380838,read,168386
measured,probe-memory-buffer,run,1880,12060801,1,724280,3621400,2694670,1000000,3454380838,read,168416
measured,probe-memory-buffer,run,1881,12061401,0,724280,3621400,2695233,1000000,3454380838,read,168452
measured,probe-memory-buffer,run,1882,12062001,1,724280,3621400,2695715,1000000,3454380838,read,168482
measured,probe-memory-buffer,run,1883,12062701,0,724280,3621400,2696198,1000000,3454380838,read,168512
measured,probe-memory-buffer,run,1884,12063301,1,724280,3621400,2696761,1000000,3454380838,read,168547
measured,probe-memory-buffer,run,1885,12063901,0,724280,3621400,2697244,1000000,3454380838,read,168577
measured,probe-memory-buffer,run,1886,12064501,1,724280,3621400,2697726,1000000,3454380838,read,168607
measured,probe-memory-buffer,run,1887,12065201,0,724280,3621400,2698209,1000000,3454380838,read,168638
measured,probe-memory-buffer,run,1888,12065801,1,724280,3621400,2698772,1000000,3454380838,read,168673
measured,probe-memory-buffer,run,1889,12066501,0,724280,3621400,2699254,1000000,3454380838,read,168703
measured,probe-memory-buffer,run,1890,12067101,1,724280,3621400,2699817,1000000,3454380838,read,168738
measured,probe-memory-buffer,run,1891,12067801,0,724280,3621400,2700300,1000000,3454380838,read,168768
measured,probe-memory-buffer,run,1892,12068401,1,724280,3621400,2700863,1000000,3454380838,read,168803
measured,probe-memory-buffer,run,1893,12069101,0,724280,3621400,2701345,1000000,3454380838,read,168834
measured,probe-memory-buffer,run,1894,12069701,1,724280,3621400,2701828,1000000,3454380838,read,168864
measured,probe-memory-buffer,run,1895,12070301,0,724280,3621400,2702391,1000000,3454380838,read,168899
measured,probe-memory-buffer,run,1896,12071001,1,724280,3621400,2702874,1000000,3454380838,read,168929
measured,probe-memory-buffer,run,1897,12071601,0,724280,3621400,2703437,1000000,3454380838,read,168964
measured,probe-memory-buffer,run,1898,12072301,1,724280,3621400,2703919,1000000,3454380838,read,168994
measured,probe-memory-buffer,run,1899,12072901,0,724280,3621400,2704482,1000000,3454380838,read,169030
measured,probe-memory-buffer,run,1900,12073601,1,724280,3621400,2704965,1000000,3454380838,read,169060
measured,probe-memory-buffer,run,1901,12074201,0,724280,3621400,2705528,1000000,3454380838,read,169095
measured,probe-memory-buffer,run,1902,12074801,1,724280,3621400,2706010,1000000,3454380838,read,169125
measured,probe-memory-buffer,run,1903,12078801,0,724280,3621400,2709147,1000000,3454380838,read,169321
measured,probe-memory-buffer,run,1904,12079501,1,724280,3621400,2709790,1000000,3454380838,read,169361
measured,probe-memory-buffer,run,1905,12080201,0,724280,3621400,2710273,1000000,3454380838,read,169392
measured,probe-memory-buffer,run,1906,12080801,1,724280,3621400,2710756,1000000,3454380838,read,169422
measured,probe-memory-buffer,run,1907,12081401,0,724280,3621400,2711319,1000000,3454380838,read,169457
measured,probe-memory-buffer,run,1908,12082001,1,724280,3621400,2711801,1000000,3454380838,read,169487
measured,probe-memory-buffer,run,1909,12082701,0,724280,3621400,2712284,1000000,3454380838,read,169517
measured,probe-memory-buffer,run,1910,12083301,1,724280,3621400,2712766,1000000,3454380838,read,169547
measured,probe-memory-buffer,run,1911,12083901,0,724280,3621400,2713329,1000000,3454380838,read,169583
measured,probe-memory-buffer,run,1912,12084501,1,724280,3621400,2713812,1000000,3454380838,read,169613
measured,probe-memory-buffer,run,1913,12085101,0,724280,3621400,2714294,1000000,3454380838,read,169643
measured,probe-memory-buffer,run,1914,12085701,1,724280,3621400,2714777,1000000,3454380838,read,169673
measured,probe-memory-buffer,run,1915,12086401,0,724280,3621400,2715260,1000000,3454380838,read,169703
measured,probe-memory-buffer,run,1916,12087001,1,724280,3621400,2715742,1000000,3454380838,read,169733
measured,probe-memory-buffer,run,1917,12087601,0,724280,3621400,2716305,1000000,3454380838,read,169769
measured,probe-memory-buffer,run,1918,12088201,1,724280,3621400,2716788,1000000,3454380838,read,169799
measured,probe-memory-buffer,run,1919,12088901,0,724280,3621400,2717270,1000000,3454380838,read,169829
measured,probe-memory-buffer,run,1920,12089501,1,724280,3621400,2717833,1000000,3454380838,read,169864
measured,probe-memory-buffer,run,1921,12090201,0,724280,3621400,2718316,1000000,3454380838,read,169894
measured,probe-memory-buffer,run,1922,12090801,1,724280,3621400,2718798,1000000,3454380838,read,169924
measured,probe-memory-buffer,run,1923,12091401,0,724280,3621400,2719361,1000000,3454380838,read,169960
measured,probe-memory-buffer,run,1924,12092001,1,724280,3621400,2719844,1000000,3454380838,read,169990
measured,probe-memory-buffer,run,1925,12094101,0,789815,3949075,2949075,1000000,3675264870,update,0
measured,probe-memory-buffer,run,1926,12121101,0,789815,3949075,2972350,1000000,3675264870,read,185771
measured,probe-memory-buffer,run,1927,12123601,1,789815,3949075,2974489,1000000,3675264870,read,185905
measured,probe-memory-buffer,run,1928,12124901,0,789815,3949075,2975516,1000000,3675264870,read,185969
measured,probe-memory-buffer,run,1929,12125501,1,789815,3949075,2976029,1000000,3675264870,read,186001
measured,probe-memory-buffer,run,1930,12126201,0,789815,3949075,2976628,1000000,3675264870,read,186039
measured,probe-memory-buffer,run,1931,12126801,1,789815,3949075,2977227,1000000,3675264870,read,186076
measured,probe-memory-buffer,run,1932,12127501,0,789815,3949075,2977826,1000000,3675264870,read,186114
measured,probe-memory-buffer,run,1933,12128101,1,789815,3949075,2978340,1000000,3675264870,read,186146
measured,probe-memory-buffer,run,1934,12128801,0,789815,3949075,2978853,1000000,3675264870,read,186178
measured,probe-memory-buffer,run,1935,12129401,1,789815,3949075,2979367,1000000,3675264870,read,186210
measured,probe-memory-buffer,run,1936,12130001,0,789815,3949075,2979966,1000000,3675264870,read,186247
measured,probe-memory-buffer,run,1937,12130601,1,789815,3949075,2980479,1000000,3675264870,read,186279
measured,probe-memory-buffer,run,1938,12131301,0,789815,3949075,2980993,1000000,3675264870,read,186312
measured,probe-memory-buffer,run,1939,12131901,1,789815,3949075,2981506,1000000,3675264870,read,186344
measured,probe-memory-buffer,run,1940,12132501,0,789815,3949075,2982105,1000000,3675264870,read,186381
measured,probe-memory-buffer,run,1941,12133101,1,789815,3949075,2982618,1000000,3675264870,read,186413
measured,probe-memory-buffer,run,1942,12133801,0,789815,3949075,2983132,1000000,3675264870,read,186445
measured,probe-memory-buffer,run,1943,12134401,1,789815,3949075,2983645,1000000,3675264870,read,186477
measured,probe-memory-buffer,run,1944,12135001,0,789815,3949075,2984244,1000000,3675264870,read,186515
measured,probe-memory-buffer,run,1945,12135601,1,789815,3949075,2984758,1000000,3675264870,read,186547
measured,probe-memory-buffer,run,1946,12136301,0,789815,3949075,2985271,1000000,3675264870,read,186579
measured,probe-memory-buffer,run,1947,12136901,1,789815,3949075,2985785,1000000,3675264870,read,186611
measured,probe-memory-buffer,run,1948,12137501,0,789815,3949075,2986384,1000000,3675264870,read,186649
measured,probe-memory-buffer,run,1949,12138101,1,789815,3949075,2986811,1000000,3675264870,read,186675
measured,probe-memory-buffer,run,1950,12138701,0,789815,3949075,2987410,1000000,3675264870,read,186713
measured,probe-memory-buffer,run,1951,12139301,1,789815,3949075,2987924,1000000,3675264870,read,186745
measured,probe-memory-buffer,run,1952,12140001,0,789815,3949075,2988523,1000000,3675264870,read,186782
measured,probe-memory-buffer,run,1953,12140601,1,789815,3949075,2989036,1000000,3675264870,read,186814
measured,probe-memory-buffer,run,1954,12141201,0,789815,3949075,2989550,1000000,3675264870,read,186846
measured,probe-memory-buffer,run,1955,12141801,1,789815,3949075,2990063,1000000,3675264870,read,186878
measured,probe-memory-buffer,run,1956,12142501,0,789815,3949075,2990577,1000000,3675264870,read,186911
measured,probe-memory-buffer,run,1957,12143101,1,789815,3949075,2991090,1000000,3675264870,read,186943
measured,probe-memory-buffer,run,1958,12143701,0,789815,3949075,2991689,1000000,3675264870,read,186980
measured,probe-memory-buffer,run,1959,12144401,1,789815,3949075,2992202,1000000,3675264870,read,187012
measured,probe-memory-buffer,run,1960,12146001,0,789815,3949075,2993572,1000000,3675264870,read,187098
measured,probe-memory-buffer,run,1961,12146701,1,789815,3949075,2994171,1000000,3675264870,read,187135
measured,probe-memory-buffer,run,1962,12147301,0,789815,3949075,2994770,1000000,3675264870,read,187173
measured,probe-memory-buffer,run,1963,12148401,1,789815,3949075,2995711,1000000,3675264870,read,187231
measured,probe-memory-buffer,run,1964,12149001,0,789815,3949075,2996224,1000000,3675264870,read,187264
measured,probe-memory-buffer,run,1965,12149701,1,789815,3949075,2996738,1000000,3675264870,read,187296
measured,probe-memory-buffer,run,1966,12150301,0,789815,3949075,2997337,1000000,3675264870,read,187333
measured,probe-memory-buffer,run,1967,12150901,1,789815,3949075,2997850,1000000,3675264870,read,187365
measured,probe-memory-buffer,run,1968,12151601,0,789815,3949075,2998364,1000000,3675264870,read,187397
measured,probe-memory-buffer,run,1969,12152201,1,789815,3949075,2998963,1000000,3675264870,read,187435
measured,probe-memory-buffer,run,1970,12152901,0,789815,3949075,2999476,1000000,3675264870,read,187467
measured,probe-memory-buffer,run,1971,12153501,1,789815,3949075,3000075,1000000,3675264870,read,187504
measured,probe-memory-buffer,run,1972,12154101,0,789815,3949075,3000588,1000000,3675264870,read,187536
measured,probe-memory-buffer,run,1973,12154701,1,789815,3949075,3001016,1000000,3675264870,read,187563
measured,probe-memory-buffer,run,1974,12155301,0,789815,3949075,3001530,1000000,3675264870,read,187595
measured,probe-memory-buffer,run,1975,12155901,1,789815,3949075,3002129,1000000,3675264870,read,187633
measured,probe-memory-buffer,run,1976,12156601,0,789815,3949075,3002642,1000000,3675264870,read,187665
measured,probe-memory-buffer,run,1977,12157201,1,789815,3949075,3003241,1000000,3675264870,read,187702
measured,probe-memory-buffer,run,1978,12157901,0,789815,3949075,3003755,1000000,3675264870,read,187734
measured,probe-memory-buffer,run,1979,12158501,1,789815,3949075,3004354,1000000,3675264870,read,187772
measured,probe-memory-buffer,run,1980,12159101,0,789815,3949075,3004867,1000000,3675264870,read,187804
measured,probe-memory-buffer,run,1981,12159801,1,789815,3949075,3005380,1000000,3675264870,read,187836
measured,probe-memory-buffer,run,1982,12160401,0,789815,3949075,3005894,1000000,3675264870,read,187868
measured,probe-memory-buffer,run,1983,12161001,1,789815,3949075,3006407,1000000,3675264870,read,187900
measured,probe-memory-buffer,run,1984,12161601,0,789815,3949075,3007006,1000000,3675264870,read,187937
measured,probe-memory-buffer,run,1985,12162201,1,789815,3949075,3007520,1000000,3675264870,read,187970
measured,probe-memory-buffer,run,1986,12162801,0,789815,3949075,3008033,1000000,3675264870,read,188002
measured,probe-memory-buffer,run,1987,12163401,1,789815,3949075,3008461,1000000,3675264870,read,188028
measured,probe-memory-buffer,run,1988,12164001,0,789815,3949075,3008974,1000000,3675264870,read,188060
measured,probe-memory-buffer,run,1989,12164601,1,789815,3949075,3009488,1000000,3675264870,read,188093
measured,probe-memory-buffer,run,1990,12165201,0,789815,3949075,3010001,1000000,3675264870,read,188125
measured,probe-memory-buffer,run,1991,12165801,1,789815,3949075,3010600,1000000,3675264870,read,188162
measured,probe-memory-buffer,run,1992,12166401,0,789815,3949075,3011114,1000000,3675264870,read,188194
measured,probe-memory-buffer,run,1993,12167001,1,789815,3949075,3011627,1000000,3675264870,read,188226
measured,probe-memory-buffer,run,1994,12167601,0,789815,3949075,3012141,1000000,3675264870,read,188258
measured,probe-memory-buffer,run,1995,12168201,1,789815,3949075,3012654,1000000,3675264870,read,188290
measured,probe-memory-buffer,run,1996,12168801,0,789815,3949075,3013167,1000000,3675264870,read,188322
measured,probe-memory-buffer,run,1997,12169401,1,789815,3949075,3013681,1000000,3675264870,read,188355
measured,probe-memory-buffer,run,1998,12170001,0,789815,3949075,3014194,1000000,3675264870,read,188387
measured,probe-memory-buffer,run,1999,12170601,1,789815,3949075,3014708,1000000,3675264870,read,188419
measured,probe-memory-buffer,run,2000,12171201,0,789815,3949075,3015221,1000000,3675264870,read,188451
measured,probe-memory-buffer,run,2001,12171901,1,789815,3949075,3015735,1000000,3675264870,read,188483
measured,probe-memory-buffer,run,2002,12172501,0,789815,3949075,3016248,1000000,3675264870,read,188515
measured,probe-memory-buffer,run,2003,12173101,1,789815,3949075,3016761,1000000,3675264870,read,188547
measured,probe-memory-buffer,run,2004,12173701,0,789815,3949075,3017275,1000000,3675264870,read,188579
measured,probe-memory-buffer,run,2005,12174301,1,789815,3949075,3017788,1000000,3675264870,read,188611
measured,probe-memory-buffer,run,2006,12174901,0,789815,3949075,3018302,1000000,3675264870,read,188643
measured,probe-memory-buffer,run,2007,12175501,1,789815,3949075,3018901,1000000,3675264870,read,188681
measured,probe-memory-buffer,run,2008,12176101,0,789815,3949075,3019414,1000000,3675264870,read,188713
measured,probe-memory-buffer,run,2009,12176701,1,789815,3949075,3019928,1000000,3675264870,read,188745
measured,probe-memory-buffer,run,2010,12177301,0,789815,3949075,3020441,1000000,3675264870,read,188777
measured,probe-memory-buffer,run,2011,12177901,1,789815,3949075,3020954,1000000,3675264870,read,188809
measured,probe-memory-buffer,run,2012,12178501,0,789815,3949075,3021468,1000000,3675264870,read,188841
measured,probe-memory-buffer,run,2013,12179101,1,789815,3949075,3021981,1000000,3675264870,read,188873
measured,probe-memory-buffer,run,2014,12179701,0,789815,3949075,3022495,1000000,3675264870,read,188905
measured,probe-memory-buffer,run,2015,12180301,1,789815,3949075,3023008,1000000,3675264870,read,188938
measured,probe-memory-buffer,run,2016,12180901,0,789815,3949075,3023522,1000000,3675264870,read,188970
measured,probe-memory-buffer,run,2017,12184201,1,789815,3949075,3026345,1000000,3675264870,read,189146
measured,probe-memory-buffer,run,2018,12184901,0,789815,3949075,3026859,1000000,3675264870,read,189178
measured,probe-memory-buffer,run,2019,12185501,1,789815,3949075,3027458,1000000,3675264870,read,189216
measured,probe-memory-buffer,run,2020,12186201,0,789815,3949075,3027971,1000000,3675264870,read,189248
measured,probe-memory-buffer,run,2021,12186801,1,789815,3949075,3028570,1000000,3675264870,read,189285
measured,probe-memory-buffer,run,2022,12187501,0,789815,3949075,3029084,1000000,3675264870,read,189317
measured,probe-memory-buffer,run,2023,12188101,1,789815,3949075,3029683,1000000,3675264870,read,189355
measured,probe-memory-buffer,run,2024,12188801,0,789815,3949075,3030196,1000000,3675264870,read,189387
measured,probe-memory-buffer,run,2025,12189401,1,789815,3949075,3030710,1000000,3675264870,read,189419
measured,probe-memory-buffer,run,2026,12190001,0,789815,3949075,3031309,1000000,3675264870,read,189456
measured,probe-memory-buffer,run,2027,12190701,1,789815,3949075,3031822,1000000,3675264870,read,189488
measured,probe-memory-buffer,run,2028,12191301,0,789815,3949075,3032421,1000000,3675264870,read,189526
measured,probe-memory-buffer,run,2029,12192001,1,789815,3949075,3032934,1000000,3675264870,read,189558
measured,probe-memory-buffer,run,2030,12192601,0,789815,3949075,3033533,1000000,3675264870,read,189595
measured,probe-memory-buffer,run,2031,12193201,1,789815,3949075,3034047,1000000,3675264870,read,189627
measured,probe-memory-buffer,run,2032,12193901,0,789815,3949075,3034560,1000000,3675264870,read,189660
measured,probe-memory-buffer,run,2033,12194501,1,789815,3949075,3035074,1000000,3675264870,read,189692
measured,probe-memory-buffer,run,2034,12195101,0,789815,3949075,3035673,1000000,3675264870,read,189729
measured,probe-memory-buffer,run,2035,12195801,1,789815,3949075,3036186,1000000,3675264870,read,189761
measured,probe-memory-buffer,run,2036,12196401,0,789815,3949075,3036785,1000000,3675264870,read,189799
measured,probe-memory-buffer,run,2037,12197001,1,789815,3949075,3037299,1000000,3675264870,read,189831
measured,probe-memory-buffer,run,2038,12197701,0,789815,3949075,3037898,1000000,3675264870,read,189868
measured,probe-memory-buffer,run,2039,12198401,1,789815,3949075,3038411,1000000,3675264870,read,189900
measured,probe-memory-buffer,run,2040,12199001,0,789815,3949075,3039010,1000000,3675264870,read,189938
measured,probe-memory-buffer,run,2041,12199701,1,789815,3949075,3039523,1000000,3675264870,read,189970
measured,probe-memory-buffer,run,2042,12200301,0,789815,3949075,3040122,1000000,3675264870,read,190007
measured,probe-memory-buffer,run,2043,12201001,1,789815,3949075,3040636,1000000,3675264870,read,190039
measured,probe-memory-buffer,run,2044,12201601,0,789815,3949075,3041235,1000000,3675264870,read,190077
measured,probe-memory-buffer,run,2045,12202301,1,789815,3949075,3041748,1000000,3675264870,read,190109
measured,probe-memory-buffer,run,2046,12202901,0,789815,3949075,3042347,1000000,3675264870,read,190146
measured,probe-memory-buffer,run,2047,12203601,1,789815,3949075,3042861,1000000,3675264870,read,190178
measured,probe-memory-buffer,run,2048,12204201,0,789815,3949075,3043460,1000000,3675264870,read,190216
measured,probe-memory-buffer,run,2049,12204901,1,789815,3949075,3043973,1000000,3675264870,read,190248
measured,probe-memory-buffer,run,2050,12205501,0,789815,3949075,3044572,1000000,3675264870,read,190285
measured,probe-memory-buffer,run,2051,12206101,1,789815,3949075,3045086,1000000,3675264870,read,190317
measured,probe-memory-buffer,run,2052,12206801,0,789815,3949075,3045599,1000000,3675264870,read,190349
measured,probe-memory-buffer,run,2053,12207401,1,789815,3949075,3046112,1000000,3675264870,read,190382
measured,probe-memory-buffer,run,2054,12208001,0,789815,3949075,3046711,1000000,3675264870,read,190419
measured,probe-memory-buffer,run,2055,12208701,1,789815,3949075,3047225,1000000,3675264870,read,190451
measured,probe-memory-buffer,run,2056,12209301,0,789815,3949075,3047824,1000000,3675264870,read,190489
measured,probe-memory-buffer,run,2057,12210001,1,789815,3949075,3048337,1000000,3675264870,read,190521
measured,probe-memory-buffer,run,2058,12210701,0,789815,3949075,3048936,1000000,3675264870,read,190558
measured,probe-memory-buffer,run,2059,12211301,1,789815,3949075,3049535,1000000,3675264870,read,190595
measured,probe-memory-buffer,run,2060,12211901,0,789815,3949075,3050049,1000000,3675264870,read,190628
measured,probe-memory-buffer,run,2061,12212601,1,789815,3949075,3050562,1000000,3675264870,read,190660
measured,probe-memory-buffer,run,2062,12213201,0,789815,3949075,3051161,1000000,3675264870,read,190697
measured,probe-memory-buffer,run,2063,12213901,1,789815,3949075,3051675,1000000,3675264870,read,190729
measured,probe-memory-buffer,run,2064,12214501,0,789815,3949075,3052274,1000000,3675264870,read,190767
measured,probe-memory-buffer,run,2065,12215201,1,789815,3949075,3052787,1000000,3675264870,read,190799
measured,probe-memory-buffer,run,2066,12215801,0,789815,3949075,3053386,1000000,3675264870,read,190836
measured,probe-memory-buffer,run,2067,12218101,0,789815,3949075,3055183,1000000,2767186071,update,0
measured,probe-memory-buffer,run,2068,12241401,1,789815,3949075,3070194,1000000,2767186071,read,191887
measured,probe-memory-buffer,run,2069,12243301,0,789815,3949075,3071483,1000000,2767186071,read,191967
measured,probe-memory-buffer,run,2070,12244401,1,789815,3949075,3072192,1000000,2767186071,read,192012
measured,probe-memory-buffer,run,2071,12245101,0,789815,3949075,3072643,1000000,2767186071,read,192040
measured,probe-memory-buffer,run,2072,12245801,1,789815,3949075,3073094,1000000,2767186071,read,192068
measured,probe-memory-buffer,run,2073,12246401,0,789815,3949075,3073480,1000000,2767186071,read,192092
measured,probe-memory-buffer,run,2074,12248101,1,789815,3949075,3074575,1000000,2767186071,read,192160
measured,probe-memory-buffer,run,2075,12248901,0,789815,3949075,3075026,1000000,2767186071,read,192189
measured,probe-memory-buffer,run,2076,12249501,1,789815,3949075,3075477,1000000,2767186071,read,192217
measured,probe-memory-buffer,run,2077,12250201,0,789815,3949075,3075864,1000000,2767186071,read,192241
measured,probe-memory-buffer,run,2078,12250801,1,789815,3949075,3076315,1000000,2767186071,read,192269
measured,probe-memory-buffer,run,2079,12251401,0,789815,3949075,3076702,1000000,2767186071,read,192293
measured,probe-memory-buffer,run,2080,12252101,1,789815,3949075,3077088,1000000,2767186071,read,192318
measured,probe-memory-buffer,run,2081,12252701,0,789815,3949075,3077475,1000000,2767186071,read,192342
measured,probe-memory-buffer,run,2082,12253301,1,789815,3949075,3077926,1000000,2767186071,read,192370
measured,probe-memory-buffer,run,2083,12253901,0,789815,3949075,3078312,1000000,2767186071,read,192394
measured,probe-memory-buffer,run,2084,12254501,1,789815,3949075,3078699,1000000,2767186071,read,192418
measured,probe-memory-buffer,run,2085,12255101,0,789815,3949075,3079085,1000000,2767186071,read,192442
measured,probe-memory-buffer,run,2086,12255801,1,789815,3949075,3079472,1000000,2767186071,read,192467
measured,probe-memory-buffer,run,2087,12256401,0,789815,3949075,3079859,1000000,2767186071,read,192491
measured,probe-memory-buffer,run,2088,12257001,1,789815,3949075,3080310,1000000,2767186071,read,192519
measured,probe-memory-buffer,run,2089,12257601,0,789815,3949075,3080696,1000000,2767186071,read,192543
measured,probe-memory-buffer,run,2090,12258301,1,789815,3949075,3081083,1000000,2767186071,read,192567
measured,probe-memory-buffer,run,2091,12258901,0,789815,3949075,3081534,1000000,2767186071,read,192595
measured,probe-memory-buffer,run,2092,12259501,1,789815,3949075,3081920,1000000,2767186071,read,192620
measured,probe-memory-buffer,run,2093,12260101,0,789815,3949075,3082307,1000000,2767186071,read,192644
measured,probe-memory-buffer,run,2094,12260801,1,789815,3949075,3082693,1000000,2767186071,read,192668
measured,probe-memory-buffer,run,2095,12261401,0,789815,3949075,3083080,1000000,2767186071,read,192692
measured,probe-memory-buffer,run,2096,12262001,1,789815,3949075,3083531,1000000,2767186071,read,192720
measured,probe-memory-buffer,run,2097,12262601,0,789815,3949075,3083918,1000000,2767186071,read,192744
measured,probe-memory-buffer,run,2098,12263301,1,789815,3949075,3084304,1000000,2767186071,read,192769
measured,probe-memory-buffer,run,2099,12263901,0,789815,3949075,3084691,1000000,2767186071,read,192793
measured,probe-memory-buffer,run,2100,12264501,1,789815,3949075,3085142,1000000,2767186071,read,192821
measured,probe-memory-buffer,run,2101,12265101,0,789815,3949075,3085528,1000000,2767186071,read,192845
measured,probe-memory-buffer,run,2102,12265701,1,789815,3949075,3085915,1000000,2767186071,read,192869
measured,probe-memory-buffer,run,2103,12266301,0,789815,3949075,3086301,1000000,2767186071,read,192893
measured,probe-memory-buffer,run,2104,12267001,1,789815,3949075,3086688,1000000,2767186071,read,192918
measured,probe-memory-buffer,run,2105,12267601,0,789815,3949075,3087075,1000000,2767186071,read,192942
measured,probe-memory-buffer,run,2106,12268201,1,789815,3949075,3087526,1000000,2767186071,read,192970
measured,probe-memory-buffer,run,2107,12268801,0,789815,3949075,3087912,1000000,2767186071,read,192994
measured,probe-memory-buffer,run,2108,12269501,1,789815,3949075,3088299,1000000,2767186071,read,193018
measured,probe-memory-buffer,run,2109,12270101,0,789815,3949075,3088685,1000000,2767186071,read,193042
measured,probe-memory-buffer,run,2110,12270701,1,789815,3949075,3089136,1000000,2767186071,read,193071
measured,probe-memory-buffer,run,2111,12271301,0,789815,3949075,3089523,1000000,2767186071,read,193095
measured,probe-memory-buffer,run,2112,12272001,1,789815,3949075,3089909,1000000,2767186071,read,193119
measured,probe-memory-buffer,run,2113,12272601,0,789815,3949075,3090296,1000000,2767186071,read,193143
measured,probe-memory-buffer,run,2114,12273201,1,789815,3949075,3090747,1000000,2767186071,read,193171
measured,probe-memory-buffer,run,2115,12273801,0,789815,3949075,3091134,1000000,2767186071,read,193195
measured,probe-memory-buffer,run,2116,12274501,1,789815,3949075,3091520,1000000,2767186071,read,193220
measured,probe-memory-buffer,run,2117,12275101,0,789815,3949075,3091907,1000000,2767186071,read,193244
measured,probe-memory-buffer,run,2118,12275701,1,789815,3949075,3092358,1000000,2767186071,read,193272
measured,probe-memory-buffer,run,2119,12276301,0,789815,3949075,3092744,1000000,2767186071,read,193296
measured,probe-memory-buffer,run,2120,12277001,1,789815,3949075,3093131,1000000,2767186071,read,193320
measured,probe-memory-buffer,run,2121,12277601,0,789815,3949075,3093517,1000000,2767186071,read,193344
measured,probe-memory-buffer,run,2122,12278201,1,789815,3949075,3093968,1000000,2767186071,read,193373
measured,probe-memory-buffer,run,2123,12278801,0,789815,3949075,3094355,1000000,2767186071,read,193397
measured,probe-memory-buffer,run,2124,12279501,1,789815,3949075,3094742,1000000,2767186071,read,193421
measured,probe-memory-buffer,run,2125,12280101,0,789815,3949075,3095128,1000000,2767186071,read,193445
measured,probe-memory-buffer,run,2126,12280701,1,789815,3949075,3095579,1000000,2767186071,read,193473
measured,probe-memory-buffer,run,2127,12281301,0,789815,3949075,3095966,1000000,2767186071,read,193497
measured,probe-memory-buffer,run,2128,12282001,1,789815,3949075,3096352,1000000,2767186071,read,193522
measured,probe-memory-buffer,run,2129,12282601,0,789815,3949075,3096739,1000000,2767186071,read,193546
measured,probe-memory-buffer,run,2130,12283201,1,789815,3949075,3097190,1000000,2767186071,read,193574
measured,probe-memory-buffer,run,2131,12286201,0,789815,3949075,3099058,1000000,2767186071,read,193691
measured,probe-memory-buffer,run,2132,12286901,1,789815,3949075,3099509,1000000,2767186071,read,193719
measured,probe-memory-buffer,run,2133,12287501,0,789815,3949075,3099960,1000000,2767186071,read,193747
measured,probe-memory-buffer,run,2134,12288201,1,789815,3949075,3100347,1000000,2767186071,read,193771
measured,probe-memory-buffer,run,2135,12288801,0,789815,3949075,3100798,1000000,2767186071,read,193799
measured,probe-memory-buffer,run,2136,12289501,1,789815,3949075,3101184,1000000,2767186071,read,193824
measured,probe-memory-buffer,run,2137,12290101,0,789815,3949075,3101571,1000000,2767186071,read,193848
measured,probe-memory-buffer,run,2138,12290701,1,789815,3949075,3102022,1000000,2767186071,read,193876
measured,probe-memory-buffer,run,2139,12291401,0,789815,3949075,3102409,1000000,2767186071,read,193900
measured,probe-memory-buffer,run,2140,12292001,1,789815,3949075,3102860,1000000,2767186071,read,193928
measured,probe-memory-buffer,run,2141,12292701,0,789815,3949075,3103246,1000000,2767186071,read,193952
measured,probe-memory-buffer,run,2142,12293301,1,789815,3949075,3103697,1000000,2767186071,read,193981
measured,probe-memory-buffer,run,2143,12294001,0,789815,3949075,3104084,1000000,2767186071,read,194005
measured,probe-memory-buffer,run,2144,12294601,1,789815,3949075,3104470,1000000,2767186071,read,194029
measured,probe-memory-buffer,run,2145,12295201,0,789815,3949075,3104921,1000000,2767186071,read,194057
measured,probe-memory-buffer,run,2146,12295901,1,789815,3949075,3105308,1000000,2767186071,read,194081
measured,probe-memory-buffer,run,2147,12296501,0,789815,3949075,3105759,1000000,2767186071,read,194109
measured,probe-memory-buffer,run,2148,12297101,1,789815,3949075,3106145,1000000,2767186071,read,194134
measured,probe-memory-buffer,run,2149,12297701,0,789815,3949075,3106532,1000000,2767186071,read,194158
measured,probe-memory-buffer,run,2150,12298401,1,789815,3949075,3106983,1000000,2767186071,read,194186
measured,probe-memory-buffer,run,2151,12299001,0,789815,3949075,3107370,1000000,2767186071,read,194210
measured,probe-memory-buffer,run,2152,12299701,1,789815,3949075,3107821,1000000,2767186071,read,194238
measured,probe-memory-buffer,run,2153,12300301,0,789815,3949075,3108207,1000000,2767186071,read,194262
measured,probe-memory-buffer,run,2154,12301001,1,789815,3949075,3108658,1000000,2767186071,read,194291
measured,probe-memory-buffer,run,2155,12301601,0,789815,3949075,3109045,1000000,2767186071,read,194315
measured,probe-memory-buffer,run,2156,12302301,1,789815,3949075,3109431,1000000,2767186071,read,194339
measured,probe-memory-buffer,run,2157,12302801,0,789815,3949075,3109818,1000000,2767186071,read,194363
measured,probe-memory-buffer,run,2158,12303501,1,789815,3949075,3110204,1000000,2767186071,read,194387
measured,probe-memory-buffer,run,2159,12304101,0,789815,3949075,3110591,1000000,2767186071,read,194411
measured,probe-memory-buffer,run,2160,12304701,1,789815,3949075,3111042,1000000,2767186071,read,194440
measured,probe-memory-buffer,run,2161,12305301,0,789815,3949075,3111429,1000000,2767186071,read,194464
measured,probe-memory-buffer,run,2162,12305901,1,789815,3949075,3111815,1000000,2767186071,read,194488
measured,probe-memory-buffer,run,2163,12306501,0,789815,3949075,3112202,1000000,2767186071,read,194512
measured,probe-memory-buffer,run,2164,12307201,1,789815,3949075,3112588,1000000,2767186071,read,194536
measured,probe-memory-buffer,run,2165,12307801,0,789815,3949075,3113039,1000000,2767186071,read,194564
measured,probe-memory-buffer,run,2166,12308501,1,789815,3949075,3113426,1000000,2767186071,read,194589
measured,probe-memory-buffer,run,2167,12309101,0,789815,3949075,3113877,1000000,2767186071,read,194617
measured,probe-memory-buffer,run,2168,12309701,1,789815,3949075,3114263,1000000,2767186071,read,194641
measured,probe-memory-buffer,run,2169,12310401,0,789815,3949075,3114714,1000000,2767186071,read,194669
measured,probe-memory-buffer,run,2170,12311001,1,789815,3949075,3115101,1000000,2767186071,read,194693
measured,probe-memory-buffer,run,2171,12311601,0,789815,3949075,3115488,1000000,2767186071,read,194718
measured,probe-memory-buffer,run,2172,12312301,1,789815,3949075,3115874,1000000,2767186071,read,194742
measured,probe-memory-buffer,run,2173,12312901,0,789815,3949075,3116261,1000000,2767186071,read,194766
measured,probe-memory-buffer,run,2174,12313501,1,789815,3949075,3116712,1000000,2767186071,read,194794
measured,probe-memory-buffer,run,2175,12314101,0,789815,3949075,3117098,1000000,2767186071,read,194818
measured,probe-memory-buffer,run,2176,12314801,1,789815,3949075,3117549,1000000,2767186071,read,194846
measured,probe-memory-buffer,run,2177,12315501,0,789815,3949075,3117936,1000000,2767186071,read,194871
measured,probe-memory-buffer,run,2178,12316101,1,789815,3949075,3118322,1000000,2767186071,read,194895
measured,probe-memory-buffer,run,2179,12316701,0,789815,3949075,3118773,1000000,2767186071,read,194923
measured,probe-memory-buffer,run,2180,12317401,1,789815,3949075,3119160,1000000,2767186071,read,194947
measured,probe-memory-buffer,run,2181,12318001,0,789815,3949075,3119547,1000000,2767186071,read,194971
measured,probe-memory-buffer,run,2182,12318601,1,789815,3949075,3119998,1000000,2767186071,read,194999
measured,probe-memory-buffer,run,2183,12319301,0,789815,3949075,3120384,1000000,2767186071,read,195024
measured,probe-memory-buffer,run,2184,12319901,1,789815,3949075,3120835,1000000,2767186071,read,195052
measured,probe-memory-buffer,run,2185,12320601,0,789815,3949075,3121222,1000000,2767186071,read,195076
measured,probe-memory-buffer,run,2186,12321901,1,789815,3949075,3122124,1000000,2767186071,read,195132
measured,probe-memory-buffer,run,2187,12322601,0,789815,3949075,3122510,1000000,2767186071,read,195156
measured,probe-memory-buffer,run,2188,12324001,1,789815,3949075,3123477,1000000,2767186071,read,195217
measured,probe-memory-buffer,run,2189,12324701,0,789815,3949075,3123928,1000000,2767186071,read,195245
measured,probe-memory-buffer,run,2190,12325301,1,789815,3949075,3124314,1000000,2767186071,read,195269
measured,probe-memory-buffer,run,2191,12325901,0,789815,3949075,3124701,1000000,2767186071,read,195293
measured,probe-memory-buffer,run,2192,12326601,1,789815,3949075,3125087,1000000,2767186071,read,195317
measured,probe-memory-buffer,run,2193,12327201,0,789815,3949075,3125474,1000000,2767186071,read,195342
measured,probe-memory-buffer,run,2194,12327801,1,789815,3949075,3125861,1000000,2767186071,read,195366
measured,probe-memory-buffer,run,2195,12328401,0,789815,3949075,3126312,1000000,2767186071,read,195394
measured,probe-memory-buffer,run,2196,12329101,1,789815,3949075,3126698,1000000,2767186071,read,195418
measured,probe-memory-buffer,run,2197,12329601,0,789815,3949075,3127085,1000000,2767186071,read,195442
measured,probe-memory-buffer,run,2198,12330301,1,789815,3949075,3127536,1000000,2767186071,read,195471
measured,probe-memory-buffer,run,2199,12330901,0,789815,3949075,3127922,1000000,2767186071,read,195495
measured,probe-memory-buffer,run,2200,12331601,1,789815,3949075,3128309,1000000,2767186071,read,195519
measured,probe-memory-buffer,run,2201,12332201,0,789815,3949075,3128695,1000000,2767186071,read,195543
measured,probe-memory-buffer,run,2202,12332801,1,789815,3949075,3129146,1000000,2767186071,read,195571
measured,probe-memory-buffer,run,2203,12333501,0,789815,3949075,3129533,1000000,2767186071,read,195595
measured,probe-memory-buffer,run,2204,12334101,1,789815,3949075,3129984,1000000,2767186071,read,195624
measured,probe-memory-buffer,run,2205,12334801,0,789815,3949075,3130371,1000000,2767186071,read,195648
measured,probe-memory-buffer,run,2206,12335401,1,789815,3949075,3130822,1000000,2767186071,read,195676
measured,probe-memory-buffer,run,2207,12336101,0,789815,3949075,3131208,1000000,2767186071,read,195700
measured,probe-memory-buffer,run,2208,12336701,1,789815,3949075,3131659,1000000,2767186071,read,195728
measured,probe-memory-buffer,run,2209,12337401,0,789815,3949075,3132046,1000000,2767186071,read,195752
measured,probe-memory-buffer,run,2210,12338001,1,789815,3949075,3132497,1000000,2767186071,read,195781
measured,probe-memory-buffer,run,2211,12338701,0,789815,3949075,3132883,1000000,2767186071,read,195805
measured,probe-memory-buffer,run,2212,12339301,1,789815,3949075,3133334,1000000,2767186071,read,195833
measured,probe-memory-buffer,run,2213,12340001,0,789815,3949075,3133721,1000000,2767186071,read,195857
measured,probe-memory-buffer,run,2214,12342101,0,855350,4276750,3276750,1000000,3159868795,update,0
measured,probe-memory-buffer,run,2215,12374201,1,855350,4276750,3300439,1000000,3159868795,read,206277
measured,probe-memory-buffer,run,2216,12376901,0,855350,4276750,3302426,1000000,3159868795,read,206401
measured,probe-memory-buffer,run,2217,12378301,1,855350,4276750,3303382,1000000,3159868795,read,206461
measured,probe-memory-buffer,run,2218,12378901,0,855350,4276750,3303897,1000000,3159868795,read,206493
measured,probe-memory-buffer,run,2219,12379601,1,855350,4276750,3304412,1000000,3159868795,read,206525
measured,probe-memory-buffer,run,2220,12380301,0,855350,4276750,3304927,1000000,3159868795,read,206557
measured,probe-memory-buffer,run,2221,12381001,1,855350,4276750,3305369,1000000,3159868795,read,206585
measured,probe-memory-buffer,run,2222,12381601,0,855350,4276750,3305884,1000000,3159868795,read,206617
measured,probe-memory-buffer,run,2223,12382301,1,855350,4276750,3306325,1000000,3159868795,read,206645
measured,probe-memory-buffer,run,2224,12382901,0,855350,4276750,3306840,1000000,3159868795,read,206677
measured,probe-memory-buffer,run,2225,12383601,1,855350,4276750,3307282,1000000,3159868795,read,206705
measured,probe-memory-buffer,run,2226,12384201,0,855350,4276750,3307797,1000000,3159868795,read,206737
measured,probe-memory-buffer,run,2227,12384801,1,855350,4276750,3308238,1000000,3159868795,read,206764
measured,probe-memory-buffer,run,2228,12385501,0,855350,4276750,3308679,1000000,3159868795,read,206792
measured,probe-memory-buffer,run,2229,12386101,1,855350,4276750,3309194,1000000,3159868795,read,206824
measured,probe-memory-buffer,run,2230,12386801,0,855350,4276750,3309636,1000000,3159868795,read,206852
measured,probe-memory-buffer,run,2231,12387401,1,855350,4276750,3310151,1000000,3159868795,read,206884
measured,probe-memory-buffer,run,2232,12388101,0,855350,4276750,3310592,1000000,3159868795,read,206912
measured,probe-memory-buffer,run,2233,12388701,1,855350,4276750,3311107,1000000,3159868795,read,206944
measured,probe-memory-buffer,run,2234,12389401,0,855350,4276750,3311549,1000000,3159868795,read,206971
measured,probe-memory-buffer,run,2235,12390001,1,855350,4276750,3312064,1000000,3159868795,read,207004
measured,probe-memory-buffer,run,2236,12390701,0,855350,4276750,3312505,1000000,3159868795,read,207031
measured,probe-memory-buffer,run,2237,12391301,1,855350,4276750,3313020,1000000,3159868795,read,207063
measured,probe-memory-buffer,run,2238,12392001,0,855350,4276750,3313462,1000000,3159868795,read,207091
measured,probe-memory-buffer,run,2239,12392601,1,855350,4276750,3313977,1000000,3159868795,read,207123
measured,probe-memory-buffer,run,2240,12393201,0,855350,4276750,3314418,1000000,3159868795,read,207151
measured,probe-memory-buffer,run,2241,12393901,1,855350,4276750,3314859,1000000,3159868795,read,207178
measured,probe-memory-buffer,run,2242,12394501,0,855350,4276750,3315374,1000000,3159868795,read,207210
measured,probe-memory-buffer,run,2243,12395201,1,855350,4276750,3315816,1000000,3159868795,read,207238
measured,probe-memory-buffer,run,2244,12395801,0,855350,4276750,3316331,1000000,3159868795,read,207270
measured,probe-memory-buffer,run,2245,12397601,1,855350,4276750,3317655,1000000,3159868795,read,207353
measured,probe-memory-buffer,run,2246,12398301,0,855350,4276750,3318170,1000000,3159868795,read,207385
measured,probe-memory-buffer,run,2247,12399001,1,855350,4276750,3318612,1000000,3159868795,read,207413
measured,probe-memory-buffer,run,2248,12399601,0,855350,4276750,3319127,1000000,3159868795,read,207445
measured,probe-memory-buffer,run,2249,12400201,1,855350,4276750,3319568,1000000,3159868795,read,207473
measured,probe-memory-buffer,run,2250,12400901,0,855350,4276750,3320009,1000000,3159868795,read,207500
measured,probe-memory-buffer,run,2251,12401501,1,855350,4276750,3320524,1000000,3159868795,read,207532
measured,probe-memory-buffer,run,2252,12402201,0,855350,4276750,3321039,1000000,3159868795,read,207564
measured,probe-memory-buffer,run,2253,12402801,1,855350,4276750,3321481,1000000,3159868795,read,207592
measured,probe-memory-buffer,run,2254,12403501,0,855350,4276750,3321996,1000000,3159868795,read,207624
measured,probe-memory-buffer,run,2255,12404101,1,855350,4276750,3322437,1000000,3159868795,read,207652
measured,probe-memory-buffer,run,2256,12404801,0,855350,4276750,3322879,1000000,3159868795,read,207679
measured,probe-memory-buffer,run,2257,12405401,1,855350,4276750,3323394,1000000,3159868795,read,207712
measured,probe-memory-buffer,run,2258,12406101,0,855350,4276750,3323835,1000000,3159868795,read,207739
measured,probe-memory-buffer,run,2259,12406701,1,855350,4276750,3324350,1000000,3159868795,read,207771
measured,probe-memory-buffer,run,2260,12407401,0,855350,4276750,3324792,1000000,3159868795,read,207799
measured,probe-memory-buffer,run,2261,12408001,1,855350,4276750,3325233,1000000,3159868795,read,207827
measured,probe-memory-buffer,run,2262,12408601,0,855350,4276750,3325748,1000000,3159868795,read,207859
measured,probe-memory-buffer,run,2263,12409201,1,855350,4276750,3326189,1000000,3159868795,read,207886
measured,probe-memory-buffer,run,2264,12409901,0,855350,4276750,3326631,1000000,3159868795,read,207914
measured,probe-memory-buffer,run,2265,12410501,1,855350,4276750,3327146,1000000,3159868795,read,207946
measured,probe-memory-buffer,run,2266,12411201,0,855350,4276750,3327587,1000000,3159868795,read,207974
measured,probe-memory-buffer,run,2267,12411801,1,855350,4276750,3328102,1000000,3159868795,read,208006
measured,probe-memory-buffer,run,2268,12412501,0,855350,4276750,3328544,1000000,3159868795,read,208034
measured,probe-memory-buffer,run,2269,12413101,1,855350,4276750,3328985,1000000,3159868795,read,208061
measured,probe-memory-buffer,run,2270,12413801,0,855350,4276750,3329500,1000000,3159868795,read,208093
measured,probe-memory-buffer,run,2271,12414401,1,855350,4276750,3329942,1000000,3159868795,read,208121
measured,probe-memory-buffer,run,2272,12415001,0,855350,4276750,3330457,1000000,3159868795,read,208153
measured,probe-memory-buffer,run,2273,12415701,1,855350,4276750,3330898,1000000,3159868795,read,208181
measured,probe-memory-buffer,run,2274,12416301,0,855350,4276750,3331413,1000000,3159868795,read,208213
measured,probe-memory-buffer,run,2275,12416901,1,855350,4276750,3331854,1000000,3159868795,read,208240
measured,probe-memory-buffer,run,2276,12417601,0,855350,4276750,3332296,1000000,3159868795,read,208268
measured,probe-memory-buffer,run,2277,12418201,1,855350,4276750,3332811,1000000,3159868795,read,208300
measured,probe-memory-buffer,run,2278,12418901,0,855350,4276750,3333252,1000000,3159868795,read,208328
measured,probe-memory-buffer,run,2279,12419501,1,855350,4276750,3333767,1000000,3159868795,read,208360
measured,probe-memory-buffer,run,2280,12420201,0,855350,4276750,3334209,1000000,3159868795,read,208388
measured,probe-memory-buffer,run,2281,12420801,1,855350,4276750,3334724,1000000,3159868795,read,208420
measured,probe-memory-buffer,run,2282,12421501,0,855350,4276750,3335165,1000000,3159868795,read,208447
measured,probe-memory-buffer,run,2283,12422101,1,855350,4276750,3335607,1000000,3159868795,read,208475
measured,probe-memory-buffer,run,2284,12422701,0,855350,4276750,3336122,1000000,3159868795,read,208507
measured,probe-memory-buffer,run,2285,12423401,1,855350,4276750,3336563,1000000,3159868795,read,208535
measured,probe-memory-buffer,run,2286,12424001,0,855350,4276750,3337078,1000000,3159868795,read,208567
measured,probe-memory-buffer,run,2287,12424701,1,855350,4276750,3337519,1000000,3159868795,read,208594
measured,probe-memory-buffer,run,2288,12425301,0,855350,4276750,3338034,1000000,3159868795,read,208627
measured,probe-memory-buffer,run,2289,12426001,1,855350,4276750,3338476,1000000,3159868795,read,208654
measured,probe-memory-buffer,run,2290,12426601,0,855350,4276750,3338991,1000000,3159868795,read,208686
measured,probe-memory-buffer,run,2291,12427301,1,855350,4276750,3339432,1000000,3159868795,read,208714
measured,probe-memory-buffer,run,2292,12427901,0,855350,4276750,3339947,1000000,3159868795,read,208746
measured,probe-memory-buffer,run,2293,12428501,1,855350,4276750,3340389,1000000,3159868795,read,208774
measured,probe-memory-buffer,run,2294,12429201,0,855350,4276750,3340830,1000000,3159868795,read,208801
measured,probe-memory-buffer,run,2295,12429801,1,855350,4276750,3341345,1000000,3159868795,read,208834
measured,probe-memory-buffer,run,2296,12430501,0,855350,4276750,3341787,1000000,3159868795,read,208861
measured,probe-memory-buffer,run,2297,12431101,1,855350,4276750,3342302,1000000,3159868795,read,208893
measured,probe-memory-buffer,run,2298,12431801,0,855350,4276750,3342743,1000000,3159868795,read,208921
measured,probe-memory-buffer,run,2299,12432401,1,855350,4276750,3343258,1000000,3159868795,read,208953
measured,probe-memory-buffer,run,2300,12433001,0,855350,4276750,3343699,1000000,3159868795,read,208981
measured,probe-memory-buffer,run,2301,12434401,1,855350,4276750,3344729,1000000,3159868795,read,209045
measured,probe-memory-buffer,run,2302,12435101,0,855350,4276750,3345244,1000000,3159868795,read,209077
measured,probe-memory-buffer,run,2303,12435701,1,855350,4276750,3345686,1000000,3159868795,read,209105
measured,probe-memory-buffer,run,2304,12436401,0,855350,4276750,3346201,1000000,3159868795,read,209137
measured,probe-memory-buffer,run,2305,12437001,1,855350,4276750,3346642,1000000,3159868795,read,209165
measured,probe-memory-buffer,run,2306,12437701,0,855350,4276750,3347157,1000000,3159868795,read,209197
measured,probe-memory-buffer,run,2307,12438301,1,855350,4276750,3347599,1000000,3159868795,read,209224
measured,probe-memory-buffer,run,2308,12439001,0,855350,4276750,3348040,1000000,3159868795,read,209252
measured,probe-memory-buffer,run,2309,12439601,1,855350,4276750,3348555,1000000,3159868795,read,209284
measured,probe-memory-buffer,run,2310,12440301,0,855350,4276750,3348997,1000000,3159868795,read,209312
measured,probe-memory-buffer,run,2311,12440901,1,855350,4276750,3349512,1000000,3159868795,read,209344
measured,probe-memory-buffer,run,2312,12441601,0,855350,4276750,3349953,1000000,3159868795,read,209372
measured,probe-memory-buffer,run,2313,12442201,1,855350,4276750,3350394,1000000,3159868795,read,209399
measured,probe-memory-buffer,run,2314,12442801,0,855350,4276750,3350909,1000000,3159868795,read,209431
measured,probe-memory-buffer,run,2315,12443501,1,855350,4276750,3351351,1000000,3159868795,read,209459
measured,probe-memory-buffer,run,2316,12444101,0,855350,4276750,3351866,1000000,3159868795,read,209491
measured,probe-memory-buffer,run,2317,12444701,1,855350,4276750,3352307,1000000,3159868795,read,209519
measured,probe-memory-buffer,run,2318,12445401,0,855350,4276750,3352749,1000000,3159868795,read,209546
measured,probe-memory-buffer,run,2319,12446001,1,855350,4276750,3353264,1000000,3159868795,read,209579
measured,probe-memory-buffer,run,2320,12446701,0,855350,4276750,3353705,1000000,3159868795,read,209606
measured,probe-memory-buffer,run,2321,12447301,1,855350,4276750,3354220,1000000,3159868795,read,209638
measured,probe-memory-buffer,run,2322,12448001,0,855350,4276750,3354662,1000000,3159868795,read,209666
measured,probe-memory-buffer,run,2323,12448601,1,855350,4276750,3355177,1000000,3159868795,read,209698
measured,probe-memory-buffer,run,2324,12449301,0,855350,4276750,3355618,1000000,3159868795,read,209726
measured,probe-memory-buffer,run,2325,12449901,1,855350,4276750,3356059,1000000,3159868795,read,209753
measured,probe-memory-buffer,run,2326,12450501,0,855350,4276750,3356574,1000000,3159868795,read,209785
measured,probe-memory-buffer,run,2327,12451201,1,855350,4276750,3357016,1000000,3159868795,read,209813
measured,probe-memory-buffer,run,2328,12451801,0,855350,4276750,3357531,1000000,3159868795,read,209845
measured,probe-memory-buffer,run,2329,12452501,1,855350,4276750,3357972,1000000,3159868795,read,209873
measured,probe-memory-buffer,run,2330,12453101,0,855350,4276750,3358487,1000000,3159868795,read,209905
measured,probe-memory-buffer,run,2331,12453701,1,855350,4276750,3358929,1000000,3159868795,read,209933
measured,probe-memory-buffer,run,2332,12454401,0,855350,4276750,3359370,1000000,3159868795,read,209960
measured,probe-memory-buffer,run,2333,12455001,1,855350,4276750,3359885,1000000,3159868795,read,209992
measured,probe-memory-buffer,run,2334,12455701,0,855350,4276750,3360327,1000000,3159868795,read,210020
measured,probe-memory-buffer,run,2335,12456301,1,855350,4276750,3360842,1000000,3159868795,read,210052
measured,probe-memory-buffer,run,2336,12457001,0,855350,4276750,3361283,1000000,3159868795,read,210080
measured,probe-memory-buffer,run,2337,12457601,1,855350,4276750,3361798,1000000,3159868795,read,210112
measured,probe-memory-buffer,run,2338,12458301,0,855350,4276750,3362239,1000000,3159868795,read,210139
measured,probe-memory-buffer,run,2339,12458901,1,855350,4276750,3362754,1000000,3159868795,read,210172
measured,probe-memory-buffer,run,2340,12459601,0,855350,4276750,3363196,1000000,3159868795,read,210199
measured,probe-memory-buffer,run,2341,12460201,1,855350,4276750,3363711,1000000,3159868795,read,210231
measured,probe-memory-buffer,run,2342,12460901,0,855350,4276750,3364152,1000000,3159868795,read,210259
measured,probe-memory-buffer,run,2343,12461501,1,855350,4276750,3364594,1000000,3159868795,read,210287
measured,probe-memory-buffer,run,2344,12462201,0,855350,4276750,3365109,1000000,3159868795,read,210319
measured,probe-memory-buffer,run,2345,12462801,1,855350,4276750,3365550,1000000,3159868795,read,210346
measured,probe-memory-buffer,run,2346,12463401,0,855350,4276750,3366065,1000000,3159868795,read,210379
measured,probe-memory-buffer,run,2347,12464101,1,855350,4276750,3366507,1000000,3159868795,read,210406
measured,probe-memory-buffer,run,2348,12466201,0,920885,4604425,3604425,1000000,3454380838,update,0
measured,probe-memory-buffer,run,2349,12493101,0,920885,4604425,3626060,1000000,3454380838,read,226628
measured,probe-memory-buffer,run,2350,12495601,1,920885,4604425,3628070,1000000,3454380838,read,226754
measured,probe-memory-buffer,run,2351,12496801,0,920885,4604425,3629036,1000000,3454380838,read,226814
measured,probe-memory-buffer,run,2352,12497501,1,920885,4604425,3629599,1000000,3454380838,read,226849
measured,probe-memory-buffer,run,2353,12498201,0,920885,4604425,3630162,1000000,3454380838,read,226885
measured,probe-memory-buffer,run,2354,12498801,1,920885,4604425,3630725,1000000,3454380838,read,226920
measured,probe-memory-buffer,run,2355,12499501,0,920885,4604425,3631288,1000000,3454380838,read,226955
measured,probe-memory-buffer,run,2356,12500201,1,920885,4604425,3631770,1000000,3454380838,read,226985
measured,probe-memory-buffer,run,2357,12500801,0,920885,4604425,3632333,1000000,3454380838,read,227020
measured,probe-memory-buffer,run,2358,12504001,1,920885,4604425,3634907,1000000,3454380838,read,227181
measured,probe-memory-buffer,run,2359,12504801,0,920885,4604425,3635470,1000000,3454380838,read,227216
measured,probe-memory-buffer,run,2360,12505401,1,920885,4604425,3636033,1000000,3454380838,read,227252
measured,probe-memory-buffer,run,2361,12506001,0,920885,4604425,3636515,1000000,3454380838,read,227282
measured,probe-memory-buffer,run,2362,12506701,1,920885,4604425,3636998,1000000,3454380838,read,227312
measured,probe-memory-buffer,run,2363,12507301,0,920885,4604425,3637561,1000000,3454380838,read,227347
measured,probe-memory-buffer,run,2364,12507901,1,920885,4604425,3638044,1000000,3454380838,read,227377
measured,probe-memory-buffer,run,2365,12508601,0,920885,4604425,3638526,1000000,3454380838,read,227407
measured,probe-memory-buffer,run,2366,12509201,1,920885,4604425,3639089,1000000,3454380838,read,227443
measured,probe-memory-buffer,run,2367,12509901,0,920885,4604425,3639572,1000000,3454380838,read,227473
measured,probe-memory-buffer,run,2368,12510501,1,920885,4604425,3640135,1000000,3454380838,read,227508
measured,probe-memory-buffer,run,2369,12511101,0,920885,4604425,3640617,1000000,3454380838,read,227538
measured,probe-memory-buffer,run,2370,12511701,1,920885,4604425,3641100,1000000,3454380838,read,227568
measured,probe-memory-buffer,run,2371,12512301,0,920885,4604425,3641582,1000000,3454380838,read,227598
measured,probe-memory-buffer,run,2372,12512901,1,920885,4604425,3642065,1000000,3454380838,read,227629
measured,probe-memory-buffer,run,2373,12513501,0,920885,4604425,3642548,1000000,3454380838,read,227659
measured,probe-memory-buffer,run,2374,12514101,1,920885,4604425,3643030,1000000,3454380838,read,227689
measured,probe-memory-buffer,run,2375,12514701,0,920885,4604425,3643513,1000000,3454380838,read,227719
measured,probe-memory-buffer,run,2376,12515301,1,920885,4604425,3643995,1000000,3454380838,read,227749
measured,probe-memory-buffer,run,2377,12515901,0,920885,4604425,3644478,1000000,3454380838,read,227779
measured,probe-memory-buffer,run,2378,12516601,1,920885,4604425,3644960,1000000,3454380838,read,227810
measured,probe-memory-buffer,run,2379,12517201,0,920885,4604425,3645443,1000000,3454380838,read,227840
measured,probe-memory-buffer,run,2380,12517701,1,920885,4604425,3645926,1000000,3454380838,read,227870
measured,probe-memory-buffer,run,2381,12518401,0,920885,4604425,3646408,1000000,3454380838,read,227900
measured,probe-memory-buffer,run,2382,12519001,1,920885,4604425,3646891,1000000,3454380838,read,227930
measured,probe-memory-buffer,run,2383,12519601,0,920885,4604425,3647373,1000000,3454380838,read,227960
measured,probe-memory-buffer,run,2384,12520201,1,920885,4604425,3647856,1000000,3454380838,read,227991
measured,probe-memory-buffer,run,2385,12520801,0,920885,4604425,3648338,1000000,3454380838,read,228021
measured,probe-memory-buffer,run,2386,12521401,1,920885,4604425,3648821,1000000,3454380838,read,228051
measured,probe-memory-buffer,run,2387,12522001,0,920885,4604425,3649304,1000000,3454380838,read,228081
measured,probe-memory-buffer,run,2388,12522601,1,920885,4604425,3649867,1000000,3454380838,read,228116
measured,probe-memory-buffer,run,2389,12523201,0,920885,4604425,3650349,1000000,3454380838,read,228146
measured,probe-memory-buffer,run,2390,12523801,1,920885,4604425,3650832,1000000,3454380838,read,228177
measured,probe-memory-buffer,run,2391,12524401,0,920885,4604425,3651314,1000000,3454380838,read,228207
measured,probe-memory-buffer,run,2392,12525001,1,920885,4604425,3651716,1000000,3454380838,read,228232
measured,probe-memory-buffer,run,2393,12525601,0,920885,4604425,3652279,1000000,3454380838,read,228267
measured,probe-memory-buffer,run,2394,12526201,1,920885,4604425,3652682,1000000,3454380838,read,228292
measured,probe-memory-buffer,run,2395,12526801,0,920885,4604425,3653245,1000000,3454380838,read,228327
measured,probe-memory-buffer,run,2396,12527401,1,920885,4604425,3653727,1000000,3454380838,read,228357
measured,probe-memory-buffer,run,2397,12528001,0,920885,4604425,3654210,1000000,3454380838,read,228388
measured,probe-memory-buffer,run,2398,12528601,1,920885,4604425,3654692,1000000,3454380838,read,228418
measured,probe-memory-buffer,run,2399,12529201,0,920885,4604425,3655175,1000000,3454380838,read,228448
measured,probe-memory-buffer,run,2400,12529801,1,920885,4604425,3655657,1000000,3454380838,read,228478
measured,probe-memory-buffer,run,2401,12530401,0,920885,4604425,3656140,1000000,3454380838,read,228508
measured,probe-memory-buffer,run,2402,12531001,1,920885,4604425,3656623,1000000,3454380838,read,228538
measured,probe-memory-buffer,run,2403,12531601,0,920885,4604425,3657105,1000000,3454380838,read,228569
measured,probe-memory-buffer,run,2404,12532201,1,920885,4604425,3657588,1000000,3454380838,read,228599
measured,probe-memory-buffer,run,2405,12532901,0,920885,4604425,3658070,1000000,3454380838,read,228629
measured,probe-memory-buffer,run,2406,12533501,1,920885,4604425,3658553,1000000,3454380838,read,228659
measured,probe-memory-buffer,run,2407,12534101,0,920885,4604425,3659035,1000000,3454380838,read,228689
measured,probe-memory-buffer,run,2408,12534701,1,920885,4604425,3659518,1000000,3454380838,read,228719
measured,probe-memory-buffer,run,2409,12535301,0,920885,4604425,3660001,1000000,3454380838,read,228750
measured,probe-memory-buffer,run,2410,12535901,1,920885,4604425,3660483,1000000,3454380838,read,228780
measured,probe-memory-buffer,run,2411,12536501,0,920885,4604425,3661046,1000000,3454380838,read,228815
measured,probe-memory-buffer,run,2412,12537101,1,920885,4604425,3661529,1000000,3454380838,read,228845
measured,probe-memory-buffer,run,2413,12537701,0,920885,4604425,3662011,1000000,3454380838,read,228875
measured,probe-memory-buffer,run,2414,12538301,1,920885,4604425,3662413,1000000,3454380838,read,228900
measured,probe-memory-buffer,run,2415,12542001,0,920885,4604425,3665389,1000000,3454380838,read,229086
measured,probe-memory-buffer,run,2416,12542601,1,920885,4604425,3665952,1000000,3454380838,read,229122
measured,probe-memory-buffer,run,2417,12543301,0,920885,4604425,3666435,1000000,3454380838,read,229152
measured,probe-memory-buffer,run,2418,12543901,1,920885,4604425,3666917,1000000,3454380838,read,229182
measured,probe-memory-buffer,run,2419,12545801,0,920885,4604425,3668526,1000000,3454380838,read,229282
measured,probe-memory-buffer,run,2420,12546401,1,920885,4604425,3669009,1000000,3454380838,read,229313
measured,probe-memory-buffer,run,2421,12547101,0,920885,4604425,3669491,1000000,3454380838,read,229343
measured,probe-memory-buffer,run,2422,12547701,1,920885,4604425,3670054,1000000,3454380838,read,229378
measured,probe-memory-buffer,run,2423,12548401,0,920885,4604425,3670537,1000000,3454380838,read,229408
measured,probe-memory-buffer,run,2424,12549001,1,920885,4604425,3671100,1000000,3454380838,read,229443
measured,probe-memory-buffer,run,2425,12549601,0,920885,4604425,3671582,1000000,3454380838,read,229473
measured,probe-memory-buffer,run,2426,12550301,1,920885,4604425,3672065,1000000,3454380838,read,229504
measured,probe-memory-buffer,run,2427,12550901,0,920885,4604425,3672628,1000000,3454380838,read,229539
measured,probe-memory-buffer,run,2428,12551601,1,920885,4604425,3673110,1000000,3454380838,read,229569
measured,probe-memory-buffer,run,2429,12552201,0,920885,4604425,3673673,1000000,3454380838,read,229604
measured,probe-memory-buffer,run,2430,12552901,1,920885,4604425,3674156,1000000,3454380838,read,229634
measured,probe-memory-buffer,run,2431,12553501,0,920885,4604425,3674719,1000000,3454380838,read,229669
measured,probe-memory-buffer,run,2432,12554201,1,920885,4604425,3675202,1000000,3454380838,read,229700
measured,probe-memory-buffer,run,2433,12554801,0,920885,4604425,3675684,1000000,3454380838,read,229730
measured,probe-memory-buffer,run,2434,12555401,1,920885,4604425,3676247,1000000,3454380838,read,229765
measured,probe-memory-buffer,run,2435,12556001,0,920885,4604425,3676730,1000000,3454380838,read,229795
measured,probe-memory-buffer,run,2436,12556701,1,920885,4604425,3677293,1000000,3454380838,read,229830
measured,probe-memory-buffer,run,2437,12557301,0,920885,4604425,3677775,1000000,3454380838,read,229860
measured,probe-memory-buffer,run,2438,12558001,1,920885,4604425,3678258,1000000,3454380838,read,229891
measured,probe-memory-buffer,run,2439,12558601,0,920885,4604425,3678740,1000000,3454380838,read,229921
measured,probe-memory-buffer,run,2440,12559201,1,920885,4604425,3679223,1000000,3454380838,read,229951
measured,probe-memory-buffer,run,2441,12559801,0,920885,4604425,3679706,1000000,3454380838,read,229981
measured,probe-memory-buffer,run,2442,12560401,1,920885,4604425,3680188,1000000,3454380838,read,230011
measured,probe-memory-buffer,run,2443,12561001,0,920885,4604425,3680671,1000000,3454380838,read,230041
measured,probe-memory-buffer,run,2444,12561601,1,920885,4604425,3681153,1000000,3454380838,read,230072
measured,probe-memory-buffer,run,2445,12562201,0,920885,4604425,3681636,1000000,3454380838,read,230102
measured,probe-memory-buffer,run,2446,12562801,1,920885,4604425,3682118,1000000,3454380838,read,230132
measured,probe-memory-buffer,run,2447,12563401,0,920885,4604425,3682601,1000000,3454380838,read,230162
measured,probe-memory-buffer,run,2448,12564001,1,920885,4604425,3683084,1000000,3454380838,read,230192
measured,probe-memory-buffer,run,2449,12564601,0,920885,4604425,3683647,1000000,3454380838,read,230227
measured,probe-memory-buffer,run,2450,12565201,1,920885,4604425,3684129,1000000,3454380838,read,230258
measured,probe-memory-buffer,run,2451,12565801,0,920885,4604425,3684612,1000000,3454380838,read,230288
measured,probe-memory-buffer,run,2452,12566401,1,920885,4604425,3685094,1000000,3454380838,read,230318
measured,probe-memory-buffer,run,2453,12567001,0,920885,4604425,3685577,1000000,3454380838,read,230348
measured,probe-memory-buffer,run,2454,12567601,1,920885,4604425,3686059,1000000,3454380838,read,230378
measured,probe-memory-buffer,run,2455,12568201,0,920885,4604425,3686542,1000000,3454380838,read,230408
measured,probe-memory-buffer,run,2456,12568801,1,920885,4604425,3687025,1000000,3454380838,read,230439
measured,probe-memory-buffer,run,2457,12569401,0,920885,4604425,3687507,1000000,3454380838,read,230469
measured,probe-memory-buffer,run,2458,12570001,1,920885,4604425,3687990,1000000,3454380838,read,230499
measured,probe-memory-buffer,run,2459,12570701,0,920885,4604425,3688472,1000000,3454380838,read,230529
measured,probe-memory-buffer,run,2460,12571301,1,920885,4604425,3688955,1000000,3454380838,read,230559
measured,probe-memory-buffer,run,2461,12571901,0,920885,4604425,3689437,1000000,3454380838,read,230589
measured,probe-memory-buffer,run,2462,12572501,1,920885,4604425,3689920,1000000,3454380838,read,230620
measured,probe-memory-buffer,run,2463,12573101,0,920885,4604425,3690403,1000000,3454380838,read,230650
measured,probe-memory-buffer,run,2464,12573701,1,920885,4604425,3690885,1000000,3454380838,read,230680
measured,probe-memory-buffer,run,2465,12574301,0,920885,4604425,3691368,1000000,3454380838,read,230710
measured,probe-memory-buffer,run,2466,12574901,1,920885,4604425,3691850,1000000,3454380838,read,230740
measured,probe-memory-buffer,run,2467,12575501,0,920885,4604425,3692333,1000000,3454380838,read,230770
measured,probe-memory-buffer,run,2468,12576101,1,920885,4604425,3692815,1000000,3454380838,read,230800
measured,probe-memory-buffer,run,2469,12576701,0,920885,4604425,3693378,1000000,3454380838,read,230836
measured,probe-memory-buffer,run,2470,12577301,1,920885,4604425,3693861,1000000,3454380838,read,230866
measured,probe-memory-buffer,run,2471,12577901,0,920885,4604425,3694344,1000000,3454380838,read,230896
measured,probe-memory-buffer,run,2472,12579701,1,920885,4604425,3695711,1000000,3454380838,read,230981
measured,probe-memory-buffer,run,2473,12580301,0,920885,4604425,3696274,1000000,3454380838,read,231017
measured,probe-memory-buffer,run,2474,12581001,1,920885,4604425,3696756,1000000,3454380838,read,231047
measured,probe-memory-buffer,run,2475,12581601,0,920885,4604425,3697319,1000000,3454380838,read,231082
measured,probe-memory-buffer,run,2476,12582201,1,920885,4604425,3697802,1000000,3454380838,read,231112
measured,probe-memory-buffer,run,2477,12582801,0,920885,4604425,3698285,1000000,3454380838,read,231142
measured,probe-memory-buffer,run,2478,12583401,1,920885,4604425,3698767,1000000,3454380838,read,231172
measured,probe-memory-buffer,run,2479,12584001,0,920885,4604425,3699250,1000000,3454380838,read,231203
measured,probe-memory-buffer,run,2480,12584601,1,920885,4604425,3699732,1000000,3454380838,read,231233
measured,probe-memory-buffer,run,2481,12585201,0,920885,4604425,3700215,1000000,3454380838,read,231263
measured,probe-memory-buffer,run,2482,12585801,1,920885,4604425,3700697,1000000,3454380838,read,231293
measured,probe-memory-buffer,run,2483,12586401,0,920885,4604425,3701180,1000000,3454380838,read,231323
measured,probe-memory-buffer,run,2484,12587001,1,920885,4604425,3701663,1000000,3454380838,read,231353
measured,probe-memory-buffer,run,2485,12587601,0,920885,4604425,3702145,1000000,3454380838,read,231384
measured,probe-memory-buffer,run,2486,12588201,1,920885,4604425,3702628,1000000,3454380838,read,231414
measured,probe-memory-buffer,run,2487,12590301,0,986420,4932100,3932100,1000000,3675264870,update,0
measured,probe-memory-buffer,run,2488,12616901,0,986420,4932100,3954947,1000000,3675264870,read,247184
measured,probe-memory-buffer,run,2489,12619401,1,986420,4932100,3957172,1000000,3675264870,read,247323
measured,probe-memory-buffer,run,2490,12620701,0,986420,4932100,3958199,1000000,3675264870,read,247387
measured,probe-memory-buffer,run,2491,12621301,1,986420,4932100,3958712,1000000,3675264870,read,247419
measured,probe-memory-buffer,run,2492,12622001,0,986420,4932100,3959311,1000000,3675264870,read,247456
measured,probe-memory-buffer,run,2493,12622701,1,986420,4932100,3959910,1000000,3675264870,read,247494
measured,probe-memory-buffer,run,2494,12623401,0,986420,4932100,3960509,1000000,3675264870,read,247531
measured,probe-memory-buffer,run,2495,12624001,1,986420,4932100,3961108,1000000,3675264870,read,247569
measured,probe-memory-buffer,run,2496,12624701,0,986420,4932100,3961622,1000000,3675264870,read,247601
measured,probe-memory-buffer,run,2497,12625301,1,986420,4932100,3962221,1000000,3675264870,read,247638
measured,probe-memory-buffer,run,2498,12626001,0,986420,4932100,3962734,1000000,3675264870,read,247670
measured,probe-memory-buffer,run,2499,12626601,1,986420,4932100,3963333,1000000,3675264870,read,247708
measured,probe-memory-buffer,run,2500,12627201,0,986420,4932100,3963846,1000000,3675264870,read,247740
measured,probe-memory-buffer,run,2501,12627801,1,986420,4932100,3964360,1000000,3675264870,read,247772
measured,probe-memory-buffer,run,2502,12628401,0,986420,4932100,3964873,1000000,3675264870,read,247804
measured,probe-memory-buffer,run,2503,12629001,1,986420,4932100,3965387,1000000,3675264870,read,247836
measured,probe-memory-buffer,run,2504,12629601,0,986420,4932100,3965900,1000000,3675264870,read,247868
measured,probe-memory-buffer,run,2505,12630901,1,986420,4932100,3966927,1000000,3675264870,read,247932
measured,probe-memory-buffer,run,2506,12631501,0,986420,4932100,3967526,1000000,3675264870,read,247970
measured,probe-memory-buffer,run,2507,12632201,1,986420,4932100,3968039,1000000,3675264870,read,248002
measured,probe-memory-buffer,run,2508,12632801,0,986420,4932100,3968638,1000000,3675264870,read,248039
measured,probe-memory-buffer,run,2509,12633501,1,986420,4932100,3969152,1000000,3675264870,read,248072
measured,probe-memory-buffer,run,2510,12634101,0,986420,4932100,3969751,1000000,3675264870,read,248109
measured,probe-memory-buffer,run,2511,12634801,1,986420,4932100,3970264,1000000,3675264870,read,248141
measured,probe-memory-buffer,run,2512,12635401,0,986420,4932100,3970863,1000000,3675264870,read,248178
measured,probe-memory-buffer,run,2513,12636001,1,986420,4932100,3971377,1000000,3675264870,read,248211
measured,probe-memory-buffer,run,2514,12636601,0,986420,4932100,3971890,1000000,3675264870,read,248243
measured,probe-memory-buffer,run,2515,12637201,1,986420,4932100,3972404,1000000,3675264870,read,248275
measured,probe-memory-buffer,run,2516,12637901,0,986420,4932100,3972917,1000000,3675264870,read,248307
measured,probe-memory-buffer,run,2517,12638501,1,986420,4932100,3973430,1000000,3675264870,read,248339
measured,probe-memory-buffer,run,2518,12639101,0,986420,4932100,3973944,1000000,3675264870,read,248371
measured,probe-memory-buffer,run,2519,12639701,1,986420,4932100,3974457,1000000,3675264870,read,248403
measured,probe-memory-buffer,run,2520,12640301,0,986420,4932100,3975056,1000000,3675264870,read,248441
measured,probe-memory-buffer,run,2521,12640901,1,986420,4932100,3975570,1000000,3675264870,read,248473
measured,probe-memory-buffer,run,2522,12641501,0,986420,4932100,3976083,1000000,3675264870,read,248505
measured,probe-memory-buffer,run,2523,12642101,1,986420,4932100,3976597,1000000,3675264870,read,248537
measured,probe-memory-buffer,run,2524,12642701,0,986420,4932100,3977110,1000000,3675264870,read,248569
measured,probe-memory-buffer,run,2525,12643301,1,986420,4932100,3977623,1000000,3675264870,read,248601
measured,probe-memory-buffer,run,2526,12644001,0,986420,4932100,3978137,1000000,3675264870,read,248633
measured,probe-memory-buffer,run,2527,12644601,1,986420,4932100,3978650,1000000,3675264870,read,248665
measured,probe-memory-buffer,run,2528,12645201,0,986420,4932100,3979249,1000000,3675264870,read,248703
measured,probe-memory-buffer,run,2529,12648501,1,986420,4932100,3982073,1000000,3675264870,read,248879
measured,probe-memory-buffer,run,2530,12649201,0,986420,4932100,3982672,1000000,3675264870,read,248917
measured,probe-memory-buffer,run,2531,12649901,1,986420,4932100,3983186,1000000,3675264870,read,248949
measured,probe-memory-buffer,run,2532,12650501,0,986420,4932100,3983785,1000000,3675264870,read,248986
measured,probe-memory-buffer,run,2533,12651201,1,986420,4932100,3984298,1000000,3675264870,read,249018
measured,probe-memory-buffer,run,2534,12651801,0,986420,4932100,3984897,1000000,3675264870,read,249056
measured,probe-memory-buffer,run,2535,12652501,1,986420,4932100,3985410,1000000,3675264870,read,249088
measured,probe-memory-buffer,run,2536,12653101,0,986420,4932100,3986009,1000000,3675264870,read,249125
measured,probe-memory-buffer,run,2537,12653701,1,986420,4932100,3986523,1000000,3675264870,read,249157
measured,probe-memory-buffer,run,2538,12654401,0,986420,4932100,3987036,1000000,3675264870,read,249189
measured,probe-memory-buffer,run,2539,12655001,1,986420,4932100,3987550,1000000,3675264870,read,249221
measured,probe-memory-buffer,run,2540,12655601,0,986420,4932100,3988149,1000000,3675264870,read,249259
measured,probe-memory-buffer,run,2541,12656301,1,986420,4932100,3988662,1000000,3675264870,read,249291
measured,probe-memory-buffer,run,2542,12656901,0,986420,4932100,3989261,1000000,3675264870,read,249328
measured,probe-memory-buffer,run,2543,12657601,1,986420,4932100,3989775,1000000,3675264870,read,249360
measured,probe-memory-buffer,run,2544,12658201,0,986420,4932100,3990374,1000000,3675264870,read,249398
measured,probe-memory-buffer,run,2545,12658901,1,986420,4932100,3990887,1000000,3675264870,read,249430
measured,probe-memory-buffer,run,2546,12659501,0,986420,4932100,3991486,1000000,3675264870,read,249467
measured,probe-memory-buffer,run,2547,12660201,1,986420,4932100,3991999,1000000,3675264870,read,249499
measured,probe-memory-buffer,run,2548,12660901,0,986420,4932100,3992598,1000000,3675264870,read,249537
measured,probe-memory-buffer,run,2549,12661501,1,986420,4932100,3993197,1000000,3675264870,read,249574
measured,probe-memory-buffer,run,2550,12662201,0,986420,4932100,3993711,1000000,3675264870,read,249606
measured,probe-memory-buffer,run,2551,12662801,1,986420,4932100,3994224,1000000,3675264870,read,249639
measured,probe-memory-buffer,run,2552,12663401,0,986420,4932100,3994823,1000000,3675264870,read,249676
measured,probe-memory-buffer,run,2553,12664101,1,986420,4932100,3995337,1000000,3675264870,read,249708
measured,probe-memory-buffer,run,2554,12664701,0,986420,4932100,3995936,1000000,3675264870,read,249746
measured,probe-memory-buffer,run,2555,12665401,1,986420,4932100,3996449,1000000,3675264870,read,249778
measured,probe-memory-buffer,run,2556,12666001,0,986420,4932100,3997048,1000000,3675264870,read,249815
measured,probe-memory-buffer,run,2557,12666601,1,986420,4932100,3997562,1000000,3675264870,read,249847
measured,probe-memory-buffer,run,2558,12667301,0,986420,4932100,3998161,1000000,3675264870,read,249885
measured,probe-memory-buffer,run,2559,12667901,1,986420,4932100,3998674,1000000,3675264870,read,249917
measured,probe-memory-buffer,run,2560,12668501,0,986420,4932100,3999187,1000000,3675264870,read,249949
measured,probe-memory-buffer,run,2561,12669101,1,986420,4932100,3999701,1000000,3675264870,read,249981
measured,probe-memory-buffer,run,2562,12669701,0,986420,4932100,4000214,1000000,3675264870,read,250013
measured,probe-memory-buffer,run,2563,12670301,1,986420,4932100,4000728,1000000,3675264870,read,250045
measured,probe-memory-buffer,run,2564,12670901,0,986420,4932100,4001241,1000000,3675264870,read,250077
measured,probe-memory-buffer,run,2565,12699601,1,986420,4932100,4025715,1000000,3675264870,read,251607
measured,probe-memory-buffer,run,2566,12700301,0,986420,4932100,4026314,1000000,3675264870,read,251644
measured,probe-memory-buffer,run,2567,12701001,1,986420,4932100,4026913,1000000,3675264870,read,251682
measured,probe-memory-buffer,run,2568,12701601,0,986420,4932100,4027512,1000000,3675264870,read,251719
measured,probe-memory-buffer,run,2569,12702201,1,986420,4932100,4028025,1000000,3675264870,read,251751
measured,probe-memory-buffer,run,2570,12702901,0,986420,4932100,4028538,1000000,3675264870,read,251783
measured,probe-memory-buffer,run,2571,12703501,1,986420,4932100,4029052,1000000,3675264870,read,251815
measured,probe-memory-buffer,run,2572,12704101,0,986420,4932100,4029565,1000000,3675264870,read,251847
measured,probe-memory-buffer,run,2573,12704701,1,986420,4932100,4030164,1000000,3675264870,read,251885
measured,probe-memory-buffer,run,2574,12705401,0,986420,4932100,4030763,1000000,3675264870,read,251922
measured,probe-memory-buffer,run,2575,12706001,1,986420,4932100,4031277,1000000,3675264870,read,251954
measured,probe-memory-buffer,run,2576,12706701,0,986420,4932100,4031790,1000000,3675264870,read,251986
measured,probe-memory-buffer,run,2577,12707401,1,986420,4932100,4032389,1000000,3675264870,read,252024
measured,probe-memory-buffer,run,2578,12708201,0,986420,4932100,4033159,1000000,3675264870,read,252072
measured,probe-memory-buffer,run,2579,12708901,1,986420,4932100,4033758,1000000,3675264870,read,252109
measured,probe-memory-buffer,run,2580,12709701,0,986420,4932100,4034357,1000000,3675264870,read,252147
measured,probe-memory-buffer,run,2581,12710301,1,986420,4932100,4034956,1000000,3675264870,read,252184
measured,probe-memory-buffer,run,2582,12711101,0,986420,4932100,4035555,1000000,3675264870,read,252222
measured,probe-memory-buffer,run,2583,12711801,1,986420,4932100,4036154,1000000,3675264870,read,252259
measured,probe-memory-buffer,run,2584,12712601,0,986420,4932100,4036839,1000000,3675264870,read,252302
measured,probe-memory-buffer,run,2585,12713201,1,986420,4932100,4037352,1000000,3675264870,read,252334
measured,probe-memory-buffer,run,2586,12715101,0,986420,4932100,4039064,1000000,3675264870,read,252441
measured,probe-memory-buffer,run,2587,12715901,1,986420,4932100,4039663,1000000,3675264870,read,252478
measured,probe-memory-buffer,run,2588,12716601,0,986420,4932100,4040347,1000000,3675264870,read,252521
measured,probe-memory-buffer,run,2589,12717301,1,986420,4932100,4040861,1000000,3675264870,read,252553
measured,probe-memory-buffer,run,2590,12718001,0,986420,4932100,4041545,1000000,3675264870,read,252596
measured,probe-memory-buffer,run,2591,12718701,1,986420,4932100,4042059,1000000,3675264870,read,252628
measured,probe-memory-buffer,run,2592,12719401,0,986420,4932100,4042743,1000000,3675264870,read,252671
measured,probe-memory-buffer,run,2593,12720201,1,986420,4932100,4043342,1000000,3675264870,read,252708
measured,probe-memory-buffer,run,2594,12721001,0,986420,4932100,4044027,1000000,3675264870,read,252751
measured,probe-memory-buffer,run,2595,12721701,1,986420,4932100,4044711,1000000,3675264870,read,252794
measured,probe-memory-buffer,run,2596,12722501,0,986420,4932100,4045310,1000000,3675264870,read,252831
measured,probe-memory-buffer,run,2597,12723201,1,986420,4932100,4045995,1000000,3675264870,read,252874
measured,probe-memory-buffer,run,2598,12724001,0,986420,4932100,4046594,1000000,3675264870,read,252912
measured,probe-memory-buffer,run,2599,12724601,1,986420,4932100,4047193,1000000,3675264870,read,252949
measured,probe-memory-buffer,run,2600,12725301,0,986420,4932100,4047792,1000000,3675264870,read,252987
measured,probe-memory-buffer,run,2601,12726001,1,986420,4932100,4048305,1000000,3675264870,read,253019
measured,probe-memory-buffer,run,2602,12726701,0,986420,4932100,4048990,1000000,3675264870,read,253061
measured,probe-memory-buffer,run,2603,12727401,1,986420,4932100,4049589,1000000,3675264870,read,253099
measured,probe-memory-buffer,run,2604,12728201,0,986420,4932100,4050188,1000000,3675264870,read,253136
measured,probe-memory-buffer,run,2605,12728901,1,986420,4932100,4050873,1000000,3675264870,read,253179
measured,probe-memory-buffer,run,2606,12729601,0,986420,4932100,4051472,1000000,3675264870,read,253217
measured,probe-memory-buffer,run,2607,12730301,1,986420,4932100,4052071,1000000,3675264870,read,253254
measured,probe-memory-buffer,run,2608,12731101,0,986420,4932100,4052670,1000000,3675264870,read,253291
measured,probe-memory-buffer,run,2609,12731801,1,986420,4932100,4053269,1000000,3675264870,read,253329
measured,probe-memory-buffer,run,2610,12732501,0,986420,4932100,4053953,1000000,3675264870,read,253372
measured,probe-memory-buffer,run,2611,12733201,1,986420,4932100,4054467,1000000,3675264870,read,253404
measured,probe-memory-buffer,run,2612,12736701,0,986420,4932100,4057205,1000000,2767186071,update,0
measured,probe-memory-buffer,run,2613,12787101,0,986420,4932100,4089870,1000000,2767186071,read,255616
measured,probe-memory-buffer,run,2614,12791401,1,986420,4932100,4092576,1000000,2767186071,read,255786
measured,probe-memory-buffer,run,2615,12793801,0,986420,4932100,4094186,1000000,2767186071,read,255886
measured,probe-memory-buffer,run,2616,12794901,1,986420,4932100,4094831,1000000,2767186071,read,255926
measured,probe-memory-buffer,run,2617,12795801,0,986420,4932100,4095411,1000000,2767186071,read,255963
measured,probe-memory-buffer,run,2618,12796601,1,986420,4932100,4095926,1000000,2767186071,read,255995
measured,probe-memory-buffer,run,2619,12797401,0,986420,4932100,4096441,1000000,2767186071,read,256027
measured,probe-memory-buffer,run,2620,12798201,1,986420,4932100,4097021,1000000,2767186071,read,256063
measured,probe-memory-buffer,run,2621,12799001,0,986420,4932100,4097472,1000000,2767186071,read,256092
measured,probe-memory-buffer,run,2622,12799701,1,986420,4932100,4097988,1000000,2767186071,read,256124
measured,probe-memory-buffer,run,2623,12800401,0,986420,4932100,4098439,1000000,2767186071,read,256152
measured,probe-memory-buffer,run,2624,12801101,1,986420,4932100,4098890,1000000,2767186071,read,256180
measured,probe-memory-buffer,run,2625,12801801,0,986420,4932100,4099341,1000000,2767186071,read,256208
measured,probe-memory-buffer,run,2626,12802701,1,986420,4932100,4099856,1000000,2767186071,read,256241
measured,probe-memory-buffer,run,2627,12803301,0,986420,4932100,4100307,1000000,2767186071,read,256269
measured,probe-memory-buffer,run,2628,12804001,1,986420,4932100,4100758,1000000,2767186071,read,256297
measured,probe-memory-buffer,run,2629,12804601,0,986420,4932100,4101145,1000000,2767186071,read,256321
measured,probe-memory-buffer,run,2630,12805301,1,986420,4932100,4101531,1000000,2767186071,read,256345
measured,probe-memory-buffer,run,2631,12805801,0,986420,4932100,4101918,1000000,2767186071,read,256369
measured,probe-memory-buffer,run,2632,12806501,1,986420,4932100,4102304,1000000,2767186071,read,256394
measured,probe-memory-buffer,run,2633,12807101,0,986420,4932100,4102755,1000000,2767186071,read,256422
measured,probe-memory-buffer,run,2634,12807801,1,986420,4932100,4103142,1000000,2767186071,read,256446
measured,probe-memory-buffer,run,2635,12808301,0,986420,4932100,4103529,1000000,2767186071,read,256470
measured,probe-memory-buffer,run,2636,12809001,1,986420,4932100,4103980,1000000,2767186071,read,256498
measured,probe-memory-buffer,run,2637,12809601,0,986420,4932100,4104366,1000000,2767186071,read,256522
measured,probe-memory-buffer,run,2638,12810301,1,986420,4932100,4104753,1000000,2767186071,read,256547
measured,probe-memory-buffer,run,2639,12810901,0,986420,4932100,4105204,1000000,2767186071,read,256575
measured,probe-memory-buffer,run,2640,12811601,1,986420,4932100,4105590,1000000,2767186071,read,256599
measured,probe-memory-buffer,run,2641,12812301,0,986420,4932100,4106041,1000000,2767186071,read,256627
measured,probe-memory-buffer,run,2642,12812901,1,986420,4932100,4106492,1000000,2767186071,read,256655
measured,probe-memory-buffer,run,2643,12817501,0,986420,4932100,4109456,1000000,2767186071,read,256841
measured,probe-memory-buffer,run,2644,12818201,1,986420,4932100,4109907,1000000,2767186071,read,256869
measured,probe-memory-buffer,run,2645,12818801,0,986420,4932100,4110294,1000000,2767186071,read,256893
measured,probe-memory-buffer,run,2646,12819501,1,986420,4932100,4110745,1000000,2767186071,read,256921
measured,probe-memory-buffer,run,2647,12820201,0,986420,4932100,4111131,1000000,2767186071,read,256945
measured,probe-memory-buffer,run,2648,12820801,1,986420,4932100,4111582,1000000,2767186071,read,256973
measured,probe-memory-buffer,run,2649,12821501,0,986420,4932100,4111969,1000000,2767186071,read,256998
measured,probe-memory-buffer,run,2650,12822101,1,986420,4932100,4112355,1000000,2767186071,read,257022
measured,probe-memory-buffer,run,2651,12822801,0,986420,4932100,4112806,1000000,2767186071,read,257050
measured,probe-memory-buffer,run,2652,12823401,1,986420,4932100,4113193,1000000,2767186071,read,257074
measured,probe-memory-buffer,run,2653,12824001,0,986420,4932100,4113644,1000000,2767186071,read,257102
measured,probe-memory-buffer,run,2654,12824701,1,986420,4932100,4114095,1000000,2767186071,read,257130
measured,probe-memory-buffer,run,2655,12825401,0,986420,4932100,4114481,1000000,2767186071,read,257155
measured,probe-memory-buffer,run,2656,12826001,1,986420,4932100,4114868,1000000,2767186071,read,257179
measured,probe-memory-buffer,run,2657,12826701,0,986420,4932100,4115319,1000000,2767186071,read,257207
measured,probe-memory-buffer,run,2658,12827301,1,986420,4932100,4115770,1000000,2767186071,read,257235
measured,probe-memory-buffer,run,2659,12828001,0,986420,4932100,4116221,1000000,2767186071,read,257263
measured,probe-memory-buffer,run,2660,12828601,1,986420,4932100,4116608,1000000,2767186071,read,257288
measured,probe-memory-buffer,run,2661,12829301,0,986420,4932100,4117059,1000000,2767186071,read,257316
measured,probe-memory-buffer,run,2662,12830001,1,986420,4932100,4117445,1000000,2767186071,read,257340
measured,probe-memory-buffer,run,2663,12830601,0,986420,4932100,4117896,1000000,2767186071,read,257368
measured,probe-memory-buffer,run,2664,12831201,1,986420,4932100,4118283,1000000,2767186071,read,257392
measured,probe-memory-buffer,run,2665,12831901,0,986420,4932100,4118669,1000000,2767186071,read,257416
measured,probe-memory-buffer,run,2666,12832501,1,986420,4932100,4119056,1000000,2767186071,read,257441
measured,probe-memory-buffer,run,2667,12833101,0,986420,4932100,4119507,1000000,2767186071,read,257469
measured,probe-memory-buffer,run,2668,12833701,1,986420,4932100,4119893,1000000,2767186071,read,257493
measured,probe-memory-buffer,run,2669,12834401,0,986420,4932100,4120344,1000000,2767186071,read,257521
measured,probe-memory-buffer,run,2670,12835101,1,986420,4932100,4120731,1000000,2767186071,read,257545
measured,probe-memory-buffer,run,2671,12835801,0,986420,4932100,4121182,1000000,2767186071,read,257573
measured,probe-memory-buffer,run,2672,12837601,1,986420,4932100,4122406,1000000,2767186071,read,257650
measured,probe-memory-buffer,run,2673,12838301,0,986420,4932100,4122857,1000000,2767186071,read,257678
measured,probe-memory-buffer,run,2674,12839001,1,986420,4932100,4123244,1000000,2767186071,read,257702
measured,probe-memory-buffer,run,2675,12839601,0,986420,4932100,4123695,1000000,2767186071,read,257730
measured,probe-memory-buffer,run,2676,12840201,1,986420,4932100,4124081,1000000,2767186071,read,257755
measured,probe-memory-buffer,run,2677,12840901,0,986420,4932100,4124532,1000000,2767186071,read,257783
measured,probe-memory-buffer,run,2678,12841601,1,986420,4932100,4124919,1000000,2767186071,read,257807
measured,probe-memory-buffer,run,2679,12842201,0,986420,4932100,4125370,1000000,2767186071,read,257835
measured,probe-memory-buffer,run,2680,12842801,1,986420,4932100,4125756,1000000,2767186071,read,257859
measured,probe-memory-buffer,run,2681,12843501,0,986420,4932100,4126143,1000000,2767186071,read,257883
measured,probe-memory-buffer,run,2682,12844101,1,986420,4932100,4126530,1000000,2767186071,read,257908
measured,probe-memory-buffer,run,2683,12844701,0,986420,4932100,4126981,1000000,2767186071,read,257936
measured,probe-memory-buffer,run,2684,12845301,1,986420,4932100,4127367,1000000,2767186071,read,257960
measured,probe-memory-buffer,run,2685,12846001,0,986420,4932100,4127754,1000000,2767186071,read,257984
measured,probe-memory-buffer,run,2686,12846601,1,986420,4932100,4128205,1000000,2767186071,read,258012
measured,probe-memory-buffer,run,2687,12847301,0,986420,4932100,4128656,1000000,2767186071,read,258041
measured,probe-memory-buffer,run,2688,12848001,1,986420,4932100,4129042,1000000,2767186071,read,258065
measured,probe-memory-buffer,run,2689,12848701,0,986420,4932100,4129493,1000000,2767186071,read,258093
measured,probe-memory-buffer,run,2690,12849301,1,986420,4932100,4129944,1000000,2767186071,read,258121
measured,probe-memory-buffer,run,2691,12850001,0,986420,4932100,4130331,1000000,2767186071,read,258145
measured,probe-memory-buffer,run,2692,12850601,1,986420,4932100,4130782,1000000,2767186071,read,258173
measured,probe-memory-buffer,run,2693,12851301,0,986420,4932100,4131168,1000000,2767186071,read,258198
measured,probe-memory-buffer,run,2694,12851901,1,986420,4932100,4131619,1000000,2767186071,read,258226
measured,probe-memory-buffer,run,2695,12852601,0,986420,4932100,4132006,1000000,2767186071,read,258250
measured,probe-memory-buffer,run,2696,12853201,1,986420,4932100,4132393,1000000,2767186071,read,258274
measured,probe-memory-buffer,run,2697,12853901,0,986420,4932100,4132844,1000000,2767186071,read,258302
measured,probe-memory-buffer,run,2698,12854501,1,986420,4932100,4133230,1000000,2767186071,read,258326
measured,probe-memory-buffer,run,2699,12855201,0,986420,4932100,4133681,1000000,2767186071,read,258355
measured,probe-memory-buffer,run,2700,12859101,1,986420,4932100,4136258,1000000,2767186071,read,258516
measured,probe-memory-buffer,run,2701,12859901,0,986420,4932100,4136709,1000000,2767186071,read,258544
measured,probe-memory-buffer,run,2702,12860501,1,986420,4932100,4137160,1000000,2767186071,read,258572
measured,probe-memory-buffer,run,2703,12861201,0,986420,4932100,4137547,1000000,2767186071,read,258596
measured,probe-memory-buffer,run,2704,12861801,1,986420,4932100,4137998,1000000,2767186071,read,258624
measured,probe-memory-buffer,run,2705,12862501,0,986420,4932100,4138384,1000000,2767186071,read,258649
measured,probe-memory-buffer,run,2706,12863101,1,986420,4932100,4138835,1000000,2767186071,read,258677
measured,probe-memory-buffer,run,2707,12863801,0,986420,4932100,4139286,1000000,2767186071,read,258705
measured,probe-memory-buffer,run,2708,12866001,0,1051955,5259775,4259775,1000000,3159868795,update,0
measured,probe-memory-buffer,run,2709,12900501,1,1051955,5259775,4285157,1000000,3159868795,read,267822
measured,probe-memory-buffer,run,2710,12917601,0,1051955,5259775,4297811,1000000,3159868795,read,268613
measured,probe-memory-buffer,run,2711,12919001,1,1051955,5259775,4298841,1000000,3159868795,read,268677
measured,probe-memory-buffer,run,2712,12919701,0,1051955,5259775,4299356,1000000,3159868795,read,268709
measured,probe-memory-buffer,run,2713,12920401,1,1051955,5259775,4299871,1000000,3159868795,read,268741
measured,probe-memory-buffer,run,2714,12921101,0,1051955,5259775,4300386,1000000,3159868795,read,268774
measured,probe-memory-buffer,run,2715,12921701,1,1051955,5259775,4300827,1000000,3159868795,read,268801
measured,probe-memory-buffer,run,2716,12922401,0,1051955,5259775,4301342,1000000,3159868795,read,268833
measured,probe-memory-buffer,run,2717,12923101,1,1051955,5259775,4301857,1000000,3159868795,read,268866
measured,probe-memory-buffer,run,2718,12923801,0,1051955,5259775,4302299,1000000,3159868795,read,268893
measured,probe-memory-buffer,run,2719,12924401,1,1051955,5259775,4302740,1000000,3159868795,read,268921
measured,probe-memory-buffer,run,2720,12925001,0,1051955,5259775,4303182,1000000,3159868795,read,268948
measured,probe-memory-buffer,run,2721,12925601,1,1051955,5259775,4303697,1000000,3159868795,read,268981
measured,probe-memory-buffer,run,2722,12926301,0,1051955,5259775,4304212,1000000,3159868795,read,269013
measured,probe-memory-buffer,run,2723,12926901,1,1051955,5259775,4304653,1000000,3159868795,read,269040
measured,probe-memory-buffer,run,2724,12927601,0,1051955,5259775,4305094,1000000,3159868795,read,269068
measured,probe-memory-buffer,run,2725,12928201,1,1051955,5259775,4305536,1000000,3159868795,read,269096
measured,probe-memory-buffer,run,2726,12928801,0,1051955,5259775,4306051,1000000,3159868795,read,269128
measured,probe-memory-buffer,run,2727,12929401,1,1051955,5259775,4306492,1000000,3159868795,read,269155
measured,probe-memory-buffer,run,2728,12930001,0,1051955,5259775,4306934,1000000,3159868795,read,269183
measured,probe-memory-buffer,run,2729,12930701,1,1051955,5259775,4307375,1000000,3159868795,read,269210
measured,probe-memory-buffer,run,2730,12931301,0,1051955,5259775,4307890,1000000,3159868795,read,269243
measured,probe-memory-buffer,run,2731,12931901,1,1051955,5259775,4308332,1000000,3159868795,read,269270
measured,probe-memory-buffer,run,2732,12932601,0,1051955,5259775,4308773,1000000,3159868795,read,269298
measured,probe-memory-buffer,run,2733,12933201,1,1051955,5259775,4309288,1000000,3159868795,read,269330
measured,probe-memory-buffer,run,2734,12933901,0,1051955,5259775,4309729,1000000,3159868795,read,269358
measured,probe-memory-buffer,run,2735,12934501,1,1051955,5259775,4310171,1000000,3159868795,read,269385
measured,probe-memory-buffer,run,2736,12935101,0,1051955,5259775,4310686,1000000,3159868795,read,269417
measured,probe-memory-buffer,run,2737,12935801,1,1051955,5259775,4311127,1000000,3159868795,read,269445
measured,probe-memory-buffer,run,2738,12936401,0,1051955,5259775,4311642,1000000,3159868795,read,269477
measured,probe-memory-buffer,run,2739,12937101,1,1051955,5259775,4312084,1000000,3159868795,read,269505
measured,probe-memory-buffer,run,2740,12937701,0,1051955,5259775,4312525,1000000,3159868795,read,269532
measured,probe-memory-buffer,run,2741,12938301,1,1051955,5259775,4313040,1000000,3159868795,read,269565
measured,probe-memory-buffer,run,2742,12938901,0,1051955,5259775,4313482,1000000,3159868795,read,269592
measured,probe-memory-buffer,run,2743,12939601,1,1051955,5259775,4313923,1000000,3159868795,read,269620
measured,probe-memory-buffer,run,2744,12940201,0,1051955,5259775,4314364,1000000,3159868795,read,269647
measured,probe-memory-buffer,run,2745,12940801,1,1051955,5259775,4314879,1000000,3159868795,read,269679
measured,probe-memory-buffer,run,2746,12941401,0,1051955,5259775,4315321,1000000,3159868795,read,269707
measured,probe-memory-buffer,run,2747,12942101,1,1051955,5259775,4315762,1000000,3159868795,read,269735
measured,probe-memory-buffer,run,2748,12942701,0,1051955,5259775,4316204,1000000,3159868795,read,269762
measured,probe-memory-buffer,run,2749,12943301,1,1051955,5259775,4316719,1000000,3159868795,read,269794
measured,probe-memory-buffer,run,2750,12944001,0,1051955,5259775,4317160,1000000,3159868795,read,269822
measured,probe-memory-buffer,run,2751,12944601,1,1051955,5259775,4317675,1000000,3159868795,read,269854
measured,probe-memory-buffer,run,2752,12945301,0,1051955,5259775,4318117,1000000,3159868795,read,269882
measured,probe-memory-buffer,run,2753,12945901,1,1051955,5259775,4318632,1000000,3159868795,read,269914
measured,probe-memory-buffer,run,2754,12946601,0,1051955,5259775,4319073,1000000,3159868795,read,269942
measured,probe-memory-buffer,run,2755,12947201,1,1051955,5259775,4319588,1000000,3159868795,read,269974
measured,probe-memory-buffer,run,2756,12947801,0,1051955,5259775,4320029,1000000,3159868795,read,270001
measured,probe-memory-buffer,run,2757,12951901,1,1051955,5259775,4322972,1000000,3159868795,read,270185
measured,probe-memory-buffer,run,2758,12952601,0,1051955,5259775,4323561,1000000,3159868795,read,270222
measured,probe-memory-buffer,run,2759,12953201,1,1051955,5259775,4324002,1000000,3159868795,read,270250
measured,probe-memory-buffer,run,2760,12953901,0,1051955,5259775,4324444,1000000,3159868795,read,270277
measured,probe-memory-buffer,run,2761,12954501,1,1051955,5259775,4324959,1000000,3159868795,read,270309
measured,probe-memory-buffer,run,2762,12955201,0,1051955,5259775,4325400,1000000,3159868795,read,270337
measured,probe-memory-buffer,run,2763,12955801,1,1051955,5259775,4325915,1000000,3159868795,read,270369
measured,probe-memory-buffer,run,2764,12956401,0,1051955,5259775,4326357,1000000,3159868795,read,270397
measured,probe-memory-buffer,run,2765,12957101,1,1051955,5259775,4326798,1000000,3159868795,read,270424
measured,probe-memory-buffer,run,2766,12957701,0,1051955,5259775,4327313,1000000,3159868795,read,270457
measured,probe-memory-buffer,run,2767,12958301,1,1051955,5259775,4327754,1000000,3159868795,read,270484
measured,probe-memory-buffer,run,2768,12959001,0,1051955,5259775,4328196,1000000,3159868795,read,270512
measured,probe-memory-buffer,run,2769,12959601,1,1051955,5259775,4328711,1000000,3159868795,read,270544
measured,probe-memory-buffer,run,2770,12960201,0,1051955,5259775,4329152,1000000,3159868795,read,270572
measured,probe-memory-buffer,run,2771,12960901,1,1051955,5259775,4329594,1000000,3159868795,read,270599
measured,probe-memory-buffer,run,2772,12961501,0,1051955,5259775,4330035,1000000,3159868795,read,270627
measured,probe-memory-buffer,run,2773,12962101,1,1051955,5259775,4330550,1000000,3159868795,read,270659
measured,probe-memory-buffer,run,2774,12962801,0,1051955,5259775,4330992,1000000,3159868795,read,270687
measured,probe-memory-buffer,run,2775,12963401,1,1051955,5259775,4331507,1000000,3159868795,read,270719
measured,probe-memory-buffer,run,2776,12964101,0,1051955,5259775,4331948,1000000,3159868795,read,270746
measured,probe-memory-buffer,run,2777,12964701,1,1051955,5259775,4332463,1000000,3159868795,read,270778
measured,probe-memory-buffer,run,2778,12965401,0,1051955,5259775,4332904,1000000,3159868795,read,270806
measured,probe-memory-buffer,run,2779,12966001,1,1051955,5259775,4333419,1000000,3159868795,read,270838
measured,probe-memory-buffer,run,2780,12966601,0,1051955,5259775,4333861,1000000,3159868795,read,270866
measured,probe-memory-buffer,run,2781,12967201,1,1051955,5259775,4334302,1000000,3159868795,read,270893
measured,probe-memory-buffer,run,2782,12967901,0,1051955,5259775,4334744,1000000,3159868795,read,270921
measured,probe-memory-buffer,run,2783,12968501,1,1051955,5259775,4335259,1000000,3159868795,read,270953
measured,probe-memory-buffer,run,2784,12969101,0,1051955,5259775,4335700,1000000,3159868795,read,270981
measured,probe-memory-buffer,run,2785,12969801,1,1051955,5259775,4336142,1000000,3159868795,read,271008
measured,probe-memory-buffer,run,2786,12970401,0,1051955,5259775,4336657,1000000,3159868795,read,271041
measured,probe-memory-buffer,run,2787,12971101,1,1051955,5259775,4337098,1000000,3159868795,read,271068
measured,probe-memory-buffer,run,2788,12971701,0,1051955,5259775,4337613,1000000,3159868795,read,271100
measured,probe-memory-buffer,run,2789,12972401,1,1051955,5259775,4338054,1000000,3159868795,read,271128
measured,probe-memory-buffer,run,2790,12973401,0,1051955,5259775,4338864,1000000,3159868795,read,271179
measured,probe-memory-buffer,run,2791,12974001,1,1051955,5259775,4339305,1000000,3159868795,read,271206
measured,probe-memory-buffer,run,2792,12974601,0,1051955,5259775,4339747,1000000,3159868795,read,271234
measured,probe-memory-buffer,run,2793,12975301,1,1051955,5259775,4340188,1000000,3159868795,read,271261
measured,probe-memory-buffer,run,2794,12975901,0,1051955,5259775,4340703,1000000,3159868795,read,271293
measured,probe-memory-buffer,run,2795,12976601,1,1051955,5259775,4341144,1000000,3159868795,read,271321
measured,probe-memory-buffer,run,2796,12977201,0,1051955,5259775,4341586,1000000,3159868795,read,271349
measured,probe-memory-buffer,run,2797,12977801,1,1051955,5259775,4342101,1000000,3159868795,read,271381
measured,probe-memory-buffer,run,2798,12978401,0,1051955,5259775,4342542,1000000,3159868795,read,271408
measured,probe-memory-buffer,run,2799,12979101,1,1051955,5259775,4342984,1000000,3159868795,read,271436
measured,probe-memory-buffer,run,2800,12979701,0,1051955,5259775,4343499,1000000,3159868795,read,271468
measured,probe-memory-buffer,run,2801,12980301,1,1051955,5259775,4343940,1000000,3159868795,read,271496
measured,probe-memory-buffer,run,2802,12981001,0,1051955,5259775,4344382,1000000,3159868795,read,271523
measured,probe-memory-buffer,run,2803,12981601,1,1051955,5259775,4344897,1000000,3159868795,read,271556
measured,probe-memory-buffer,run,2804,12982301,0,1051955,5259775,4345338,1000000,3159868795,read,271583
measured,probe-memory-buffer,run,2805,12982901,1,1051955,5259775,4345779,1000000,3159868795,read,271611
measured,probe-memory-buffer,run,2806,12983501,0,1051955,5259775,4346294,1000000,3159868795,read,271643
measured,probe-memory-buffer,run,2807,12984101,1,1051955,5259775,4346736,1000000,3159868795,read,271671
measured,probe-memory-buffer,run,2808,12984801,0,1051955,5259775,4347177,1000000,3159868795,read,271698
measured,probe-memory-buffer,run,2809,12985401,1,1051955,5259775,4347619,1000000,3159868795,read,271726
measured,probe-memory-buffer,run,2810,12986001,0,1051955,5259775,4348134,1000000,3159868795,read,271758
measured,probe-memory-buffer,run,2811,12986601,1,1051955,5259775,4348575,1000000,3159868795,read,271785
measured,probe-memory-buffer,run,2812,12987301,0,1051955,5259775,4349017,1000000,3159868795,read,271813
measured,probe-memory-buffer,run,2813,12988701,1,1051955,5259775,4350120,1000000,3159868795,read,271882
measured,probe-memory-buffer,run,2814,12989401,0,1051955,5259775,4350635,1000000,3159868795,read,271914
measured,probe-memory-buffer,run,2815,12990101,1,1051955,5259775,4351077,1000000,3159868795,read,271942
measured,probe-memory-buffer,run,2816,12992401,0,1117490,5587450,4587450,1000000,3454380838,update,0
measured,probe-memory-buffer,run,2817,13039601,0,1117490,5587450,4625492,1000000,3454380838,read,289093
measured,probe-memory-buffer,run,2818,13041801,1,1117490,5587450,4627181,1000000,3454380838,read,289198
measured,probe-memory-buffer,run,2819,13042901,0,1117490,5587450,4628146,1000000,3454380838,read,289259
measured,probe-memory-buffer,run,2820,13043601,1,1117490,5587450,4628709,1000000,3454380838,read,289294
measured,probe-memory-buffer,run,2821,13044301,0,1117490,5587450,4629272,1000000,3454380838,read,289329
measured,probe-memory-buffer,run,2822,13044901,1,1117490,5587450,4629755,1000000,3454380838,read,289359
measured,probe-memory-buffer,run,2823,13045601,0,1117490,5587450,4630318,1000000,3454380838,read,289394
measured,probe-memory-buffer,run,2824,13048201,1,1117490,5587450,4632409,1000000,3454380838,read,289525
measured,probe-memory-buffer,run,2825,13048801,0,1117490,5587450,4632892,1000000,3454380838,read,289555
measured,probe-memory-buffer,run,2826,13049401,1,1117490,5587450,4633374,1000000,3454380838,read,289585
measured,probe-memory-buffer,run,2827,13050101,0,1117490,5587450,4633937,1000000,3454380838,read,289621
measured,probe-memory-buffer,run,2828,13050801,1,1117490,5587450,4634420,1000000,3454380838,read,289651
measured,probe-memory-buffer,run,2829,13051401,0,1117490,5587450,4634983,1000000,3454380838,read,289686
measured,probe-memory-buffer,run,2830,13052101,1,1117490,5587450,4635465,1000000,3454380838,read,289716
measured,probe-memory-buffer,run,2831,13052801,0,1117490,5587450,4636028,1000000,3454380838,read,289751
measured,probe-memory-buffer,run,2832,13053401,1,1117490,5587450,4636591,1000000,3454380838,read,289786
measured,probe-memory-buffer,run,2833,13054101,0,1117490,5587450,4637074,1000000,3454380838,read,289817
measured,probe-memory-buffer,run,2834,13054701,1,1117490,5587450,4637556,1000000,3454380838,read,289847
measured,probe-memory-buffer,run,2835,13055301,0,1117490,5587450,4638119,1000000,3454380838,read,289882
measured,probe-memory-buffer,run,2836,13055901,1,1117490,5587450,4638602,1000000,3454380838,read,289912
measured,probe-memory-buffer,run,2837,13056601,0,1117490,5587450,4639085,1000000,3454380838,read,289942
measured,probe-memory-buffer,run,2838,13057201,1,1117490,5587450,4639567,1000000,3454380838,read,289972
measured,probe-memory-buffer,run,2839,13057801,0,1117490,5587450,4640130,1000000,3454380838,read,290008
measured,probe-memory-buffer,run,2840,13058401,1,1117490,5587450,4640613,1000000,3454380838,read,290038
measured,probe-memory-buffer,run,2841,13059101,0,1117490,5587450,4641176,1000000,3454380838,read,290073
measured,probe-memory-buffer,run,2842,13059801,1,1117490,5587450,4641658,1000000,3454380838,read,290103
measured,probe-memory-buffer,run,2843,13060501,0,1117490,5587450,4642221,1000000,3454380838,read,290138
measured,probe-memory-buffer,run,2844,13061001,1,1117490,5587450,4642704,1000000,3454380838,read,290169
measured,probe-memory-buffer,run,2845,13061701,0,1117490,5587450,4643186,1000000,3454380838,read,290199
measured,probe-memory-buffer,run,2846,13062301,1,1117490,5587450,4643669,1000000,3454380838,read,290229
measured,probe-memory-buffer,run,2847,13063001,0,1117490,5587450,4644232,1000000,3454380838,read,290264
measured,probe-memory-buffer,run,2848,13063601,1,1117490,5587450,4644715,1000000,3454380838,read,290294
measured,probe-memory-buffer,run,2849,13064201,0,1117490,5587450,4645278,1000000,3454380838,read,290329
measured,probe-memory-buffer,run,2850,13064901,1,1117490,5587450,4645760,1000000,3454380838,read,290360
measured,probe-memory-buffer,run,2851,13065501,0,1117490,5587450,4646323,1000000,3454380838,read,290395
measured,probe-memory-buffer,run,2852,13066101,1,1117490,5587450,4646806,1000000,3454380838,read,290425
measured,probe-memory-buffer,run,2853,13066701,0,1117490,5587450,4647288,1000000,3454380838,read,290455
measured,probe-memory-buffer,run,2854,13067301,1,1117490,5587450,4647771,1000000,3454380838,read,290485
measured,probe-memory-buffer,run,2855,13068001,0,1117490,5587450,4648253,1000000,3454380838,read,290515
measured,probe-memory-buffer,run,2856,13068601,1,1117490,5587450,4648816,1000000,3454380838,read,290551
measured,probe-memory-buffer,run,2857,13069301,0,1117490,5587450,4649299,1000000,3454380838,read,290581
measured,probe-memory-buffer,run,2858,13069901,1,1117490,5587450,4649782,1000000,3454380838,read,290611
measured,probe-memory-buffer,run,2859,13070601,0,1117490,5587450,4650345,1000000,3454380838,read,290646
measured,probe-memory-buffer,run,2860,13071201,1,1117490,5587450,4650908,1000000,3454380838,read,290681
measured,probe-memory-buffer,run,2861,13071901,0,1117490,5587450,4651471,1000000,3454380838,read,290716
measured,probe-memory-buffer,run,2862,13072501,1,1117490,5587450,4651953,1000000,3454380838,read,290747
measured,probe-memory-buffer,run,2863,13073201,0,1117490,5587450,4652436,1000000,3454380838,read,290777
measured,probe-memory-buffer,run,2864,13073801,1,1117490,5587450,4652999,1000000,3454380838,read,290812
measured,probe-memory-buffer,run,2865,13074501,0,1117490,5587450,4653481,1000000,3454380838,read,290842
measured,probe-memory-buffer,run,2866,13075101,1,1117490,5587450,4654044,1000000,3454380838,read,290877
measured,probe-memory-buffer,run,2867,13075801,0,1117490,5587450,4654607,1000000,3454380838,read,290912
measured,probe-memory-buffer,run,2868,13076401,1,1117490,5587450,4655090,1000000,3454380838,read,290943
measured,probe-memory-buffer,run,2869,13077101,0,1117490,5587450,4655653,1000000,3454380838,read,290978
measured,probe-memory-buffer,run,2870,13080301,1,1117490,5587450,4658146,1000000,3454380838,read,291134
measured,probe-memory-buffer,run,2871,13081001,0,1117490,5587450,4658790,1000000,3454380838,read,291174
measured,probe-memory-buffer,run,2872,13081601,1,1117490,5587450,4659272,1000000,3454380838,read,291204
measured,probe-memory-buffer,run,2873,13082301,0,1117490,5587450,4659835,1000000,3454380838,read,291239
measured,probe-memory-buffer,run,2874,13083001,1,1117490,5587450,4660318,1000000,3454380838,read,291269
measured,probe-memory-buffer,run,2875,13083601,0,1117490,5587450,4660881,1000000,3454380838,read,291305
measured,probe-memory-buffer,run,2876,13084301,1,1117490,5587450,4661363,1000000,3454380838,read,291335
measured,probe-memory-buffer,run,2877,13084901,0,1117490,5587450,4661926,1000000,3454380838,read,291370
measured,probe-memory-buffer,run,2878,13085601,1,1117490,5587450,4662489,1000000,3454380838,read,291405
measured,probe-memory-buffer,run,2879,13086201,0,1117490,5587450,4662972,1000000,3454380838,read,291435
measured,probe-memory-buffer,run,2880,13086901,1,1117490,5587450,4663454,1000000,3454380838,read,291465
measured,probe-memory-buffer,run,2881,13087601,0,1117490,5587450,4664017,1000000,3454380838,read,291501
measured,probe-memory-buffer,run,2882,13088201,1,1117490,5587450,4664580,1000000,3454380838,read,291536
measured,probe-memory-buffer,run,2883,13088901,0,1117490,5587450,4665063,1000000,3454380838,read,291566
measured,probe-memory-buffer,run,2884,13089501,1,1117490,5587450,4665626,1000000,3454380838,read,291601
measured,probe-memory-buffer,run,2885,13090201,0,1117490,5587450,4666109,1000000,3454380838,read,291631
measured,probe-memory-buffer,run,2886,13090801,1,1117490,5587450,4666591,1000000,3454380838,read,291661
measured,probe-memory-buffer,run,2887,13105801,0,1117490,5587450,4678736,1000000,3454380838,read,292421
measured,probe-memory-buffer,run,2888,13106501,1,1117490,5587450,4679299,1000000,3454380838,read,292456
measured,probe-memory-buffer,run,2889,13107101,0,1117490,5587450,4679781,1000000,3454380838,read,292486
measured,probe-memory-buffer,run,2890,13107801,1,1117490,5587450,4680264,1000000,3454380838,read,292516
measured,probe-memory-buffer,run,2891,13108501,0,1117490,5587450,4680827,1000000,3454380838,read,292551
measured,probe-memory-buffer,run,2892,13109101,1,1117490,5587450,4681310,1000000,3454380838,read,292581
measured,probe-memory-buffer,run,2893,13109701,0,1117490,5587450,4681873,1000000,3454380838,read,292617
measured,probe-memory-buffer,run,2894,13110401,1,1117490,5587450,4682355,1000000,3454380838,read,292647
measured,probe-memory-buffer,run,2895,13111001,0,1117490,5587450,4682838,1000000,3454380838,read,292677
measured,probe-memory-buffer,run,2896,13111601,1,1117490,5587450,4683401,1000000,3454380838,read,292712
measured,probe-memory-buffer,run,2897,13112201,0,1117490,5587450,4683883,1000000,3454380838,read,292742
measured,probe-memory-buffer,run,2898,13112901,1,1117490,5587450,4684366,1000000,3454380838,read,292772
measured,probe-memory-buffer,run,2899,13113501,0,1117490,5587450,4684929,1000000,3454380838,read,292808
measured,probe-memory-buffer,run,2900,13114201,1,1117490,5587450,4685411,1000000,3454380838,read,292838
measured,probe-memory-buffer,run,2901,13114801,0,1117490,5587450,4685974,1000000,3454380838,read,292873
measured,probe-memory-buffer,run,2902,13115501,1,1117490,5587450,4686457,1000000,3454380838,read,292903
measured,probe-memory-buffer,run,2903,13116101,0,1117490,5587450,4687020,1000000,3454380838,read,292938
measured,probe-memory-buffer,run,2904,13116701,1,1117490,5587450,4687503,1000000,3454380838,read,292968
measured,probe-memory-buffer,run,2905,13117401,0,1117490,5587450,4687985,1000000,3454380838,read,292999
measured,probe-memory-buffer,run,2906,13118001,1,1117490,5587450,4688468,1000000,3454380838,read,293029
measured,probe-memory-buffer,run,2907,13118601,0,1117490,5587450,4689031,1000000,3454380838,read,293064
measured,probe-memory-buffer,run,2908,13119201,1,1117490,5587450,4689513,1000000,3454380838,read,293094
measured,probe-memory-buffer,run,2909,13119901,0,1117490,5587450,4690076,1000000,3454380838,read,293129
measured,probe-memory-buffer,run,2910,13120501,1,1117490,5587450,4690559,1000000,3454380838,read,293159
measured,probe-memory-buffer,run,2911,13121201,0,1117490,5587450,4691122,1000000,3454380838,read,293195
measured,probe-memory-buffer,run,2912,13121801,1,1117490,5587450,4691604,1000000,3454380838,read,293225
measured,probe-memory-buffer,run,2913,13122501,0,1117490,5587450,4692087,1000000,3454380838,read,293255
measured,probe-memory-buffer,run,2914,13123101,1,1117490,5587450,4692650,1000000,3454380838,read,293290
measured,probe-memory-buffer,run,2915,13123801,0,1117490,5587450,4693133,1000000,3454380838,read,293320
measured,probe-memory-buffer,run,2916,13124401,1,1117490,5587450,4693696,1000000,3454380838,read,293356
measured,probe-memory-buffer,run,2917,13125101,0,1117490,5587450,4694178,1000000,3454380838,read,293386
measured,probe-memory-buffer,run,2918,13125701,1,1117490,5587450,4694741,1000000,3454380838,read,293421
measured,probe-memory-buffer,run,2919,13126301,0,1117490,5587450,4695224,1000000,3454380838,read,293451
measured,probe-memory-buffer,run,2920,13126901,1,1117490,5587450,4695706,1000000,3454380838,read,293481
measured,probe-memory-buffer,run,2921,13127601,0,1117490,5587450,4696189,1000000,3454380838,read,293511
measured,probe-memory-buffer,run,2922,13130001,0,1117490,5587450,4698039,1000000,2482068700,update,0
measured,probe-memory-buffer,run,2923,13162701,1,1117490,5587450,4716936,1000000,2482068700,read,294808
measured,probe-memory-buffer,run,2924,13165301,0,1117490,5587450,4718496,1000000,2482068700,read,294906
measured,probe-memory-buffer,run,2925,13166701,1,1117490,5587450,4719247,1000000,2482068700,read,294952
measured,probe-memory-buffer,run,2926,13167301,0,1117490,5587450,4719652,1000000,2482068700,read,294978
measured,probe-memory-buffer,run,2927,13169001,1,1117490,5587450,4720634,1000000,2482068700,read,295039
measured,probe-memory-buffer,run,2928,13169701,0,1117490,5587450,4720981,1000000,2482068700,read,295061
measured,probe-memory-buffer,run,2929,13170301,1,1117490,5587450,4721386,1000000,2482068700,read,295086
measured,probe-memory-buffer,run,2930,13171001,0,1117490,5587450,4721790,1000000,2482068700,read,295111
measured,probe-memory-buffer,run,2931,13171701,1,1117490,5587450,4722195,1000000,2482068700,read,295137
measured,probe-memory-buffer,run,2932,13172401,0,1117490,5587450,4722542,1000000,2482068700,read,295158
measured,probe-memory-buffer,run,2933,13173001,1,1117490,5587450,4722946,1000000,2482068700,read,295184
measured,probe-memory-buffer,run,2934,13173601,0,1117490,5587450,4723293,1000000,2482068700,read,295205
measured,probe-memory-buffer,run,2935,13174301,1,1117490,5587450,4723640,1000000,2482068700,read,295227
measured,probe-memory-buffer,run,2936,13174901,0,1117490,5587450,4723986,1000000,2482068700,read,295249
measured,probe-memory-buffer,run,2937,13175501,1,1117490,5587450,4724391,1000000,2482068700,read,295274
measured,probe-memory-buffer,run,2938,13177101,0,1117490,5587450,4725258,1000000,2482068700,read,295328
measured,probe-memory-buffer,run,2939,13177701,1,1117490,5587450,4725604,1000000,2482068700,read,295350
measured,probe-memory-buffer,run,2940,13178301,0,1117490,5587450,4725951,1000000,2482068700,read,295371
measured,probe-memory-buffer,run,2941,13178901,1,1117490,5587450,4726356,1000000,2482068700,read,295397
measured,probe-memory-buffer,run,2942,13179501,0,1117490,5587450,4726645,1000000,2482068700,read,295415
measured,probe-memory-buffer,run,2943,13180101,1,1117490,5587450,4726991,1000000,2482068700,read,295436
measured,probe-memory-buffer,run,2944,13180701,0,1117490,5587450,4727338,1000000,2482068700,read,295458
measured,probe-memory-buffer,run,2945,13181301,1,1117490,5587450,4727743,1000000,2482068700,read,295483
measured,probe-memory-buffer,run,2946,13181901,0,1117490,5587450,4728089,1000000,2482068700,read,295505
measured,probe-memory-buffer,run,2947,13182601,1,1117490,5587450,4728436,1000000,2482068700,read,295527
measured,probe-memory-buffer,run,2948,13183201,0,1117490,5587450,4728841,1000000,2482068700,read,295552
measured,probe-memory-buffer,run,2949,13183801,1,1117490,5587450,4729187,1000000,2482068700,read,295574
measured,probe-memory-buffer,run,2950,13184501,0,1117490,5587450,4729534,1000000,2482068700,read,295595
measured,probe-memory-buffer,run,2951,13185101,1,1117490,5587450,4729881,1000000,2482068700,read,295617
measured,probe-memory-buffer,run,2952,13185701,0,1117490,5587450,4730285,1000000,2482068700,read,295642
measured,probe-memory-buffer,run,2953,13186301,1,1117490,5587450,4730632,1000000,2482068700,read,295664
measured,probe-memory-buffer,run,2954,13186901,0,1117490,5587450,4730979,1000000,2482068700,read,295686
measured,probe-memory-buffer,run,2955,13187601,1,1117490,5587450,4731326,1000000,2482068700,read,295707
measured,probe-memory-buffer,run,2956,13188101,0,1117490,5587450,4731672,1000000,2482068700,read,295729
measured,probe-memory-buffer,run,2957,13188801,1,1117490,5587450,4732019,1000000,2482068700,read,295751
measured,probe-memory-buffer,run,2958,13189401,0,1117490,5587450,4732366,1000000,2482068700,read,295772
measured,probe-memory-buffer,run,2959,13190001,1,1117490,5587450,4732770,1000000,2482068700,read,295798
measured,probe-memory-buffer,run,2960,13190701,0,1117490,5587450,4733117,1000000,2482068700,read,295819
measured,probe-memory-buffer,run,2961,13191301,1,1117490,5587450,4733522,1000000,2482068700,read,295845
measured,probe-memory-buffer,run,2962,13191901,0,1117490,5587450,4733868,1000000,2482068700,read,295866
measured,probe-memory-buffer,run,2963,13192601,1,1117490,5587450,4734215,1000000,2482068700,read,295888
measured,probe-memory-buffer,run,2964,13193201,0,1117490,5587450,4734620,1000000,2482068700,read,295913
measured,probe-memory-buffer,run,2965,13193901,1,1117490,5587450,4734966,1000000,2482068700,read,295935
measured,probe-memory-buffer,run,2966,13194501,0,1117490,5587450,4735313,1000000,2482068700,read,295957
measured,probe-memory-buffer,run,2967,13195101,1,1117490,5587450,4735718,1000000,2482068700,read,295982
measured,probe-memory-buffer,run,2968,13195701,0,1117490,5587450,4736064,1000000,2482068700,read,296004
measured,probe-memory-buffer,run,2969,13196401,1,1117490,5587450,4736411,1000000,2482068700,read,296025
measured,probe-memory-buffer,run,2970,13197001,0,1117490,5587450,4736758,1000000,2482068700,read,296047
measured,probe-memory-buffer,run,2971,13197601,1,1117490,5587450,4737162,1000000,2482068700,read,296072
measured,probe-memory-buffer,run,2972,13198201,0,1117490,5587450,4737451,1000000,2482068700,read,296090
measured,probe-memory-buffer,run,2973,13198801,1,1117490,5587450,4737856,1000000,2482068700,read,296116
measured,probe-memory-buffer,run,2974,13199401,0,1117490,5587450,4738203,1000000,2482068700,read,296137
measured,probe-memory-buffer,run,2975,13200101,1,1117490,5587450,4738549,1000000,2482068700,read,296159
measured,probe-memory-buffer,run,2976,13200701,0,1117490,5587450,4738954,1000000,2482068700,read,296184
measured,probe-memory-buffer,run,2977,13201301,1,1117490,5587450,4739301,1000000,2482068700,read,296206
measured,probe-memory-buffer,run,2978,13201901,0,1117490,5587450,4739647,1000000,2482068700,read,296227
measured,probe-memory-buffer,run,2979,13202601,1,1117490,5587450,4739994,1000000,2482068700,read,296249
measured,probe-memory-buffer,run,2980,13203201,0,1117490,5587450,4740341,1000000,2482068700,read,296271
measured,probe-memory-buffer,run,2981,13203801,1,1117490,5587450,4740745,1000000,2482068700,read,296296
measured,probe-memory-buffer,run,2982,13204401,0,1117490,5587450,4741034,1000000,2482068700,read,296314
measured,probe-memory-buffer,run,2983,13205001,1,1117490,5587450,4741439,1000000,2482068700,read,296339
measured,probe-memory-buffer,run,2984,13208501,0,1117490,5587450,4743404,1000000,2482068700,read,296462
measured,probe-memory-buffer,run,2985,13209201,1,1117490,5587450,4743866,1000000,2482068700,read,296491
measured,probe-memory-buffer,run,2986,13209801,0,1117490,5587450,4744213,1000000,2482068700,read,296513
measured,probe-memory-buffer,run,2987,13210501,1,1117490,5587450,4744560,1000000,2482068700,read,296535
measured,probe-memory-buffer,run,2988,13211101,0,1117490,5587450,4744964,1000000,2482068700,read,296560
measured,probe-memory-buffer,run,2989,13211701,1,1117490,5587450,4745311,1000000,2482068700,read,296581
measured,probe-memory-buffer,run,2990,13212301,0,1117490,5587450,4745658,1000000,2482068700,read,296603
measured,probe-memory-buffer,run,2991,13213001,1,1117490,5587450,4746004,1000000,2482068700,read,296625
measured,probe-memory-buffer,run,2992,13213501,0,1117490,5587450,4746351,1000000,2482068700,read,296646
measured,probe-memory-buffer,run,2993,13214201,1,1117490,5587450,4746698,1000000,2482068700,read,296668
measured,probe-memory-buffer,run,2994,13214801,0,1117490,5587450,4747045,1000000,2482068700,read,296690
measured,probe-memory-buffer,run,2995,13215401,1,1117490,5587450,4747391,1000000,2482068700,read,296711
measured,probe-memory-buffer,run,2996,13216001,0,1117490,5587450,4747738,1000000,2482068700,read,296733
measured,probe-memory-buffer,run,2997,13216601,1,1117490,5587450,4748143,1000000,2482068700,read,296758
measured,probe-memory-buffer,run,2998,13217201,0,1117490,5587450,4748432,1000000,2482068700,read,296777
measured,probe-memory-buffer,run,2999,13217801,1,1117490,5587450,4748778,1000000,2482068700,read,296798
measured,probe-memory-buffer,run,3000,13218401,0,1117490,5587450,4749183,1000000,2482068700,read,296823
measured,probe-memory-buffer,run,3001,13219001,1,1117490,5587450,4749530,1000000,2482068700,read,296845
measured,probe-memory-buffer,run,3002,13219701,0,1117490,5587450,4749876,1000000,2482068700,read,296867
measured,probe-memory-buffer,run,3003,13220301,1,1117490,5587450,4750281,1000000,2482068700,read,296892
measured,probe-memory-buffer,run,3004,13220901,0,1117490,5587450,4750628,1000000,2482068700,read,296914
measured,probe-memory-buffer,run,3005,13221601,1,1117490,5587450,4751032,1000000,2482068700,read,296939
measured,probe-memory-buffer,run,3006,13222201,0,1117490,5587450,4751379,1000000,2482068700,read,296961
measured,probe-memory-buffer,run,3007,13222801,1,1117490,5587450,4751726,1000000,2482068700,read,296982
measured,probe-memory-buffer,run,3008,13223401,0,1117490,5587450,4752072,1000000,2482068700,read,297004
measured,probe-memory-buffer,run,3009,13224001,1,1117490,5587450,4752419,1000000,2482068700,read,297026
measured,probe-memory-buffer,run,3010,13224601,0,1117490,5587450,4752766,1000000,2482068700,read,297047
measured,probe-memory-buffer,run,3011,13225301,1,1117490,5587450,4753113,1000000,2482068700,read,297069
measured,probe-memory-buffer,run,3012,13225901,0,1117490,5587450,4753459,1000000,2482068700,read,297091
measured,probe-memory-buffer,run,3013,13226501,1,1117490,5587450,4753864,1000000,2482068700,read,297116
measured,probe-memory-buffer,run,3014,13227201,0,1117490,5587450,4754268,1000000,2482068700,read,297141
measured,probe-memory-buffer,run,3015,13227801,1,1117490,5587450,4754615,1000000,2482068700,read,297163
measured,probe-memory-buffer,run,3016,13228401,0,1117490,5587450,4754962,1000000,2482068700,read,297185
measured,probe-memory-buffer,run,3017,13229101,1,1117490,5587450,4755309,1000000,2482068700,read,297206
measured,probe-memory-buffer,run,3018,13229701,0,1117490,5587450,4755713,1000000,2482068700,read,297232
measured,probe-memory-buffer,run,3019,13230401,1,1117490,5587450,4756060,1000000,2482068700,read,297253
measured,probe-memory-buffer,run,3020,13231001,0,1117490,5587450,4756407,1000000,2482068700,read,297275
measured,probe-memory-buffer,run,3021,13231601,1,1117490,5587450,4756811,1000000,2482068700,read,297300
measured,probe-memory-buffer,run,3022,13232301,0,1117490,5587450,4757158,1000000,2482068700,read,297322
measured,probe-memory-buffer,run,3023,13232901,1,1117490,5587450,4757562,1000000,2482068700,read,297347
measured,probe-memory-buffer,run,3024,13233501,0,1117490,5587450,4757909,1000000,2482068700,read,297369
measured,probe-memory-buffer,run,3025,13234201,1,1117490,5587450,4758256,1000000,2482068700,read,297391
measured,probe-memory-buffer,run,3026,13234801,0,1117490,5587450,4758660,1000000,2482068700,read,297416
measured,probe-memory-buffer,run,3027,13235401,1,1117490,5587450,4759007,1000000,2482068700,read,297437
measured,probe-memory-buffer,run,3028,13236001,0,1117490,5587450,4759354,1000000,2482068700,read,297459
measured,probe-memory-buffer,run,3029,13236701,1,1117490,5587450,4759701,1000000,2482068700,read,297481
measured,probe-memory-buffer,run,3030,13237301,0,1117490,5587450,4760047,1000000,2482068700,read,297502
measured,probe-memory-buffer,run,3031,13237901,1,1117490,5587450,4760452,1000000,2482068700,read,297528
measured,probe-memory-buffer,run,3032,13238501,0,1117490,5587450,4760799,1000000,2482068700,read,297549
measured,probe-memory-buffer,run,3033,13239101,1,1117490,5587450,4761145,1000000,2482068700,read,297571
measured,probe-memory-buffer,run,3034,13239801,0,1117490,5587450,4761550,1000000,2482068700,read,297596
measured,probe-memory-buffer,run,3035,13240501,1,1117490,5587450,4761897,1000000,2482068700,read,297618
measured,probe-memory-buffer,run,3036,13241101,0,1117490,5587450,4762243,1000000,2482068700,read,297640
measured,probe-memory-buffer,run,3037,13241701,1,1117490,5587450,4762590,1000000,2482068700,read,297661
measured,probe-memory-buffer,run,3038,13242301,0,1117490,5587450,4762995,1000000,2482068700,read,297687
measured,probe-memory-buffer,run,3039,13243001,1,1117490,5587450,4763341,1000000,2482068700,read,297708
measured,probe-memory-buffer,run,3040,13243601,0,1117490,5587450,4763688,1000000,2482068700,read,297730
measured,probe-memory-buffer,run,3041,13245101,1,1117490,5587450,4764613,1000000,2482068700,read,297788
measured,probe-memory-buffer,run,3042,13245801,0,1117490,5587450,4765017,1000000,2482068700,read,297813
measured,probe-memory-buffer,run,3043,13246401,1,1117490,5587450,4765364,1000000,2482068700,read,297835
measured,probe-memory-buffer,run,3044,13247101,0,1117490,5587450,4765769,1000000,2482068700,read,297860
measured,probe-memory-buffer,run,3045,13247801,1,1117490,5587450,4766115,1000000,2482068700,read,297882
measured,probe-memory-buffer,run,3046,13248401,0,1117490,5587450,4766462,1000000,2482068700,read,297903
measured,probe-memory-buffer,run,3047,13249801,1,1117490,5587450,4767329,1000000,2482068700,read,297958
measured,probe-memory-buffer,run,3048,13250501,0,1117490,5587450,4767676,1000000,2482068700,read,297979
measured,probe-memory-buffer,run,3049,13251101,1,1117490,5587450,4768080,1000000,2482068700,read,298005
measured,probe-memory-buffer,run,3050,13251701,0,1117490,5587450,4768427,1000000,2482068700,read,298026
measured,probe-memory-buffer,run,3051,13252401,1,1117490,5587450,4768774,1000000,2482068700,read,298048
measured,probe-memory-buffer,run,3052,13275701,0,1183025,5915125,4915125,1000000,3065485113,update,0
measured,probe-memory-buffer,run,3053,13305901,0,1183025,5915125,4936751,1000000,3065485113,read,308546
measured,probe-memory-buffer,run,3054,13308801,1,1183025,5915125,4938892,1000000,3065485113,read,308680
measured,probe-memory-buffer,run,3055,13310201,0,1183025,5915125,4939820,1000000,3065485113,read,308738
measured,probe-memory-buffer,run,3056,13310901,1,1183025,5915125,4940391,1000000,3065485113,read,308774
measured,probe-memory-buffer,run,3057,13311601,0,1183025,5915125,4940819,1000000,3065485113,read,308801
measured,probe-memory-buffer,run,3058,13312201,1,1183025,5915125,4941247,1000000,3065485113,read,308827
measured,probe-memory-buffer,run,3059,13312901,0,1183025,5915125,4941747,1000000,3065485113,read,308859
measured,probe-memory-buffer,run,3060,13313501,1,1183025,5915125,4942247,1000000,3065485113,read,308890
measured,probe-memory-buffer,run,3061,13314101,0,1183025,5915125,4942603,1000000,3065485113,read,308912
measured,probe-memory-buffer,run,3062,13314801,1,1183025,5915125,4943103,1000000,3065485113,read,308943
measured,probe-memory-buffer,run,3063,13315401,0,1183025,5915125,4943603,1000000,3065485113,read,308975
measured,probe-memory-buffer,run,3064,13316101,1,1183025,5915125,4944102,1000000,3065485113,read,309006
measured,probe-memory-buffer,run,3065,13316801,0,1183025,5915125,4944602,1000000,3065485113,read,309037
measured,probe-memory-buffer,run,3066,13317501,1,1183025,5915125,4945102,1000000,3065485113,read,309068
measured,probe-memory-buffer,run,3067,13318101,0,1183025,5915125,4945530,1000000,3065485113,read,309095
measured,probe-memory-buffer,run,3068,13318801,1,1183025,5915125,4946029,1000000,3065485113,read,309126
measured,probe-memory-buffer,run,3069,13319501,0,1183025,5915125,4946529,1000000,3065485113,read,309158
measured,probe-memory-buffer,run,3070,13320101,1,1183025,5915125,4946957,1000000,3065485113,read,309184
measured,probe-memory-buffer,run,3071,13320801,0,1183025,5915125,4947457,1000000,3065485113,read,309216
measured,probe-memory-buffer,run,3072,13321501,1,1183025,5915125,4947885,1000000,3065485113,read,309242
measured,probe-memory-buffer,run,3073,13322101,0,1183025,5915125,4948313,1000000,3065485113,read,309269
measured,probe-memory-buffer,run,3074,13322701,1,1183025,5915125,4948813,1000000,3065485113,read,309300
measured,probe-memory-buffer,run,3075,13323301,0,1183025,5915125,4949241,1000000,3065485113,read,309327
measured,probe-memory-buffer,run,3076,13324001,1,1183025,5915125,4949669,1000000,3065485113,read,309354
measured,probe-memory-buffer,run,3077,13324601,0,1183025,5915125,4950169,1000000,3065485113,read,309385
measured,probe-memory-buffer,run,3078,13325301,1,1183025,5915125,4950597,1000000,3065485113,read,309412
measured,probe-memory-buffer,run,3079,13326001,0,1183025,5915125,4951097,1000000,3065485113,read,309443
measured,probe-memory-buffer,run,3080,13326601,1,1183025,5915125,4951597,1000000,3065485113,read,309474
measured,probe-memory-buffer,run,3081,13327301,0,1183025,5915125,4952096,1000000,3065485113,read,309506
measured,probe-memory-buffer,run,3082,13328001,1,1183025,5915125,4952596,1000000,3065485113,read,309537
measured,probe-memory-buffer,run,3083,13328601,0,1183025,5915125,4953024,1000000,3065485113,read,309564
measured,probe-memory-buffer,run,3084,13329301,1,1183025,5915125,4953452,1000000,3065485113,read,309590
measured,probe-memory-buffer,run,3085,13329901,0,1183025,5915125,4953952,1000000,3065485113,read,309622
measured,probe-memory-buffer,run,3086,13330601,1,1183025,5915125,4954380,1000000,3065485113,read,309648
measured,probe-memory-buffer,run,3087,13331101,0,1183025,5915125,4954808,1000000,3065485113,read,309675
measured,probe-memory-buffer,run,3088,13331801,1,1183025,5915125,4955237,1000000,3065485113,read,309702
measured,probe-memory-buffer,run,3089,13332501,0,1183025,5915125,4955736,1000000,3065485113,read,309733
measured,probe-memory-buffer,run,3090,13333201,1,1183025,5915125,4956236,1000000,3065485113,read,309764
measured,probe-memory-buffer,run,3091,13333901,0,1183025,5915125,4956735,1000000,3065485113,read,309795
measured,probe-memory-buffer,run,3092,13334501,1,1183025,5915125,4957235,1000000,3065485113,read,309827
measured,probe-memory-buffer,run,3093,13335201,0,1183025,5915125,4957735,1000000,3065485113,read,309858
measured,probe-memory-buffer,run,3094,13335901,1,1183025,5915125,4958163,1000000,3065485113,read,309885
measured,probe-memory-buffer,run,3095,13336501,0,1183025,5915125,4958591,1000000,3065485113,read,309911
measured,probe-memory-buffer,run,3096,13337101,1,1183025,5915125,4959091,1000000,3065485113,read,309943
measured,probe-memory-buffer,run,3097,13337801,0,1183025,5915125,4959519,1000000,3065485113,read,309969
measured,probe-memory-buffer,run,3098,13342001,1,1183025,5915125,4962517,1000000,3065485113,read,310157
measured,probe-memory-buffer,run,3099,13342701,0,1183025,5915125,4963088,1000000,3065485113,read,310193
measured,probe-memory-buffer,run,3100,13343401,1,1183025,5915125,4963587,1000000,3065485113,read,310224
measured,probe-memory-buffer,run,3101,13344101,0,1183025,5915125,4964016,1000000,3065485113,read,310251
measured,probe-memory-buffer,run,3102,13344801,1,1183025,5915125,4964515,1000000,3065485113,read,310282
measured,probe-memory-buffer,run,3103,13345401,0,1183025,5915125,4965015,1000000,3065485113,read,310313
measured,probe-memory-buffer,run,3104,13346101,1,1183025,5915125,4965443,1000000,3065485113,read,310340
measured,probe-memory-buffer,run,3105,13346701,0,1183025,5915125,4965943,1000000,3065485113,read,310371
measured,probe-memory-buffer,run,3106,13347401,1,1183025,5915125,4966371,1000000,3065485113,read,310398
measured,probe-memory-buffer,run,3107,13348101,0,1183025,5915125,4966871,1000000,3065485113,read,310429
measured,probe-memory-buffer,run,3108,13348701,1,1183025,5915125,4967370,1000000,3065485113,read,310460
measured,probe-memory-buffer,run,3109,13349401,0,1183025,5915125,4967798,1000000,3065485113,read,310487
measured,probe-memory-buffer,run,3110,13350001,1,1183025,5915125,4968298,1000000,3065485113,read,310518
measured,probe-memory-buffer,run,3111,13350701,0,1183025,5915125,4968798,1000000,3065485113,read,310549
measured,probe-memory-buffer,run,3112,13351401,1,1183025,5915125,4969297,1000000,3065485113,read,310581
measured,probe-memory-buffer,run,3113,13352001,0,1183025,5915125,4969726,1000000,3065485113,read,310607
measured,probe-memory-buffer,run,3114,13352701,1,1183025,5915125,4970154,1000000,3065485113,read,310634
measured,probe-memory-buffer,run,3115,13353401,0,1183025,5915125,4970653,1000000,3065485113,read,310665
measured,probe-memory-buffer,run,3116,13354001,1,1183025,5915125,4971153,1000000,3065485113,read,310697
measured,probe-memory-buffer,run,3117,13354701,0,1183025,5915125,4971653,1000000,3065485113,read,310728
measured,probe-memory-buffer,run,3118,13355401,1,1183025,5915125,4972081,1000000,3065485113,read,310755
measured,probe-memory-buffer,run,3119,13356101,0,1183025,5915125,4972580,1000000,3065485113,read,310786
measured,probe-memory-buffer,run,3120,13356701,1,1183025,5915125,4973080,1000000,3065485113,read,310817
measured,probe-memory-buffer,run,3121,13357401,0,1183025,5915125,4973508,1000000,3065485113,read,310844
measured,probe-memory-buffer,run,3122,13358001,1,1183025,5915125,4974008,1000000,3065485113,read,310875
measured,probe-memory-buffer,run,3123,13358701,0,1183025,5915125,4974436,1000000,3065485113,read,310902
measured,probe-memory-buffer,run,3124,13359401,1,1183025,5915125,4974936,1000000,3065485113,read,310933
measured,probe-memory-buffer,run,3125,13360101,0,1183025,5915125,4975435,1000000,3065485113,read,310964
measured,probe-memory-buffer,run,3126,13360701,1,1183025,5915125,4975935,1000000,3065485113,read,310995
measured,probe-memory-buffer,run,3127,13361401,0,1183025,5915125,4976363,1000000,3065485113,read,311022
measured,probe-memory-buffer,run,3128,13362001,1,1183025,5915125,4976792,1000000,3065485113,read,311049
measured,probe-memory-buffer,run,3129,13362601,0,1183025,5915125,4977291,1000000,3065485113,read,311080
measured,probe-memory-buffer,run,3130,13363301,1,1183025,5915125,4977719,1000000,3065485113,read,311107
measured,probe-memory-buffer,run,3131,13363901,0,1183025,5915125,4978148,1000000,3065485113,read,311134
measured,probe-memory-buffer,run,3132,13364501,1,1183025,5915125,4978647,1000000,3065485113,read,311165
measured,probe-memory-buffer,run,3133,13365101,0,1183025,5915125,4979076,1000000,3065485113,read,311192
measured,probe-memory-buffer,run,3134,13365801,1,1183025,5915125,4979504,1000000,3065485113,read,311219
measured,probe-memory-buffer,run,3135,13366401,0,1183025,5915125,4980003,1000000,3065485113,read,311250
measured,probe-memory-buffer,run,3136,13367001,1,1183025,5915125,4980432,1000000,3065485113,read,311277
measured,probe-memory-buffer,run,3137,13367701,0,1183025,5915125,4980860,1000000,3065485113,read,311303
measured,probe-memory-buffer,run,3138,13368301,1,1183025,5915125,4981359,1000000,3065485113,read,311334
measured,probe-memory-buffer,run,3139,13368901,0,1183025,5915125,4981788,1000000,3065485113,read,311361
measured,probe-memory-buffer,run,3140,13369601,1,1183025,5915125,4982216,1000000,3065485113,read,311388
measured,probe-memory-buffer,run,3141,13370101,0,1183025,5915125,4982644,1000000,3065485113,read,311415
measured,probe-memory-buffer,run,3142,13370801,1,1183025,5915125,4983072,1000000,3065485113,read,311442
measured,probe-memory-buffer,run,3143,13371501,0,1183025,5915125,4983572,1000000,3065485113,read,311473
measured,probe-memory-buffer,run,3144,13372101,1,1183025,5915125,4984072,1000000,3065485113,read,311504
measured,probe-memory-buffer,run,3145,13372701,0,1183025,5915125,4984500,1000000,3065485113,read,311531
measured,probe-memory-buffer,run,3146,13373401,1,1183025,5915125,4984928,1000000,3065485113,read,311558
measured,probe-memory-buffer,run,3147,13374001,0,1183025,5915125,4985428,1000000,3065485113,read,311589
measured,probe-memory-buffer,run,3148,13374701,1,1183025,5915125,4985927,1000000,3065485113,read,311620
measured,probe-memory-buffer,run,3149,13375401,0,1183025,5915125,4986427,1000000,3065485113,read,311651
measured,probe-memory-buffer,run,3150,13376001,1,1183025,5915125,4986855,1000000,3065485113,read,311678
measured,probe-memory-buffer,run,3151,13376701,0,1183025,5915125,4987355,1000000,3065485113,read,311709
measured,probe-memory-buffer,run,3152,13377401,1,1183025,5915125,4987783,1000000,3065485113,read,311736
measured,probe-memory-buffer,run,3153,13378001,0,1183025,5915125,4988211,1000000,3065485113,read,311763
measured,probe-memory-buffer,run,3154,13378601,1,1183025,5915125,4988711,1000000,3065485113,read,311794
measured,probe-memory-buffer,run,3155,13380301,0,1183025,5915125,4989924,1000000,3065485113,read,311870
measured,probe-memory-buffer,run,3156,13381001,1,1183025,5915125,4990424,1000000,3065485113,read,311901
measured,probe-memory-buffer,run,3157,13381701,0,1183025,5915125,4990852,1000000,3065485113,read,311928
measured,probe-memory-buffer,run,3158,13382301,1,1183025,5915125,4991352,1000000,3065485113,read,311959
measured,probe-memory-buffer,run,3159,13384801,0,1183025,5915125,4993136,1000000,3065485113,read,312071
measured,probe-memory-buffer,run,3160,13385401,1,1183025,5915125,4993564,1000000,3065485113,read,312097
measured,probe-memory-buffer,run,3161,13386101,0,1183025,5915125,4994064,1000000,3065485113,read,312129
measured,probe-memory-buffer,run,3162,13386801,1,1183025,5915125,4994492,1000000,3065485113,read,312155
measured,probe-memory-buffer,run,3163,13387401,0,1183025,5915125,4994992,1000000,3065485113,read,312187
measured,probe-memory-buffer,run,3164,13388101,1,1183025,5915125,4995420,1000000,3065485113,read,312213
measured,probe-memory-buffer,run,3165,13388701,0,1183025,5915125,4995848,1000000,3065485113,read,312240
measured,probe-memory-buffer,run,3166,13389301,1,1183025,5915125,4996348,1000000,3065485113,read,312271
measured,probe-memory-buffer,run,3167,13389901,0,1183025,5915125,4996776,1000000,3065485113,read,312298
measured,probe-memory-buffer,run,3168,13390501,1,1183025,5915125,4997204,1000000,3065485113,read,312325
measured,probe-memory-buffer,run,3169,13391201,0,1183025,5915125,4997633,1000000,3065485113,read,312352
measured,probe-memory-buffer,run,3170,13391801,1,1183025,5915125,4998132,1000000,3065485113,read,312383
measured,probe-memory-buffer,run,3171,13392501,0,1183025,5915125,4998561,1000000,3065485113,read,312410
measured,probe-memory-buffer,run,3172,13393101,1,1183025,5915125,4998989,1000000,3065485113,read,312436
measured,probe-memory-buffer,run,3173,13393701,0,1183025,5915125,4999488,1000000,3065485113,read,312468
measured,probe-memory-buffer,run,3174,13394401,1,1183025,5915125,4999917,1000000,3065485113,read,312494
measured,probe-memory-buffer,run,3175,13395001,0,1183025,5915125,5000345,1000000,3065485113,read,312521
measured,probe-memory-buffer,run,3176,13395601,1,1183025,5915125,5000845,1000000,3065485113,read,312552
measured,probe-memory-buffer,run,3177,13396201,0,1183025,5915125,5001273,1000000,3065485113,read,312579
measured,probe-memory-buffer,run,3178,13396901,1,1183025,5915125,5001772,1000000,3065485113,read,312610
measured,probe-memory-buffer,run,3179,13397601,0,1183025,5915125,5002201,1000000,3065485113,read,312637
measured,probe-memory-buffer,run,3180,13398301,1,1183025,5915125,5002700,1000000,3065485113,read,312668
measured,probe-memory-buffer,run,3181,13398901,0,1183025,5915125,5003200,1000000,3065485113,read,312700
measured,probe-memory-buffer,run,3182,13399601,1,1183025,5915125,5003699,1000000,3065485113,read,312731
measured,probe-memory-buffer,run,3183,13400301,0,1183025,5915125,5004199,1000000,3065485113,read,312762
measured,probe-memory-buffer,run,3184,13402401,0,1248560,6242800,5242800,1000000,3383593077,update,0
measured,probe-memory-buffer,run,3185,13431601,1,1248560,6242800,5265882,1000000,3383593077,read,329117
measured,probe-memory-buffer,run,3186,13458101,0,1248560,6242800,5286838,1000000,3383593077,read,330427
measured,probe-memory-buffer,run,3187,13460001,1,1248560,6242800,5288256,1000000,3383593077,read,330516
measured,probe-memory-buffer,run,3188,13460601,0,1248560,6242800,5288728,1000000,3383593077,read,330545
measured,probe-memory-buffer,run,3189,13461401,1,1248560,6242800,5289359,1000000,3383593077,read,330584
measured,probe-memory-buffer,run,3190,13462001,0,1248560,6242800,5289910,1000000,3383593077,read,330619
measured,probe-memory-buffer,run,3191,13462801,1,1248560,6242800,5290462,1000000,3383593077,read,330653
measured,probe-memory-buffer,run,3192,13463401,0,1248560,6242800,5291013,1000000,3383593077,read,330688
measured,probe-memory-buffer,run,3193,13464201,1,1248560,6242800,5291565,1000000,3383593077,read,330722
measured,probe-memory-buffer,run,3194,13464801,0,1248560,6242800,5292116,1000000,3383593077,read,330757
measured,probe-memory-buffer,run,3195,13465501,1,1248560,6242800,5292668,1000000,3383593077,read,330791
measured,probe-memory-buffer,run,3196,13466101,0,1248560,6242800,5293061,1000000,3383593077,read,330816
measured,probe-memory-buffer,run,3197,13466801,1,1248560,6242800,5293613,1000000,3383593077,read,330850
measured,probe-memory-buffer,run,3198,13467501,0,1248560,6242800,5294164,1000000,3383593077,read,330885
measured,probe-memory-buffer,run,3199,13468201,1,1248560,6242800,5294716,1000000,3383593077,read,330919
measured,probe-memory-buffer,run,3200,13469001,0,1248560,6242800,5295346,1000000,3383593077,read,330959
measured,probe-memory-buffer,run,3201,13469701,1,1248560,6242800,5295976,1000000,3383593077,read,330998
measured,probe-memory-buffer,run,3202,13470501,0,1248560,6242800,5296528,1000000,3383593077,read,331033
measured,probe-memory-buffer,run,3203,13471301,1,1248560,6242800,5297158,1000000,3383593077,read,331072
measured,probe-memory-buffer,run,3204,13472001,0,1248560,6242800,5297788,1000000,3383593077,read,331111
measured,probe-memory-buffer,run,3205,13472801,1,1248560,6242800,5298340,1000000,3383593077,read,331146
measured,probe-memory-buffer,run,3206,13473601,0,1248560,6242800,5298970,1000000,3383593077,read,331185
measured,probe-memory-buffer,run,3207,13474301,1,1248560,6242800,5299600,1000000,3383593077,read,331225
measured,probe-memory-buffer,run,3208,13475101,0,1248560,6242800,5300230,1000000,3383593077,read,331264
measured,probe-memory-buffer,run,3209,13476001,1,1248560,6242800,5300861,1000000,3383593077,read,331303
measured,probe-memory-buffer,run,3210,13476801,0,1248560,6242800,5301491,1000000,3383593077,read,331343
measured,probe-memory-buffer,run,3211,13477601,1,1248560,6242800,5302121,1000000,3383593077,read,331382
measured,probe-memory-buffer,run,3212,13481201,0,1248560,6242800,5305036,1000000,3383593077,read,331564
measured,probe-memory-buffer,run,3213,13482101,1,1248560,6242800,5305666,1000000,3383593077,read,331604
measured,probe-memory-buffer,run,3214,13482901,0,1248560,6242800,5306375,1000000,3383593077,read,331648
measured,probe-memory-buffer,run,3215,13483701,1,1248560,6242800,5306927,1000000,3383593077,read,331682
measured,probe-memory-buffer,run,3216,13484501,0,1248560,6242800,5307636,1000000,3383593077,read,331727
measured,probe-memory-buffer,run,3217,13485301,1,1248560,6242800,5308187,1000000,3383593077,read,331761
measured,probe-memory-buffer,run,3218,13486001,0,1248560,6242800,5308739,1000000,3383593077,read,331796
measured,probe-memory-buffer,run,3219,13486701,1,1248560,6242800,5309369,1000000,3383593077,read,331835
measured,probe-memory-buffer,run,3220,13487501,0,1248560,6242800,5309999,1000000,3383593077,read,331874
measured,probe-memory-buffer,run,3221,13488301,1,1248560,6242800,5310551,1000000,3383593077,read,331909
measured,probe-memory-buffer,run,3222,13489101,0,1248560,6242800,5311260,1000000,3383593077,read,331953
measured,probe-memory-buffer,run,3223,13489801,1,1248560,6242800,5311811,1000000,3383593077,read,331988
measured,probe-memory-buffer,run,3224,13490601,0,1248560,6242800,5312363,1000000,3383593077,read,332022
measured,probe-memory-buffer,run,3225,13491301,1,1248560,6242800,5312993,1000000,3383593077,read,332062
measured,probe-memory-buffer,run,3226,13492201,0,1248560,6242800,5313623,1000000,3383593077,read,332101
measured,probe-memory-buffer,run,3227,13492901,1,1248560,6242800,5314253,1000000,3383593077,read,332140
measured,probe-memory-buffer,run,3228,13493701,0,1248560,6242800,5314805,1000000,3383593077,read,332175
measured,probe-memory-buffer,run,3229,13494501,1,1248560,6242800,5315435,1000000,3383593077,read,332214
measured,probe-memory-buffer,run,3230,13495301,0,1248560,6242800,5316065,1000000,3383593077,read,332254
measured,probe-memory-buffer,run,3231,13496001,1,1248560,6242800,5316696,1000000,3383593077,read,332293
measured,probe-memory-buffer,run,3232,13496801,0,1248560,6242800,5317326,1000000,3383593077,read,332332
measured,probe-memory-buffer,run,3233,13497501,1,1248560,6242800,5317877,1000000,3383593077,read,332367
measured,probe-memory-buffer,run,3234,13498301,0,1248560,6242800,5318507,1000000,3383593077,read,332406
measured,probe-memory-buffer,run,3235,13499001,1,1248560,6242800,5319059,1000000,3383593077,read,332441
measured,probe-memory-buffer,run,3236,13499801,0,1248560,6242800,5319610,1000000,3383593077,read,332475
measured,probe-memory-buffer,run,3237,13500501,1,1248560,6242800,5320241,1000000,3383593077,read,332515
measured,probe-memory-buffer,run,3238,13501301,0,1248560,6242800,5320871,1000000,3383593077,read,332554
measured,probe-memory-buffer,run,3239,13502001,1,1248560,6242800,5321344,1000000,3383593077,read,332584
measured,probe-memory-buffer,run,3240,13502801,0,1248560,6242800,5322053,1000000,3383593077,read,332628
measured,probe-memory-buffer,run,3241,13503601,1,1248560,6242800,5322604,1000000,3383593077,read,332662
measured,probe-memory-buffer,run,3242,13504301,0,1248560,6242800,5323234,1000000,3383593077,read,332702
measured,probe-memory-buffer,run,3243,13505001,1,1248560,6242800,5323786,1000000,3383593077,read,332736
measured,probe-memory-buffer,run,3244,13505801,0,1248560,6242800,5324337,1000000,3383593077,read,332771
measured,probe-memory-buffer,run,3245,13506601,1,1248560,6242800,5324967,1000000,3383593077,read,332810
measured,probe-memory-buffer,run,3246,13507301,0,1248560,6242800,5325598,1000000,3383593077,read,332849
measured,probe-memory-buffer,run,3247,13508101,1,1248560,6242800,5326228,1000000,3383593077,read,332889
measured,probe-memory-buffer,run,3248,13508801,0,1248560,6242800,5326779,1000000,3383593077,read,332923
measured,probe-memory-buffer,run,3249,13509601,1,1248560,6242800,5327331,1000000,3383593077,read,332958
measured,probe-memory-buffer,run,3250,13510301,0,1248560,6242800,5327882,1000000,3383593077,read,332992
measured,probe-memory-buffer,run,3251,13511101,1,1248560,6242800,5328513,1000000,3383593077,read,333032
measured,probe-memory-buffer,run,3252,13511801,0,1248560,6242800,5329143,1000000,3383593077,read,333071
measured,probe-memory-buffer,run,3253,13512501,1,1248560,6242800,5329694,1000000,3383593077,read,333105
measured,probe-memory-buffer,run,3254,13513301,0,1248560,6242800,5330325,1000000,3383593077,read,333145
measured,probe-memory-buffer,run,3255,13514101,1,1248560,6242800,5330876,1000000,3383593077,read,333179
measured,probe-memory-buffer,run,3256,13514801,0,1248560,6242800,5331506,1000000,3383593077,read,333219
measured,probe-memory-buffer,run,3257,13515601,1,1248560,6242800,5332136,1000000,3383593077,read,333258
measured,probe-memory-buffer,run,3258,13516401,0,1248560,6242800,5332688,1000000,3383593077,read,333293
measured,probe-memory-buffer,run,3259,13517101,1,1248560,6242800,5333318,1000000,3383593077,read,333332
measured,probe-memory-buffer,run,3260,13517901,0,1248560,6242800,5333948,1000000,3383593077,read,333371
measured,probe-memory-buffer,run,3261,13518701,1,1248560,6242800,5334500,1000000,3383593077,read,333406
measured,probe-memory-buffer,run,3262,13519401,0,1248560,6242800,5335130,1000000,3383593077,read,333445
measured,probe-memory-buffer,run,3263,13520201,1,1248560,6242800,5335682,1000000,3383593077,read,333480
measured,probe-memory-buffer,run,3264,13520901,0,1248560,6242800,5336312,1000000,3383593077,read,333519
measured,probe-memory-buffer,run,3265,13521801,1,1248560,6242800,5336942,1000000,3383593077,read,333558
measured,probe-memory-buffer,run,3266,13522501,0,1248560,6242800,5337572,1000000,3383593077,read,333598
measured,probe-memory-buffer,run,3267,13523201,1,1248560,6242800,5338124,1000000,3383593077,read,333632
measured,probe-memory-buffer,run,3268,13523901,0,1248560,6242800,5338675,1000000,3383593077,read,333667
measured,probe-memory-buffer,run,3269,13529001,1,1248560,6242800,5342614,1000000,3383593077,read,333913
measured,probe-memory-buffer,run,3270,13545301,0,1248560,6242800,5355455,1000000,3383593077,read,334715
measured,probe-memory-buffer,run,3271,13546101,1,1248560,6242800,5356086,1000000,3383593077,read,334755
measured,probe-memory-buffer,run,3272,13546801,0,1248560,6242800,5356637,1000000,3383593077,read,334789
measured,probe-memory-buffer,run,3273,13547501,1,1248560,6242800,5357267,1000000,3383593077,read,334829
measured,probe-memory-buffer,run,3274,13548201,0,1248560,6242800,5357740,1000000,3383593077,read,334858
measured,probe-memory-buffer,run,3275,13548901,1,1248560,6242800,5358370,1000000,3383593077,read,334898
measured,probe-memory-buffer,run,3276,13549601,0,1248560,6242800,5358922,1000000,3383593077,read,334932
measured,probe-memory-buffer,run,3277,13550301,1,1248560,6242800,5359473,1000000,3383593077,read,334967
measured,probe-memory-buffer,run,3278,13551001,0,1248560,6242800,5360025,1000000,3383593077,read,335001
measured,probe-memory-buffer,run,3279,13551801,1,1248560,6242800,5360576,1000000,3383593077,read,335036
measured,probe-memory-buffer,run,3280,13552401,0,1248560,6242800,5361128,1000000,3383593077,read,335070
measured,probe-memory-buffer,run,3281,13582901,1,1248560,6242800,5385077,1000000,3383593077,read,336567
measured,probe-memory-buffer,run,3282,13583601,0,1248560,6242800,5385707,1000000,3383593077,read,336606
measured,probe-memory-buffer,run,3283,13584401,1,1248560,6242800,5386259,1000000,3383593077,read,336641
measured,probe-memory-buffer,run,3284,13585001,0,1248560,6242800,5386810,1000000,3383593077,read,336675
measured,probe-memory-buffer,run,3285,13585801,1,1248560,6242800,5387440,1000000,3383593077,read,336715
measured,probe-memory-buffer,run,3286,13586601,0,1248560,6242800,5387992,1000000,3383593077,read,336749
measured,probe-memory-buffer,run,3287,13587301,1,1248560,6242800,5388622,1000000,3383593077,read,336788
measured,probe-memory-buffer,run,3288,13588001,0,1248560,6242800,5389174,1000000,3383593077,read,336823
measured,probe-memory-buffer,run,3289,13588801,1,1248560,6242800,5389725,1000000,3383593077,read,336857
measured,probe-memory-buffer,run,3290,13589501,0,1248560,6242800,5390355,1000000,3383593077,read,336897
measured,probe-memory-buffer,run,3291,13590301,1,1248560,6242800,5390985,1000000,3383593077,read,336936
measured,probe-memory-buffer,run,3292,13591101,0,1248560,6242800,5391616,1000000,3383593077,read,336976
measured,probe-memory-buffer,run,3293,13591901,1,1248560,6242800,5392167,1000000,3383593077,read,337010
measured,probe-memory-buffer,run,3294,13592601,0,1248560,6242800,5392719,1000000,3383593077,read,337044
measured,probe-memory-buffer,run,3295,13593301,1,1248560,6242800,5393270,1000000,3383593077,read,337079
measured,probe-memory-buffer,run,3296,13594001,0,1248560,6242800,5393900,1000000,3383593077,read,337118
measured,probe-memory-buffer,run,3297,13594701,1,1248560,6242800,5394452,1000000,3383593077,read,337153
measured,probe-memory-buffer,run,3298,13595501,0,1248560,6242800,5395003,1000000,3383593077,read,337187
measured,probe-memory-buffer,run,3299,13596301,1,1248560,6242800,5395712,1000000,3383593077,read,337232
measured,probe-memory-buffer,run,3300,13597001,0,1248560,6242800,5396185,1000000,3383593077,read,337261
measured,probe-memory-buffer,run,3301,13597801,1,1248560,6242800,5396815,1000000,3383593077,read,337300
measured,probe-memory-buffer,run,3302,13598501,0,1248560,6242800,5397445,1000000,3383593077,read,337340
measured,probe-memory-buffer,run,3303,13599301,1,1248560,6242800,5398076,1000000,3383593077,read,337379
measured,probe-memory-buffer,run,3304,13600101,0,1248560,6242800,5398627,1000000,3383593077,read,337414
measured,probe-memory-buffer,run,3305,13600901,1,1248560,6242800,5399257,1000000,3383593077,read,337453
measured,probe-memory-buffer,run,3306,13601601,0,1248560,6242800,5399888,1000000,3383593077,read,337493
measured,probe-memory-buffer,run,3307,13602301,1,1248560,6242800,5400439,1000000,3383593077,read,337527
measured,probe-memory-buffer,run,3308,13604701,0,1248560,6242800,5402330,1000000,3383593077,read,337645
measured,probe-memory-buffer,run,3309,13605501,1,1248560,6242800,5402881,1000000,3383593077,read,337680
measured,probe-memory-buffer,run,3310,13606201,0,1248560,6242800,5403512,1000000,3383593077,read,337719
measured,probe-memory-buffer,run,3311,13607001,1,1248560,6242800,5404063,1000000,3383593077,read,337753
measured,probe-memory-buffer,run,3312,13607701,0,1248560,6242800,5404693,1000000,3383593077,read,337793
measured,probe-memory-buffer,run,3313,13608501,1,1248560,6242800,5405245,1000000,3383593077,read,337827
measured,probe-memory-buffer,run,3314,13609201,0,1248560,6242800,5405875,1000000,3383593077,read,337867
measured,probe-memory-buffer,run,3315,13610201,1,1248560,6242800,5406584,1000000,3383593077,read,337911
measured,probe-memory-buffer,run,3316,13610901,0,1248560,6242800,5407214,1000000,3383593077,read,337950
measured,probe-memory-buffer,run,3317,13611701,1,1248560,6242800,5407766,1000000,3383593077,read,337985
measured,probe-memory-buffer,run,3318,13612401,0,1248560,6242800,5408396,1000000,3383593077,read,338024
measured,probe-memory-buffer,run,3319,13617101,0,1248560,6242800,5411390,1000000,2428977879,update,0
measured,probe-memory-buffer,run,3320,13724101,1,1248560,6242800,5472355,1000000,2428977879,read,342022
measured,probe-memory-buffer,run,3321,13727201,0,1248560,6242800,5474108,1000000,2428977879,read,342131
measured,probe-memory-buffer,run,3322,13730001,1,1248560,6242800,5475691,1000000,2428977879,read,342230
measured,probe-memory-buffer,run,3323,13730601,0,1248560,6242800,5476087,1000000,2428977879,read,342255
measured,probe-memory-buffer,run,3324,13731201,1,1248560,6242800,5476427,1000000,2428977879,read,342276
measured,probe-memory-buffer,run,3325,13735401,0,1248560,6242800,5478802,1000000,2428977879,read,342425
measured,probe-memory-buffer,run,3326,13736101,1,1248560,6242800,5479198,1000000,2428977879,read,342449
measured,probe-memory-buffer,run,3327,13736801,0,1248560,6242800,5479594,1000000,2428977879,read,342474
measured,probe-memory-buffer,run,3328,13738101,1,1248560,6242800,5480272,1000000,2428977879,read,342517
measured,probe-memory-buffer,run,3329,13739201,0,1248560,6242800,5480894,1000000,2428977879,read,342555
measured,probe-memory-buffer,run,3330,13739801,1,1248560,6242800,5481234,1000000,2428977879,read,342577
measured,probe-memory-buffer,run,3331,13740401,0,1248560,6242800,5481630,1000000,2428977879,read,342601
measured,probe-memory-buffer,run,3332,13741001,1,1248560,6242800,5481969,1000000,2428977879,read,342623
measured,probe-memory-buffer,run,3333,13741701,0,1248560,6242800,5482308,1000000,2428977879,read,342644
measured,probe-memory-buffer,run,3334,13742401,1,1248560,6242800,5482704,1000000,2428977879,read,342669
measured,probe-memory-buffer,run,3335,13743001,0,1248560,6242800,5483100,1000000,2428977879,read,342693
measured,probe-memory-buffer,run,3336,13743701,1,1248560,6242800,5483496,1000000,2428977879,read,342718
measured,probe-memory-buffer,run,3337,13744301,0,1248560,6242800,5483835,1000000,2428977879,read,342739
measured,probe-memory-buffer,run,3338,13745001,1,1248560,6242800,5484231,1000000,2428977879,read,342764
measured,probe-memory-buffer,run,3339,13745701,0,1248560,6242800,5484570,1000000,2428977879,read,342785
measured,probe-memory-buffer,run,3340,13746301,1,1248560,6242800,5484910,1000000,2428977879,read,342806
measured,probe-memory-buffer,run,3341,13748201,0,1248560,6242800,5485645,1000000,2428977879,read,342852
measured,probe-memory-buffer,run,3342,13748801,1,1248560,6242800,5486380,1000000,2428977879,read,342898
measured,probe-memory-buffer,run,3343,13749501,0,1248560,6242800,5486719,1000000,2428977879,read,342919
measured,probe-memory-buffer,run,3344,13750201,1,1248560,6242800,5487115,1000000,2428977879,read,342944
measured,probe-memory-buffer,run,3345,13750801,0,1248560,6242800,5487511,1000000,2428977879,read,342969
measured,probe-memory-buffer,run,3346,13751401,1,1248560,6242800,5487851,1000000,2428977879,read,342990
measured,probe-memory-buffer,run,3347,13752101,0,1248560,6242800,5488190,1000000,2428977879,read,343011
measured,probe-memory-buffer,run,3348,13752701,1,1248560,6242800,5488529,1000000,2428977879,read,343033
measured,probe-memory-buffer,run,3349,13753301,0,1248560,6242800,5488925,1000000,2428977879,read,343057
measured,probe-memory-buffer,run,3350,13754001,1,1248560,6242800,5489264,1000000,2428977879,read,343079
measured,probe-memory-buffer,run,3351,13754601,0,1248560,6242800,5489660,1000000,2428977879,read,343103
measured,probe-memory-buffer,run,3352,13755301,1,1248560,6242800,5490000,1000000,2428977879,read,343125
measured,probe-memory-buffer,run,3353,13756601,0,1248560,6242800,5490791,1000000,2428977879,read,343174
measured,probe-memory-buffer,run,3354,13757601,1,1248560,6242800,5491357,1000000,2428977879,read,343209
measured,probe-memory-buffer,run,3355,13758301,0,1248560,6242800,5491696,1000000,2428977879,read,343231
measured,probe-memory-buffer,run,3356,13758901,1,1248560,6242800,5492092,1000000,2428977879,read,343255
measured,probe-memory-buffer,run,3357,13759601,0,1248560,6242800,5492431,1000000,2428977879,read,343276
measured,probe-memory-buffer,run,3358,13760201,1,1248560,6242800,5492827,1000000,2428977879,read,343301
measured,probe-memory-buffer,run,3359,13760901,0,1248560,6242800,5493167,1000000,2428977879,read,343322
measured,probe-memory-buffer,run,3360,13761501,1,1248560,6242800,5493506,1000000,2428977879,read,343344
measured,probe-memory-buffer,run,3361,13762101,0,1248560,6242800,5493902,1000000,2428977879,read,343368
measured,probe-memory-buffer,run,3362,13765701,0,1314095,6570475,5570475,1000000,2906212651,update,0
measured,probe-memory-buffer,run,3363,13825801,1,1314095,6570475,5611750,1000000,2906212651,read,350734
measured,probe-memory-buffer,run,3364,13828601,0,1314095,6570475,5613713,1000000,2906212651,read,350857
measured,probe-memory-buffer,run,3365,13833001,1,1314095,6570475,5616622,1000000,2906212651,read,351038
measured,probe-memory-buffer,run,3366,13833601,0,1314095,6570475,5617028,1000000,2906212651,read,351064
measured,probe-memory-buffer,run,3367,13834201,1,1314095,6570475,5617502,1000000,2906212651,read,351093
measured,probe-memory-buffer,run,3368,13834801,0,1314095,6570475,5617908,1000000,2906212651,read,351119
measured,probe-memory-buffer,run,3369,13835501,1,1314095,6570475,5618382,1000000,2906212651,read,351148
measured,probe-memory-buffer,run,3370,13836101,0,1314095,6570475,5618788,1000000,2906212651,read,351174
measured,probe-memory-buffer,run,3371,13836701,1,1314095,6570475,5619194,1000000,2906212651,read,351199
measured,probe-memory-buffer,run,3372,13837301,0,1314095,6570475,5619600,1000000,2906212651,read,351225
measured,probe-memory-buffer,run,3373,13838001,1,1314095,6570475,5620006,1000000,2906212651,read,351250
measured,probe-memory-buffer,run,3374,13838601,0,1314095,6570475,5620412,1000000,2906212651,read,351275
measured,probe-memory-buffer,run,3375,13839201,1,1314095,6570475,5620885,1000000,2906212651,read,351305
measured,probe-memory-buffer,run,3376,13839801,0,1314095,6570475,5621291,1000000,2906212651,read,351330
measured,probe-memory-buffer,run,3377,13841701,1,1314095,6570475,5622577,1000000,2906212651,read,351411
measured,probe-memory-buffer,run,3378,13842301,0,1314095,6570475,5622983,1000000,2906212651,read,351436
measured,probe-memory-buffer,run,3379,13843001,1,1314095,6570475,5623457,1000000,2906212651,read,351466
measured,probe-memory-buffer,run,3380,13843601,0,1314095,6570475,5623795,1000000,2906212651,read,351487
measured,probe-memory-buffer,run,3381,13844201,1,1314095,6570475,5624269,1000000,2906212651,read,351516
measured,probe-memory-buffer,run,3382,13847901,0,1314095,6570475,5626772,1000000,2906212651,read,351673
measured,probe-memory-buffer,run,3383,13848701,1,1314095,6570475,5627246,1000000,2906212651,read,351702
measured,probe-memory-buffer,run,3384,13850701,0,1314095,6570475,5628599,1000000,2906212651,read,351787
measured,probe-memory-buffer,run,3385,13851301,1,1314095,6570475,5629073,1000000,2906212651,read,351817
measured,probe-memory-buffer,run,3386,13851901,0,1314095,6570475,5629479,1000000,2906212651,read,351842
measured,probe-memory-buffer,run,3387,13852601,1,1314095,6570475,5629885,1000000,2906212651,read,351867
measured,probe-memory-buffer,run,3388,13853201,0,1314095,6570475,5630291,1000000,2906212651,read,351893
measured,probe-memory-buffer,run,3389,13853801,1,1314095,6570475,5630764,1000000,2906212651,read,351922
measured,probe-memory-buffer,run,3390,13854401,0,1314095,6570475,5631170,1000000,2906212651,read,351948
measured,probe-memory-buffer,run,3391,13855101,1,1314095,6570475,5631644,1000000,2906212651,read,351977
measured,probe-memory-buffer,run,3392,13855701,0,1314095,6570475,5631982,1000000,2906212651,read,351998
measured,probe-memory-buffer,run,3393,13856301,1,1314095,6570475,5632456,1000000,2906212651,read,352028
measured,probe-memory-buffer,run,3394,13857001,0,1314095,6570475,5632862,1000000,2906212651,read,352053
measured,probe-memory-buffer,run,3395,13857601,1,1314095,6570475,5633336,1000000,2906212651,read,352083
measured,probe-memory-buffer,run,3396,13859601,0,1314095,6570475,5634689,1000000,2906212651,read,352168
measured,probe-memory-buffer,run,3397,13860301,1,1314095,6570475,5635095,1000000,2906212651,read,352193
measured,probe-memory-buffer,run,3398,13860901,0,1314095,6570475,5635569,1000000,2906212651,read,352223
measured,probe-memory-buffer,run,3399,13861601,1,1314095,6570475,5635975,1000000,2906212651,read,352248
measured,probe-memory-buffer,run,3400,13862201,0,1314095,6570475,5636448,1000000,2906212651,read,352278
measured,probe-memory-buffer,run,3401,13862901,1,1314095,6570475,5636854,1000000,2906212651,read,352303
measured,probe-memory-buffer,run,3402,13863501,0,1314095,6570475,5637328,1000000,2906212651,read,352333
measured,probe-memory-buffer,run,3403,13864101,1,1314095,6570475,5637666,1000000,2906212651,read,352354
measured,probe-memory-buffer,run,3404,13864701,0,1314095,6570475,5638140,1000000,2906212651,read,352383
measured,probe-memory-buffer,run,3405,13865401,1,1314095,6570475,5638546,1000000,2906212651,read,352409
measured,probe-memory-buffer,run,3406,13866001,0,1314095,6570475,5639020,1000000,2906212651,read,352438
measured,probe-memory-buffer,run,3407,13866701,1,1314095,6570475,5639426,1000000,2906212651,read,352464
measured,probe-memory-buffer,run,3408,13867301,0,1314095,6570475,5639899,1000000,2906212651,read,352493
measured,probe-memory-buffer,run,3409,13867901,1,1314095,6570475,5640305,1000000,2906212651,read,352519
measured,probe-memory-buffer,run,3410,13868601,0,1314095,6570475,5640711,1000000,2906212651,read,352544
measured,probe-memory-buffer,run,3411,13869201,1,1314095,6570475,5641117,1000000,2906212651,read,352569
measured,probe-memory-buffer,run,3412,13869801,0,1314095,6570475,5641523,1000000,2906212651,read,352595
measured,probe-memory-buffer,run,3413,13870501,1,1314095,6570475,5641997,1000000,2906212651,read,352624
measured,probe-memory-buffer,run,3414,13871001,0,1314095,6570475,5642403,1000000,2906212651,read,352650
measured,probe-memory-buffer,run,3415,13871701,1,1314095,6570475,5642877,1000000,2906212651,read,352679
measured,probe-memory-buffer,run,3416,13872301,0,1314095,6570475,5643283,1000000,2906212651,read,352705
measured,probe-memory-buffer,run,3417,13873001,1,1314095,6570475,5643689,1000000,2906212651,read,352730
measured,probe-memory-buffer,run,3418,13873601,0,1314095,6570475,5644095,1000000,2906212651,read,352755
measured,probe-memory-buffer,run,3419,13874201,1,1314095,6570475,5644568,1000000,2906212651,read,352785
measured,probe-memory-buffer,run,3420,13874801,0,1314095,6570475,5644974,1000000,2906212651,read,352810
measured,probe-memory-buffer,run,3421,13875501,1,1314095,6570475,5645380,1000000,2906212651,read,352836
measured,probe-memory-buffer,run,3422,13876001,0,1314095,6570475,5645786,1000000,2906212651,read,352861
measured,probe-memory-buffer,run,3423,13876701,1,1314095,6570475,5646192,1000000,2906212651,read,352887
measured,probe-memory-buffer,run,3424,13877301,0,1314095,6570475,5646666,1000000,2906212651,read,352916
measured,probe-memory-buffer,run,3425,13878001,1,1314095,6570475,5647072,1000000,2906212651,read,352942
measured,probe-memory-buffer,run,3426,13878601,0,1314095,6570475,5647478,1000000,2906212651,read,352967
measured,probe-memory-buffer,run,3427,13879201,1,1314095,6570475,5647952,1000000,2906212651,read,352997
measured,probe-memory-buffer,run,3428,13879901,0,1314095,6570475,5648358,1000000,2906212651,read,353022
measured,probe-memory-buffer,run,3429,13880501,1,1314095,6570475,5648831,1000000,2906212651,read,353051
measured,probe-memory-buffer,run,3430,13881101,0,1314095,6570475,5649237,1000000,2906212651,read,353077
measured,probe-memory-buffer,run,3431,13881801,1,1314095,6570475,5649711,1000000,2906212651,read,353106
measured,probe-memory-buffer,run,3432,13882401,0,1314095,6570475,5650117,1000000,2906212651,read,353132
measured,probe-memory-buffer,run,3433,13883101,1,1314095,6570475,5650523,1000000,2906212651,read,353157
measured,probe-memory-buffer,run,3434,13883701,0,1314095,6570475,5650996,1000000,2906212651,read,353187
measured,probe-memory-buffer,run,3435,13884301,1,1314095,6570475,5651335,1000000,2906212651,read,353208
measured,probe-memory-buffer,run,3436,13884901,0,1314095,6570475,5651741,1000000,2906212651,read,353233
measured,probe-memory-buffer,run,3437,13885601,1,1314095,6570475,5652214,1000000,2906212651,read,353263
measured,probe-memory-buffer,run,3438,13886101,0,1314095,6570475,5652620,1000000,2906212651,read,353288
measured,probe-memory-buffer,run,3439,13893701,0,1379630,6898150,5898150,1000000,3383593077,update,0
measured,probe-memory-buffer,run,3440,13959101,1,1379630,6898150,5949672,1000000,3383593077,read,371854
measured,probe-memory-buffer,run,3441,13960401,0,1379630,6898150,5950775,1000000,3383593077,read,371923
measured,probe-memory-buffer,run,3442,13961101,1,1379630,6898150,5951326,1000000,3383593077,read,371957
measured,probe-memory-buffer,run,3443,13961801,0,1379630,6898150,5951799,1000000,3383593077,read,371987
measured,probe-memory-buffer,run,3444,13962501,1,1379630,6898150,5952350,1000000,3383593077,read,372021
measured,probe-memory-buffer,run,3445,13963101,0,1379630,6898150,5952902,1000000,3383593077,read,372056
measured,probe-memory-buffer,run,3446,13963701,1,1379630,6898150,5953375,1000000,3383593077,read,372085
measured,probe-memory-buffer,run,3447,13964401,0,1379630,6898150,5953847,1000000,3383593077,read,372115
measured,probe-memory-buffer,run,3448,13965101,1,1379630,6898150,5954399,1000000,3383593077,read,372149
measured,probe-memory-buffer,run,3449,13965701,0,1379630,6898150,5954950,1000000,3383593077,read,372184
measured,probe-memory-buffer,run,3450,13966301,1,1379630,6898150,5955423,1000000,3383593077,read,372213
measured,probe-memory-buffer,run,3451,13967001,0,1379630,6898150,5955896,1000000,3383593077,read,372243
measured,probe-memory-buffer,run,3452,13967601,1,1379630,6898150,5956368,1000000,3383593077,read,372273
measured,probe-memory-buffer,run,3453,13968201,0,1379630,6898150,5956920,1000000,3383593077,read,372307
measured,probe-memory-buffer,run,3454,13968901,1,1379630,6898150,5957392,1000000,3383593077,read,372337
measured,probe-memory-buffer,run,3455,13969501,0,1379630,6898150,5957944,1000000,3383593077,read,372371
measured,probe-memory-buffer,run,3456,13970201,1,1379630,6898150,5958495,1000000,3383593077,read,372405
measured,probe-memory-buffer,run,3457,13970901,0,1379630,6898150,5958968,1000000,3383593077,read,372435
measured,probe-memory-buffer,run,3458,13971501,1,1379630,6898150,5959519,1000000,3383593077,read,372469
measured,probe-memory-buffer,run,3459,13972201,0,1379630,6898150,5959992,1000000,3383593077,read,372499
measured,probe-memory-buffer,run,3460,13972801,1,1379630,6898150,5960544,1000000,3383593077,read,372534
measured,probe-memory-buffer,run,3461,13973401,0,1379630,6898150,5961016,1000000,3383593077,read,372563
measured,probe-memory-buffer,run,3462,13974001,1,1379630,6898150,5961489,1000000,3383593077,read,372593
measured,probe-memory-buffer,run,3463,13974701,0,1379630,6898150,5961962,1000000,3383593077,read,372622
measured,probe-memory-buffer,run,3464,13975301,1,1379630,6898150,5962513,1000000,3383593077,read,372657
measured,probe-memory-buffer,run,3465,13976001,0,1379630,6898150,5962986,1000000,3383593077,read,372686
measured,probe-memory-buffer,run,3466,13976601,1,1379630,6898150,5963537,1000000,3383593077,read,372721
measured,probe-memory-buffer,run,3467,13977201,0,1379630,6898150,5964010,1000000,3383593077,read,372750
measured,probe-memory-buffer,run,3468,13977901,1,1379630,6898150,5964561,1000000,3383593077,read,372785
measured,probe-memory-buffer,run,3469,13978601,0,1379630,6898150,5965034,1000000,3383593077,read,372814
measured,probe-memory-buffer,run,3470,13979201,1,1379630,6898150,5965586,1000000,3383593077,read,372849
measured,probe-memory-buffer,run,3471,13979801,0,1379630,6898150,5966058,1000000,3383593077,read,372878
measured,probe-memory-buffer,run,3472,13980501,1,1379630,6898150,5966531,1000000,3383593077,read,372908
measured,probe-memory-buffer,run,3473,13981101,0,1379630,6898150,5967082,1000000,3383593077,read,372942
measured,probe-memory-buffer,run,3474,13981701,1,1379630,6898150,5967555,1000000,3383593077,read,372972
measured,probe-memory-buffer,run,3475,13982401,0,1379630,6898150,5968028,1000000,3383593077,read,373001
measured,probe-memory-buffer,run,3476,13983001,1,1379630,6898150,5968500,1000000,3383593077,read,373031
measured,probe-memory-buffer,run,3477,13983601,0,1379630,6898150,5969052,1000000,3383593077,read,373065
measured,probe-memory-buffer,run,3478,13984301,1,1379630,6898150,5969525,1000000,3383593077,read,373095
measured,probe-memory-buffer,run,3479,13984901,0,1379630,6898150,5969997,1000000,3383593077,read,373124
measured,probe-memory-buffer,run,3480,13985501,1,1379630,6898150,5970549,1000000,3383593077,read,373159
measured,probe-memory-buffer,run,3481,13986201,0,1379630,6898150,5971021,1000000,3383593077,read,373188
measured,probe-memory-buffer,run,3482,13986801,1,1379630,6898150,5971573,1000000,3383593077,read,373223
measured,probe-memory-buffer,run,3483,13987401,0,1379630,6898150,5972046,1000000,3383593077,read,373252
measured,probe-memory-buffer,run,3484,13988101,1,1379630,6898150,5972597,1000000,3383593077,read,373287
measured,probe-memory-buffer,run,3485,13988701,0,1379630,6898150,5973070,1000000,3383593077,read,373316
measured,probe-memory-buffer,run,3486,13989401,1,1379630,6898150,5973542,1000000,3383593077,read,373346
measured,probe-memory-buffer,run,3487,13990001,0,1379630,6898150,5974094,1000000,3383593077,read,373380
measured,probe-memory-buffer,run,3488,13990701,1,1379630,6898150,5974567,1000000,3383593077,read,373410
measured,probe-memory-buffer,run,3489,13991301,0,1379630,6898150,5975039,1000000,3383593077,read,373439
measured,probe-memory-buffer,run,3490,13991901,1,1379630,6898150,5975591,1000000,3383593077,read,373474
measured,probe-memory-buffer,run,3491,13992501,0,1379630,6898150,5976063,1000000,3383593077,read,373503
measured,probe-memory-buffer,run,3492,13993201,1,1379630,6898150,5976615,1000000,3383593077,read,373538
measured,probe-memory-buffer,run,3493,13993801,0,1379630,6898150,5977087,1000000,3383593077,read,373567
measured,probe-memory-buffer,run,3494,13994501,1,1379630,6898150,5977639,1000000,3383593077,read,373602
measured,probe-memory-buffer,run,3495,13995101,0,1379630,6898150,5978112,1000000,3383593077,read,373632
measured,probe-memory-buffer,run,3496,13996701,1,1379630,6898150,5979293,1000000,3383593077,read,373705
measured,probe-memory-buffer,run,3497,13997401,0,1379630,6898150,5979845,1000000,3383593077,read,373740
measured,probe-memory-buffer,run,3498,13998001,1,1379630,6898150,5980317,1000000,3383593077,read,373769
measured,probe-memory-buffer,run,3499,13998601,0,1379630,6898150,5980869,1000000,3383593077,read,373804
measured,probe-memory-buffer,run,3500,13999301,1,1379630,6898150,5981342,1000000,3383593077,read,373833
measured,probe-memory-buffer,run,3501,13999901,0,1379630,6898150,5981814,1000000,3383593077,read,373863
measured,probe-memory-buffer,run,3502,14000501,1,1379630,6898150,5982366,1000000,3383593077,read,373897
measured,probe-memory-buffer,run,3503,14001101,0,1379630,6898150,5982838,1000000,3383593077,read,373927
measured,probe-memory-buffer,run,3504,14001801,1,1379630,6898150,5983311,1000000,3383593077,read,373956
measured,probe-memory-buffer,run,3505,14002401,0,1379630,6898150,5983784,1000000,3383593077,read,373986
measured,probe-memory-buffer,run,3506,14003101,1,1379630,6898150,5984335,1000000,3383593077,read,374020
measured,probe-memory-buffer,run,3507,14003701,0,1379630,6898150,5984808,1000000,3383593077,read,374050
measured,probe-memory-buffer,run,3508,14004301,1,1379630,6898150,5985359,1000000,3383593077,read,374084
measured,probe-memory-buffer,run,3509,14004901,0,1379630,6898150,5985832,1000000,3383593077,read,374114
measured,probe-memory-buffer,run,3510,14005701,1,1379630,6898150,5986384,1000000,3383593077,read,374149
measured,probe-memory-buffer,run,3511,14006301,0,1379630,6898150,5986856,1000000,3383593077,read,374178
measured,probe-memory-buffer,run,3512,14007001,1,1379630,6898150,5987408,1000000,3383593077,read,374213
measured,probe-memory-buffer,run,3513,14007601,0,1379630,6898150,5987880,1000000,3383593077,read,374242
measured,probe-memory-buffer,run,3514,14008201,1,1379630,6898150,5988432,1000000,3383593077,read,374277
measured,probe-memory-buffer,run,3515,14008801,0,1379630,6898150,5988905,1000000,3383593077,read,374306
measured,probe-memory-buffer,run,3516,14009501,1,1379630,6898150,5989377,1000000,3383593077,read,374336
measured,probe-memory-buffer,run,3517,14010101,0,1379630,6898150,5989850,1000000,3383593077,read,374365
measured,probe-memory-buffer,run,3518,14010701,1,1379630,6898150,5990401,1000000,3383593077,read,374400
measured,probe-memory-buffer,run,3519,14011301,0,1379630,6898150,5990874,1000000,3383593077,read,374429
measured,probe-memory-buffer,run,3520,14012001,1,1379630,6898150,5991347,1000000,3383593077,read,374459
measured,probe-memory-buffer,run,3521,14012601,0,1379630,6898150,5991898,1000000,3383593077,read,374493
measured,probe-memory-buffer,run,3522,14013301,1,1379630,6898150,5992371,1000000,3383593077,read,374523
measured,probe-memory-buffer,run,3523,14013901,0,1379630,6898150,5992844,1000000,3383593077,read,374552
measured,probe-memory-buffer,run,3524,14014501,1,1379630,6898150,5993395,1000000,3383593077,read,374587
measured,probe-memory-buffer,run,3525,14015101,0,1379630,6898150,5993868,1000000,3383593077,read,374616
measured,probe-memory-buffer,run,3526,14015801,1,1379630,6898150,5994419,1000000,3383593077,read,374651
measured,probe-memory-buffer,run,3527,14016401,0,1379630,6898150,5994892,1000000,3383593077,read,374680
measured,probe-memory-buffer,run,3528,14017101,1,1379630,6898150,5995365,1000000,3383593077,read,374710
measured,probe-memory-buffer,run,3529,14019301,0,1379630,6898150,5997019,1000000,2428977879,update,0
measured,probe-memory-buffer,run,3530,14036001,0,1379630,6898150,6006463,1000000,2428977879,read,375403
measured,probe-memory-buffer,run,3531,14044901,1,1379630,6898150,6011553,1000000,2428977879,read,375722
measured,probe-memory-buffer,run,3532,14046601,0,1379630,6898150,6012514,1000000,2428977879,read,375782
measured,probe-memory-buffer,run,3533,14047401,1,1379630,6898150,6012910,1000000,2428977879,read,375806
measured,probe-memory-buffer,run,3534,14048101,0,1379630,6898150,6013306,1000000,2428977879,read,375831
measured,probe-memory-buffer,run,3535,14048801,1,1379630,6898150,6013702,1000000,2428977879,read,375856
measured,probe-memory-buffer,run,3536,14049401,0,1379630,6898150,6014098,1000000,2428977879,read,375881
measured,probe-memory-buffer,run,3537,14050101,1,1379630,6898150,6014494,1000000,2428977879,read,375905
measured,probe-memory-buffer,run,3538,14050801,0,1379630,6898150,6014833,1000000,2428977879,read,375927
measured,probe-memory-buffer,run,3539,14051401,1,1379630,6898150,6015229,1000000,2428977879,read,375951
measured,probe-memory-buffer,run,3540,14052001,0,1379630,6898150,6015568,1000000,2428977879,read,375973
measured,probe-memory-buffer,run,3541,14052701,1,1379630,6898150,6015908,1000000,2428977879,read,375994
measured,probe-memory-buffer,run,3542,14053301,0,1379630,6898150,6016247,1000000,2428977879,read,376015
measured,probe-memory-buffer,run,3543,14053901,1,1379630,6898150,6016643,1000000,2428977879,read,376040
measured,probe-memory-buffer,run,3544,14054601,0,1379630,6898150,6016982,1000000,2428977879,read,376061
measured,probe-memory-buffer,run,3545,14055301,1,1379630,6898150,6017378,1000000,2428977879,read,376086
measured,probe-memory-buffer,run,3546,14055901,0,1379630,6898150,6017774,1000000,2428977879,read,376110
measured,probe-memory-buffer,run,3547,14056501,1,1379630,6898150,6018113,1000000,2428977879,read,376132
measured,probe-memory-buffer,run,3548,14057201,0,1379630,6898150,6018452,1000000,2428977879,read,376153
measured,probe-memory-buffer,run,3549,14057801,1,1379630,6898150,6018848,1000000,2428977879,read,376178
measured,probe-memory-buffer,run,3550,14058501,0,1379630,6898150,6019188,1000000,2428977879,read,376199
measured,probe-memory-buffer,run,3551,14059101,1,1379630,6898150,6019584,1000000,2428977879,read,376224
measured,probe-memory-buffer,run,3552,14059701,0,1379630,6898150,6019923,1000000,2428977879,read,376245
measured,probe-memory-buffer,run,3553,14062901,1,1379630,6898150,6021733,1000000,2428977879,read,376358
measured,probe-memory-buffer,run,3554,14063601,0,1379630,6898150,6022072,1000000,2428977879,read,376379
measured,probe-memory-buffer,run,3555,14064201,1,1379630,6898150,6022468,1000000,2428977879,read,376404
measured,probe-memory-buffer,run,3556,14064801,0,1379630,6898150,6022807,1000000,2428977879,read,376425
measured,probe-memory-buffer,run,3557,14065501,1,1379630,6898150,6023203,1000000,2428977879,read,376450
measured,probe-memory-buffer,run,3558,14066101,0,1379630,6898150,6023486,1000000,2428977879,read,376467
measured,probe-memory-buffer,run,3559,14066701,1,1379630,6898150,6023882,1000000,2428977879,read,376492
measured,probe-memory-buffer,run,3560,14067301,0,1379630,6898150,6024221,1000000,2428977879,read,376513
measured,probe-memory-buffer,run,3561,14067901,1,1379630,6898150,6024560,1000000,2428977879,read,376535
measured,probe-memory-buffer,run,3562,14068501,0,1379630,6898150,6024900,1000000,2428977879,read,376556
measured,probe-memory-buffer,run,3563,14069201,1,1379630,6898150,6025239,1000000,2428977879,read,376577
measured,probe-memory-buffer,run,3564,14069801,0,1379630,6898150,6025578,1000000,2428977879,read,376598
measured,probe-memory-buffer,run,3565,14070401,1,1379630,6898150,6025974,1000000,2428977879,read,376623
measured,probe-memory-buffer,run,3566,14071001,0,1379630,6898150,6026257,1000000,2428977879,read,376641
measured,probe-memory-buffer,run,3567,14071601,1,1379630,6898150,6026653,1000000,2428977879,read,376665
measured,probe-memory-buffer,run,3568,14072301,0,1379630,6898150,6026992,1000000,2428977879,read,376687
measured,probe-memory-buffer,run,3569,14072901,1,1379630,6898150,6027388,1000000,2428977879,read,376711
measured,probe-memory-buffer,run,3570,14073501,0,1379630,6898150,6027727,1000000,2428977879,read,376732
measured,probe-memory-buffer,run,3571,14074201,1,1379630,6898150,6028123,1000000,2428977879,read,376757
measured,probe-memory-buffer,run,3572,14074801,0,1379630,6898150,6028406,1000000,2428977879,read,376775
measured,probe-memory-buffer,run,3573,14075501,1,1379630,6898150,6028802,1000000,2428977879,read,376800
measured,probe-memory-buffer,run,3574,14076001,0,1379630,6898150,6029141,1000000,2428977879,read,376821
measured,probe-memory-buffer,run,3575,14076701,1,1379630,6898150,6029481,1000000,2428977879,read,376842
measured,probe-memory-buffer,run,3576,14077301,0,1379630,6898150,6029820,1000000,2428977879,read,376863
measured,probe-memory-buffer,run,3577,14079401,1,1379630,6898150,6031007,1000000,2428977879,read,376937
measured,probe-memory-buffer,run,3578,14080001,0,1379630,6898150,6031403,1000000,2428977879,read,376962
measured,probe-memory-buffer,run,3579,14080701,1,1379630,6898150,6031743,1000000,2428977879,read,376983
measured,probe-memory-buffer,run,3580,14081201,0,1379630,6898150,6032082,1000000,2428977879,read,377005
measured,probe-memory-buffer,run,3581,14081901,1,1379630,6898150,6032421,1000000,2428977879,read,377026
measured,probe-memory-buffer,run,3582,14082401,0,1379630,6898150,6032761,1000000,2428977879,read,377047
measured,probe-memory-buffer,run,3583,14083101,1,1379630,6898150,6033100,1000000,2428977879,read,377068
measured,probe-memory-buffer,run,3584,14083701,0,1379630,6898150,6033439,1000000,2428977879,read,377089
measured,probe-memory-buffer,run,3585,14084301,1,1379630,6898150,6033835,1000000,2428977879,read,377114
measured,probe-memory-buffer,run,3586,14084901,0,1379630,6898150,6034175,1000000,2428977879,read,377135
measured,probe-memory-buffer,run,3587,14085601,1,1379630,6898150,6034514,1000000,2428977879,read,377157
measured,probe-memory-buffer,run,3588,14086201,0,1379630,6898150,6034853,1000000,2428977879,read,377178
measured,probe-memory-buffer,run,3589,14086801,1,1379630,6898150,6035249,1000000,2428977879,read,377203
measured,probe-memory-buffer,run,3590,14087401,0,1379630,6898150,6035588,1000000,2428977879,read,377224
measured,probe-memory-buffer,run,3591,14088101,1,1379630,6898150,6035928,1000000,2428977879,read,377245
measured,probe-memory-buffer,run,3592,14088701,0,1379630,6898150,6036267,1000000,2428977879,read,377266
measured,probe-memory-buffer,run,3593,14089301,1,1379630,6898150,6036663,1000000,2428977879,read,377291
measured,probe-memory-buffer,run,3594,14090001,0,1379630,6898150,6037002,1000000,2428977879,read,377312
measured,probe-memory-buffer,run,3595,14090601,1,1379630,6898150,6037398,1000000,2428977879,read,377337
measured,probe-memory-buffer,run,3596,14091201,0,1379630,6898150,6037737,1000000,2428977879,read,377358
measured,probe-memory-buffer,run,3597,14091901,1,1379630,6898150,6038077,1000000,2428977879,read,377379
measured,probe-memory-buffer,run,3598,14092501,0,1379630,6898150,6038416,1000000,2428977879,read,377401
measured,probe-memory-buffer,run,3599,14093101,1,1379630,6898150,6038812,1000000,2428977879,read,377425
measured,probe-memory-buffer,run,3600,14093701,0,1379630,6898150,6039151,1000000,2428977879,read,377446
measured,probe-memory-buffer,run,3601,14094401,1,1379630,6898150,6039491,1000000,2428977879,read,377468
measured,probe-memory-buffer,run,3602,14094901,0,1379630,6898150,6039830,1000000,2428977879,read,377489
measured,probe-memory-buffer,run,3603,14095601,1,1379630,6898150,6040226,1000000,2428977879,read,377514
measured,probe-memory-buffer,run,3604,14097601,0,1379630,6898150,6041357,1000000,2428977879,read,377584
measured,probe-memory-buffer,run,3605,14098201,1,1379630,6898150,6041696,1000000,2428977879,read,377606
measured,probe-memory-buffer,run,3606,14098801,0,1379630,6898150,6042036,1000000,2428977879,read,377627
measured,probe-memory-buffer,run,3607,14099401,1,1379630,6898150,6042375,1000000,2428977879,read,377648
measured,probe-memory-buffer,run,3608,14100101,0,1379630,6898150,6042714,1000000,2428977879,read,377669
measured,probe-memory-buffer,run,3609,14100701,1,1379630,6898150,6043053,1000000,2428977879,read,377690
measured,probe-memory-buffer,run,3610,14104301,0,1379630,6898150,6045089,1000000,2428977879,read,377818
measured,probe-memory-buffer,run,3611,14105001,1,1379630,6898150,6045542,1000000,2428977879,read,377846
measured,probe-memory-buffer,run,3612,14105701,0,1379630,6898150,6045881,1000000,2428977879,read,377867
measured,probe-memory-buffer,run,3613,14106301,1,1379630,6898150,6046221,1000000,2428977879,read,377888
measured,probe-memory-buffer,run,3614,14106901,0,1379630,6898150,6046560,1000000,2428977879,read,377910
measured,probe-memory-buffer,run,3615,14107501,1,1379630,6898150,6046956,1000000,2428977879,read,377934
measured,probe-memory-buffer,run,3616,14108101,0,1379630,6898150,6047295,1000000,2428977879,read,377955
measured,probe-memory-buffer,run,3617,14108801,1,1379630,6898150,6047634,1000000,2428977879,read,377977
measured,probe-memory-buffer,run,3618,14109301,0,1379630,6898150,6047974,1000000,2428977879,read,377998
measured,probe-memory-buffer,run,3619,14110001,1,1379630,6898150,6048313,1000000,2428977879,read,378019
measured,probe-memory-buffer,run,3620,14110601,0,1379630,6898150,6048709,1000000,2428977879,read,378044
measured,probe-memory-buffer,run,3621,14111201,1,1379630,6898150,6049048,1000000,2428977879,read,378065
measured,probe-memory-buffer,run,3622,14111801,0,1379630,6898150,6049388,1000000,2428977879,read,378086
measured,probe-memory-buffer,run,3623,14112501,1,1379630,6898150,6049727,1000000,2428977879,read,378107
measured,probe-memory-buffer,run,3624,14113001,0,1379630,6898150,6050066,1000000,2428977879,read,378129
measured,probe-memory-buffer,run,3625,14113701,1,1379630,6898150,6050406,1000000,2428977879,read,378150
measured,probe-memory-buffer,run,3626,14114301,0,1379630,6898150,6050801,1000000,2428977879,read,378175
measured,probe-memory-buffer,run,3627,14115001,1,1379630,6898150,6051141,1000000,2428977879,read,378196
measured,probe-memory-buffer,run,3628,14115601,0,1379630,6898150,6051480,1000000,2428977879,read,378217
measured,probe-memory-buffer,run,3629,14116201,1,1379630,6898150,6051819,1000000,2428977879,read,378238
measured,probe-memory-buffer,run,3630,14116801,0,1379630,6898150,6052215,1000000,2428977879,read,378263
measured,probe-memory-buffer,run,3631,14117501,1,1379630,6898150,6052555,1000000,2428977879,read,378284
measured,probe-memory-buffer,run,3632,14118001,0,1379630,6898150,6052894,1000000,2428977879,read,378305
measured,probe-memory-buffer,run,3633,14118701,1,1379630,6898150,6053290,1000000,2428977879,read,378330
measured,probe-memory-buffer,run,3634,14119301,0,1379630,6898150,6053573,1000000,2428977879,read,378348
measured,probe-memory-buffer,run,3635,14119901,1,1379630,6898150,6053968,1000000,2428977879,read,378373
measured,probe-memory-buffer,run,3636,14120501,0,1379630,6898150,6054308,1000000,2428977879,read,378394
measured,probe-memory-buffer,run,3637,14121101,1,1379630,6898150,6054647,1000000,2428977879,read,378415
measured,probe-memory-buffer,run,3638,14121701,0,1379630,6898150,6054986,1000000,2428977879,read,378436
measured,probe-memory-buffer,run,3639,14122401,1,1379630,6898150,6055326,1000000,2428977879,read,378457
measured,probe-memory-buffer,run,3640,14123001,0,1379630,6898150,6055665,1000000,2428977879,read,378479
measured,probe-memory-buffer,run,3641,14123601,1,1379630,6898150,6056004,1000000,2428977879,read,378500
measured,probe-memory-buffer,run,3642,14124201,0,1379630,6898150,6056344,1000000,2428977879,read,378521
measured,probe-memory-buffer,run,3643,14124801,1,1379630,6898150,6056740,1000000,2428977879,read,378546
measured,probe-memory-buffer,run,3644,14125401,0,1379630,6898150,6057079,1000000,2428977879,read,378567
measured,probe-memory-buffer,run,3645,14126001,1,1379630,6898150,6057418,1000000,2428977879,read,378588
measured,probe-memory-buffer,run,3646,14126701,0,1379630,6898150,6057758,1000000,2428977879,read,378609
measured,probe-memory-buffer,run,3647,14127301,1,1379630,6898150,6058153,1000000,2428977879,read,378634
measured,probe-memory-buffer,run,3648,14127901,0,1379630,6898150,6058493,1000000,2428977879,read,378655
measured,probe-memory-buffer,run,3649,14128601,1,1379630,6898150,6058832,1000000,2428977879,read,378677
measured,probe-memory-buffer,run,3650,14129101,0,1379630,6898150,6059171,1000000,2428977879,read,378698
measured,probe-memory-buffer,run,3651,14129801,1,1379630,6898150,6059567,1000000,2428977879,read,378722
measured,probe-memory-buffer,run,3652,14130401,0,1379630,6898150,6059907,1000000,2428977879,read,378744
measured,probe-memory-buffer,run,3653,14131001,1,1379630,6898150,6060246,1000000,2428977879,read,378765
measured,probe-memory-buffer,run,3654,14131601,0,1379630,6898150,6060585,1000000,2428977879,read,378786
measured,probe-memory-buffer,run,3655,14132301,1,1379630,6898150,6060925,1000000,2428977879,read,378807
measured,probe-memory-buffer,run,3656,14132901,0,1379630,6898150,6061264,1000000,2428977879,read,378829
measured,probe-memory-buffer,run,3657,14133501,1,1379630,6898150,6061603,1000000,2428977879,read,378850
measured,probe-memory-buffer,run,3658,14134101,0,1379630,6898150,6061999,1000000,2428977879,read,378874
measured,probe-memory-buffer,run,3659,14134701,1,1379630,6898150,6062338,1000000,2428977879,read,378896
measured,probe-memory-buffer,run,3660,14135301,0,1379630,6898150,6062678,1000000,2428977879,read,378917
measured,probe-memory-buffer,run,3661,14136001,1,1379630,6898150,6063017,1000000,2428977879,read,378938
measured,probe-memory-buffer,run,3662,14136601,0,1379630,6898150,6063356,1000000,2428977879,read,378959
measured,probe-memory-buffer,run,3663,14137201,1,1379630,6898150,6063752,1000000,2428977879,read,378984
measured,probe-memory-buffer,run,3664,14137801,0,1379630,6898150,6064092,1000000,2428977879,read,379005
measured,probe-memory-buffer,run,3665,14138501,1,1379630,6898150,6064431,1000000,2428977879,read,379026
measured,probe-memory-buffer,run,3666,14139101,0,1379630,6898150,6064770,1000000,2428977879,read,379048
measured,probe-memory-buffer,run,3667,14144401,0,1445165,7225825,6225825,1000000,2906212651,update,0
measured,probe-memory-buffer,run,3668,14170101,1,1445165,7225825,6243215,1000000,2906212651,read,390200
measured,probe-memory-buffer,run,3669,14171401,0,1445165,7225825,6244162,1000000,2906212651,read,390260
measured,probe-memory-buffer,run,3670,14172101,1,1445165,7225825,6244636,1000000,2906212651,read,390289
measured,probe-memory-buffer,run,3671,14172801,0,1445165,7225825,6245109,1000000,2906212651,read,390319
measured,probe-memory-buffer,run,3672,14173501,1,1445165,7225825,6245583,1000000,2906212651,read,390348
measured,probe-memory-buffer,run,3673,14174201,0,1445165,7225825,6245989,1000000,2906212651,read,390374
measured,probe-memory-buffer,run,3674,14174901,1,1445165,7225825,6246462,1000000,2906212651,read,390403
measured,probe-memory-buffer,run,3675,14175501,0,1445165,7225825,6246936,1000000,2906212651,read,390433
measured,probe-memory-buffer,run,3676,14176201,1,1445165,7225825,6247410,1000000,2906212651,read,390463
measured,probe-memory-buffer,run,3677,14176801,0,1445165,7225825,6247816,1000000,2906212651,read,390488
measured,probe-memory-buffer,run,3678,14177501,1,1445165,7225825,6248289,1000000,2906212651,read,390518
measured,probe-memory-buffer,run,3679,14178101,0,1445165,7225825,6248695,1000000,2906212651,read,390543
measured,probe-memory-buffer,run,3680,14178801,1,1445165,7225825,6249101,1000000,2906212651,read,390568
measured,probe-memory-buffer,run,3681,14179401,0,1445165,7225825,6249575,1000000,2906212651,read,390598
measured,probe-memory-buffer,run,3682,14180101,1,1445165,7225825,6249981,1000000,2906212651,read,390623
measured,probe-memory-buffer,run,3683,14180701,0,1445165,7225825,6250455,1000000,2906212651,read,390653
measured,probe-memory-buffer,run,3684,14181401,1,1445165,7225825,6250861,1000000,2906212651,read,390678
measured,probe-memory-buffer,run,3685,14182001,0,1445165,7225825,6251267,1000000,2906212651,read,390704
measured,probe-memory-buffer,run,3686,14182601,1,1445165,7225825,6251740,1000000,2906212651,read,390733
measured,probe-memory-buffer,run,3687,14183201,0,1445165,7225825,6252146,1000000,2906212651,read,390759
measured,probe-memory-buffer,run,3688,14183901,1,1445165,7225825,6252552,1000000,2906212651,read,390784
measured,probe-memory-buffer,run,3689,14184501,0,1445165,7225825,6253026,1000000,2906212651,read,390814
measured,probe-memory-buffer,run,3690,14185201,1,1445165,7225825,6253432,1000000,2906212651,read,390839
measured,probe-memory-buffer,run,3691,14185801,0,1445165,7225825,6253906,1000000,2906212651,read,390869
measured,probe-memory-buffer,run,3692,14186501,1,1445165,7225825,6254312,1000000,2906212651,read,390894
measured,probe-memory-buffer,run,3693,14187101,0,1445165,7225825,6254785,1000000,2906212651,read,390924
measured,probe-memory-buffer,run,3694,14187701,1,1445165,7225825,6255191,1000000,2906212651,read,390949
measured,probe-memory-buffer,run,3695,14188301,0,1445165,7225825,6255597,1000000,2906212651,read,390974
measured,probe-memory-buffer,run,3696,14189001,1,1445165,7225825,6256003,1000000,2906212651,read,391000
measured,probe-memory-buffer,run,3697,14189601,0,1445165,7225825,6256477,1000000,2906212651,read,391029
measured,probe-memory-buffer,run,3698,14190201,1,1445165,7225825,6256883,1000000,2906212651,read,391055
measured,probe-memory-buffer,run,3699,14190901,0,1445165,7225825,6257289,1000000,2906212651,read,391080
measured,probe-memory-buffer,run,3700,14191501,1,1445165,7225825,6257763,1000000,2906212651,read,391110
measured,probe-memory-buffer,run,3701,14192101,0,1445165,7225825,6258169,1000000,2906212651,read,391135
measured,probe-memory-buffer,run,3702,14192801,1,1445165,7225825,6258575,1000000,2906212651,read,391160
measured,probe-memory-buffer,run,3703,14218101,0,1445165,7225825,6275694,1000000,2906212651,read,392230
measured,probe-memory-buffer,run,3704,14218801,1,1445165,7225825,6276168,1000000,2906212651,read,392260
measured,probe-memory-buffer,run,3705,14219501,0,1445165,7225825,6276641,1000000,2906212651,read,392290
measured,probe-memory-buffer,run,3706,14220101,1,1445165,7225825,6277115,1000000,2906212651,read,392319
measured,probe-memory-buffer,run,3707,14220801,0,1445165,7225825,6277521,1000000,2906212651,read,392345
measured,probe-memory-buffer,run,3708,14221401,1,1445165,7225825,6277927,1000000,2906212651,read,392370
measured,probe-memory-buffer,run,3709,14222001,0,1445165,7225825,6278401,1000000,2906212651,read,392400
measured,probe-memory-buffer,run,3710,14222701,1,1445165,7225825,6278807,1000000,2906212651,read,392425
measured,probe-memory-buffer,run,3711,14223301,0,1445165,7225825,6279280,1000000,2906212651,read,392455
measured,probe-memory-buffer,run,3712,14224001,1,1445165,7225825,6279754,1000000,2906212651,read,392484
measured,probe-memory-buffer,run,3713,14224701,0,1445165,7225825,6280160,1000000,2906212651,read,392510
measured,probe-memory-buffer,run,3714,14225301,1,1445165,7225825,6280634,1000000,2906212651,read,392539
measured,probe-memory-buffer,run,3715,14226001,0,1445165,7225825,6281040,1000000,2906212651,read,392565
measured,probe-memory-buffer,run,3716,14226601,1,1445165,7225825,6281513,1000000,2906212651,read,392594
measured,probe-memory-buffer,run,3717,14227301,0,1445165,7225825,6281919,1000000,2906212651,read,392619
measured,probe-memory-buffer,run,3718,14227901,1,1445165,7225825,6282393,1000000,2906212651,read,392649
measured,probe-memory-buffer,run,3719,14228601,0,1445165,7225825,6282799,1000000,2906212651,read,392674
measured,probe-memory-buffer,run,3720,14229201,1,1445165,7225825,6283273,1000000,2906212651,read,392704
measured,probe-memory-buffer,run,3721,14229901,0,1445165,7225825,6283679,1000000,2906212651,read,392729
measured,probe-memory-buffer,run,3722,14230501,1,1445165,7225825,6284152,1000000,2906212651,read,392759
measured,probe-memory-buffer,run,3723,14231101,0,1445165,7225825,6284558,1000000,2906212651,read,392784
measured,probe-memory-buffer,run,3724,14232801,1,1445165,7225825,6285641,1000000,2906212651,read,392852
measured,probe-memory-buffer,run,3725,14233501,0,1445165,7225825,6286114,1000000,2906212651,read,392882
measured,probe-memory-buffer,run,3726,14234101,1,1445165,7225825,6286588,1000000,2906212651,read,392911
measured,probe-memory-buffer,run,3727,14234801,0,1445165,7225825,6286994,1000000,2906212651,read,392937
measured,probe-memory-buffer,run,3728,14235401,1,1445165,7225825,6287400,1000000,2906212651,read,392962
measured,probe-memory-buffer,run,3729,14236001,0,1445165,7225825,6287874,1000000,2906212651,read,392992
measured,probe-memory-buffer,run,3730,14236701,1,1445165,7225825,6288347,1000000,2906212651,read,393021
measured,probe-memory-buffer,run,3731,14237401,0,1445165,7225825,6288821,1000000,2906212651,read,393051
measured,probe-memory-buffer,run,3732,14238101,1,1445165,7225825,6289227,1000000,2906212651,read,393076
measured,probe-memory-buffer,run,3733,14238701,0,1445165,7225825,6289633,1000000,2906212651,read,393102
measured,probe-memory-buffer,run,3734,14239301,1,1445165,7225825,6290107,1000000,2906212651,read,393131
measured,probe-memory-buffer,run,3735,14240001,0,1445165,7225825,6290513,1000000,2906212651,read,393157
measured,probe-memory-buffer,run,3736,14240601,1,1445165,7225825,6290986,1000000,2906212651,read,393186
measured,probe-memory-buffer,run,3737,14241201,0,1445165,7225825,6291392,1000000,2906212651,read,393212
measured,probe-memory-buffer,run,3738,14241901,1,1445165,7225825,6291866,1000000,2906212651,read,393241
measured,probe-memory-buffer,run,3739,14242501,0,1445165,7225825,6292272,1000000,2906212651,read,393267
measured,probe-memory-buffer,run,3740,14243201,1,1445165,7225825,6292746,1000000,2906212651,read,393296
measured,probe-memory-buffer,run,3741,14243901,0,1445165,7225825,6293152,1000000,2906212651,read,393322
measured,probe-memory-buffer,run,3742,14244501,1,1445165,7225825,6293625,1000000,2906212651,read,393351
measured,probe-memory-buffer,run,3743,14245201,0,1445165,7225825,6294031,1000000,2906212651,read,393376
measured,probe-memory-buffer,run,3744,14245801,1,1445165,7225825,6294505,1000000,2906212651,read,393406
measured,probe-memory-buffer,run,3745,14246501,0,1445165,7225825,6294911,1000000,2906212651,read,393431
measured,probe-memory-buffer,run,3746,14247101,1,1445165,7225825,6295385,1000000,2906212651,read,393461
measured,probe-memory-buffer,run,3747,14247701,0,1445165,7225825,6295791,1000000,2906212651,read,393486
measured,probe-memory-buffer,run,3748,14248401,1,1445165,7225825,6296197,1000000,2906212651,read,393512
measured,probe-memory-buffer,run,3749,14249001,0,1445165,7225825,6296670,1000000,2906212651,read,393541
measured,probe-memory-buffer,run,3750,14249701,1,1445165,7225825,6297076,1000000,2906212651,read,393567
measured,probe-memory-buffer,run,3751,14250301,0,1445165,7225825,6297550,1000000,2906212651,read,393596
measured,probe-memory-buffer,run,3752,14250901,1,1445165,7225825,6297956,1000000,2906212651,read,393622
measured,probe-memory-buffer,run,3753,14251601,0,1445165,7225825,6298362,1000000,2906212651,read,393647
measured,probe-memory-buffer,run,3754,14252301,1,1445165,7225825,6298836,1000000,2906212651,read,393677
measured,probe-memory-buffer,run,3755,14252901,0,1445165,7225825,6299309,1000000,2906212651,read,393706
measured,probe-memory-buffer,run,3756,14253601,1,1445165,7225825,6299715,1000000,2906212651,read,393732
measured,probe-memory-buffer,run,3757,14254201,0,1445165,7225825,6300189,1000000,2906212651,read,393761
measured,probe-memory-buffer,run,3758,14254901,1,1445165,7225825,6300595,1000000,2906212651,read,393787
measured,probe-memory-buffer,run,3759,14255501,0,1445165,7225825,6301069,1000000,2906212651,read,393816
measured,probe-memory-buffer,run,3760,14256201,1,1445165,7225825,6301475,1000000,2906212651,read,393842
measured,probe-memory-buffer,run,3761,14256801,0,1445165,7225825,6301948,1000000,2906212651,read,393871
measured,probe-memory-buffer,run,3762,14257501,1,1445165,7225825,6302354,1000000,2906212651,read,393897
measured,probe-memory-buffer,run,3763,14258701,0,1445165,7225825,6303234,1000000,2906212651,read,393952
measured,probe-memory-buffer,run,3764,14259301,1,1445165,7225825,6303572,1000000,2906212651,read,393973
measured,probe-memory-buffer,run,3765,14259901,0,1445165,7225825,6304046,1000000,2906212651,read,394002
measured,probe-memory-buffer,run,3766,14260601,1,1445165,7225825,6304520,1000000,2906212651,read,394032
measured,probe-memory-buffer,run,3767,14261201,0,1445165,7225825,6304926,1000000,2906212651,read,394057
measured,probe-memory-buffer,run,3768,14261901,1,1445165,7225825,6305399,1000000,2906212651,read,394087
measured,probe-memory-buffer,run,3769,14262501,0,1445165,7225825,6305805,1000000,2906212651,read,394112
measured,probe-memory-buffer,run,3770,14263201,1,1445165,7225825,6306279,1000000,2906212651,read,394142
measured,probe-memory-buffer,run,3771,14263901,0,1445165,7225825,6306685,1000000,2906212651,read,394167
measured,probe-memory-buffer,run,3772,14264601,1,1445165,7225825,6307158,1000000,2906212651,read,394197
measured,probe-memory-buffer,run,3773,14284001,0,1445165,7225825,6308173,1000000,2190396906,update,0
measured,probe-memory-buffer,run,3774,14311701,0,1445165,7225825,6331479,1000000,2190396906,read,395717
measured,probe-memory-buffer,run,3775,14313801,1,1445165,7225825,6332550,1000000,2190396906,read,395784
measured,probe-memory-buffer,run,3776,14314901,0,1445165,7225825,6333111,1000000,2190396906,read,395819
measured,probe-memory-buffer,run,3777,14315601,1,1445165,7225825,6333417,1000000,2190396906,read,395838
measured,probe-memory-buffer,run,3778,14316301,0,1445165,7225825,6333774,1000000,2190396906,read,395860
measured,probe-memory-buffer,run,3779,14317001,1,1445165,7225825,6334131,1000000,2190396906,read,395883
measured,probe-memory-buffer,run,3780,14317601,0,1445165,7225825,6334488,1000000,2190396906,read,395905
measured,probe-memory-buffer,run,3781,14320801,1,1445165,7225825,6336069,1000000,2190396906,read,396004
measured,probe-memory-buffer,run,3782,14321601,0,1445165,7225825,6336477,1000000,2190396906,read,396029
measured,probe-memory-buffer,run,3783,14322201,1,1445165,7225825,6336834,1000000,2190396906,read,396052
measured,probe-memory-buffer,run,3784,14322901,0,1445165,7225825,6337191,1000000,2190396906,read,396074
measured,probe-memory-buffer,run,3785,14324101,1,1445165,7225825,6337803,1000000,2190396906,read,396112
measured,probe-memory-buffer,run,3786,14325901,0,1445165,7225825,6338670,1000000,2190396906,read,396166
measured,probe-memory-buffer,run,3787,14326501,1,1445165,7225825,6339027,1000000,2190396906,read,396189
measured,probe-memory-buffer,run,3788,14327101,0,1445165,7225825,6339333,1000000,2190396906,read,396208
measured,probe-memory-buffer,run,3789,14327801,1,1445165,7225825,6339690,1000000,2190396906,read,396230
measured,probe-memory-buffer,run,3790,14328401,0,1445165,7225825,6339996,1000000,2190396906,read,396249
measured,probe-memory-buffer,run,3791,14329101,1,1445165,7225825,6340302,1000000,2190396906,read,396268
measured,probe-memory-buffer,run,3792,14329701,0,1445165,7225825,6340608,1000000,2190396906,read,396288
measured,probe-memory-buffer,run,3793,14330301,1,1445165,7225825,6340965,1000000,2190396906,read,396310
measured,probe-memory-buffer,run,3794,14331001,0,1445165,7225825,6341271,1000000,2190396906,read,396329
measured,probe-memory-buffer,run,3795,14331601,1,1445165,7225825,6341628,1000000,2190396906,read,396351
measured,probe-memory-buffer,run,3796,14332201,0,1445165,7225825,6341934,1000000,2190396906,read,396370
measured,probe-memory-buffer,run,3797,14332901,1,1445165,7225825,6342291,1000000,2190396906,read,396393
measured,probe-memory-buffer,run,3798,14333501,0,1445165,7225825,6342597,1000000,2190396906,read,396412
measured,probe-memory-buffer,run,3799,14334201,1,1445165,7225825,6342903,1000000,2190396906,read,396431
measured,probe-memory-buffer,run,3800,14334801,0,1445165,7225825,6343260,1000000,2190396906,read,396453
measured,probe-memory-buffer,run,3801,14335501,1,1445165,7225825,6343566,1000000,2190396906,read,396472
measured,probe-memory-buffer,run,3802,14336101,0,1445165,7225825,6343872,1000000,2190396906,read,396492
measured,probe-memory-buffer,run,3803,14336801,1,1445165,7225825,6344229,1000000,2190396906,read,396514
measured,probe-memory-buffer,run,3804,14337401,0,1445165,7225825,6344535,1000000,2190396906,read,396533
measured,probe-memory-buffer,run,3805,14338001,1,1445165,7225825,6344892,1000000,2190396906,read,396555
measured,probe-memory-buffer,run,3806,14338701,0,1445165,7225825,6345198,1000000,2190396906,read,396574
measured,probe-memory-buffer,run,3807,14339301,1,1445165,7225825,6345555,1000000,2190396906,read,396597
measured,probe-memory-buffer,run,3808,14340001,0,1445165,7225825,6345861,1000000,2190396906,read,396616
measured,probe-memory-buffer,run,3809,14340601,1,1445165,7225825,6346218,1000000,2190396906,read,396638
measured,probe-memory-buffer,run,3810,14341201,0,1445165,7225825,6346524,1000000,2190396906,read,396657
measured,probe-memory-buffer,run,3811,14341901,1,1445165,7225825,6346881,1000000,2190396906,read,396680
measured,probe-memory-buffer,run,3812,14342501,0,1445165,7225825,6347187,1000000,2190396906,read,396699
measured,probe-memory-buffer,run,3813,14343201,1,1445165,7225825,6347493,1000000,2190396906,read,396718
measured,probe-memory-buffer,run,3814,14343801,0,1445165,7225825,6347850,1000000,2190396906,read,396740
measured,probe-memory-buffer,run,3815,14344501,1,1445165,7225825,6348207,1000000,2190396906,read,396762
measured,probe-memory-buffer,run,3816,14345101,0,1445165,7225825,6348513,1000000,2190396906,read,396782
measured,probe-memory-buffer,run,3817,14345801,1,1445165,7225825,6348819,1000000,2190396906,read,396801
measured,probe-memory-buffer,run,3818,14346401,0,1445165,7225825,6349176,1000000,2190396906,read,396823
measured,probe-memory-buffer,run,3819,14347101,1,1445165,7225825,6349482,1000000,2190396906,read,396842
measured,probe-memory-buffer,run,3820,14347701,0,1445165,7225825,6349839,1000000,2190396906,read,396864
measured,probe-memory-buffer,run,3821,14348401,1,1445165,7225825,6350145,1000000,2190396906,read,396884
measured,probe-memory-buffer,run,3822,14349001,0,1445165,7225825,6350451,1000000,2190396906,read,396903
measured,probe-memory-buffer,run,3823,14349601,1,1445165,7225825,6350808,1000000,2190396906,read,396925
measured,probe-memory-buffer,run,3824,14350301,0,1445165,7225825,6351114,1000000,2190396906,read,396944
measured,probe-memory-buffer,run,3825,14350901,1,1445165,7225825,6351420,1000000,2190396906,read,396963
measured,probe-memory-buffer,run,3826,14351501,0,1445165,7225825,6351777,1000000,2190396906,read,396986
measured,probe-memory-buffer,run,3827,14374901,1,1445165,7225825,6363660,1000000,2190396906,read,397728
measured,probe-memory-buffer,run,3828,14376601,0,1445165,7225825,6364527,1000000,2190396906,read,397782
measured,probe-memory-buffer,run,3829,14377301,1,1445165,7225825,6364884,1000000,2190396906,read,397805
measured,probe-memory-buffer,run,3830,14377901,0,1445165,7225825,6365241,1000000,2190396906,read,397827
measured,probe-memory-buffer,run,3831,14378501,1,1445165,7225825,6365547,1000000,2190396906,read,397846
measured,probe-memory-buffer,run,3832,14379201,0,1445165,7225825,6365853,1000000,2190396906,read,397865
measured,probe-memory-buffer,run,3833,14379901,1,1445165,7225825,6366210,1000000,2190396906,read,397888
measured,probe-memory-buffer,run,3834,14380501,0,1445165,7225825,6366567,1000000,2190396906,read,397910
measured,probe-memory-buffer,run,3835,14381201,1,1445165,7225825,6366873,1000000,2190396906,read,397929
measured,probe-memory-buffer,run,3836,14381801,0,1445165,7225825,6367230,1000000,2190396906,read,397951
measured,probe-memory-buffer,run,3837,14383501,1,1445165,7225825,6368097,1000000,2190396906,read,398006
measured,probe-memory-buffer,run,3838,14384201,0,1445165,7225825,6368453,1000000,2190396906,read,398028
measured,probe-memory-buffer,run,3839,14384901,1,1445165,7225825,6368759,1000000,2190396906,read,398047
measured,probe-memory-buffer,run,3840,14385501,0,1445165,7225825,6369065,1000000,2190396906,read,398066
measured,probe-memory-buffer,run,3841,14386201,1,1445165,7225825,6369422,1000000,2190396906,read,398088
measured,probe-memory-buffer,run,3842,14386801,0,1445165,7225825,6369779,1000000,2190396906,read,398111
measured,probe-memory-buffer,run,3843,14387501,1,1445165,7225825,6370085,1000000,2190396906,read,398130
measured,probe-memory-buffer,run,3844,14388101,0,1445165,7225825,6370442,1000000,2190396906,read,398152
measured,probe-memory-buffer,run,3845,14388801,1,1445165,7225825,6370799,1000000,2190396906,read,398174
measured,probe-memory-buffer,run,3846,14389501,0,1445165,7225825,6371105,1000000,2190396906,read,398194
measured,probe-memory-buffer,run,3847,14390201,1,1445165,7225825,6371462,1000000,2190396906,read,398216
measured,probe-memory-buffer,run,3848,14390801,0,1445165,7225825,6371819,1000000,2190396906,read,398238
measured,probe-memory-buffer,run,3849,14391501,1,1445165,7225825,6372176,1000000,2190396906,read,398261
measured,probe-memory-buffer,run,3850,14392201,0,1445165,7225825,6372482,1000000,2190396906,read,398280
measured,probe-memory-buffer,run,3851,14392901,1,1445165,7225825,6372839,1000000,2190396906,read,398302
measured,probe-memory-buffer,run,3852,14393501,0,1445165,7225825,6373196,1000000,2190396906,read,398324
measured,probe-memory-buffer,run,3853,14394201,1,1445165,7225825,6373502,1000000,2190396906,read,398343
measured,probe-memory-buffer,run,3854,14394801,0,1445165,7225825,6373859,1000000,2190396906,read,398366
measured,probe-memory-buffer,run,3855,14395501,1,1445165,7225825,6374165,1000000,2190396906,read,398385
measured,probe-memory-buffer,run,3856,14396101,0,1445165,7225825,6374522,1000000,2190396906,read,398407
measured,probe-memory-buffer,run,3857,14396801,1,1445165,7225825,6374879,1000000,2190396906,read,398429
measured,probe-memory-buffer,run,3858,14397501,0,1445165,7225825,6375185,1000000,2190396906,read,398449
measured,probe-memory-buffer,run,3859,14398101,1,1445165,7225825,6375542,1000000,2190396906,read,398471
measured,probe-memory-buffer,run,3860,14398801,0,1445165,7225825,6375848,1000000,2190396906,read,398490
measured,probe-memory-buffer,run,3861,14399401,1,1445165,7225825,6376154,1000000,2190396906,read,398509
measured,probe-memory-buffer,run,3862,14400001,0,1445165,7225825,6376511,1000000,2190396906,read,398531
measured,probe-memory-buffer,run,3863,14400701,1,1445165,7225825,6376868,1000000,2190396906,read,398554
measured,probe-memory-buffer,run,3864,14401401,0,1445165,7225825,6377174,1000000,2190396906,read,398573
measured,probe-memory-buffer,run,3865,14402001,1,1445165,7225825,6377531,1000000,2190396906,read,398595
measured,probe-memory-buffer,run,3866,14402701,0,1445165,7225825,6377837,1000000,2190396906,read,398614
measured,probe-memory-buffer,run,3867,14403301,1,1445165,7225825,6378143,1000000,2190396906,read,398633
measured,probe-memory-buffer,run,3868,14403901,0,1445165,7225825,6378500,1000000,2190396906,read,398656
measured,probe-memory-buffer,run,3869,14404601,1,1445165,7225825,6378857,1000000,2190396906,read,398678
measured,probe-memory-buffer,run,3870,14406301,0,1510700,7553500,6553500,1000000,2727276921,update,0
measured,probe-memory-buffer,run,3871,14431401,0,1510700,7553500,6569501,1000000,2727276921,read,410593
measured,probe-memory-buffer,run,3872,14433301,1,1510700,7553500,6570708,1000000,2727276921,read,410669
measured,probe-memory-buffer,run,3873,14434301,0,1510700,7553500,6571406,1000000,2727276921,read,410712
measured,probe-memory-buffer,run,3874,14435101,1,1510700,7553500,6571851,1000000,2727276921,read,410740
measured,probe-memory-buffer,run,3875,14435801,0,1510700,7553500,6572295,1000000,2727276921,read,410768
measured,probe-memory-buffer,run,3876,14455401,1,1510700,7553500,6584805,1000000,2727276921,read,411550
measured,probe-memory-buffer,run,3877,14456201,0,1510700,7553500,6585249,1000000,2727276921,read,411578
measured,probe-memory-buffer,run,3878,14456801,1,1510700,7553500,6585694,1000000,2727276921,read,411605
measured,probe-memory-buffer,run,3879,14457501,0,1510700,7553500,6586075,1000000,2727276921,read,411629
measured,probe-memory-buffer,run,3880,14458101,1,1510700,7553500,6586519,1000000,2727276921,read,411657
measured,probe-memory-buffer,run,3881,14458701,0,1510700,7553500,6586900,1000000,2727276921,read,411681
measured,probe-memory-buffer,run,3882,14459401,1,1510700,7553500,6587281,1000000,2727276921,read,411705
measured,probe-memory-buffer,run,3883,14460001,0,1510700,7553500,6587662,1000000,2727276921,read,411728
measured,probe-memory-buffer,run,3884,14460601,1,1510700,7553500,6588107,1000000,2727276921,read,411756
measured,probe-memory-buffer,run,3885,14461301,0,1510700,7553500,6588488,1000000,2727276921,read,411780
measured,probe-memory-buffer,run,3886,14461901,1,1510700,7553500,6588932,1000000,2727276921,read,411808
measured,probe-memory-buffer,run,3887,14462501,0,1510700,7553500,6589313,1000000,2727276921,read,411832
measured,probe-memory-buffer,run,3888,14463601,1,1510700,7553500,6590012,1000000,2727276921,read,411875
measured,probe-memory-buffer,run,3889,14464201,0,1510700,7553500,6590393,1000000,2727276921,read,411899
measured,probe-memory-buffer,run,3890,14464901,1,1510700,7553500,6590774,1000000,2727276921,read,411923
measured,probe-memory-buffer,run,3891,14465501,0,1510700,7553500,6591218,1000000,2727276921,read,411951
measured,probe-memory-buffer,run,3892,14466101,1,1510700,7553500,6591599,1000000,2727276921,read,411974
measured,probe-memory-buffer,run,3893,14466801,0,1510700,7553500,6591980,1000000,2727276921,read,411998
measured,probe-memory-buffer,run,3894,14469901,1,1510700,7553500,6594012,1000000,2727276921,read,412125
measured,probe-memory-buffer,run,3895,14470701,0,1510700,7553500,6594457,1000000,2727276921,read,412153
measured,probe-memory-buffer,run,3896,14471301,1,1510700,7553500,6594901,1000000,2727276921,read,412181
measured,probe-memory-buffer,run,3897,14472001,0,1510700,7553500,6595282,1000000,2727276921,read,412205
measured,probe-memory-buffer,run,3898,14472601,1,1510700,7553500,6595663,1000000,2727276921,read,412228
measured,probe-memory-buffer,run,3899,14473201,0,1510700,7553500,6596108,1000000,2727276921,read,412256
measured,probe-memory-buffer,run,3900,14473901,1,1510700,7553500,6596489,1000000,2727276921,read,412280
measured,probe-memory-buffer,run,3901,14474501,0,1510700,7553500,6596870,1000000,2727276921,read,412304
measured,probe-memory-buffer,run,3902,14475101,1,1510700,7553500,6597314,1000000,2727276921,read,412332
measured,probe-memory-buffer,run,3903,14475701,0,1510700,7553500,6597695,1000000,2727276921,read,412355
measured,probe-memory-buffer,run,3904,14476401,1,1510700,7553500,6598140,1000000,2727276921,read,412383
measured,probe-memory-buffer,run,3905,14477001,0,1510700,7553500,6598521,1000000,2727276921,read,412407
measured,probe-memory-buffer,run,3906,14477701,1,1510700,7553500,6598965,1000000,2727276921,read,412435
measured,probe-memory-buffer,run,3907,14478301,0,1510700,7553500,6599346,1000000,2727276921,read,412459
measured,probe-memory-buffer,run,3908,14479001,1,1510700,7553500,6599791,1000000,2727276921,read,412486
measured,probe-memory-buffer,run,3909,14479701,0,1510700,7553500,6600172,1000000,2727276921,read,412510
measured,probe-memory-buffer,run,3910,14480301,1,1510700,7553500,6600553,1000000,2727276921,read,412534
measured,probe-memory-buffer,run,3911,14480901,0,1510700,7553500,6600997,1000000,2727276921,read,412562
measured,probe-memory-buffer,run,3912,14481601,1,1510700,7553500,6601378,1000000,2727276921,read,412586
measured,probe-memory-buffer,run,3913,14482201,0,1510700,7553500,6601823,1000000,2727276921,read,412613
measured,probe-memory-buffer,run,3914,14482901,1,1510700,7553500,6602204,1000000,2727276921,read,412637
measured,probe-memory-buffer,run,3915,14483501,0,1510700,7553500,6602648,1000000,2727276921,read,412665
measured,probe-memory-buffer,run,3916,14484101,1,1510700,7553500,6603029,1000000,2727276921,read,412689
measured,probe-memory-buffer,run,3917,14484801,0,1510700,7553500,6603410,1000000,2727276921,read,412713
measured,probe-memory-buffer,run,3918,14485401,1,1510700,7553500,6603854,1000000,2727276921,read,412740
measured,probe-memory-buffer,run,3919,14486101,0,1510700,7553500,6604235,1000000,2727276921,read,412764
measured,probe-memory-buffer,run,3920,14486701,1,1510700,7553500,6604680,1000000,2727276921,read,412792
measured,probe-memory-buffer,run,3921,14487301,0,1510700,7553500,6605061,1000000,2727276921,read,412816
measured,probe-memory-buffer,run,3922,14488001,1,1510700,7553500,6605442,1000000,2727276921,read,412840
measured,probe-memory-buffer,run,3923,14488601,0,1510700,7553500,6605823,1000000,2727276921,read,412863
measured,probe-memory-buffer,run,3924,14489201,1,1510700,7553500,6606267,1000000,2727276921,read,412891
measured,probe-memory-buffer,run,3925,14489901,0,1510700,7553500,6606648,1000000,2727276921,read,412915
measured,probe-memory-buffer,run,3926,14490501,1,1510700,7553500,6607093,1000000,2727276921,read,412943
measured,probe-memory-buffer,run,3927,14491201,0,1510700,7553500,6607474,1000000,2727276921,read,412967
measured,probe-memory-buffer,run,3928,14491801,1,1510700,7553500,6607855,1000000,2727276921,read,412990
measured,probe-memory-buffer,run,3929,14492401,0,1510700,7553500,6608299,1000000,2727276921,read,413018
measured,probe-memory-buffer,run,3930,14493101,1,1510700,7553500,6608680,1000000,2727276921,read,413042
measured,probe-memory-buffer,run,3931,14493701,0,1510700,7553500,6609125,1000000,2727276921,read,413070
measured,probe-memory-buffer,run,3932,14494401,1,1510700,7553500,6609506,1000000,2727276921,read,413094
measured,probe-memory-buffer,run,3933,14495001,0,1510700,7553500,6609887,1000000,2727276921,read,413117
measured,probe-memory-buffer,run,3934,14495601,1,1510700,7553500,6610331,1000000,2727276921,read,413145
measured,probe-memory-buffer,run,3935,14496201,0,1510700,7553500,6610712,1000000,2727276921,read,413169
measured,probe-memory-buffer,run,3936,14496901,1,1510700,7553500,6611157,1000000,2727276921,read,413197
measured,probe-memory-buffer,run,3937,14497501,0,1510700,7553500,6611538,1000000,2727276921,read,413221
measured,probe-memory-buffer,run,3938,14498201,1,1510700,7553500,6611982,1000000,2727276921,read,413248
measured,probe-memory-buffer,run,3939,14498801,0,1510700,7553500,6612363,1000000,2727276921,read,413272
measured,probe-memory-buffer,run,3940,14499501,1,1510700,7553500,6612744,1000000,2727276921,read,413296
measured,probe-memory-buffer,run,3941,14500101,0,1510700,7553500,6613125,1000000,2727276921,read,413320
measured,probe-memory-buffer,run,3942,14500701,1,1510700,7553500,6613570,1000000,2727276921,read,413348
measured,probe-memory-buffer,run,3943,14501301,0,1510700,7553500,6613951,1000000,2727276921,read,413371
measured,probe-memory-buffer,run,3944,14502001,1,1510700,7553500,6614332,1000000,2727276921,read,413395
measured,probe-memory-buffer,run,3945,14502601,0,1510700,7553500,6614713,1000000,2727276921,read,413419
measured,probe-memory-buffer,run,3946,14503201,1,1510700,7553500,6615157,1000000,2727276921,read,413447
measured,probe-memory-buffer,run,3947,14503801,0,1510700,7553500,6615538,1000000,2727276921,read,413471
measured,probe-memory-buffer,run,3948,14504501,1,1510700,7553500,6615983,1000000,2727276921,read,413498
measured,probe-memory-buffer,run,3949,14505101,0,1510700,7553500,6616364,1000000,2727276921,read,413522
measured,probe-memory-buffer,run,3950,14505801,1,1510700,7553500,6616808,1000000,2727276921,read,413550
measured,probe-memory-buffer,run,3951,14511601,0,1510700,7553500,6620428,1000000,2727276921,read,413776
measured,probe-memory-buffer,run,3952,14512301,1,1510700,7553500,6620872,1000000,2727276921,read,413804
measured,probe-memory-buffer,run,3953,14512901,0,1510700,7553500,6621317,1000000,2727276921,read,413832
measured,probe-memory-buffer,run,3954,14513601,1,1510700,7553500,6621698,1000000,2727276921,read,413856
measured,probe-memory-buffer,run,3955,14514201,0,1510700,7553500,6622142,1000000,2727276921,read,413883
measured,probe-memory-buffer,run,3956,14514801,1,1510700,7553500,6622523,1000000,2727276921,read,413907
measured,probe-memory-buffer,run,3957,14515501,0,1510700,7553500,6622904,1000000,2727276921,read,413931
measured,probe-memory-buffer,run,3958,14516101,1,1510700,7553500,6623349,1000000,2727276921,read,413959
measured,probe-memory-buffer,run,3959,14516701,0,1510700,7553500,6623730,1000000,2727276921,read,413983
measured,probe-memory-buffer,run,3960,14517401,1,1510700,7553500,6624111,1000000,2727276921,read,414006
measured,probe-memory-buffer,run,3961,14518001,0,1510700,7553500,6624555,1000000,2727276921,read,414034
measured,probe-memory-buffer,run,3962,14518601,1,1510700,7553500,6624936,1000000,2727276921,read,414058
measured,probe-memory-buffer,run,3963,14519301,0,1510700,7553500,6625317,1000000,2727276921,read,414082
measured,probe-memory-buffer,run,3964,14519901,1,1510700,7553500,6625762,1000000,2727276921,read,414110
measured,probe-memory-buffer,run,3965,14520601,0,1510700,7553500,6626143,1000000,2727276921,read,414133
measured,probe-memory-buffer,run,3966,14521201,1,1510700,7553500,6626524,1000000,2727276921,read,414157
measured,probe-memory-buffer,run,3967,14521801,0,1510700,7553500,6626968,1000000,2727276921,read,414185
measured,probe-memory-buffer,run,3968,14522401,1,1510700,7553500,6627349,1000000,2727276921,read,414209
measured,probe-memory-buffer,run,3969,14523101,0,1510700,7553500,6627730,1000000,2727276921,read,414233
measured,probe-memory-buffer,run,3970,14523701,1,1510700,7553500,6628175,1000000,2727276921,read,414260
measured,probe-memory-buffer,run,3971,14524401,0,1510700,7553500,6628556,1000000,2727276921,read,414284
measured,probe-memory-buffer,run,3972,14525001,1,1510700,7553500,6629000,1000000,2727276921,read,414312
measured,probe-memory-buffer,run,3973,14525601,0,1510700,7553500,6629381,1000000,2727276921,read,414336
measured,probe-memory-buffer,run,3974,14527401,0,1576235,7881175,6881175,1000000,3129936933,update,0
measured,probe-memory-buffer,run,3975,14534301,1,1576235,7881175,6886276,1000000,3129936933,read,430392
measured,probe-memory-buffer,run,3976,14568801,0,1576235,7881175,6911345,1000000,3129936933,read,431959
measured,probe-memory-buffer,run,3977,14570501,1,1576235,7881175,6912656,1000000,3129936933,read,432041
measured,probe-memory-buffer,run,3978,14571201,0,1576235,7881175,6913166,1000000,3129936933,read,432072
measured,probe-memory-buffer,run,3979,14572001,1,1576235,7881175,6913677,1000000,3129936933,read,432104
measured,probe-memory-buffer,run,3980,14572601,0,1576235,7881175,6914114,1000000,3129936933,read,432132
measured,probe-memory-buffer,run,3981,14573301,1,1576235,7881175,6914624,1000000,3129936933,read,432164
measured,probe-memory-buffer,run,3982,14573901,0,1576235,7881175,6915061,1000000,3129936933,read,432191
measured,probe-memory-buffer,run,3983,14574601,1,1576235,7881175,6915571,1000000,3129936933,read,432223
measured,probe-memory-buffer,run,3984,14575101,0,1576235,7881175,6916009,1000000,3129936933,read,432250
measured,probe-memory-buffer,run,3985,14575701,1,1576235,7881175,6916446,1000000,3129936933,read,432277
measured,probe-memory-buffer,run,3986,14576401,0,1576235,7881175,6916883,1000000,3129936933,read,432305
measured,probe-memory-buffer,run,3987,14577001,1,1576235,7881175,6917320,1000000,3129936933,read,432332
measured,probe-memory-buffer,run,3988,14577501,0,1576235,7881175,6917758,1000000,3129936933,read,432359
measured,probe-memory-buffer,run,3989,14578201,1,1576235,7881175,6918195,1000000,3129936933,read,432387
measured,probe-memory-buffer,run,3990,14578801,0,1576235,7881175,6918632,1000000,3129936933,read,432414
measured,probe-memory-buffer,run,3991,14579401,1,1576235,7881175,6919069,1000000,3129936933,read,432441
measured,probe-memory-buffer,run,3992,14580001,0,1576235,7881175,6919506,1000000,3129936933,read,432469
measured,probe-memory-buffer,run,3993,14580601,1,1576235,7881175,6920017,1000000,3129936933,read,432501
measured,probe-memory-buffer,run,3994,14581201,0,1576235,7881175,6920454,1000000,3129936933,read,432528
measured,probe-memory-buffer,run,3995,14581801,1,1576235,7881175,6920891,1000000,3129936933,read,432555
measured,probe-memory-buffer,run,3996,14582401,0,1576235,7881175,6921328,1000000,3129936933,read,432583
measured,probe-memory-buffer,run,3997,14583101,1,1576235,7881175,6921766,1000000,3129936933,read,432610
measured,probe-memory-buffer,run,3998,14583601,0,1576235,7881175,6922203,1000000,3129936933,read,432637
measured,probe-memory-buffer,run,3999,14584201,1,1576235,7881175,6922640,1000000,3129936933,read,432665
measured,probe-memory-buffer,run,4000,14584801,0,1576235,7881175,6923077,1000000,3129936933,read,432692
measured,probe-memory-buffer,run,4001,14585501,1,1576235,7881175,6923515,1000000,3129936933,read,432719
measured,probe-memory-buffer,run,4002,14586001,0,1576235,7881175,6923952,1000000,3129936933,read,432747
measured,probe-memory-buffer,run,4003,14586701,1,1576235,7881175,6924389,1000000,3129936933,read,432774
measured,probe-memory-buffer,run,4004,14587301,0,1576235,7881175,6924826,1000000,3129936933,read,432801
measured,probe-memory-buffer,run,4005,14587901,1,1576235,7881175,6925336,1000000,3129936933,read,432833
measured,probe-memory-buffer,run,4006,14588501,0,1576235,7881175,6925701,1000000,3129936933,read,432856
measured,probe-memory-buffer,run,4007,14589101,1,1576235,7881175,6926138,1000000,3129936933,read,432883
measured,probe-memory-buffer,run,4008,14592501,0,1576235,7881175,6928689,1000000,3129936933,read,433043
measured,probe-memory-buffer,run,4009,14593301,1,1576235,7881175,6929199,1000000,3129936933,read,433074
measured,probe-memory-buffer,run,4010,14593901,0,1576235,7881175,6929709,1000000,3129936933,read,433106
measured,probe-memory-buffer,run,4011,14594601,1,1576235,7881175,6930146,1000000,3129936933,read,433134
measured,probe-memory-buffer,run,4012,14595101,0,1576235,7881175,6930583,1000000,3129936933,read,433161
measured,probe-memory-buffer,run,4013,14595701,1,1576235,7881175,6931021,1000000,3129936933,read,433188
measured,probe-memory-buffer,run,4014,14596301,0,1576235,7881175,6931458,1000000,3129936933,read,433216
measured,probe-memory-buffer,run,4015,14596901,1,1576235,7881175,6931895,1000000,3129936933,read,433243
measured,probe-memory-buffer,run,4016,14597501,0,1576235,7881175,6932332,1000000,3129936933,read,433270
measured,probe-memory-buffer,run,4017,14598201,1,1576235,7881175,6932770,1000000,3129936933,read,433298
measured,probe-memory-buffer,run,4018,14598801,0,1576235,7881175,6933207,1000000,3129936933,read,433325
measured,probe-memory-buffer,run,4019,14599401,1,1576235,7881175,6933644,1000000,3129936933,read,433352
measured,probe-memory-buffer,run,4020,14599901,0,1576235,7881175,6934081,1000000,3129936933,read,433380
measured,probe-memory-buffer,run,4021,14600601,1,1576235,7881175,6934519,1000000,3129936933,read,433407
measured,probe-memory-buffer,run,4022,14601201,0,1576235,7881175,6934956,1000000,3129936933,read,433434
measured,probe-memory-buffer,run,4023,14601801,1,1576235,7881175,6935466,1000000,3129936933,read,433466
measured,probe-memory-buffer,run,4024,14602401,0,1576235,7881175,6935830,1000000,3129936933,read,433489
measured,probe-memory-buffer,run,4025,14603101,1,1576235,7881175,6936341,1000000,3129936933,read,433521
measured,probe-memory-buffer,run,4026,14603601,0,1576235,7881175,6936778,1000000,3129936933,read,433548
measured,probe-memory-buffer,run,4027,14604301,1,1576235,7881175,6937215,1000000,3129936933,read,433575
measured,probe-memory-buffer,run,4028,14604901,0,1576235,7881175,6937652,1000000,3129936933,read,433603
measured,probe-memory-buffer,run,4029,14605501,1,1576235,7881175,6938090,1000000,3129936933,read,433630
measured,probe-memory-buffer,run,4030,14606101,0,1576235,7881175,6938527,1000000,3129936933,read,433657
measured,probe-memory-buffer,run,4031,14606701,1,1576235,7881175,6939037,1000000,3129936933,read,433689
measured,probe-memory-buffer,run,4032,14607301,0,1576235,7881175,6939474,1000000,3129936933,read,433717
measured,probe-memory-buffer,run,4033,14608001,1,1576235,7881175,6939911,1000000,3129936933,read,433744
measured,probe-memory-buffer,run,4034,14608501,0,1576235,7881175,6940349,1000000,3129936933,read,433771
measured,probe-memory-buffer,run,4035,14609201,1,1576235,7881175,6940786,1000000,3129936933,read,433799
measured,probe-memory-buffer,run,4036,14654101,0,1576235,7881175,6973434,1000000,2358190118,update,0
measured,probe-memory-buffer,run,4037,14795801,0,1641770,8208850,7208850,1000000,2853121830,update,0
measured,probe-memory-buffer,run,4038,14999301,0,1641770,8208850,7344033,1000000,2031124444,update,0
