evidence,source_log,run_id,seq,host_ns,cpu,global_icount,model_ns,visible_ns,window_ns,slope_q32,event,counter_ticks
measured,probe-memory-buffer,run,0,67200,0,0,0,0,1000000,0,update,0
measured,probe-memory-buffer,run,1,183200,0,0,0,0,1000000,16777216,resume,0
measured,probe-memory-buffer,run,2,685900,0,0,0,1959,1000000,16777216,read,122
measured,probe-memory-buffer,run,3,745800,0,0,0,2197,1000000,16777216,read,137
measured,probe-memory-buffer,run,4,797700,0,0,0,2400,1000000,16777216,read,150
measured,probe-memory-buffer,run,5,798000,0,0,0,2401,1000000,16777216,read,150
measured,probe-memory-buffer,run,6,798200,0,0,0,2402,1000000,16777216,read,150
measured,probe-memory-buffer,run,7,798400,0,0,0,2403,1000000,16777216,read,150
measured,probe-memory-buffer,run,8,798600,0,0,0,2404,1000000,16777216,read,150
measured,probe-memory-buffer,run,9,798800,0,0,0,2405,1000000,16777216,read,150
measured,probe-memory-buffer,run,10,799000,0,0,0,2405,1000000,16777216,read,150
measured,probe-memory-buffer,run,11,802200,0,0,0,2417,1000000,16777216,read,151
measured,probe-memory-buffer,run,12,802500,0,0,0,2419,1000000,16777216,read,151
measured,probe-memory-buffer,run,13,802700,0,0,0,2419,1000000,16777216,read,151
measured,probe-memory-buffer,run,14,802900,0,0,0,2420,1000000,16777216,read,151
measured,probe-memory-buffer,run,15,803100,0,0,0,2421,1000000,16777216,read,151
measured,probe-memory-buffer,run,16,803300,0,0,0,2422,1000000,16777216,read,151
measured,probe-memory-buffer,run,17,803500,0,0,0,2423,1000000,16777216,read,151
measured,probe-memory-buffer,run,18,803600,0,0,0,2423,1000000,16777216,read,151
measured,probe-memory-buffer,run,19,803800,0,0,0,2424,1000000,16777216,read,151
measured,probe-memory-buffer,run,20,804000,0,0,0,2425,1000000,16777216,read,151
measured,probe-memory-buffer,run,21,804200,0,0,0,2426,1000000,16777216,read,151
measured,probe-memory-buffer,run,22,804400,0,0,0,2426,1000000,16777216,read,151
measured,probe-memory-buffer,run,23,804600,0,0,0,2427,1000000,16777216,read,151
measured,probe-memory-buffer,run,24,804800,0,0,0,2428,1000000,16777216,read,151
measured,probe-memory-buffer,run,25,805000,0,0,0,2429,1000000,16777216,read,151
measured,probe-memory-buffer,run,26,810200,0,0,0,2449,1000000,16777216,read,153
measured,probe-memory-buffer,run,27,810400,0,0,0,2450,1000000,16777216,read,153
measured,probe-memory-buffer,run,28,810600,0,0,0,2451,1000000,16777216,read,153
measured,probe-memory-buffer,run,29,810800,0,0,0,2451,1000000,16777216,read,153
measured,probe-memory-buffer,run,30,811000,0,0,0,2452,1000000,16777216,read,153
measured,probe-memory-buffer,run,31,811200,0,0,0,2453,1000000,16777216,read,153
measured,probe-memory-buffer,run,32,811400,0,0,0,2454,1000000,16777216,read,153
measured,probe-memory-buffer,run,33,811600,0,0,0,2455,1000000,16777216,read,153
measured,probe-memory-buffer,run,34,811800,0,0,0,2455,1000000,16777216,read,153
measured,probe-memory-buffer,run,35,812000,0,0,0,2456,1000000,16777216,read,153
measured,probe-memory-buffer,run,36,813100,0,0,0,2460,1000000,16777216,read,153
measured,probe-memory-buffer,run,37,813900,0,0,0,2464,1000000,16777216,read,154
measured,probe-memory-buffer,run,38,814100,0,0,0,2464,1000000,16777216,read,154
measured,probe-memory-buffer,run,39,814300,0,0,0,2465,1000000,16777216,read,154
measured,probe-memory-buffer,run,40,814500,0,0,0,2466,1000000,16777216,read,154
measured,probe-memory-buffer,run,41,814700,0,0,0,2467,1000000,16777216,read,154
measured,probe-memory-buffer,run,42,814900,0,0,0,2467,1000000,16777216,read,154
measured,probe-memory-buffer,run,43,815100,0,0,0,2468,1000000,16777216,read,154
measured,probe-memory-buffer,run,44,815300,0,0,0,2469,1000000,16777216,read,154
measured,probe-memory-buffer,run,45,815500,0,0,0,2470,1000000,16777216,read,154
measured,probe-memory-buffer,run,46,815700,0,0,0,2471,1000000,16777216,read,154
measured,probe-memory-buffer,run,47,815900,0,0,0,2471,1000000,16777216,read,154
measured,probe-memory-buffer,run,48,816100,0,0,0,2472,1000000,16777216,read,154
measured,probe-memory-buffer,run,49,816300,0,0,0,2473,1000000,16777216,read,154
measured,probe-memory-buffer,run,50,816500,0,0,0,2474,1000000,16777216,read,154
measured,probe-memory-buffer,run,51,816700,0,0,0,2475,1000000,16777216,read,154
measured,probe-memory-buffer,run,52,816900,0,0,0,2475,1000000,16777216,read,154
measured,probe-memory-buffer,run,53,817100,0,0,0,2476,1000000,16777216,read,154
measured,probe-memory-buffer,run,54,817300,0,0,0,2477,1000000,16777216,read,154
measured,probe-memory-buffer,run,55,817500,0,0,0,2478,1000000,16777216,read,154
measured,probe-memory-buffer,run,56,817700,0,0,0,2478,1000000,16777216,read,154
measured,probe-memory-buffer,run,57,817900,0,0,0,2479,1000000,16777216,read,154
measured,probe-memory-buffer,run,58,818100,0,0,0,2480,1000000,16777216,read,155
measured,probe-memory-buffer,run,59,818300,0,0,0,2481,1000000,16777216,read,155
measured,probe-memory-buffer,run,60,818500,0,0,0,2482,1000000,16777216,read,155
measured,probe-memory-buffer,run,61,819900,0,0,0,2482,1000000,16777216,read,155
measured,probe-memory-buffer,run,62,820600,0,0,0,2489,1000000,16777216,read,155
measured,probe-memory-buffer,run,63,820800,0,0,0,2490,1000000,16777216,read,155
measured,probe-memory-buffer,run,64,821000,0,0,0,2491,1000000,16777216,read,155
measured,probe-memory-buffer,run,65,821200,0,0,0,2492,1000000,16777216,read,155
measured,probe-memory-buffer,run,66,821400,0,0,0,2492,1000000,16777216,read,155
measured,probe-memory-buffer,run,67,821600,0,0,0,2493,1000000,16777216,read,155
measured,probe-memory-buffer,run,68,821800,0,0,0,2494,1000000,16777216,read,155
measured,probe-memory-buffer,run,69,822000,0,0,0,2495,1000000,16777216,read,155
measured,probe-memory-buffer,run,70,822200,0,0,0,2496,1000000,16777216,read,156
measured,probe-memory-buffer,run,71,822400,0,0,0,2496,1000000,16777216,read,156
measured,probe-memory-buffer,run,72,822600,0,0,0,2497,1000000,16777216,read,156
measured,probe-memory-buffer,run,73,822800,0,0,0,2498,1000000,16777216,read,156
measured,probe-memory-buffer,run,74,823000,0,0,0,2499,1000000,16777216,read,156
measured,probe-memory-buffer,run,75,823200,0,0,0,2500,1000000,16777216,read,156
measured,probe-memory-buffer,run,76,823400,0,0,0,2500,1000000,16777216,read,156
measured,probe-memory-buffer,run,77,823600,0,0,0,2501,1000000,16777216,read,156
measured,probe-memory-buffer,run,78,823800,0,0,0,2502,1000000,16777216,read,156
measured,probe-memory-buffer,run,79,824000,0,0,0,2503,1000000,16777216,read,156
measured,probe-memory-buffer,run,80,824200,0,0,0,2504,1000000,16777216,read,156
measured,probe-memory-buffer,run,81,826300,0,0,0,2512,1000000,16777216,read,157
measured,probe-memory-buffer,run,82,826500,0,0,0,2513,1000000,16777216,read,157
measured,probe-memory-buffer,run,83,828400,0,0,0,2520,1000000,16777216,read,157
measured,probe-memory-buffer,run,84,828600,0,0,0,2521,1000000,16777216,read,157
measured,probe-memory-buffer,run,85,828800,0,0,0,2522,1000000,16777216,read,157
measured,probe-memory-buffer,run,86,829000,0,0,0,2523,1000000,16777216,read,157
measured,probe-memory-buffer,run,87,829200,0,0,0,2523,1000000,16777216,read,157
measured,probe-memory-buffer,run,88,829400,0,0,0,2524,1000000,16777216,read,157
measured,probe-memory-buffer,run,89,829600,0,0,0,2525,1000000,16777216,read,157
measured,probe-memory-buffer,run,90,829800,0,0,0,2526,1000000,16777216,read,157
measured,probe-memory-buffer,run,91,830000,0,0,0,2526,1000000,16777216,read,157
measured,probe-memory-buffer,run,92,830200,0,0,0,2527,1000000,16777216,read,157
measured,probe-memory-buffer,run,93,830400,0,0,0,2528,1000000,16777216,read,158
measured,probe-memory-buffer,run,94,830600,0,0,0,2529,1000000,16777216,read,158
measured,probe-memory-buffer,run,95,830800,0,0,0,2530,1000000,16777216,read,158
measured,probe-memory-buffer,run,96,831000,0,0,0,2530,1000000,16777216,read,158
measured,probe-memory-buffer,run,97,831200,0,0,0,2531,1000000,16777216,read,158
measured,probe-memory-buffer,run,98,831400,0,0,0,2532,1000000,16777216,read,158
measured,probe-memory-buffer,run,99,831600,0,0,0,2532,1000000,16777216,read,158
measured,probe-memory-buffer,run,100,833400,0,0,0,2540,1000000,16777216,read,158
measured,probe-memory-buffer,run,101,833600,0,0,0,2541,1000000,16777216,read,158
measured,probe-memory-buffer,run,102,833800,0,0,0,2541,1000000,16777216,read,158
measured,probe-memory-buffer,run,103,834000,0,0,0,2542,1000000,16777216,read,158
measured,probe-memory-buffer,run,104,834200,0,0,0,2542,1000000,16777216,read,158
measured,probe-memory-buffer,run,105,834400,0,0,0,2543,1000000,16777216,read,158
measured,probe-memory-buffer,run,106,834600,0,0,0,2544,1000000,16777216,read,159
measured,probe-memory-buffer,run,107,834700,0,0,0,2545,1000000,16777216,read,159
measured,probe-memory-buffer,run,108,834900,0,0,0,2546,1000000,16777216,read,159
measured,probe-memory-buffer,run,109,835100,0,0,0,2546,1000000,16777216,read,159
measured,probe-memory-buffer,run,110,835300,0,0,0,2547,1000000,16777216,read,159
measured,probe-memory-buffer,run,111,835500,0,0,0,2548,1000000,16777216,read,159
measured,probe-memory-buffer,run,112,835700,0,0,0,2549,1000000,16777216,read,159
measured,probe-memory-buffer,run,113,835900,0,0,0,2550,1000000,16777216,read,159
measured,probe-memory-buffer,run,114,836100,0,0,0,2550,1000000,16777216,read,159
measured,probe-memory-buffer,run,115,836300,0,0,0,2551,1000000,16777216,read,159
measured,probe-memory-buffer,run,116,836500,0,0,0,2552,1000000,16777216,read,159
measured,probe-memory-buffer,run,117,836700,0,0,0,2553,1000000,16777216,read,159
measured,probe-memory-buffer,run,118,836900,0,0,0,2553,1000000,16777216,read,159
measured,probe-memory-buffer,run,119,837100,0,0,0,2554,1000000,16777216,read,159
measured,probe-memory-buffer,run,120,837300,0,0,0,2555,1000000,16777216,read,159
measured,probe-memory-buffer,run,121,837500,0,0,0,2555,1000000,16777216,read,159
measured,probe-memory-buffer,run,122,839600,0,0,0,2564,1000000,16777216,read,160
measured,probe-memory-buffer,run,123,839800,0,0,0,2565,1000000,16777216,read,160
measured,probe-memory-buffer,run,124,840000,0,0,0,2566,1000000,16777216,read,160
measured,probe-memory-buffer,run,125,840200,0,0,0,2566,1000000,16777216,read,160
measured,probe-memory-buffer,run,126,840400,0,0,0,2567,1000000,16777216,read,160
measured,probe-memory-buffer,run,127,840600,0,0,0,2567,1000000,16777216,read,160
measured,probe-memory-buffer,run,128,840800,0,0,0,2568,1000000,16777216,read,160
measured,probe-memory-buffer,run,129,841000,0,0,0,2569,1000000,16777216,read,160
measured,probe-memory-buffer,run,130,841100,0,0,0,2570,1000000,16777216,read,160
measured,probe-memory-buffer,run,131,841300,0,0,0,2571,1000000,16777216,read,160
measured,probe-memory-buffer,run,132,841500,0,0,0,2571,1000000,16777216,read,160
measured,probe-memory-buffer,run,133,841700,0,0,0,2572,1000000,16777216,read,160
measured,probe-memory-buffer,run,134,841900,0,0,0,2573,1000000,16777216,read,160
measured,probe-memory-buffer,run,135,842100,0,0,0,2574,1000000,16777216,read,160
measured,probe-memory-buffer,run,136,842300,0,0,0,2575,1000000,16777216,read,160
measured,probe-memory-buffer,run,137,842500,0,0,0,2575,1000000,16777216,read,160
measured,probe-memory-buffer,run,138,842700,0,0,0,2576,1000000,16777216,read,161
measured,probe-memory-buffer,run,139,842900,0,0,0,2577,1000000,16777216,read,161
measured,probe-memory-buffer,run,140,848100,0,0,0,2597,1000000,16777216,read,162
measured,probe-memory-buffer,run,141,848300,0,0,0,2598,1000000,16777216,read,162
measured,probe-memory-buffer,run,142,848500,0,0,0,2599,1000000,16777216,read,162
measured,probe-memory-buffer,run,143,848700,0,0,0,2600,1000000,16777216,read,162
measured,probe-memory-buffer,run,144,848900,0,0,0,2600,1000000,16777216,read,162
measured,probe-memory-buffer,run,145,849100,0,0,0,2601,1000000,16777216,read,162
measured,probe-memory-buffer,run,146,849300,0,0,0,2602,1000000,16777216,read,162
measured,probe-memory-buffer,run,147,850800,0,0,0,2603,1000000,16777216,read,162
measured,probe-memory-buffer,run,148,851500,0,0,0,2610,1000000,16777216,read,163
measured,probe-memory-buffer,run,149,851700,0,0,0,2611,1000000,16777216,read,163
measured,probe-memory-buffer,run,150,851900,0,0,0,2612,1000000,16777216,read,163
measured,probe-memory-buffer,run,151,852100,0,0,0,2613,1000000,16777216,read,163
measured,probe-memory-buffer,run,152,852300,0,0,0,2614,1000000,16777216,read,163
measured,probe-memory-buffer,run,153,852500,0,0,0,2614,1000000,16777216,read,163
measured,probe-memory-buffer,run,154,852700,0,0,0,2615,1000000,16777216,read,163
measured,probe-memory-buffer,run,155,852900,0,0,0,2616,1000000,16777216,read,163
measured,probe-memory-buffer,run,156,853100,0,0,0,2616,1000000,16777216,read,163
measured,probe-memory-buffer,run,157,853300,0,0,0,2617,1000000,16777216,read,163
measured,probe-memory-buffer,run,158,853400,0,0,0,2618,1000000,16777216,read,163
measured,probe-memory-buffer,run,159,853600,0,0,0,2619,1000000,16777216,read,163
measured,probe-memory-buffer,run,160,853800,0,0,0,2619,1000000,16777216,read,163
measured,probe-memory-buffer,run,161,854000,0,0,0,2620,1000000,16777216,read,163
measured,probe-memory-buffer,run,162,854200,0,0,0,2621,1000000,16777216,read,163
measured,probe-memory-buffer,run,163,854400,0,0,0,2622,1000000,16777216,read,163
measured,probe-memory-buffer,run,164,857700,0,0,0,2635,1000000,16777216,read,164
measured,probe-memory-buffer,run,165,857900,0,0,0,2635,1000000,16777216,read,164
measured,probe-memory-buffer,run,166,858100,0,0,0,2636,1000000,16777216,read,164
measured,probe-memory-buffer,run,167,858300,0,0,0,2637,1000000,16777216,read,164
measured,probe-memory-buffer,run,168,858500,0,0,0,2638,1000000,16777216,read,164
measured,probe-memory-buffer,run,169,858700,0,0,0,2639,1000000,16777216,read,164
measured,probe-memory-buffer,run,170,858900,0,0,0,2639,1000000,16777216,read,164
measured,probe-memory-buffer,run,171,859100,0,0,0,2640,1000000,16777216,read,165
measured,probe-memory-buffer,run,172,859300,0,0,0,2641,1000000,16777216,read,165
measured,probe-memory-buffer,run,173,859500,0,0,0,2642,1000000,16777216,read,165
measured,probe-memory-buffer,run,174,859700,0,0,0,2642,1000000,16777216,read,165
measured,probe-memory-buffer,run,175,859900,0,0,0,2643,1000000,16777216,read,165
measured,probe-memory-buffer,run,176,860100,0,0,0,2644,1000000,16777216,read,165
measured,probe-memory-buffer,run,177,860300,0,0,0,2645,1000000,16777216,read,165
measured,probe-memory-buffer,run,178,860500,0,0,0,2646,1000000,16777216,read,165
measured,probe-memory-buffer,run,179,860700,0,0,0,2646,1000000,16777216,read,165
measured,probe-memory-buffer,run,180,860900,0,0,0,2647,1000000,16777216,read,165
measured,probe-memory-buffer,run,181,861100,0,0,0,2648,1000000,16777216,read,165
measured,probe-memory-buffer,run,182,863100,0,0,0,2655,1000000,16777216,read,165
measured,probe-memory-buffer,run,183,863500,0,0,0,2657,1000000,16777216,read,166
measured,probe-memory-buffer,run,184,863700,0,0,0,2658,1000000,16777216,read,166
measured,probe-memory-buffer,run,185,863900,0,0,0,2659,1000000,16777216,read,166
measured,probe-memory-buffer,run,186,864100,0,0,0,2660,1000000,16777216,read,166
measured,probe-memory-buffer,run,187,864300,0,0,0,2660,1000000,16777216,read,166
measured,probe-memory-buffer,run,188,864500,0,0,0,2661,1000000,16777216,read,166
measured,probe-memory-buffer,run,189,864700,0,0,0,2662,1000000,16777216,read,166
measured,probe-memory-buffer,run,190,864900,0,0,0,2663,1000000,16777216,read,166
measured,probe-memory-buffer,run,191,865100,0,0,0,2663,1000000,16777216,read,166
measured,probe-memory-buffer,run,192,865300,0,0,0,2664,1000000,16777216,read,166
measured,probe-memory-buffer,run,193,865500,0,0,0,2665,1000000,16777216,read,166
measured,probe-memory-buffer,run,194,865700,0,0,0,2666,1000000,16777216,read,166
measured,probe-memory-buffer,run,195,865900,0,0,0,2666,1000000,16777216,read,166
measured,probe-memory-buffer,run,196,866000,0,0,0,2667,1000000,16777216,read,166
measured,probe-memory-buffer,run,197,869500,0,0,0,2681,1000000,16777216,read,167
measured,probe-memory-buffer,run,198,869700,0,0,0,2682,1000000,16777216,read,167
measured,probe-memory-buffer,run,199,869900,0,0,0,2682,1000000,16777216,read,167
measured,probe-memory-buffer,run,200,870100,0,0,0,2683,1000000,16777216,read,167
measured,probe-memory-buffer,run,201,870300,0,0,0,2684,1000000,16777216,read,167
measured,probe-memory-buffer,run,202,870500,0,0,0,2685,1000000,16777216,read,167
measured,probe-memory-buffer,run,203,870700,0,0,0,2685,1000000,16777216,read,167
measured,probe-memory-buffer,run,204,870900,0,0,0,2686,1000000,16777216,read,167
measured,probe-memory-buffer,run,205,871100,0,0,0,2687,1000000,16777216,read,167
measured,probe-memory-buffer,run,206,874300,0,0,0,2699,1000000,16777216,read,168
measured,probe-memory-buffer,run,207,874700,0,0,0,2701,1000000,16777216,read,168
measured,probe-memory-buffer,run,208,874900,0,0,0,2701,1000000,16777216,read,168
measured,probe-memory-buffer,run,209,875100,0,0,0,2702,1000000,16777216,read,168
measured,probe-memory-buffer,run,210,875200,0,0,0,2703,1000000,16777216,read,168
measured,probe-memory-buffer,run,211,875400,0,0,0,2704,1000000,16777216,read,169
measured,probe-memory-buffer,run,212,875600,0,0,0,2705,1000000,16777216,read,169
measured,probe-memory-buffer,run,213,875800,0,0,0,2705,1000000,16777216,read,169
measured,probe-memory-buffer,run,214,876000,0,0,0,2706,1000000,16777216,read,169
measured,probe-memory-buffer,run,215,876200,0,0,0,2707,1000000,16777216,read,169
measured,probe-memory-buffer,run,216,876400,0,0,0,2708,1000000,16777216,read,169
measured,probe-memory-buffer,run,217,876600,0,0,0,2708,1000000,16777216,read,169
measured,probe-memory-buffer,run,218,876800,0,0,0,2709,1000000,16777216,read,169
measured,probe-memory-buffer,run,219,877000,0,0,0,2710,1000000,16777216,read,169
measured,probe-memory-buffer,run,220,877200,0,0,0,2711,1000000,16777216,read,169
measured,probe-memory-buffer,run,221,877400,0,0,0,2712,1000000,16777216,read,169
measured,probe-memory-buffer,run,222,877600,0,0,0,2712,1000000,16777216,read,169
measured,probe-memory-buffer,run,223,877800,0,0,0,2713,1000000,16777216,read,169
measured,probe-memory-buffer,run,224,878000,0,0,0,2714,1000000,16777216,read,169
measured,probe-memory-buffer,run,225,878200,0,0,0,2715,1000000,16777216,read,169
measured,probe-memory-buffer,run,226,880300,0,0,0,2723,1000000,16777216,read,170
measured,probe-memory-buffer,run,227,880600,0,0,0,2724,1000000,16777216,read,170
measured,probe-memory-buffer,run,228,880800,0,0,0,2725,1000000,16777216,read,170
measured,probe-memory-buffer,run,229,881000,0,0,0,2726,1000000,16777216,read,170
measured,probe-memory-buffer,run,230,881200,0,0,0,2726,1000000,16777216,read,170
measured,probe-memory-buffer,run,231,881400,0,0,0,2727,1000000,16777216,read,170
measured,probe-memory-buffer,run,232,881600,0,0,0,2728,1000000,16777216,read,170
measured,probe-memory-buffer,run,233,881800,0,0,0,2729,1000000,16777216,read,170
measured,probe-memory-buffer,run,234,882000,0,0,0,2729,1000000,16777216,read,170
measured,probe-memory-buffer,run,235,882200,0,0,0,2730,1000000,16777216,read,170
measured,probe-memory-buffer,run,236,882400,0,0,0,2731,1000000,16777216,read,170
measured,probe-memory-buffer,run,237,882600,0,0,0,2732,1000000,16777216,read,170
measured,probe-memory-buffer,run,238,882800,0,0,0,2732,1000000,16777216,read,170
measured,probe-memory-buffer,run,239,882900,0,0,0,2733,1000000,16777216,read,170
measured,probe-memory-buffer,run,240,883100,0,0,0,2734,1000000,16777216,read,170
measured,probe-memory-buffer,run,241,883300,0,0,0,2735,1000000,16777216,read,170
measured,probe-memory-buffer,run,242,883500,0,0,0,2735,1000000,16777216,read,170
measured,probe-memory-buffer,run,243,883700,0,0,0,2736,1000000,16777216,read,171
measured,probe-memory-buffer,run,244,883900,0,0,0,2737,1000000,16777216,read,171
measured,probe-memory-buffer,run,245,884100,0,0,0,2738,1000000,16777216,read,171
measured,probe-memory-buffer,run,246,884300,0,0,0,2739,1000000,16777216,read,171
measured,probe-memory-buffer,run,247,884500,0,0,0,2739,1000000,16777216,read,171
measured,probe-memory-buffer,run,248,887900,0,0,0,2753,1000000,16777216,read,172
measured,probe-memory-buffer,run,249,888100,0,0,0,2753,1000000,16777216,read,172
measured,probe-memory-buffer,run,250,888300,0,0,0,2754,1000000,16777216,read,172
measured,probe-memory-buffer,run,251,888500,0,0,0,2755,1000000,16777216,read,172
measured,probe-memory-buffer,run,252,888700,0,0,0,2756,1000000,16777216,read,172
measured,probe-memory-buffer,run,253,892600,0,0,0,2771,1000000,16777216,read,173
measured,probe-memory-buffer,run,254,892800,0,0,0,2772,1000000,16777216,read,173
measured,probe-memory-buffer,run,255,893000,0,0,0,2773,1000000,16777216,read,173
measured,probe-memory-buffer,run,256,893200,0,0,0,2773,1000000,16777216,read,173
measured,probe-memory-buffer,run,257,893400,0,0,0,2774,1000000,16777216,read,173
measured,probe-memory-buffer,run,258,893600,0,0,0,2775,1000000,16777216,read,173
measured,probe-memory-buffer,run,259,895400,0,0,0,2782,1000000,16777216,read,173
measured,probe-memory-buffer,run,260,895800,0,0,0,2783,1000000,16777216,read,173
measured,probe-memory-buffer,run,261,896000,0,0,0,2784,1000000,16777216,read,174
measured,probe-memory-buffer,run,262,896200,0,0,0,2785,1000000,16777216,read,174
measured,probe-memory-buffer,run,263,896400,0,0,0,2786,1000000,16777216,read,174
measured,probe-memory-buffer,run,264,896600,0,0,0,2786,1000000,16777216,read,174
measured,probe-memory-buffer,run,265,896800,0,0,0,2787,1000000,16777216,read,174
measured,probe-memory-buffer,run,266,897000,0,0,0,2788,1000000,16777216,read,174
measured,probe-memory-buffer,run,267,897200,0,0,0,2789,1000000,16777216,read,174
measured,probe-memory-buffer,run,268,897400,0,0,0,2789,1000000,16777216,read,174
measured,probe-memory-buffer,run,269,897600,0,0,0,2790,1000000,16777216,read,174
measured,probe-memory-buffer,run,270,897700,0,0,0,2791,1000000,16777216,read,174
measured,probe-memory-buffer,run,271,897900,0,0,0,2792,1000000,16777216,read,174
measured,probe-memory-buffer,run,272,898100,0,0,0,2792,1000000,16777216,read,174
measured,probe-memory-buffer,run,273,898300,0,0,0,2793,1000000,16777216,read,174
measured,probe-memory-buffer,run,274,898500,0,0,0,2794,1000000,16777216,read,174
measured,probe-memory-buffer,run,275,898700,0,0,0,2795,1000000,16777216,read,174
measured,probe-memory-buffer,run,276,901600,0,0,0,2796,1000000,16777216,read,174
measured,probe-memory-buffer,run,277,902400,0,0,0,2809,1000000,16777216,read,175
measured,probe-memory-buffer,run,278,902600,0,0,0,2810,1000000,16777216,read,175
measured,probe-memory-buffer,run,279,902800,0,0,0,2810,1000000,16777216,read,175
measured,probe-memory-buffer,run,280,903000,0,0,0,2811,1000000,16777216,read,175
measured,probe-memory-buffer,run,281,903100,0,0,0,2812,1000000,16777216,read,175
measured,probe-memory-buffer,run,282,903300,0,0,0,2813,1000000,16777216,read,175
measured,probe-memory-buffer,run,283,903500,0,0,0,2814,1000000,16777216,read,175
measured,probe-memory-buffer,run,284,903700,0,0,0,2814,1000000,16777216,read,175
measured,probe-memory-buffer,run,285,903900,0,0,0,2815,1000000,16777216,read,175
measured,probe-memory-buffer,run,286,904100,0,0,0,2816,1000000,16777216,read,176
measured,probe-memory-buffer,run,287,904300,0,0,0,2817,1000000,16777216,read,176
measured,probe-memory-buffer,run,288,904500,0,0,0,2817,1000000,16777216,read,176
measured,probe-memory-buffer,run,289,904700,0,0,0,2818,1000000,16777216,read,176
measured,probe-memory-buffer,run,290,904900,0,0,0,2819,1000000,16777216,read,176
measured,probe-memory-buffer,run,291,905100,0,0,0,2820,1000000,16777216,read,176
measured,probe-memory-buffer,run,292,905300,0,0,0,2821,1000000,16777216,read,176
measured,probe-memory-buffer,run,293,907400,0,0,0,2829,1000000,16777216,read,176
measured,probe-memory-buffer,run,294,907600,0,0,0,2830,1000000,16777216,read,176
measured,probe-memory-buffer,run,295,907800,0,0,0,2830,1000000,16777216,read,176
measured,probe-memory-buffer,run,296,908000,0,0,0,2831,1000000,16777216,read,176
measured,probe-memory-buffer,run,297,908200,0,0,0,2832,1000000,16777216,read,177
measured,probe-memory-buffer,run,298,908400,0,0,0,2833,1000000,16777216,read,177
measured,probe-memory-buffer,run,299,908600,0,0,0,2833,1000000,16777216,read,177
measured,probe-memory-buffer,run,300,908800,0,0,0,2834,1000000,16777216,read,177
measured,probe-memory-buffer,run,301,909000,0,0,0,2835,1000000,16777216,read,177
measured,probe-memory-buffer,run,302,909200,0,0,0,2835,1000000,16777216,read,177
measured,probe-memory-buffer,run,303,909400,0,0,0,2836,1000000,16777216,read,177
measured,probe-memory-buffer,run,304,909600,0,0,0,2837,1000000,16777216,read,177
measured,probe-memory-buffer,run,305,909800,0,0,0,2838,1000000,16777216,read,177
measured,probe-memory-buffer,run,306,910000,0,0,0,2839,1000000,16777216,read,177
measured,probe-memory-buffer,run,307,910100,0,0,0,2839,1000000,16777216,read,177
measured,probe-memory-buffer,run,308,910300,0,0,0,2840,1000000,16777216,read,177
measured,probe-memory-buffer,run,309,910500,0,0,0,2841,1000000,16777216,read,177
measured,probe-memory-buffer,run,310,918900,0,0,0,2874,1000000,16777216,read,179
measured,probe-memory-buffer,run,311,919100,0,0,0,2875,1000000,16777216,read,179
measured,probe-memory-buffer,run,312,919300,0,0,0,2875,1000000,16777216,read,179
measured,probe-memory-buffer,run,313,919500,0,0,0,2876,1000000,16777216,read,179
measured,probe-memory-buffer,run,314,919700,0,0,0,2877,1000000,16777216,read,179
measured,probe-memory-buffer,run,315,919900,0,0,0,2878,1000000,16777216,read,179
measured,probe-memory-buffer,run,316,920100,0,0,0,2878,1000000,16777216,read,179
measured,probe-memory-buffer,run,317,920300,0,0,0,2879,1000000,16777216,read,179
measured,probe-memory-buffer,run,318,920500,0,0,0,2880,1000000,16777216,read,180
measured,probe-memory-buffer,run,319,922400,0,0,0,2881,1000000,16777216,read,180
measured,probe-memory-buffer,run,320,923200,0,0,0,2890,1000000,16777216,read,180
measured,probe-memory-buffer,run,321,923400,0,0,0,2891,1000000,16777216,read,180
measured,probe-memory-buffer,run,322,923600,0,0,0,2892,1000000,16777216,read,180
measured,probe-memory-buffer,run,323,923800,0,0,0,2892,1000000,16777216,read,180
measured,probe-memory-buffer,run,324,923900,0,0,0,2893,1000000,16777216,read,180
measured,probe-memory-buffer,run,325,924100,0,0,0,2894,1000000,16777216,read,180
measured,probe-memory-buffer,run,326,924300,0,0,0,2895,1000000,16777216,read,180
measured,probe-memory-buffer,run,327,924500,0,0,0,2896,1000000,16777216,read,181
measured,probe-memory-buffer,run,328,924700,0,0,0,2896,1000000,16777216,read,181
measured,probe-memory-buffer,run,329,924900,0,0,0,2897,1000000,16777216,read,181
measured,probe-memory-buffer,run,330,925100,0,0,0,2898,1000000,16777216,read,181
measured,probe-memory-buffer,run,331,925300,0,0,0,2899,1000000,16777216,read,181
measured,probe-memory-buffer,run,332,925500,0,0,0,2900,1000000,16777216,read,181
measured,probe-memory-buffer,run,333,925700,0,0,0,2900,1000000,16777216,read,181
measured,probe-memory-buffer,run,334,925900,0,0,0,2901,1000000,16777216,read,181
measured,probe-memory-buffer,run,335,926100,0,0,0,2902,1000000,16777216,read,181
measured,probe-memory-buffer,run,336,926300,0,0,0,2902,1000000,16777216,read,181
measured,probe-memory-buffer,run,337,926500,0,0,0,2903,1000000,16777216,read,181
measured,probe-memory-buffer,run,338,929500,0,0,0,2915,1000000,16777216,read,182
measured,probe-memory-buffer,run,339,929900,0,0,0,2916,1000000,16777216,read,182
measured,probe-memory-buffer,run,340,930000,0,0,0,2917,1000000,16777216,read,182
measured,probe-memory-buffer,run,341,930200,0,0,0,2918,1000000,16777216,read,182
measured,probe-memory-buffer,run,342,930400,0,0,0,2919,1000000,16777216,read,182
measured,probe-memory-buffer,run,343,930600,0,0,0,2919,1000000,16777216,read,182
measured,probe-memory-buffer,run,344,930800,0,0,0,2920,1000000,16777216,read,182
measured,probe-memory-buffer,run,345,931000,0,0,0,2921,1000000,16777216,read,182
measured,probe-memory-buffer,run,346,931200,0,0,0,2922,1000000,16777216,read,182
measured,probe-memory-buffer,run,347,931400,0,0,0,2923,1000000,16777216,read,182
measured,probe-memory-buffer,run,348,931600,0,0,0,2923,1000000,16777216,read,182
measured,probe-memory-buffer,run,349,931800,0,0,0,2924,1000000,16777216,read,182
measured,probe-memory-buffer,run,350,932000,0,0,0,2925,1000000,16777216,read,182
measured,probe-memory-buffer,run,351,932200,0,0,0,2925,1000000,16777216,read,182
measured,probe-memory-buffer,run,352,932400,0,0,0,2926,1000000,16777216,read,182
measured,probe-memory-buffer,run,353,932500,0,0,0,2927,1000000,16777216,read,182
measured,probe-memory-buffer,run,354,932700,0,0,0,2928,1000000,16777216,read,183
measured,probe-memory-buffer,run,355,932900,0,0,0,2928,1000000,16777216,read,183
measured,probe-memory-buffer,run,356,933100,0,0,0,2929,1000000,16777216,read,183
measured,probe-memory-buffer,run,357,935600,0,0,0,2939,1000000,16777216,read,183
measured,probe-memory-buffer,run,358,935800,0,0,0,2940,1000000,16777216,read,183
measured,probe-memory-buffer,run,359,936000,0,0,0,2941,1000000,16777216,read,183
measured,probe-memory-buffer,run,360,936200,0,0,0,2941,1000000,16777216,read,183
measured,probe-memory-buffer,run,361,936400,0,0,0,2942,1000000,16777216,read,183
measured,probe-memory-buffer,run,362,936600,0,0,0,2943,1000000,16777216,read,183
measured,probe-memory-buffer,run,363,936800,0,0,0,2944,1000000,16777216,read,184
measured,probe-memory-buffer,run,364,937000,0,0,0,2944,1000000,16777216,read,184
measured,probe-memory-buffer,run,365,937200,0,0,0,2945,1000000,16777216,read,184
measured,probe-memory-buffer,run,366,937400,0,0,0,2946,1000000,16777216,read,184
measured,probe-memory-buffer,run,367,939200,0,0,0,2953,1000000,16777216,read,184
measured,probe-memory-buffer,run,368,942300,0,0,0,2965,1000000,16777216,read,185
measured,probe-memory-buffer,run,369,942700,0,0,0,2967,1000000,16777216,read,185
measured,probe-memory-buffer,run,370,942900,0,0,0,2967,1000000,16777216,read,185
measured,probe-memory-buffer,run,371,943100,0,0,0,2968,1000000,16777216,read,185
measured,probe-memory-buffer,run,372,943300,0,0,0,2969,1000000,16777216,read,185
measured,probe-memory-buffer,run,373,943500,0,0,0,2970,1000000,16777216,read,185
measured,probe-memory-buffer,run,374,943700,0,0,0,2971,1000000,16777216,read,185
measured,probe-memory-buffer,run,375,943900,0,0,0,2971,1000000,16777216,read,185
measured,probe-memory-buffer,run,376,944100,0,0,0,2972,1000000,16777216,read,185
measured,probe-memory-buffer,run,377,944300,0,0,0,2973,1000000,16777216,read,185
measured,probe-memory-buffer,run,378,944500,0,0,0,2973,1000000,16777216,read,185
measured,probe-memory-buffer,run,379,944700,0,0,0,2974,1000000,16777216,read,185
measured,probe-memory-buffer,run,380,944900,0,0,0,2975,1000000,16777216,read,185
measured,probe-memory-buffer,run,381,945100,0,0,0,2976,1000000,16777216,read,186
measured,probe-memory-buffer,run,382,945300,0,0,0,2976,1000000,16777216,read,186
measured,probe-memory-buffer,run,383,945400,0,0,0,2977,1000000,16777216,read,186
measured,probe-memory-buffer,run,384,945600,0,0,0,2978,1000000,16777216,read,186
measured,probe-memory-buffer,run,385,948700,0,0,0,2990,1000000,16777216,read,186
measured,probe-memory-buffer,run,386,949100,0,0,0,2991,1000000,16777216,read,186
measured,probe-memory-buffer,run,387,949300,0,0,0,2992,1000000,16777216,read,187
measured,probe-memory-buffer,run,388,949400,0,0,0,2993,1000000,16777216,read,187
measured,probe-memory-buffer,run,389,949600,0,0,0,2994,1000000,16777216,read,187
measured,probe-memory-buffer,run,390,949800,0,0,0,2994,1000000,16777216,read,187
measured,probe-memory-buffer,run,391,950000,0,0,0,2995,1000000,16777216,read,187
measured,probe-memory-buffer,run,392,950200,0,0,0,2996,1000000,16777216,read,187
measured,probe-memory-buffer,run,393,950400,0,0,0,2997,1000000,16777216,read,187
measured,probe-memory-buffer,run,394,950600,0,0,0,2998,1000000,16777216,read,187
measured,probe-memory-buffer,run,395,950800,0,0,0,2998,1000000,16777216,read,187
measured,probe-memory-buffer,run,396,951000,0,0,0,2999,1000000,16777216,read,187
measured,probe-memory-buffer,run,397,951200,0,0,0,3000,1000000,16777216,read,187
measured,probe-memory-buffer,run,398,951400,0,0,0,3001,1000000,16777216,read,187
measured,probe-memory-buffer,run,399,951600,0,0,0,3001,1000000,16777216,read,187
measured,probe-memory-buffer,run,400,951800,0,0,0,3002,1000000,16777216,read,187
measured,probe-memory-buffer,run,401,952000,0,0,0,3003,1000000,16777216,read,187
measured,probe-memory-buffer,run,402,952200,0,0,0,3004,1000000,16777216,read,187
measured,probe-memory-buffer,run,403,952400,0,0,0,3004,1000000,16777216,read,187
measured,probe-memory-buffer,run,404,954900,0,0,0,3014,1000000,16777216,read,188
measured,probe-memory-buffer,run,405,955100,0,0,0,3015,1000000,16777216,read,188
measured,probe-memory-buffer,run,406,955300,0,0,0,3016,1000000,16777216,read,188
measured,probe-memory-buffer,run,407,955500,0,0,0,3017,1000000,16777216,read,188
measured,probe-memory-buffer,run,408,955700,0,0,0,3017,1000000,16777216,read,188
measured,probe-memory-buffer,run,409,955900,0,0,0,3018,1000000,16777216,read,188
measured,probe-memory-buffer,run,410,956100,0,0,0,3019,1000000,16777216,read,188
measured,probe-memory-buffer,run,411,956300,0,0,0,3019,1000000,16777216,read,188
measured,probe-memory-buffer,run,412,956400,0,0,0,3020,1000000,16777216,read,188
measured,probe-memory-buffer,run,413,956600,0,0,0,3021,1000000,16777216,read,188
measured,probe-memory-buffer,run,414,956800,0,0,0,3022,1000000,16777216,read,188
measured,probe-memory-buffer,run,415,957000,0,0,0,3023,1000000,16777216,read,188
measured,probe-memory-buffer,run,416,957200,0,0,0,3023,1000000,16777216,read,188
measured,probe-memory-buffer,run,417,957400,0,0,0,3024,1000000,16777216,read,189
measured,probe-memory-buffer,run,418,957600,0,0,0,3025,1000000,16777216,read,189
measured,probe-memory-buffer,run,419,957800,0,0,0,3026,1000000,16777216,read,189
measured,probe-memory-buffer,run,420,959100,0,0,0,3031,1000000,16777216,read,189
measured,probe-memory-buffer,run,421,959400,0,0,0,3032,1000000,16777216,read,189
measured,probe-memory-buffer,run,422,959600,0,0,0,3032,1000000,16777216,read,189
measured,probe-memory-buffer,run,423,959800,0,0,0,3033,1000000,16777216,read,189
measured,probe-memory-buffer,run,424,961600,0,0,0,3041,1000000,16777216,read,190
measured,probe-memory-buffer,run,425,961800,0,0,0,3041,1000000,16777216,read,190
measured,probe-memory-buffer,run,426,962000,0,0,0,3042,1000000,16777216,read,190
measured,probe-memory-buffer,run,427,962200,0,0,0,3043,1000000,16777216,read,190
measured,probe-memory-buffer,run,428,962400,0,0,0,3044,1000000,16777216,read,190
measured,probe-memory-buffer,run,429,962600,0,0,0,3044,1000000,16777216,read,190
measured,probe-memory-buffer,run,430,962800,0,0,0,3045,1000000,16777216,read,190
measured,probe-memory-buffer,run,431,963000,0,0,0,3046,1000000,16777216,read,190
measured,probe-memory-buffer,run,432,965600,0,0,0,3056,1000000,16777216,read,191
measured,probe-memory-buffer,run,433,965800,0,0,0,3057,1000000,16777216,read,191
measured,probe-memory-buffer,run,434,966000,0,0,0,3058,1000000,16777216,read,191
measured,probe-memory-buffer,run,435,966200,0,0,0,3058,1000000,16777216,read,191
measured,probe-memory-buffer,run,436,966400,0,0,0,3059,1000000,16777216,read,191
measured,probe-memory-buffer,run,437,966600,0,0,0,3060,1000000,16777216,read,191
measured,probe-memory-buffer,run,438,966800,0,0,0,3061,1000000,16777216,read,191
measured,probe-memory-buffer,run,439,967000,0,0,0,3062,1000000,16777216,read,191
measured,probe-memory-buffer,run,440,967200,0,0,0,3062,1000000,16777216,read,191
measured,probe-memory-buffer,run,441,967400,0,0,0,3063,1000000,16777216,read,191
measured,probe-memory-buffer,run,442,967600,0,0,0,3064,1000000,16777216,read,191
measured,probe-memory-buffer,run,443,967800,0,0,0,3064,1000000,16777216,read,191
measured,probe-memory-buffer,run,444,968000,0,0,0,3065,1000000,16777216,read,191
measured,probe-memory-buffer,run,445,968200,0,0,0,3066,1000000,16777216,read,191
measured,probe-memory-buffer,run,446,968300,0,0,0,3067,1000000,16777216,read,191
measured,probe-memory-buffer,run,447,968500,0,0,0,3067,1000000,16777216,read,191
measured,probe-memory-buffer,run,448,971400,0,0,0,3068,1000000,16777216,read,191
measured,probe-memory-buffer,run,449,972100,0,0,0,3082,1000000,16777216,read,192
measured,probe-memory-buffer,run,450,972300,0,0,0,3082,1000000,16777216,read,192
measured,probe-memory-buffer,run,451,972500,0,0,0,3083,1000000,16777216,read,192
measured,probe-memory-buffer,run,452,972700,0,0,0,3084,1000000,16777216,read,192
measured,probe-memory-buffer,run,453,972900,0,0,0,3085,1000000,16777216,read,192
measured,probe-memory-buffer,run,454,973100,0,0,0,3085,1000000,16777216,read,192
measured,probe-memory-buffer,run,455,973300,0,0,0,3086,1000000,16777216,read,192
measured,probe-memory-buffer,run,456,973500,0,0,0,3087,1000000,16777216,read,192
measured,probe-memory-buffer,run,457,973700,0,0,0,3088,1000000,16777216,read,193
measured,probe-memory-buffer,run,458,973900,0,0,0,3089,1000000,16777216,read,193
measured,probe-memory-buffer,run,459,974100,0,0,0,3089,1000000,16777216,read,193
measured,probe-memory-buffer,run,460,974300,0,0,0,3090,1000000,16777216,read,193
measured,probe-memory-buffer,run,461,974500,0,0,0,3091,1000000,16777216,read,193
measured,probe-memory-buffer,run,462,974700,0,0,0,3092,1000000,16777216,read,193
measured,probe-memory-buffer,run,463,974900,0,0,0,3092,1000000,16777216,read,193
measured,probe-memory-buffer,run,464,975100,0,0,0,3093,1000000,16777216,read,193
measured,probe-memory-buffer,run,465,975300,0,0,0,3094,1000000,16777216,read,193
measured,probe-memory-buffer,run,466,975500,0,0,0,3094,1000000,16777216,read,193
measured,probe-memory-buffer,run,467,977700,0,0,0,3103,1000000,16777216,read,193
measured,probe-memory-buffer,run,468,978100,0,0,0,3105,1000000,16777216,read,194
measured,probe-memory-buffer,run,469,978300,0,0,0,3106,1000000,16777216,read,194
measured,probe-memory-buffer,run,470,978500,0,0,0,3107,1000000,16777216,read,194
measured,probe-memory-buffer,run,471,978700,0,0,0,3107,1000000,16777216,read,194
measured,probe-memory-buffer,run,472,978900,0,0,0,3108,1000000,16777216,read,194
measured,probe-memory-buffer,run,473,979100,0,0,0,3109,1000000,16777216,read,194
measured,probe-memory-buffer,run,474,979300,0,0,0,3110,1000000,16777216,read,194
measured,probe-memory-buffer,run,475,979500,0,0,0,3110,1000000,16777216,read,194
measured,probe-memory-buffer,run,476,979700,0,0,0,3111,1000000,16777216,read,194
measured,probe-memory-buffer,run,477,979900,0,0,0,3112,1000000,16777216,read,194
measured,probe-memory-buffer,run,478,980100,0,0,0,3112,1000000,16777216,read,194
measured,probe-memory-buffer,run,479,980300,0,0,0,3113,1000000,16777216,read,194
measured,probe-memory-buffer,run,480,980500,0,0,0,3114,1000000,16777216,read,194
measured,probe-memory-buffer,run,481,985900,0,0,0,3135,1000000,16777216,read,195
measured,probe-memory-buffer,run,482,986100,0,0,0,3136,1000000,16777216,read,196
measured,probe-memory-buffer,run,483,986300,0,0,0,3137,1000000,16777216,read,196
measured,probe-memory-buffer,run,484,986500,0,0,0,3137,1000000,16777216,read,196
measured,probe-memory-buffer,run,485,986700,0,0,0,3138,1000000,16777216,read,196
measured,probe-memory-buffer,run,486,986900,0,0,0,3139,1000000,16777216,read,196
measured,probe-memory-buffer,run,487,987100,0,0,0,3140,1000000,16777216,read,196
measured,probe-memory-buffer,run,488,987200,0,0,0,3141,1000000,16777216,read,196
measured,probe-memory-buffer,run,489,987400,0,0,0,3141,1000000,16777216,read,196
measured,probe-memory-buffer,run,490,987600,0,0,0,3142,1000000,16777216,read,196
measured,probe-memory-buffer,run,491,987800,0,0,0,3143,1000000,16777216,read,196
measured,probe-memory-buffer,run,492,988000,0,0,0,3144,1000000,16777216,read,196
measured,probe-memory-buffer,run,493,988200,0,0,0,3144,1000000,16777216,read,196
measured,probe-memory-buffer,run,494,988400,0,0,0,3145,1000000,16777216,read,196
measured,probe-memory-buffer,run,495,988600,0,0,0,3146,1000000,16777216,read,196
measured,probe-memory-buffer,run,496,988800,0,0,0,3147,1000000,16777216,read,196
measured,probe-memory-buffer,run,497,991400,0,0,0,3157,1000000,16777216,read,197
measured,probe-memory-buffer,run,498,991600,0,0,0,3158,1000000,16777216,read,197
measured,probe-memory-buffer,run,499,991800,0,0,0,3158,1000000,16777216,read,197
measured,probe-memory-buffer,run,500,992000,0,0,0,3159,1000000,16777216,read,197
measured,probe-memory-buffer,run,501,992200,0,0,0,3160,1000000,16777216,read,197
measured,probe-memory-buffer,run,502,992400,0,0,0,3161,1000000,16777216,read,197
measured,probe-memory-buffer,run,503,992600,0,0,0,3161,1000000,16777216,read,197
measured,probe-memory-buffer,run,504,992800,0,0,0,3162,1000000,16777216,read,197
measured,probe-memory-buffer,run,505,993000,0,0,0,3163,1000000,16777216,read,197
measured,probe-memory-buffer,run,506,993200,0,0,0,3164,1000000,16777216,read,197
measured,probe-memory-buffer,run,507,993400,0,0,0,3164,1000000,16777216,read,197
measured,probe-memory-buffer,run,508,993500,0,0,0,3165,1000000,16777216,read,197
measured,probe-memory-buffer,run,509,993700,0,0,0,3166,1000000,16777216,read,197
measured,probe-memory-buffer,run,510,993900,0,0,0,3167,1000000,16777216,read,197
measured,probe-memory-buffer,run,511,994100,0,0,0,3167,1000000,16777216,read,197
measured,probe-memory-buffer,run,512,994300,0,0,0,3168,1000000,16777216,read,198
measured,probe-memory-buffer,run,513,994500,0,0,0,3169,1000000,16777216,read,198
measured,probe-memory-buffer,run,514,994700,0,0,0,3170,1000000,16777216,read,198
measured,probe-memory-buffer,run,515,994900,0,0,0,3171,1000000,16777216,read,198
measured,probe-memory-buffer,run,516,995100,0,0,0,3171,1000000,16777216,read,198
measured,probe-memory-buffer,run,517,998100,0,0,0,3172,1000000,16777216,read,198
measured,probe-memory-buffer,run,518,998900,0,0,0,3186,1000000,16777216,read,199
measured,probe-memory-buffer,run,519,999100,0,0,0,3187,1000000,16777216,read,199
measured,probe-memory-buffer,run,520,999200,0,0,0,3187,1000000,16777216,read,199
measured,probe-memory-buffer,run,521,999400,0,0,0,3188,1000000,16777216,read,199
measured,probe-memory-buffer,run,522,999600,0,0,0,3189,1000000,16777216,read,199
measured,probe-memory-buffer,run,523,999800,0,0,0,3190,1000000,16777216,read,199
measured,probe-memory-buffer,run,524,1000000,0,0,0,3191,1000000,16777216,read,199
measured,probe-memory-buffer,run,525,1000200,0,0,0,3191,1000000,16777216,read,199
measured,probe-memory-buffer,run,526,1000400,0,0,0,3192,1000000,16777216,read,199
measured,probe-memory-buffer,run,527,1000600,0,0,0,3193,1000000,16777216,read,199
measured,probe-memory-buffer,run,528,1000800,0,0,0,3194,1000000,16777216,read,199
measured,probe-memory-buffer,run,529,1001000,0,0,0,3194,1000000,16777216,read,199
measured,probe-memory-buffer,run,530,1001200,0,0,0,3195,1000000,16777216,read,199
measured,probe-memory-buffer,run,531,1001400,0,0,0,3196,1000000,16777216,read,199
measured,probe-memory-buffer,run,532,1001600,0,0,0,3197,1000000,16777216,read,199
measured,probe-memory-buffer,run,533,1001800,0,0,0,3197,1000000,16777216,read,199
measured,probe-memory-buffer,run,534,1002000,0,0,0,3198,1000000,16777216,read,199
measured,probe-memory-buffer,run,535,1002200,0,0,0,3199,1000000,16777216,read,199
measured,probe-memory-buffer,run,536,1002400,0,0,0,3200,1000000,16777216,read,200
measured,probe-memory-buffer,run,537,1002600,0,0,0,3200,1000000,16777216,read,200
measured,probe-memory-buffer,run,538,1007000,0,0,0,3218,1000000,16777216,read,201
measured,probe-memory-buffer,run,539,1007200,0,0,0,3219,1000000,16777216,read,201
measured,probe-memory-buffer,run,540,1007400,0,0,0,3219,1000000,16777216,read,201
measured,probe-memory-buffer,run,541,1007600,0,0,0,3220,1000000,16777216,read,201
measured,probe-memory-buffer,run,542,1007800,0,0,0,3221,1000000,16777216,read,201
measured,probe-memory-buffer,run,543,1008000,0,0,0,3222,1000000,16777216,read,201
measured,probe-memory-buffer,run,544,1008200,0,0,0,3223,1000000,16777216,read,201
measured,probe-memory-buffer,run,545,1008400,0,0,0,3223,1000000,16777216,read,201
measured,probe-memory-buffer,run,546,1008600,0,0,0,3224,1000000,16777216,read,201
measured,probe-memory-buffer,run,547,1008800,0,0,0,3225,1000000,16777216,read,201
measured,probe-memory-buffer,run,548,1009000,0,0,0,3226,1000000,16777216,read,201
measured,probe-memory-buffer,run,549,1009200,0,0,0,3226,1000000,16777216,read,201
measured,probe-memory-buffer,run,550,1009400,0,0,0,3227,1000000,16777216,read,201
measured,probe-memory-buffer,run,551,1009600,0,0,0,3228,1000000,16777216,read,201
measured,probe-memory-buffer,run,552,1012500,0,0,0,3229,1000000,16777216,read,201
measured,probe-memory-buffer,run,553,1013300,0,0,0,3242,1000000,16777216,read,202
measured,probe-memory-buffer,run,554,1013500,0,0,0,3243,1000000,16777216,read,202
measured,probe-memory-buffer,run,555,1013700,0,0,0,3244,1000000,16777216,read,202
measured,probe-memory-buffer,run,556,1013900,0,0,0,3244,1000000,16777216,read,202
measured,probe-memory-buffer,run,557,1014100,0,0,0,3245,1000000,16777216,read,202
measured,probe-memory-buffer,run,558,1014200,0,0,0,3246,1000000,16777216,read,202
measured,probe-memory-buffer,run,559,1014400,0,0,0,3247,1000000,16777216,read,202
measured,probe-memory-buffer,run,560,1014600,0,0,0,3248,1000000,16777216,read,203
measured,probe-memory-buffer,run,561,1014800,0,0,0,3248,1000000,16777216,read,203
measured,probe-memory-buffer,run,562,1015000,0,0,0,3249,1000000,16777216,read,203
measured,probe-memory-buffer,run,563,1015200,0,0,0,3250,1000000,16777216,read,203
measured,probe-memory-buffer,run,564,1015400,0,0,0,3251,1000000,16777216,read,203
measured,probe-memory-buffer,run,565,1015600,0,0,0,3251,1000000,16777216,read,203
measured,probe-memory-buffer,run,566,1015800,0,0,0,3252,1000000,16777216,read,203
measured,probe-memory-buffer,run,567,1016000,0,0,0,3253,1000000,16777216,read,203
measured,probe-memory-buffer,run,568,1016200,0,0,0,3254,1000000,16777216,read,203
measured,probe-memory-buffer,run,569,1016400,0,0,0,3255,1000000,16777216,read,203
measured,probe-memory-buffer,run,570,1016600,0,0,0,3255,1000000,16777216,read,203
measured,probe-memory-buffer,run,571,1016800,0,0,0,3256,1000000,16777216,read,203
measured,probe-memory-buffer,run,572,1017000,0,0,0,3257,1000000,16777216,read,203
measured,probe-memory-buffer,run,573,1017200,0,0,0,3257,1000000,16777216,read,203
measured,probe-memory-buffer,run,574,1019600,0,0,0,3267,1000000,16777216,read,204
measured,probe-memory-buffer,run,575,1019900,0,0,0,3268,1000000,16777216,read,204
measured,probe-memory-buffer,run,576,1020000,0,0,0,3269,1000000,16777216,read,204
measured,probe-memory-buffer,run,577,1020200,0,0,0,3269,1000000,16777216,read,204
measured,probe-memory-buffer,run,578,1020400,0,0,0,3270,1000000,16777216,read,204
measured,probe-memory-buffer,run,579,1020600,0,0,0,3271,1000000,16777216,read,204
measured,probe-memory-buffer,run,580,1020800,0,0,0,3272,1000000,16777216,read,204
measured,probe-memory-buffer,run,581,1021000,0,0,0,3273,1000000,16777216,read,204
measured,probe-memory-buffer,run,582,1021200,0,0,0,3273,1000000,16777216,read,204
measured,probe-memory-buffer,run,583,1021400,0,0,0,3274,1000000,16777216,read,204
measured,probe-memory-buffer,run,584,1021600,0,0,0,3275,1000000,16777216,read,204
measured,probe-memory-buffer,run,585,1021800,0,0,0,3276,1000000,16777216,read,204
measured,probe-memory-buffer,run,586,1022000,0,0,0,3276,1000000,16777216,read,204
measured,probe-memory-buffer,run,587,1022200,0,0,0,3277,1000000,16777216,read,204
measured,probe-memory-buffer,run,588,1022400,0,0,0,3278,1000000,16777216,read,204
measured,probe-memory-buffer,run,589,1022600,0,0,0,3279,1000000,16777216,read,204
measured,probe-memory-buffer,run,590,1022800,0,0,0,3279,1000000,16777216,read,204
measured,probe-memory-buffer,run,591,1023000,0,0,0,3280,1000000,16777216,read,205
measured,probe-memory-buffer,run,592,1023200,0,0,0,3281,1000000,16777216,read,205
measured,probe-memory-buffer,run,593,1023400,0,0,0,3282,1000000,16777216,read,205
measured,probe-memory-buffer,run,594,1023600,0,0,0,3282,1000000,16777216,read,205
measured,probe-memory-buffer,run,595,1029200,0,0,0,3305,1000000,16777216,read,206
measured,probe-memory-buffer,run,596,1029400,0,0,0,3305,1000000,16777216,read,206
measured,probe-memory-buffer,run,597,1029600,0,0,0,3306,1000000,16777216,read,206
measured,probe-memory-buffer,run,598,1029800,0,0,0,3307,1000000,16777216,read,206
measured,probe-memory-buffer,run,599,1030000,0,0,0,3308,1000000,16777216,read,206
measured,probe-memory-buffer,run,600,1030200,0,0,0,3308,1000000,16777216,read,206
measured,probe-memory-buffer,run,601,1031600,0,0,0,3314,1000000,16777216,read,207
measured,probe-memory-buffer,run,602,1032100,0,0,0,3316,1000000,16777216,read,207
measured,probe-memory-buffer,run,603,1032300,0,0,0,3317,1000000,16777216,read,207
measured,probe-memory-buffer,run,604,1032500,0,0,0,3317,1000000,16777216,read,207
measured,probe-memory-buffer,run,605,1032700,0,0,0,3318,1000000,16777216,read,207
measured,probe-memory-buffer,run,606,1032900,0,0,0,3319,1000000,16777216,read,207
measured,probe-memory-buffer,run,607,1033100,0,0,0,3320,1000000,16777216,read,207
measured,probe-memory-buffer,run,608,1033300,0,0,0,3321,1000000,16777216,read,207
measured,probe-memory-buffer,run,609,1033500,0,0,0,3321,1000000,16777216,read,207
measured,probe-memory-buffer,run,610,1033700,0,0,0,3322,1000000,16777216,read,207
measured,probe-memory-buffer,run,611,1033900,0,0,0,3323,1000000,16777216,read,207
measured,probe-memory-buffer,run,612,1034100,0,0,0,3323,1000000,16777216,read,207
measured,probe-memory-buffer,run,613,1034300,0,0,0,3324,1000000,16777216,read,207
measured,probe-memory-buffer,run,614,1034500,0,0,0,3325,1000000,16777216,read,207
measured,probe-memory-buffer,run,615,1034700,0,0,0,3326,1000000,16777216,read,207
measured,probe-memory-buffer,run,616,1034900,0,0,0,3326,1000000,16777216,read,207
measured,probe-memory-buffer,run,617,1035100,0,0,0,3327,1000000,16777216,read,207
measured,probe-memory-buffer,run,618,1038300,0,0,0,3340,1000000,16777216,read,208
measured,probe-memory-buffer,run,619,1038600,0,0,0,3341,1000000,16777216,read,208
measured,probe-memory-buffer,run,620,1038800,0,0,0,3342,1000000,16777216,read,208
measured,probe-memory-buffer,run,621,1039000,0,0,0,3343,1000000,16777216,read,208
measured,probe-memory-buffer,run,622,1039200,0,0,0,3344,1000000,16777216,read,209
measured,probe-memory-buffer,run,623,1039400,0,0,0,3344,1000000,16777216,read,209
measured,probe-memory-buffer,run,624,1039600,0,0,0,3345,1000000,16777216,read,209
measured,probe-memory-buffer,run,625,1039800,0,0,0,3346,1000000,16777216,read,209
measured,probe-memory-buffer,run,626,1040000,0,0,0,3347,1000000,16777216,read,209
measured,probe-memory-buffer,run,627,1040200,0,0,0,3348,1000000,16777216,read,209
measured,probe-memory-buffer,run,628,1040400,0,0,0,3348,1000000,16777216,read,209
measured,probe-memory-buffer,run,629,1040600,0,0,0,3349,1000000,16777216,read,209
measured,probe-memory-buffer,run,630,1040800,0,0,0,3350,1000000,16777216,read,209
measured,probe-memory-buffer,run,631,1041000,0,0,0,3350,1000000,16777216,read,209
measured,probe-memory-buffer,run,632,1041200,0,0,0,3351,1000000,16777216,read,209
measured,probe-memory-buffer,run,633,1041400,0,0,0,3352,1000000,16777216,read,209
measured,probe-memory-buffer,run,634,1041600,0,0,0,3353,1000000,16777216,read,209
measured,probe-memory-buffer,run,635,1041700,0,0,0,3353,1000000,16777216,read,209
measured,probe-memory-buffer,run,636,1041900,0,0,0,3354,1000000,16777216,read,209
measured,probe-memory-buffer,run,637,1042100,0,0,0,3355,1000000,16777216,read,209
measured,probe-memory-buffer,run,638,1042300,0,0,0,3356,1000000,16777216,read,209
measured,probe-memory-buffer,run,639,1045700,0,0,0,3369,1000000,16777216,read,210
measured,probe-memory-buffer,run,640,1045900,0,0,0,3370,1000000,16777216,read,210
measured,probe-memory-buffer,run,641,1046100,0,0,0,3371,1000000,16777216,read,210
measured,probe-memory-buffer,run,642,1046300,0,0,0,3371,1000000,16777216,read,210
measured,probe-memory-buffer,run,643,1046500,0,0,0,3372,1000000,16777216,read,210
measured,probe-memory-buffer,run,644,1046700,0,0,0,3373,1000000,16777216,read,210
measured,probe-memory-buffer,run,645,1046900,0,0,0,3374,1000000,16777216,read,210
measured,probe-memory-buffer,run,646,1047100,0,0,0,3375,1000000,16777216,read,210
measured,probe-memory-buffer,run,647,1047300,0,0,0,3375,1000000,16777216,read,210
measured,probe-memory-buffer,run,648,1047500,0,0,0,3376,1000000,16777216,read,211
measured,probe-memory-buffer,run,649,1047700,0,0,0,3376,1000000,16777216,read,211
measured,probe-memory-buffer,run,650,1047900,0,0,0,3377,1000000,16777216,read,211
measured,probe-memory-buffer,run,651,1048000,0,0,0,3378,1000000,16777216,read,211
measured,probe-memory-buffer,run,652,1052900,0,0,0,3397,1000000,16777216,read,212
measured,probe-memory-buffer,run,653,1053100,0,0,0,3398,1000000,16777216,read,212
measured,probe-memory-buffer,run,654,1053300,0,0,0,3398,1000000,16777216,read,212
measured,probe-memory-buffer,run,655,1053500,0,0,0,3399,1000000,16777216,read,212
measured,probe-memory-buffer,run,656,1053700,0,0,0,3400,1000000,16777216,read,212
measured,probe-memory-buffer,run,657,1053800,0,0,0,3401,1000000,16777216,read,212
measured,probe-memory-buffer,run,658,1054000,0,0,0,3401,1000000,16777216,read,212
measured,probe-memory-buffer,run,659,1054200,0,0,0,3402,1000000,16777216,read,212
measured,probe-memory-buffer,run,660,1054400,0,0,0,3403,1000000,16777216,read,212
measured,probe-memory-buffer,run,661,1054600,0,0,0,3404,1000000,16777216,read,212
measured,probe-memory-buffer,run,662,1054800,0,0,0,3405,1000000,16777216,read,212
measured,probe-memory-buffer,run,663,1055000,0,0,0,3405,1000000,16777216,read,212
measured,probe-memory-buffer,run,664,1057100,0,0,0,3414,1000000,16777216,read,213
measured,probe-memory-buffer,run,665,1057300,0,0,0,3414,1000000,16777216,read,213
measured,probe-memory-buffer,run,666,1057500,0,0,0,3415,1000000,16777216,read,213
measured,probe-memory-buffer,run,667,1057700,0,0,0,3416,1000000,16777216,read,213
measured,probe-memory-buffer,run,668,1057900,0,0,0,3417,1000000,16777216,read,213
measured,probe-memory-buffer,run,669,1058100,0,0,0,3417,1000000,16777216,read,213
measured,probe-memory-buffer,run,670,1058300,0,0,0,3418,1000000,16777216,read,213
measured,probe-memory-buffer,run,671,1058500,0,0,0,3419,1000000,16777216,read,213
measured,probe-memory-buffer,run,672,1058700,0,0,0,3420,1000000,16777216,read,213
measured,probe-memory-buffer,run,673,1058900,0,0,0,3420,1000000,16777216,read,213
measured,probe-memory-buffer,run,674,1059100,0,0,0,3421,1000000,16777216,read,213
measured,probe-memory-buffer,run,675,1059300,0,0,0,3422,1000000,16777216,read,213
measured,probe-memory-buffer,run,676,1059400,0,0,0,3423,1000000,16777216,read,213
measured,probe-memory-buffer,run,677,1059600,0,0,0,3423,1000000,16777216,read,213
measured,probe-memory-buffer,run,678,1059800,0,0,0,3424,1000000,16777216,read,214
measured,probe-memory-buffer,run,679,1060000,0,0,0,3425,1000000,16777216,read,214
measured,probe-memory-buffer,run,680,1060200,0,0,0,3426,1000000,16777216,read,214
measured,probe-memory-buffer,run,681,1062300,0,0,0,3426,1000000,16777216,read,214
measured,probe-memory-buffer,run,682,1063000,0,0,0,3437,1000000,16777216,read,214
measured,probe-memory-buffer,run,683,1063200,0,0,0,3437,1000000,16777216,read,214
measured,probe-memory-buffer,run,684,1063400,0,0,0,3438,1000000,16777216,read,214
measured,probe-memory-buffer,run,685,1063600,0,0,0,3439,1000000,16777216,read,214
measured,probe-memory-buffer,run,686,1063800,0,0,0,3440,1000000,16777216,read,215
measured,probe-memory-buffer,run,687,1064000,0,0,0,3440,1000000,16777216,read,215
measured,probe-memory-buffer,run,688,1064200,0,0,0,3441,1000000,16777216,read,215
measured,probe-memory-buffer,run,689,1064400,0,0,0,3442,1000000,16777216,read,215
measured,probe-memory-buffer,run,690,1064600,0,0,0,3442,1000000,16777216,read,215
measured,probe-memory-buffer,run,691,1064800,0,0,0,3443,1000000,16777216,read,215
measured,probe-memory-buffer,run,692,1064900,0,0,0,3444,1000000,16777216,read,215
measured,probe-memory-buffer,run,693,1065100,0,0,0,3445,1000000,16777216,read,215
measured,probe-memory-buffer,run,694,1065300,0,0,0,3446,1000000,16777216,read,215
measured,probe-memory-buffer,run,695,1065500,0,0,0,3446,1000000,16777216,read,215
measured,probe-memory-buffer,run,696,1065700,0,0,0,3447,1000000,16777216,read,215
measured,probe-memory-buffer,run,697,1067000,0,0,0,3452,1000000,16777216,read,215
measured,probe-memory-buffer,run,698,1067200,0,0,0,3453,1000000,16777216,read,215
measured,probe-memory-buffer,run,699,1067400,0,0,0,3454,1000000,16777216,read,215
measured,probe-memory-buffer,run,700,1067600,0,0,0,3455,1000000,16777216,read,215
measured,probe-memory-buffer,run,701,1067800,0,0,0,3455,1000000,16777216,read,215
measured,probe-memory-buffer,run,702,1068000,0,0,0,3456,1000000,16777216,read,216
measured,probe-memory-buffer,run,703,1068200,0,0,0,3457,1000000,16777216,read,216
measured,probe-memory-buffer,run,704,1068400,0,0,0,3457,1000000,16777216,read,216
measured,probe-memory-buffer,run,705,1068500,0,0,0,3458,1000000,16777216,read,216
measured,probe-memory-buffer,run,706,1068700,0,0,0,3459,1000000,16777216,read,216
measured,probe-memory-buffer,run,707,1069700,0,0,0,3463,1000000,16777216,read,216
measured,probe-memory-buffer,run,708,1070000,0,0,0,3464,1000000,16777216,read,216
measured,probe-memory-buffer,run,709,1071900,0,0,0,3471,1000000,16777216,read,216
measured,probe-memory-buffer,run,710,1072100,0,0,0,3472,1000000,16777216,read,217
measured,probe-memory-buffer,run,711,1072300,0,0,0,3473,1000000,16777216,read,217
measured,probe-memory-buffer,run,712,1072500,0,0,0,3473,1000000,16777216,read,217
measured,probe-memory-buffer,run,713,1072700,0,0,0,3474,1000000,16777216,read,217
measured,probe-memory-buffer,run,714,1072900,0,0,0,3475,1000000,16777216,read,217
measured,probe-memory-buffer,run,715,1073100,0,0,0,3476,1000000,16777216,read,217
measured,probe-memory-buffer,run,716,1073300,0,0,0,3476,1000000,16777216,read,217
measured,probe-memory-buffer,run,717,1073500,0,0,0,3477,1000000,16777216,read,217
measured,probe-memory-buffer,run,718,1073600,0,0,0,3478,1000000,16777216,read,217
measured,probe-memory-buffer,run,719,1073800,0,0,0,3479,1000000,16777216,read,217
measured,probe-memory-buffer,run,720,1074000,0,0,0,3480,1000000,16777216,read,217
measured,probe-memory-buffer,run,721,1074200,0,0,0,3480,1000000,16777216,read,217
measured,probe-memory-buffer,run,722,1074400,0,0,0,3481,1000000,16777216,read,217
measured,probe-memory-buffer,run,723,1074600,0,0,0,3482,1000000,16777216,read,217
measured,probe-memory-buffer,run,724,1074800,0,0,0,3483,1000000,16777216,read,217
measured,probe-memory-buffer,run,725,1075000,0,0,0,3483,1000000,16777216,read,217
measured,probe-memory-buffer,run,726,1075200,0,0,0,3484,1000000,16777216,read,217
measured,probe-memory-buffer,run,727,1075400,0,0,0,3485,1000000,16777216,read,217
measured,probe-memory-buffer,run,728,1075600,0,0,0,3486,1000000,16777216,read,217
measured,probe-memory-buffer,run,729,1075800,0,0,0,3487,1000000,16777216,read,217
measured,probe-memory-buffer,run,730,1076000,0,0,0,3487,1000000,16777216,read,217
measured,probe-memory-buffer,run,731,1076200,0,0,0,3488,1000000,16777216,read,218
measured,probe-memory-buffer,run,732,1076400,0,0,0,3489,1000000,16777216,read,218
measured,probe-memory-buffer,run,733,1076600,0,0,0,3489,1000000,16777216,read,218
measured,probe-memory-buffer,run,734,1076800,0,0,0,3490,1000000,16777216,read,218
measured,probe-memory-buffer,run,735,1077000,0,0,0,3491,1000000,16777216,read,218
measured,probe-memory-buffer,run,736,1077200,0,0,0,3492,1000000,16777216,read,218
measured,probe-memory-buffer,run,737,1077400,0,0,0,3492,1000000,16777216,read,218
measured,probe-memory-buffer,run,738,1077500,0,0,0,3493,1000000,16777216,read,218
measured,probe-memory-buffer,run,739,1077700,0,0,0,3494,1000000,16777216,read,218
measured,probe-memory-buffer,run,740,1077900,0,0,0,3495,1000000,16777216,read,218
measured,probe-memory-buffer,run,741,1078100,0,0,0,3496,1000000,16777216,read,218
measured,probe-memory-buffer,run,742,1078300,0,0,0,3496,1000000,16777216,read,218
measured,probe-memory-buffer,run,743,1078500,0,0,0,3497,1000000,16777216,read,218
measured,probe-memory-buffer,run,744,1078700,0,0,0,3498,1000000,16777216,read,218
measured,probe-memory-buffer,run,745,1078900,0,0,0,3499,1000000,16777216,read,218
measured,probe-memory-buffer,run,746,1079100,0,0,0,3500,1000000,16777216,read,218
measured,probe-memory-buffer,run,747,1079300,0,0,0,3500,1000000,16777216,read,218
measured,probe-memory-buffer,run,748,1079500,0,0,0,3501,1000000,16777216,read,218
measured,probe-memory-buffer,run,749,1079700,0,0,0,3502,1000000,16777216,read,218
measured,probe-memory-buffer,run,750,1079900,0,0,0,3503,1000000,16777216,read,218
measured,probe-memory-buffer,run,751,1080100,0,0,0,3503,1000000,16777216,read,218
measured,probe-memory-buffer,run,752,1081000,0,0,0,3504,1000000,16777216,read,219
measured,probe-memory-buffer,run,753,1082000,0,0,0,3511,1000000,16777216,read,219
measured,probe-memory-buffer,run,754,1082200,0,0,0,3512,1000000,16777216,read,219
measured,probe-memory-buffer,run,755,1082400,0,0,0,3512,1000000,16777216,read,219
measured,probe-memory-buffer,run,756,1082600,0,0,0,3513,1000000,16777216,read,219
measured,probe-memory-buffer,run,757,1082800,0,0,0,3514,1000000,16777216,read,219
measured,probe-memory-buffer,run,758,1083000,0,0,0,3515,1000000,16777216,read,219
measured,probe-memory-buffer,run,759,1083200,0,0,0,3516,1000000,16777216,read,219
measured,probe-memory-buffer,run,760,1083400,0,0,0,3516,1000000,16777216,read,219
measured,probe-memory-buffer,run,761,1083600,0,0,0,3517,1000000,16777216,read,219
measured,probe-memory-buffer,run,762,1083800,0,0,0,3518,1000000,16777216,read,219
measured,probe-memory-buffer,run,763,1084000,0,0,0,3518,1000000,16777216,read,219
measured,probe-memory-buffer,run,764,1084200,0,0,0,3519,1000000,16777216,read,219
measured,probe-memory-buffer,run,765,1085400,0,0,0,3524,1000000,16777216,read,220
measured,probe-memory-buffer,run,766,1085600,0,0,0,3525,1000000,16777216,read,220
measured,probe-memory-buffer,run,767,1085800,0,0,0,3526,1000000,16777216,read,220
measured,probe-memory-buffer,run,768,1086000,0,0,0,3526,1000000,16777216,read,220
measured,probe-memory-buffer,run,769,1087900,0,0,0,3534,1000000,16777216,read,220
measured,probe-memory-buffer,run,770,1088100,0,0,0,3535,1000000,16777216,read,220
measured,probe-memory-buffer,run,771,1088300,0,0,0,3535,1000000,16777216,read,220
measured,probe-memory-buffer,run,772,1088500,0,0,0,3536,1000000,16777216,read,221
measured,probe-memory-buffer,run,773,1088700,0,0,0,3537,1000000,16777216,read,221
measured,probe-memory-buffer,run,774,1088900,0,0,0,3538,1000000,16777216,read,221
measured,probe-memory-buffer,run,775,1089100,0,0,0,3539,1000000,16777216,read,221
measured,probe-memory-buffer,run,776,1089300,0,0,0,3539,1000000,16777216,read,221
measured,probe-memory-buffer,run,777,1089500,0,0,0,3540,1000000,16777216,read,221
measured,probe-memory-buffer,run,778,1089700,0,0,0,3541,1000000,16777216,read,221
measured,probe-memory-buffer,run,779,1089900,0,0,0,3541,1000000,16777216,read,221
measured,probe-memory-buffer,run,780,1090100,0,0,0,3542,1000000,16777216,read,221
measured,probe-memory-buffer,run,781,1090300,0,0,0,3543,1000000,16777216,read,221
measured,probe-memory-buffer,run,782,1090500,0,0,0,3544,1000000,16777216,read,221
measured,probe-memory-buffer,run,783,1090600,0,0,0,3544,1000000,16777216,read,221
measured,probe-memory-buffer,run,784,1090800,0,0,0,3545,1000000,16777216,read,221
measured,probe-memory-buffer,run,785,1091000,0,0,0,3546,1000000,16777216,read,221
measured,probe-memory-buffer,run,786,1091200,0,0,0,3547,1000000,16777216,read,221
measured,probe-memory-buffer,run,787,1094900,0,0,0,3561,1000000,16777216,read,222
measured,probe-memory-buffer,run,788,1095100,0,0,0,3562,1000000,16777216,read,222
measured,probe-memory-buffer,run,789,1095300,0,0,0,3562,1000000,16777216,read,222
measured,probe-memory-buffer,run,790,1095500,0,0,0,3563,1000000,16777216,read,222
measured,probe-memory-buffer,run,791,1095600,0,0,0,3564,1000000,16777216,read,222
measured,probe-memory-buffer,run,792,1095800,0,0,0,3565,1000000,16777216,read,222
measured,probe-memory-buffer,run,793,1096000,0,0,0,3566,1000000,16777216,read,222
measured,probe-memory-buffer,run,794,1096200,0,0,0,3566,1000000,16777216,read,222
measured,probe-memory-buffer,run,795,1096400,0,0,0,3567,1000000,16777216,read,222
measured,probe-memory-buffer,run,796,1096600,0,0,0,3568,1000000,16777216,read,223
measured,probe-memory-buffer,run,797,1096800,0,0,0,3569,1000000,16777216,read,223
measured,probe-memory-buffer,run,798,1097000,0,0,0,3569,1000000,16777216,read,223
measured,probe-memory-buffer,run,799,1097200,0,0,0,3570,1000000,16777216,read,223
measured,probe-memory-buffer,run,800,1097400,0,0,0,3571,1000000,16777216,read,223
measured,probe-memory-buffer,run,801,1097600,0,0,0,3572,1000000,16777216,read,223
measured,probe-memory-buffer,run,802,1097800,0,0,0,3573,1000000,16777216,read,223
measured,probe-memory-buffer,run,803,1098000,0,0,0,3573,1000000,16777216,read,223
measured,probe-memory-buffer,run,804,1098200,0,0,0,3574,1000000,16777216,read,223
measured,probe-memory-buffer,run,805,1098400,0,0,0,3575,1000000,16777216,read,223
measured,probe-memory-buffer,run,806,1098600,0,0,0,3576,1000000,16777216,read,223
measured,probe-memory-buffer,run,807,1098800,0,0,0,3576,1000000,16777216,read,223
measured,probe-memory-buffer,run,808,1099000,0,0,0,3577,1000000,16777216,read,223
measured,probe-memory-buffer,run,809,1099200,0,0,0,3578,1000000,16777216,read,223
measured,probe-memory-buffer,run,810,1099400,0,0,0,3578,1000000,16777216,read,223
measured,probe-memory-buffer,run,811,1099600,0,0,0,3579,1000000,16777216,read,223
measured,probe-memory-buffer,run,812,1099800,0,0,0,3580,1000000,16777216,read,223
measured,probe-memory-buffer,run,813,1100000,0,0,0,3581,1000000,16777216,read,223
measured,probe-memory-buffer,run,814,1100100,0,0,0,3582,1000000,16777216,read,223
measured,probe-memory-buffer,run,815,1100300,0,0,0,3582,1000000,16777216,read,223
measured,probe-memory-buffer,run,816,1100500,0,0,0,3583,1000000,16777216,read,223
measured,probe-memory-buffer,run,817,1101600,0,0,0,3587,1000000,16777216,read,224
measured,probe-memory-buffer,run,818,1102300,0,0,0,3590,1000000,16777216,read,224
measured,probe-memory-buffer,run,819,1102500,0,0,0,3591,1000000,16777216,read,224
measured,probe-memory-buffer,run,820,1102700,0,0,0,3591,1000000,16777216,read,224
measured,probe-memory-buffer,run,821,1102900,0,0,0,3592,1000000,16777216,read,224
measured,probe-memory-buffer,run,822,1104700,0,0,0,3600,1000000,16777216,read,225
measured,probe-memory-buffer,run,823,1104900,0,0,0,3600,1000000,16777216,read,225
measured,probe-memory-buffer,run,824,1105100,0,0,0,3601,1000000,16777216,read,225
measured,probe-memory-buffer,run,825,1105300,0,0,0,3602,1000000,16777216,read,225
measured,probe-memory-buffer,run,826,1105500,0,0,0,3603,1000000,16777216,read,225
measured,probe-memory-buffer,run,827,1105700,0,0,0,3603,1000000,16777216,read,225
measured,probe-memory-buffer,run,828,1105900,0,0,0,3604,1000000,16777216,read,225
measured,probe-memory-buffer,run,829,1106100,0,0,0,3605,1000000,16777216,read,225
measured,probe-memory-buffer,run,830,1106300,0,0,0,3606,1000000,16777216,read,225
measured,probe-memory-buffer,run,831,1106500,0,0,0,3607,1000000,16777216,read,225
measured,probe-memory-buffer,run,832,1108700,0,0,0,3615,1000000,16777216,read,225
measured,probe-memory-buffer,run,833,1108900,0,0,0,3616,1000000,16777216,read,226
measured,probe-memory-buffer,run,834,1109100,0,0,0,3616,1000000,16777216,read,226
measured,probe-memory-buffer,run,835,1109300,0,0,0,3617,1000000,16777216,read,226
measured,probe-memory-buffer,run,836,1109500,0,0,0,3618,1000000,16777216,read,226
measured,probe-memory-buffer,run,837,1109700,0,0,0,3619,1000000,16777216,read,226
measured,probe-memory-buffer,run,838,1109800,0,0,0,3619,1000000,16777216,read,226
measured,probe-memory-buffer,run,839,1110000,0,0,0,3620,1000000,16777216,read,226
measured,probe-memory-buffer,run,840,1110200,0,0,0,3621,1000000,16777216,read,226
measured,probe-memory-buffer,run,841,1110400,0,0,0,3622,1000000,16777216,read,226
measured,probe-memory-buffer,run,842,1110600,0,0,0,3623,1000000,16777216,read,226
measured,probe-memory-buffer,run,843,1110800,0,0,0,3623,1000000,16777216,read,226
measured,probe-memory-buffer,run,844,1111000,0,0,0,3624,1000000,16777216,read,226
measured,probe-memory-buffer,run,845,1111200,0,0,0,3625,1000000,16777216,read,226
measured,probe-memory-buffer,run,846,1111400,0,0,0,3626,1000000,16777216,read,226
measured,probe-memory-buffer,run,847,1111600,0,0,0,3626,1000000,16777216,read,226
measured,probe-memory-buffer,run,848,1111800,0,0,0,3627,1000000,16777216,read,226
measured,probe-memory-buffer,run,849,1112000,0,0,0,3628,1000000,16777216,read,226
measured,probe-memory-buffer,run,850,1112200,0,0,0,3629,1000000,16777216,read,226
measured,probe-memory-buffer,run,851,1112400,0,0,0,3629,1000000,16777216,read,226
measured,probe-memory-buffer,run,852,1112600,0,0,0,3630,1000000,16777216,read,226
measured,probe-memory-buffer,run,853,1112800,0,0,0,3631,1000000,16777216,read,226
measured,probe-memory-buffer,run,854,1113000,0,0,0,3632,1000000,16777216,read,227
measured,probe-memory-buffer,run,855,1113200,0,0,0,3632,1000000,16777216,read,227
measured,probe-memory-buffer,run,856,1113300,0,0,0,3633,1000000,16777216,read,227
measured,probe-memory-buffer,run,857,1113500,0,0,0,3634,1000000,16777216,read,227
measured,probe-memory-buffer,run,858,1113700,0,0,0,3635,1000000,16777216,read,227
measured,probe-memory-buffer,run,859,1113900,0,0,0,3635,1000000,16777216,read,227
measured,probe-memory-buffer,run,860,1114100,0,0,0,3636,1000000,16777216,read,227
measured,probe-memory-buffer,run,861,1114300,0,0,0,3637,1000000,16777216,read,227
measured,probe-memory-buffer,run,862,1114500,0,0,0,3638,1000000,16777216,read,227
measured,probe-memory-buffer,run,863,1114700,0,0,0,3639,1000000,16777216,read,227
measured,probe-memory-buffer,run,864,1114900,0,0,0,3639,1000000,16777216,read,227
measured,probe-memory-buffer,run,865,1115100,0,0,0,3640,1000000,16777216,read,227
measured,probe-memory-buffer,run,866,1115300,0,0,0,3641,1000000,16777216,read,227
measured,probe-memory-buffer,run,867,1115500,0,0,0,3642,1000000,16777216,read,227
measured,probe-memory-buffer,run,868,1115700,0,0,0,3642,1000000,16777216,read,227
measured,probe-memory-buffer,run,869,1115900,0,0,0,3643,1000000,16777216,read,227
measured,probe-memory-buffer,run,870,1116100,0,0,0,3644,1000000,16777216,read,227
measured,probe-memory-buffer,run,871,1116300,0,0,0,3644,1000000,16777216,read,227
measured,probe-memory-buffer,run,872,1116500,0,0,0,3645,1000000,16777216,read,227
measured,probe-memory-buffer,run,873,1116700,0,0,0,3646,1000000,16777216,read,227
measured,probe-memory-buffer,run,874,1116800,0,0,0,3647,1000000,16777216,read,227
measured,probe-memory-buffer,run,875,1117000,0,0,0,3648,1000000,16777216,read,228
measured,probe-memory-buffer,run,876,1117200,0,0,0,3648,1000000,16777216,read,228
measured,probe-memory-buffer,run,877,1117400,0,0,0,3649,1000000,16777216,read,228
measured,probe-memory-buffer,run,878,1117600,0,0,0,3650,1000000,16777216,read,228
measured,probe-memory-buffer,run,879,1119500,0,0,0,3657,1000000,16777216,read,228
measured,probe-memory-buffer,run,880,1119700,0,0,0,3658,1000000,16777216,read,228
measured,probe-memory-buffer,run,881,1119900,0,0,0,3659,1000000,16777216,read,228
measured,probe-memory-buffer,run,882,1120100,0,0,0,3660,1000000,16777216,read,228
measured,probe-memory-buffer,run,883,1120300,0,0,0,3660,1000000,16777216,read,228
measured,probe-memory-buffer,run,884,1120500,0,0,0,3661,1000000,16777216,read,228
measured,probe-memory-buffer,run,885,1120700,0,0,0,3662,1000000,16777216,read,228
measured,probe-memory-buffer,run,886,1120900,0,0,0,3662,1000000,16777216,read,228
measured,probe-memory-buffer,run,887,1121100,0,0,0,3663,1000000,16777216,read,228
measured,probe-memory-buffer,run,888,1121300,0,0,0,3664,1000000,16777216,read,229
measured,probe-memory-buffer,run,889,1121500,0,0,0,3665,1000000,16777216,read,229
measured,probe-memory-buffer,run,890,1121700,0,0,0,3666,1000000,16777216,read,229
measured,probe-memory-buffer,run,891,1121900,0,0,0,3666,1000000,16777216,read,229
measured,probe-memory-buffer,run,892,1122100,0,0,0,3667,1000000,16777216,read,229
measured,probe-memory-buffer,run,893,1122200,0,0,0,3668,1000000,16777216,read,229
measured,probe-memory-buffer,run,894,1122400,0,0,0,3669,1000000,16777216,read,229
measured,probe-memory-buffer,run,895,1122600,0,0,0,3669,1000000,16777216,read,229
measured,probe-memory-buffer,run,896,1122800,0,0,0,3670,1000000,16777216,read,229
measured,probe-memory-buffer,run,897,1123000,0,0,0,3671,1000000,16777216,read,229
measured,probe-memory-buffer,run,898,1123200,0,0,0,3672,1000000,16777216,read,229
measured,probe-memory-buffer,run,899,1123400,0,0,0,3673,1000000,16777216,read,229
measured,probe-memory-buffer,run,900,1123600,0,0,0,3673,1000000,16777216,read,229
measured,probe-memory-buffer,run,901,1123800,0,0,0,3674,1000000,16777216,read,229
measured,probe-memory-buffer,run,902,1124000,0,0,0,3675,1000000,16777216,read,229
measured,probe-memory-buffer,run,903,1124200,0,0,0,3676,1000000,16777216,read,229
measured,probe-memory-buffer,run,904,1124400,0,0,0,3676,1000000,16777216,read,229
measured,probe-memory-buffer,run,905,1124600,0,0,0,3677,1000000,16777216,read,229
measured,probe-memory-buffer,run,906,1124800,0,0,0,3678,1000000,16777216,read,229
measured,probe-memory-buffer,run,907,1125000,0,0,0,3678,1000000,16777216,read,229
measured,probe-memory-buffer,run,908,1125200,0,0,0,3679,1000000,16777216,read,229
measured,probe-memory-buffer,run,909,1125300,0,0,0,3680,1000000,16777216,read,230
measured,probe-memory-buffer,run,910,1125500,0,0,0,3681,1000000,16777216,read,230
measured,probe-memory-buffer,run,911,1125700,0,0,0,3682,1000000,16777216,read,230
measured,probe-memory-buffer,run,912,1125900,0,0,0,3682,1000000,16777216,read,230
measured,probe-memory-buffer,run,913,1126100,0,0,0,3683,1000000,16777216,read,230
measured,probe-memory-buffer,run,914,1126300,0,0,0,3684,1000000,16777216,read,230
measured,probe-memory-buffer,run,915,1126500,0,0,0,3685,1000000,16777216,read,230
measured,probe-memory-buffer,run,916,1126700,0,0,0,3685,1000000,16777216,read,230
measured,probe-memory-buffer,run,917,1126900,0,0,0,3686,1000000,16777216,read,230
measured,probe-memory-buffer,run,918,1127100,0,0,0,3687,1000000,16777216,read,230
measured,probe-memory-buffer,run,919,1127300,0,0,0,3688,1000000,16777216,read,230
measured,probe-memory-buffer,run,920,1127500,0,0,0,3689,1000000,16777216,read,230
measured,probe-memory-buffer,run,921,1127700,0,0,0,3689,1000000,16777216,read,230
measured,probe-memory-buffer,run,922,1127900,0,0,0,3690,1000000,16777216,read,230
measured,probe-memory-buffer,run,923,1128100,0,0,0,3691,1000000,16777216,read,230
measured,probe-memory-buffer,run,924,1128300,0,0,0,3691,1000000,16777216,read,230
measured,probe-memory-buffer,run,925,1128500,0,0,0,3692,1000000,16777216,read,230
measured,probe-memory-buffer,run,926,1128700,0,0,0,3693,1000000,16777216,read,230
measured,probe-memory-buffer,run,927,1128800,0,0,0,3694,1000000,16777216,read,230
measured,probe-memory-buffer,run,928,1129000,0,0,0,3694,1000000,16777216,read,230
measured,probe-memory-buffer,run,929,1129200,0,0,0,3695,1000000,16777216,read,230
measured,probe-memory-buffer,run,930,1129400,0,0,0,3696,1000000,16777216,read,231
measured,probe-memory-buffer,run,931,1129600,0,0,0,3697,1000000,16777216,read,231
measured,probe-memory-buffer,run,932,1129800,0,0,0,3698,1000000,16777216,read,231
measured,probe-memory-buffer,run,933,1130000,0,0,0,3698,1000000,16777216,read,231
measured,probe-memory-buffer,run,934,1130200,0,0,0,3699,1000000,16777216,read,231
measured,probe-memory-buffer,run,935,1130400,0,0,0,3700,1000000,16777216,read,231
measured,probe-memory-buffer,run,936,1131500,0,0,0,3704,1000000,16777216,read,231
measured,probe-memory-buffer,run,937,1131700,0,0,0,3705,1000000,16777216,read,231
measured,probe-memory-buffer,run,938,1131900,0,0,0,3706,1000000,16777216,read,231
measured,probe-memory-buffer,run,939,1132100,0,0,0,3707,1000000,16777216,read,231
measured,probe-memory-buffer,run,940,1132300,0,0,0,3707,1000000,16777216,read,231
measured,probe-memory-buffer,run,941,1132500,0,0,0,3708,1000000,16777216,read,231
measured,probe-memory-buffer,run,942,1132700,0,0,0,3709,1000000,16777216,read,231
measured,probe-memory-buffer,run,943,1132900,0,0,0,3710,1000000,16777216,read,231
measured,probe-memory-buffer,run,944,1133100,0,0,0,3710,1000000,16777216,read,231
measured,probe-memory-buffer,run,945,1133300,0,0,0,3711,1000000,16777216,read,231
measured,probe-memory-buffer,run,946,1133500,0,0,0,3712,1000000,16777216,read,232
measured,probe-memory-buffer,run,947,1133800,0,0,0,3713,1000000,16777216,read,232
measured,probe-memory-buffer,run,948,1134000,0,0,0,3714,1000000,16777216,read,232
measured,probe-memory-buffer,run,949,1134200,0,0,0,3714,1000000,16777216,read,232
measured,probe-memory-buffer,run,950,1134400,0,0,0,3715,1000000,16777216,read,232
measured,probe-memory-buffer,run,951,1134600,0,0,0,3716,1000000,16777216,read,232
measured,probe-memory-buffer,run,952,1134800,0,0,0,3717,1000000,16777216,read,232
measured,probe-memory-buffer,run,953,1135000,0,0,0,3717,1000000,16777216,read,232
measured,probe-memory-buffer,run,954,1135200,0,0,0,3718,1000000,16777216,read,232
measured,probe-memory-buffer,run,955,1135400,0,0,0,3719,1000000,16777216,read,232
measured,probe-memory-buffer,run,956,1135600,0,0,0,3720,1000000,16777216,read,232
measured,probe-memory-buffer,run,957,1135800,0,0,0,3721,1000000,16777216,read,232
measured,probe-memory-buffer,run,958,1136000,0,0,0,3721,1000000,16777216,read,232
measured,probe-memory-buffer,run,959,1136200,0,0,0,3722,1000000,16777216,read,232
measured,probe-memory-buffer,run,960,1136400,0,0,0,3723,1000000,16777216,read,232
measured,probe-memory-buffer,run,961,1136600,0,0,0,3724,1000000,16777216,read,232
measured,probe-memory-buffer,run,962,1136800,0,0,0,3725,1000000,16777216,read,232
measured,probe-memory-buffer,run,963,1137000,0,0,0,3726,1000000,16777216,read,232
measured,probe-memory-buffer,run,964,1137200,0,0,0,3726,1000000,16777216,read,232
measured,probe-memory-buffer,run,965,1137400,0,0,0,3727,1000000,16777216,read,232
measured,probe-memory-buffer,run,966,1137600,0,0,0,3728,1000000,16777216,read,233
measured,probe-memory-buffer,run,967,1137800,0,0,0,3729,1000000,16777216,read,233
measured,probe-memory-buffer,run,968,1138000,0,0,0,3730,1000000,16777216,read,233
measured,probe-memory-buffer,run,969,1138200,0,0,0,3730,1000000,16777216,read,233
measured,probe-memory-buffer,run,970,1138400,0,0,0,3731,1000000,16777216,read,233
measured,probe-memory-buffer,run,971,1138600,0,0,0,3732,1000000,16777216,read,233
measured,probe-memory-buffer,run,972,1138800,0,0,0,3733,1000000,16777216,read,233
measured,probe-memory-buffer,run,973,1139000,0,0,0,3733,1000000,16777216,read,233
measured,probe-memory-buffer,run,974,1139200,0,0,0,3734,1000000,16777216,read,233
measured,probe-memory-buffer,run,975,1139400,0,0,0,3735,1000000,16777216,read,233
measured,probe-memory-buffer,run,976,1139600,0,0,0,3736,1000000,16777216,read,233
measured,probe-memory-buffer,run,977,1139800,0,0,0,3737,1000000,16777216,read,233
measured,probe-memory-buffer,run,978,1140000,0,0,0,3737,1000000,16777216,read,233
measured,probe-memory-buffer,run,979,1140200,0,0,0,3738,1000000,16777216,read,233
measured,probe-memory-buffer,run,980,1140400,0,0,0,3739,1000000,16777216,read,233
measured,probe-memory-buffer,run,981,1140600,0,0,0,3740,1000000,16777216,read,233
measured,probe-memory-buffer,run,982,1140800,0,0,0,3741,1000000,16777216,read,233
measured,probe-memory-buffer,run,983,1141000,0,0,0,3741,1000000,16777216,read,233
measured,probe-memory-buffer,run,984,1141200,0,0,0,3742,1000000,16777216,read,233
measured,probe-memory-buffer,run,985,1141400,0,0,0,3743,1000000,16777216,read,233
measured,probe-memory-buffer,run,986,1141600,0,0,0,3744,1000000,16777216,read,234
measured,probe-memory-buffer,run,987,1141900,0,0,0,3744,1000000,16777216,read,234
measured,probe-memory-buffer,run,988,1142100,0,0,0,3745,1000000,16777216,read,234
measured,probe-memory-buffer,run,989,1142300,0,0,0,3746,1000000,16777216,read,234
measured,probe-memory-buffer,run,990,1142500,0,0,0,3747,1000000,16777216,read,234
measured,probe-memory-buffer,run,991,1142700,0,0,0,3748,1000000,16777216,read,234
measured,probe-memory-buffer,run,992,1142900,0,0,0,3748,1000000,16777216,read,234
measured,probe-memory-buffer,run,993,1144000,0,0,0,3753,1000000,16777216,read,234
measured,probe-memory-buffer,run,994,1144200,0,0,0,3754,1000000,16777216,read,234
measured,probe-memory-buffer,run,995,1144400,0,0,0,3755,1000000,16777216,read,234
measured,probe-memory-buffer,run,996,1144600,0,0,0,3755,1000000,16777216,read,234
measured,probe-memory-buffer,run,997,1144800,0,0,0,3756,1000000,16777216,read,234
measured,probe-memory-buffer,run,998,1145000,0,0,0,3757,1000000,16777216,read,234
measured,probe-memory-buffer,run,999,1145200,0,0,0,3758,1000000,16777216,read,234
measured,probe-memory-buffer,run,1000,1145400,0,0,0,3758,1000000,16777216,read,234
measured,probe-memory-buffer,run,1001,1145600,0,0,0,3759,1000000,16777216,read,234
measured,probe-memory-buffer,run,1002,1145800,0,0,0,3760,1000000,16777216,read,235
measured,probe-memory-buffer,run,1003,1146000,0,0,0,3761,1000000,16777216,read,235
measured,probe-memory-buffer,run,1004,1146200,0,0,0,3761,1000000,16777216,read,235
measured,probe-memory-buffer,run,1005,1146400,0,0,0,3762,1000000,16777216,read,235
measured,probe-memory-buffer,run,1006,1146600,0,0,0,3763,1000000,16777216,read,235
measured,probe-memory-buffer,run,1007,1146800,0,0,0,3764,1000000,16777216,read,235
measured,probe-memory-buffer,run,1008,1147000,0,0,0,3764,1000000,16777216,read,235
measured,probe-memory-buffer,run,1009,1147100,0,0,0,3765,1000000,16777216,read,235
measured,probe-memory-buffer,run,1010,1147300,0,0,0,3766,1000000,16777216,read,235
measured,probe-memory-buffer,run,1011,1147500,0,0,0,3767,1000000,16777216,read,235
measured,probe-memory-buffer,run,1012,1147700,0,0,0,3767,1000000,16777216,read,235
measured,probe-memory-buffer,run,1013,1147900,0,0,0,3768,1000000,16777216,read,235
measured,probe-memory-buffer,run,1014,1148100,0,0,0,3769,1000000,16777216,read,235
measured,probe-memory-buffer,run,1015,1148300,0,0,0,3770,1000000,16777216,read,235
measured,probe-memory-buffer,run,1016,1148500,0,0,0,3771,1000000,16777216,read,235
measured,probe-memory-buffer,run,1017,1148700,0,0,0,3771,1000000,16777216,read,235
measured,probe-memory-buffer,run,1018,1148900,0,0,0,3772,1000000,16777216,read,235
measured,probe-memory-buffer,run,1019,1149100,0,0,0,3773,1000000,16777216,read,235
measured,probe-memory-buffer,run,1020,1149300,0,0,0,3773,1000000,16777216,read,235
measured,probe-memory-buffer,run,1021,1149500,0,0,0,3774,1000000,16777216,read,235
measured,probe-memory-buffer,run,1022,1149700,0,0,0,3775,1000000,16777216,read,235
measured,probe-memory-buffer,run,1023,1149900,0,0,0,3776,1000000,16777216,read,236
measured,probe-memory-buffer,run,1024,1150000,0,0,0,3776,1000000,16777216,read,236
measured,probe-memory-buffer,run,1025,1150200,0,0,0,3777,1000000,16777216,read,236
measured,probe-memory-buffer,run,1026,1150400,0,0,0,3778,1000000,16777216,read,236
measured,probe-memory-buffer,run,1027,1150600,0,0,0,3779,1000000,16777216,read,236
measured,probe-memory-buffer,run,1028,1150800,0,0,0,3780,1000000,16777216,read,236
measured,probe-memory-buffer,run,1029,1151000,0,0,0,3780,1000000,16777216,read,236
measured,probe-memory-buffer,run,1030,1151200,0,0,0,3781,1000000,16777216,read,236
measured,probe-memory-buffer,run,1031,1151400,0,0,0,3782,1000000,16777216,read,236
measured,probe-memory-buffer,run,1032,1151600,0,0,0,3783,1000000,16777216,read,236
measured,probe-memory-buffer,run,1033,1151800,0,0,0,3783,1000000,16777216,read,236
measured,probe-memory-buffer,run,1034,1152000,0,0,0,3784,1000000,16777216,read,236
measured,probe-memory-buffer,run,1035,1152200,0,0,0,3785,1000000,16777216,read,236
measured,probe-memory-buffer,run,1036,1152400,0,0,0,3786,1000000,16777216,read,236
measured,probe-memory-buffer,run,1037,1152600,0,0,0,3787,1000000,16777216,read,236
measured,probe-memory-buffer,run,1038,1152800,0,0,0,3787,1000000,16777216,read,236
measured,probe-memory-buffer,run,1039,1153000,0,0,0,3788,1000000,16777216,read,236
measured,probe-memory-buffer,run,1040,1153200,0,0,0,3789,1000000,16777216,read,236
measured,probe-memory-buffer,run,1041,1153400,0,0,0,3789,1000000,16777216,read,236
measured,probe-memory-buffer,run,1042,1153500,0,0,0,3790,1000000,16777216,read,236
measured,probe-memory-buffer,run,1043,1153700,0,0,0,3791,1000000,16777216,read,236
measured,probe-memory-buffer,run,1044,1153900,0,0,0,3792,1000000,16777216,read,237
measured,probe-memory-buffer,run,1045,1154100,0,0,0,3792,1000000,16777216,read,237
measured,probe-memory-buffer,run,1046,1154300,0,0,0,3793,1000000,16777216,read,237
measured,probe-memory-buffer,run,1047,1154500,0,0,0,3794,1000000,16777216,read,237
measured,probe-memory-buffer,run,1048,1154700,0,0,0,3795,1000000,16777216,read,237
measured,probe-memory-buffer,run,1049,1154900,0,0,0,3796,1000000,16777216,read,237
measured,probe-memory-buffer,run,1050,1156100,0,0,0,3800,1000000,16777216,read,237
measured,probe-memory-buffer,run,1051,1156300,0,0,0,3801,1000000,16777216,read,237
measured,probe-memory-buffer,run,1052,1156500,0,0,0,3801,1000000,16777216,read,237
measured,probe-memory-buffer,run,1053,1156700,0,0,0,3802,1000000,16777216,read,237
measured,probe-memory-buffer,run,1054,1156900,0,0,0,3803,1000000,16777216,read,237
measured,probe-memory-buffer,run,1055,1157100,0,0,0,3804,1000000,16777216,read,237
measured,probe-memory-buffer,run,1056,1157300,0,0,0,3805,1000000,16777216,read,237
measured,probe-memory-buffer,run,1057,1157500,0,0,0,3805,1000000,16777216,read,237
measured,probe-memory-buffer,run,1058,1157700,0,0,0,3806,1000000,16777216,read,237
measured,probe-memory-buffer,run,1059,1157800,0,0,0,3807,1000000,16777216,read,237
measured,probe-memory-buffer,run,1060,1158000,0,0,0,3808,1000000,16777216,read,238
measured,probe-memory-buffer,run,1061,1158200,0,0,0,3808,1000000,16777216,read,238
measured,probe-memory-buffer,run,1062,1158400,0,0,0,3809,1000000,16777216,read,238
measured,probe-memory-buffer,run,1063,1158600,0,0,0,3810,1000000,16777216,read,238
measured,probe-memory-buffer,run,1064,1158800,0,0,0,3811,1000000,16777216,read,238
measured,probe-memory-buffer,run,1065,1159000,0,0,0,3812,1000000,16777216,read,238
measured,probe-memory-buffer,run,1066,1159200,0,0,0,3812,1000000,16777216,read,238
measured,probe-memory-buffer,run,1067,1159400,0,0,0,3813,1000000,16777216,read,238
measured,probe-memory-buffer,run,1068,1159600,0,0,0,3814,1000000,16777216,read,238
measured,probe-memory-buffer,run,1069,1159800,0,0,0,3815,1000000,16777216,read,238
measured,probe-memory-buffer,run,1070,1160000,0,0,0,3816,1000000,16777216,read,238
measured,probe-memory-buffer,run,1071,1160200,0,0,0,3816,1000000,16777216,read,238
measured,probe-memory-buffer,run,1072,1160400,0,0,0,3817,1000000,16777216,read,238
measured,probe-memory-buffer,run,1073,1160600,0,0,0,3817,1000000,16777216,read,238
measured,probe-memory-buffer,run,1074,1160800,0,0,0,3818,1000000,16777216,read,238
measured,probe-memory-buffer,run,1075,1161000,0,0,0,3819,1000000,16777216,read,238
measured,probe-memory-buffer,run,1076,1161200,0,0,0,3820,1000000,16777216,read,238
measured,probe-memory-buffer,run,1077,1161400,0,0,0,3821,1000000,16777216,read,238
measured,probe-memory-buffer,run,1078,1161600,0,0,0,3821,1000000,16777216,read,238
measured,probe-memory-buffer,run,1079,1161700,0,0,0,3822,1000000,16777216,read,238
measured,probe-memory-buffer,run,1080,1161900,0,0,0,3823,1000000,16777216,read,238
measured,probe-memory-buffer,run,1081,1162100,0,0,0,3824,1000000,16777216,read,239
measured,probe-memory-buffer,run,1082,1162300,0,0,0,3825,1000000,16777216,read,239
measured,probe-memory-buffer,run,1083,1162500,0,0,0,3825,1000000,16777216,read,239
measured,probe-memory-buffer,run,1084,1162700,0,0,0,3826,1000000,16777216,read,239
measured,probe-memory-buffer,run,1085,1162900,0,0,0,3827,1000000,16777216,read,239
measured,probe-memory-buffer,run,1086,1163100,0,0,0,3828,1000000,16777216,read,239
measured,probe-memory-buffer,run,1087,1163300,0,0,0,3828,1000000,16777216,read,239
measured,probe-memory-buffer,run,1088,1163500,0,0,0,3829,1000000,16777216,read,239
measured,probe-memory-buffer,run,1089,1163700,0,0,0,3830,1000000,16777216,read,239
measured,probe-memory-buffer,run,1090,1163900,0,0,0,3831,1000000,16777216,read,239
measured,probe-memory-buffer,run,1091,1164100,0,0,0,3832,1000000,16777216,read,239
measured,probe-memory-buffer,run,1092,1164300,0,0,0,3832,1000000,16777216,read,239
measured,probe-memory-buffer,run,1093,1164500,0,0,0,3833,1000000,16777216,read,239
measured,probe-memory-buffer,run,1094,1164700,0,0,0,3834,1000000,16777216,read,239
measured,probe-memory-buffer,run,1095,1164900,0,0,0,3835,1000000,16777216,read,239
measured,probe-memory-buffer,run,1096,1165100,0,0,0,3835,1000000,16777216,read,239
measured,probe-memory-buffer,run,1097,1165300,0,0,0,3836,1000000,16777216,read,239
measured,probe-memory-buffer,run,1098,1165500,0,0,0,3837,1000000,16777216,read,239
measured,probe-memory-buffer,run,1099,1165700,0,0,0,3837,1000000,16777216,read,239
measured,probe-memory-buffer,run,1100,1165900,0,0,0,3838,1000000,16777216,read,239
measured,probe-memory-buffer,run,1101,1166100,0,0,0,3839,1000000,16777216,read,239
measured,probe-memory-buffer,run,1102,1166300,0,0,0,3840,1000000,16777216,read,240
measured,probe-memory-buffer,run,1103,1166500,0,0,0,3841,1000000,16777216,read,240
measured,probe-memory-buffer,run,1104,1166600,0,0,0,3841,1000000,16777216,read,240
measured,probe-memory-buffer,run,1105,1166800,0,0,0,3842,1000000,16777216,read,240
measured,probe-memory-buffer,run,1106,1167000,0,0,0,3843,1000000,16777216,read,240
measured,probe-memory-buffer,run,1107,1168200,0,0,0,3848,1000000,16777216,read,240
measured,probe-memory-buffer,run,1108,1168400,0,0,0,3848,1000000,16777216,read,240
measured,probe-memory-buffer,run,1109,1168600,0,0,0,3849,1000000,16777216,read,240
measured,probe-memory-buffer,run,1110,1168800,0,0,0,3850,1000000,16777216,read,240
measured,probe-memory-buffer,run,1111,1169000,0,0,0,3851,1000000,16777216,read,240
measured,probe-memory-buffer,run,1112,1169200,0,0,0,3851,1000000,16777216,read,240
measured,probe-memory-buffer,run,1113,1169400,0,0,0,3852,1000000,16777216,read,240
measured,probe-memory-buffer,run,1114,1169600,0,0,0,3853,1000000,16777216,read,240
measured,probe-memory-buffer,run,1115,1169800,0,0,0,3854,1000000,16777216,read,240
measured,probe-memory-buffer,run,1116,1170000,0,0,0,3855,1000000,16777216,read,240
measured,probe-memory-buffer,run,1117,1170200,0,0,0,3855,1000000,16777216,read,240
measured,probe-memory-buffer,run,1118,1170400,0,0,0,3856,1000000,16777216,read,241
measured,probe-memory-buffer,run,1119,1170600,0,0,0,3857,1000000,16777216,read,241
measured,probe-memory-buffer,run,1120,1170800,0,0,0,3857,1000000,16777216,read,241
measured,probe-memory-buffer,run,1121,1171000,0,0,0,3858,1000000,16777216,read,241
measured,probe-memory-buffer,run,1122,1171200,0,0,0,3859,1000000,16777216,read,241
measured,probe-memory-buffer,run,1123,1171400,0,0,0,3860,1000000,16777216,read,241
measured,probe-memory-buffer,run,1124,1171600,0,0,0,3860,1000000,16777216,read,241
measured,probe-memory-buffer,run,1125,1171700,0,0,0,3861,1000000,16777216,read,241
measured,probe-memory-buffer,run,1126,1171900,0,0,0,3862,1000000,16777216,read,241
measured,probe-memory-buffer,run,1127,1172100,0,0,0,3863,1000000,16777216,read,241
measured,probe-memory-buffer,run,1128,1172300,0,0,0,3864,1000000,16777216,read,241
measured,probe-memory-buffer,run,1129,1172500,0,0,0,3864,1000000,16777216,read,241
measured,probe-memory-buffer,run,1130,1172700,0,0,0,3865,1000000,16777216,read,241
measured,probe-memory-buffer,run,1131,1172900,0,0,0,3866,1000000,16777216,read,241
measured,probe-memory-buffer,run,1132,1173100,0,0,0,3867,1000000,16777216,read,241
measured,probe-memory-buffer,run,1133,1173300,0,0,0,3867,1000000,16777216,read,241
measured,probe-memory-buffer,run,1134,1173500,0,0,0,3868,1000000,16777216,read,241
measured,probe-memory-buffer,run,1135,1173700,0,0,0,3869,1000000,16777216,read,241
measured,probe-memory-buffer,run,1136,1173900,0,0,0,3870,1000000,16777216,read,241
measured,probe-memory-buffer,run,1137,1174100,0,0,0,3871,1000000,16777216,read,241
measured,probe-memory-buffer,run,1138,1174300,0,0,0,3871,1000000,16777216,read,241
measured,probe-memory-buffer,run,1139,1174500,0,0,0,3872,1000000,16777216,read,242
measured,probe-memory-buffer,run,1140,1174700,0,0,0,3873,1000000,16777216,read,242
measured,probe-memory-buffer,run,1141,1174900,0,0,0,3874,1000000,16777216,read,242
measured,probe-memory-buffer,run,1142,1175100,0,0,0,3874,1000000,16777216,read,242
measured,probe-memory-buffer,run,1143,1175300,0,0,0,3875,1000000,16777216,read,242
measured,probe-memory-buffer,run,1144,1175500,0,0,0,3876,1000000,16777216,read,242
measured,probe-memory-buffer,run,1145,1175700,0,0,0,3876,1000000,16777216,read,242
measured,probe-memory-buffer,run,1146,1175900,0,0,0,3877,1000000,16777216,read,242
measured,probe-memory-buffer,run,1147,1176000,0,0,0,3878,1000000,16777216,read,242
measured,probe-memory-buffer,run,1148,1176200,0,0,0,3879,1000000,16777216,read,242
measured,probe-memory-buffer,run,1149,1176400,0,0,0,3880,1000000,16777216,read,242
measured,probe-memory-buffer,run,1150,1176600,0,0,0,3880,1000000,16777216,read,242
measured,probe-memory-buffer,run,1151,1176800,0,0,0,3881,1000000,16777216,read,242
measured,probe-memory-buffer,run,1152,1177000,0,0,0,3882,1000000,16777216,read,242
measured,probe-memory-buffer,run,1153,1177200,0,0,0,3883,1000000,16777216,read,242
measured,probe-memory-buffer,run,1154,1177400,0,0,0,3883,1000000,16777216,read,242
measured,probe-memory-buffer,run,1155,1177600,0,0,0,3884,1000000,16777216,read,242
measured,probe-memory-buffer,run,1156,1177800,0,0,0,3885,1000000,16777216,read,242
measured,probe-memory-buffer,run,1157,1178000,0,0,0,3885,1000000,16777216,read,242
measured,probe-memory-buffer,run,1158,1178200,0,0,0,3886,1000000,16777216,read,242
measured,probe-memory-buffer,run,1159,1178400,0,0,0,3887,1000000,16777216,read,242
measured,probe-memory-buffer,run,1160,1178600,0,0,0,3888,1000000,16777216,read,243
measured,probe-memory-buffer,run,1161,1178800,0,0,0,3889,1000000,16777216,read,243
measured,probe-memory-buffer,run,1162,1178900,0,0,0,3889,1000000,16777216,read,243
measured,probe-memory-buffer,run,1163,1179100,0,0,0,3890,1000000,16777216,read,243
measured,probe-memory-buffer,run,1164,1180400,0,0,0,3895,1000000,16777216,read,243
measured,probe-memory-buffer,run,1165,1180600,0,0,0,3896,1000000,16777216,read,243
measured,probe-memory-buffer,run,1166,1180800,0,0,0,3897,1000000,16777216,read,243
measured,probe-memory-buffer,run,1167,1181000,0,0,0,3898,1000000,16777216,read,243
measured,probe-memory-buffer,run,1168,1181200,0,0,0,3898,1000000,16777216,read,243
measured,probe-memory-buffer,run,1169,1181400,0,0,0,3899,1000000,16777216,read,243
measured,probe-memory-buffer,run,1170,1181600,0,0,0,3900,1000000,16777216,read,243
measured,probe-memory-buffer,run,1171,1181800,0,0,0,3901,1000000,16777216,read,243
measured,probe-memory-buffer,run,1172,1182000,0,0,0,3901,1000000,16777216,read,243
measured,probe-memory-buffer,run,1173,1182200,0,0,0,3902,1000000,16777216,read,243
measured,probe-memory-buffer,run,1174,1182400,0,0,0,3903,1000000,16777216,read,243
measured,probe-memory-buffer,run,1175,1182600,0,0,0,3903,1000000,16777216,read,243
measured,probe-memory-buffer,run,1176,1182800,0,0,0,3904,1000000,16777216,read,244
measured,probe-memory-buffer,run,1177,1183000,0,0,0,3905,1000000,16777216,read,244
measured,probe-memory-buffer,run,1178,1183100,0,0,0,3906,1000000,16777216,read,244
measured,probe-memory-buffer,run,1179,1183300,0,0,0,3907,1000000,16777216,read,244
measured,probe-memory-buffer,run,1180,1183500,0,0,0,3907,1000000,16777216,read,244
measured,probe-memory-buffer,run,1181,1183700,0,0,0,3908,1000000,16777216,read,244
measured,probe-memory-buffer,run,1182,1183900,0,0,0,3909,1000000,16777216,read,244
measured,probe-memory-buffer,run,1183,1184100,0,0,0,3910,1000000,16777216,read,244
measured,probe-memory-buffer,run,1184,1184300,0,0,0,3910,1000000,16777216,read,244
measured,probe-memory-buffer,run,1185,1184500,0,0,0,3911,1000000,16777216,read,244
measured,probe-memory-buffer,run,1186,1184700,0,0,0,3912,1000000,16777216,read,244
measured,probe-memory-buffer,run,1187,1184900,0,0,0,3912,1000000,16777216,read,244
measured,probe-memory-buffer,run,1188,1185100,0,0,0,3914,1000000,16777216,read,244
measured,probe-memory-buffer,run,1189,1185300,0,0,0,3914,1000000,16777216,read,244
measured,probe-memory-buffer,run,1190,1185500,0,0,0,3915,1000000,16777216,read,244
measured,probe-memory-buffer,run,1191,1185600,0,0,0,3916,1000000,16777216,read,244
measured,probe-memory-buffer,run,1192,1185800,0,0,0,3916,1000000,16777216,read,244
measured,probe-memory-buffer,run,1193,1186000,0,0,0,3917,1000000,16777216,read,244
measured,probe-memory-buffer,run,1194,1186200,0,0,0,3918,1000000,16777216,read,244
measured,probe-memory-buffer,run,1195,1186400,0,0,0,3919,1000000,16777216,read,244
measured,probe-memory-buffer,run,1196,1186600,0,0,0,3919,1000000,16777216,read,244
measured,probe-memory-buffer,run,1197,1186800,0,0,0,3920,1000000,16777216,read,245
measured,probe-memory-buffer,run,1198,1187000,0,0,0,3921,1000000,16777216,read,245
measured,probe-memory-buffer,run,1199,1187200,0,0,0,3922,1000000,16777216,read,245
measured,probe-memory-buffer,run,1200,1187400,0,0,0,3923,1000000,16777216,read,245
measured,probe-memory-buffer,run,1201,1187600,0,0,0,3923,1000000,16777216,read,245
measured,probe-memory-buffer,run,1202,1187800,0,0,0,3924,1000000,16777216,read,245
measured,probe-memory-buffer,run,1203,1188000,0,0,0,3925,1000000,16777216,read,245
measured,probe-memory-buffer,run,1204,1188200,0,0,0,3925,1000000,16777216,read,245
measured,probe-memory-buffer,run,1205,1188400,0,0,0,3926,1000000,16777216,read,245
measured,probe-memory-buffer,run,1206,1188600,0,0,0,3927,1000000,16777216,read,245
measured,probe-memory-buffer,run,1207,1188800,0,0,0,3928,1000000,16777216,read,245
measured,probe-memory-buffer,run,1208,1188900,0,0,0,3928,1000000,16777216,read,245
measured,probe-memory-buffer,run,1209,1189100,0,0,0,3929,1000000,16777216,read,245
measured,probe-memory-buffer,run,1210,1189300,0,0,0,3930,1000000,16777216,read,245
measured,probe-memory-buffer,run,1211,1189500,0,0,0,3931,1000000,16777216,read,245
measured,probe-memory-buffer,run,1212,1189700,0,0,0,3932,1000000,16777216,read,245
measured,probe-memory-buffer,run,1213,1189900,0,0,0,3932,1000000,16777216,read,245
measured,probe-memory-buffer,run,1214,1190100,0,0,0,3933,1000000,16777216,read,245
measured,probe-memory-buffer,run,1215,1190300,0,0,0,3934,1000000,16777216,read,245
measured,probe-memory-buffer,run,1216,1190500,0,0,0,3935,1000000,16777216,read,245
measured,probe-memory-buffer,run,1217,1190700,0,0,0,3935,1000000,16777216,read,245
measured,probe-memory-buffer,run,1218,1190900,0,0,0,3936,1000000,16777216,read,246
measured,probe-memory-buffer,run,1219,1191100,0,0,0,3937,1000000,16777216,read,246
measured,probe-memory-buffer,run,1220,1191300,0,0,0,3938,1000000,16777216,read,246
measured,probe-memory-buffer,run,1221,1192300,0,0,0,3942,1000000,16777216,read,246
measured,probe-memory-buffer,run,1222,1192500,0,0,0,3942,1000000,16777216,read,246
measured,probe-memory-buffer,run,1223,1192700,0,0,0,3943,1000000,16777216,read,246
measured,probe-memory-buffer,run,1224,1192900,0,0,0,3944,1000000,16777216,read,246
measured,probe-memory-buffer,run,1225,1193100,0,0,0,3945,1000000,16777216,read,246
measured,probe-memory-buffer,run,1226,1193300,0,0,0,3946,1000000,16777216,read,246
measured,probe-memory-buffer,run,1227,1193500,0,0,0,3946,1000000,16777216,read,246
measured,probe-memory-buffer,run,1228,1193700,0,0,0,3947,1000000,16777216,read,246
measured,probe-memory-buffer,run,1229,1193900,0,0,0,3948,1000000,16777216,read,246
measured,probe-memory-buffer,run,1230,1194100,0,0,0,3948,1000000,16777216,read,246
measured,probe-memory-buffer,run,1231,1194300,0,0,0,3949,1000000,16777216,read,246
measured,probe-memory-buffer,run,1232,1194500,0,0,0,3950,1000000,16777216,read,246
measured,probe-memory-buffer,run,1233,1194700,0,0,0,3951,1000000,16777216,read,246
measured,probe-memory-buffer,run,1234,1194900,0,0,0,3951,1000000,16777216,read,246
measured,probe-memory-buffer,run,1235,1195100,0,0,0,3952,1000000,16777216,read,247
measured,probe-memory-buffer,run,1236,1195200,0,0,0,3953,1000000,16777216,read,247
measured,probe-memory-buffer,run,1237,1195400,0,0,0,3954,1000000,16777216,read,247
measured,probe-memory-buffer,run,1238,1195600,0,0,0,3955,1000000,16777216,read,247
measured,probe-memory-buffer,run,1239,1195800,0,0,0,3955,1000000,16777216,read,247
measured,probe-memory-buffer,run,1240,1196000,0,0,0,3956,1000000,16777216,read,247
measured,probe-memory-buffer,run,1241,1196200,0,0,0,3957,1000000,16777216,read,247
measured,probe-memory-buffer,run,1242,1196400,0,0,0,3958,1000000,16777216,read,247
measured,probe-memory-buffer,run,1243,1196600,0,0,0,3958,1000000,16777216,read,247
measured,probe-memory-buffer,run,1244,1196800,0,0,0,3959,1000000,16777216,read,247
measured,probe-memory-buffer,run,1245,1197000,0,0,0,3960,1000000,16777216,read,247
measured,probe-memory-buffer,run,1246,1197200,0,0,0,3961,1000000,16777216,read,247
measured,probe-memory-buffer,run,1247,1197400,0,0,0,3962,1000000,16777216,read,247
measured,probe-memory-buffer,run,1248,1197600,0,0,0,3962,1000000,16777216,read,247
measured,probe-memory-buffer,run,1249,1197800,0,0,0,3963,1000000,16777216,read,247
measured,probe-memory-buffer,run,1250,1198000,0,0,0,3964,1000000,16777216,read,247
measured,probe-memory-buffer,run,1251,1198200,0,0,0,3964,1000000,16777216,read,247
measured,probe-memory-buffer,run,1252,1198300,0,0,0,3965,1000000,16777216,read,247
measured,probe-memory-buffer,run,1253,1198500,0,0,0,3966,1000000,16777216,read,247
measured,probe-memory-buffer,run,1254,1198700,0,0,0,3967,1000000,16777216,read,247
measured,probe-memory-buffer,run,1255,1198900,0,0,0,3967,1000000,16777216,read,247
measured,probe-memory-buffer,run,1256,1199100,0,0,0,3968,1000000,16777216,read,248
measured,probe-memory-buffer,run,1257,1199300,0,0,0,3969,1000000,16777216,read,248
measured,probe-memory-buffer,run,1258,1199500,0,0,0,3970,1000000,16777216,read,248
measured,probe-memory-buffer,run,1259,1199700,0,0,0,3971,1000000,16777216,read,248
measured,probe-memory-buffer,run,1260,1199900,0,0,0,3971,1000000,16777216,read,248
measured,probe-memory-buffer,run,1261,1200100,0,0,0,3972,1000000,16777216,read,248
measured,probe-memory-buffer,run,1262,1200300,0,0,0,3973,1000000,16777216,read,248
measured,probe-memory-buffer,run,1263,1200500,0,0,0,3974,1000000,16777216,read,248
measured,probe-memory-buffer,run,1264,1200700,0,0,0,3975,1000000,16777216,read,248
measured,probe-memory-buffer,run,1265,1200900,0,0,0,3975,1000000,16777216,read,248
measured,probe-memory-buffer,run,1266,1201100,0,0,0,3976,1000000,16777216,read,248
measured,probe-memory-buffer,run,1267,1201300,0,0,0,3976,1000000,16777216,read,248
measured,probe-memory-buffer,run,1268,1201500,0,0,0,3977,1000000,16777216,read,248
measured,probe-memory-buffer,run,1269,1201600,0,0,0,3978,1000000,16777216,read,248
measured,probe-memory-buffer,run,1270,1201800,0,0,0,3979,1000000,16777216,read,248
measured,probe-memory-buffer,run,1271,1202000,0,0,0,3980,1000000,16777216,read,248
measured,probe-memory-buffer,run,1272,1202200,0,0,0,3980,1000000,16777216,read,248
measured,probe-memory-buffer,run,1273,1202400,0,0,0,3981,1000000,16777216,read,248
measured,probe-memory-buffer,run,1274,1202600,0,0,0,3982,1000000,16777216,read,248
measured,probe-memory-buffer,run,1275,1202800,0,0,0,3983,1000000,16777216,read,248
measured,probe-memory-buffer,run,1276,1203000,0,0,0,3983,1000000,16777216,read,248
measured,probe-memory-buffer,run,1277,1204100,0,0,0,3987,1000000,16777216,read,249
measured,probe-memory-buffer,run,1278,1204300,0,0,0,3988,1000000,16777216,read,249
measured,probe-memory-buffer,run,1279,1204500,0,0,0,3989,1000000,16777216,read,249
measured,probe-memory-buffer,run,1280,1204700,0,0,0,3990,1000000,16777216,read,249
measured,probe-memory-buffer,run,1281,1204900,0,0,0,3991,1000000,16777216,read,249
measured,probe-memory-buffer,run,1282,1205100,0,0,0,3991,1000000,16777216,read,249
measured,probe-memory-buffer,run,1283,1205300,0,0,0,3992,1000000,16777216,read,249
measured,probe-memory-buffer,run,1284,1205400,0,0,0,3993,1000000,16777216,read,249
measured,probe-memory-buffer,run,1285,1205600,0,0,0,3994,1000000,16777216,read,249
measured,probe-memory-buffer,run,1286,1205800,0,0,0,3994,1000000,16777216,read,249
measured,probe-memory-buffer,run,1287,1206000,0,0,0,3995,1000000,16777216,read,249
measured,probe-memory-buffer,run,1288,1206200,0,0,0,3996,1000000,16777216,read,249
measured,probe-memory-buffer,run,1289,1206400,0,0,0,3997,1000000,16777216,read,249
measured,probe-memory-buffer,run,1290,1206600,0,0,0,3998,1000000,16777216,read,249
measured,probe-memory-buffer,run,1291,1206800,0,0,0,3998,1000000,16777216,read,249
measured,probe-memory-buffer,run,1292,1207000,0,0,0,3999,1000000,16777216,read,249
measured,probe-memory-buffer,run,1293,1207200,0,0,0,4000,1000000,16777216,read,250
measured,probe-memory-buffer,run,1294,1207400,0,0,0,4001,1000000,16777216,read,250
measured,probe-memory-buffer,run,1295,1207600,0,0,0,4001,1000000,16777216,read,250
measured,probe-memory-buffer,run,1296,1207800,0,0,0,4002,1000000,16777216,read,250
measured,probe-memory-buffer,run,1297,1208000,0,0,0,4003,1000000,16777216,read,250
measured,probe-memory-buffer,run,1298,1208200,0,0,0,4004,1000000,16777216,read,250
measured,probe-memory-buffer,run,1299,1208400,0,0,0,4005,1000000,16777216,read,250
measured,probe-memory-buffer,run,1300,1208600,0,0,0,4005,1000000,16777216,read,250
measured,probe-memory-buffer,run,1301,1208800,0,0,0,4006,1000000,16777216,read,250
measured,probe-memory-buffer,run,1302,1209000,0,0,0,4007,1000000,16777216,read,250
measured,probe-memory-buffer,run,1303,1209200,0,0,0,4007,1000000,16777216,read,250
measured,probe-memory-buffer,run,1304,1209400,0,0,0,4008,1000000,16777216,read,250
measured,probe-memory-buffer,run,1305,1209500,0,0,0,4009,1000000,16777216,read,250
measured,probe-memory-buffer,run,1306,1209700,0,0,0,4010,1000000,16777216,read,250
measured,probe-memory-buffer,run,1307,1209900,0,0,0,4010,1000000,16777216,read,250
measured,probe-memory-buffer,run,1308,1210100,0,0,0,4011,1000000,16777216,read,250
measured,probe-memory-buffer,run,1309,1210300,0,0,0,4012,1000000,16777216,read,250
measured,probe-memory-buffer,run,1310,1210500,0,0,0,4013,1000000,16777216,read,250
measured,probe-memory-buffer,run,1311,1210700,0,0,0,4014,1000000,16777216,read,250
measured,probe-memory-buffer,run,1312,1210900,0,0,0,4014,1000000,16777216,read,250
measured,probe-memory-buffer,run,1313,1211100,0,0,0,4015,1000000,16777216,read,250
measured,probe-memory-buffer,run,1314,1211300,0,0,0,4016,1000000,16777216,read,251
measured,probe-memory-buffer,run,1315,1211500,0,0,0,4017,1000000,16777216,read,251
measured,probe-memory-buffer,run,1316,1211700,0,0,0,4017,1000000,16777216,read,251
measured,probe-memory-buffer,run,1317,1211900,0,0,0,4018,1000000,16777216,read,251
measured,probe-memory-buffer,run,1318,1212100,0,0,0,4019,1000000,16777216,read,251
measured,probe-memory-buffer,run,1319,1212300,0,0,0,4019,1000000,16777216,read,251
measured,probe-memory-buffer,run,1320,1212500,0,0,0,4020,1000000,16777216,read,251
measured,probe-memory-buffer,run,1321,1212600,0,0,0,4021,1000000,16777216,read,251
measured,probe-memory-buffer,run,1322,1212800,0,0,0,4022,1000000,16777216,read,251
measured,probe-memory-buffer,run,1323,1213000,0,0,0,4023,1000000,16777216,read,251
measured,probe-memory-buffer,run,1324,1213200,0,0,0,4023,1000000,16777216,read,251
measured,probe-memory-buffer,run,1325,1213400,0,0,0,4024,1000000,16777216,read,251
measured,probe-memory-buffer,run,1326,1213600,0,0,0,4025,1000000,16777216,read,251
measured,probe-memory-buffer,run,1327,1213800,0,0,0,4026,1000000,16777216,read,251
measured,probe-memory-buffer,run,1328,1214000,0,0,0,4026,1000000,16777216,read,251
measured,probe-memory-buffer,run,1329,1214200,0,0,0,4027,1000000,16777216,read,251
measured,probe-memory-buffer,run,1330,1214400,0,0,0,4028,1000000,16777216,read,251
measured,probe-memory-buffer,run,1331,1214600,0,0,0,4029,1000000,16777216,read,251
measured,probe-memory-buffer,run,1332,1214800,0,0,0,4030,1000000,16777216,read,251
measured,probe-memory-buffer,run,1333,1215000,0,0,0,4030,1000000,16777216,read,251
measured,probe-memory-buffer,run,1334,1216100,0,0,0,4034,1000000,16777216,read,252
measured,probe-memory-buffer,run,1335,1216300,0,0,0,4035,1000000,16777216,read,252
measured,probe-memory-buffer,run,1336,1216400,0,0,0,4036,1000000,16777216,read,252
measured,probe-memory-buffer,run,1337,1216600,0,0,0,4037,1000000,16777216,read,252
measured,probe-memory-buffer,run,1338,1216800,0,0,0,4037,1000000,16777216,read,252
measured,probe-memory-buffer,run,1339,1217000,0,0,0,4038,1000000,16777216,read,252
measured,probe-memory-buffer,run,1340,1217200,0,0,0,4039,1000000,16777216,read,252
measured,probe-memory-buffer,run,1341,1217400,0,0,0,4040,1000000,16777216,read,252
measured,probe-memory-buffer,run,1342,1217600,0,0,0,4041,1000000,16777216,read,252
measured,probe-memory-buffer,run,1343,1217800,0,0,0,4041,1000000,16777216,read,252
measured,probe-memory-buffer,run,1344,1218000,0,0,0,4042,1000000,16777216,read,252
measured,probe-memory-buffer,run,1345,1218200,0,0,0,4043,1000000,16777216,read,252
measured,probe-memory-buffer,run,1346,1218400,0,0,0,4044,1000000,16777216,read,252
measured,probe-memory-buffer,run,1347,1218600,0,0,0,4044,1000000,16777216,read,252
measured,probe-memory-buffer,run,1348,1218800,0,0,0,4045,1000000,16777216,read,252
measured,probe-memory-buffer,run,1349,1219000,0,0,0,4046,1000000,16777216,read,252
measured,probe-memory-buffer,run,1350,1219200,0,0,0,4046,1000000,16777216,read,252
measured,probe-memory-buffer,run,1351,1219400,0,0,0,4047,1000000,16777216,read,252
measured,probe-memory-buffer,run,1352,1219600,0,0,0,4048,1000000,16777216,read,253
measured,probe-memory-buffer,run,1353,1219800,0,0,0,4049,1000000,16777216,read,253
measured,probe-memory-buffer,run,1354,1219900,0,0,0,4050,1000000,16777216,read,253
measured,probe-memory-buffer,run,1355,1220100,0,0,0,4050,1000000,16777216,read,253
measured,probe-memory-buffer,run,1356,1220300,0,0,0,4051,1000000,16777216,read,253
measured,probe-memory-buffer,run,1357,1220500,0,0,0,4052,1000000,16777216,read,253
measured,probe-memory-buffer,run,1358,1220700,0,0,0,4053,1000000,16777216,read,253
measured,probe-memory-buffer,run,1359,1220900,0,0,0,4053,1000000,16777216,read,253
measured,probe-memory-buffer,run,1360,1221100,0,0,0,4054,1000000,16777216,read,253
measured,probe-memory-buffer,run,1361,1221300,0,0,0,4055,1000000,16777216,read,253
measured,probe-memory-buffer,run,1362,1221500,0,0,0,4056,1000000,16777216,read,253
measured,probe-memory-buffer,run,1363,1221700,0,0,0,4057,1000000,16777216,read,253
measured,probe-memory-buffer,run,1364,1221900,0,0,0,4057,1000000,16777216,read,253
measured,probe-memory-buffer,run,1365,1222100,0,0,0,4058,1000000,16777216,read,253
measured,probe-memory-buffer,run,1366,1222300,0,0,0,4058,1000000,16777216,read,253
measured,probe-memory-buffer,run,1367,1222500,0,0,0,4059,1000000,16777216,read,253
measured,probe-memory-buffer,run,1368,1222700,0,0,0,4060,1000000,16777216,read,253
measured,probe-memory-buffer,run,1369,1222800,0,0,0,4061,1000000,16777216,read,253
measured,probe-memory-buffer,run,1370,1223000,0,0,0,4062,1000000,16777216,read,253
measured,probe-memory-buffer,run,1371,1223200,0,0,0,4062,1000000,16777216,read,253
measured,probe-memory-buffer,run,1372,1223400,0,0,0,4063,1000000,16777216,read,253
measured,probe-memory-buffer,run,1373,1223600,0,0,0,4064,1000000,16777216,read,254
measured,probe-memory-buffer,run,1374,1223800,0,0,0,4065,1000000,16777216,read,254
measured,probe-memory-buffer,run,1375,1224000,0,0,0,4066,1000000,16777216,read,254
measured,probe-memory-buffer,run,1376,1224200,0,0,0,4066,1000000,16777216,read,254
measured,probe-memory-buffer,run,1377,1224400,0,0,0,4067,1000000,16777216,read,254
measured,probe-memory-buffer,run,1378,1224600,0,0,0,4068,1000000,16777216,read,254
measured,probe-memory-buffer,run,1379,1224800,0,0,0,4068,1000000,16777216,read,254
measured,probe-memory-buffer,run,1380,1225000,0,0,0,4069,1000000,16777216,read,254
measured,probe-memory-buffer,run,1381,1225200,0,0,0,4070,1000000,16777216,read,254
measured,probe-memory-buffer,run,1382,1225400,0,0,0,4071,1000000,16777216,read,254
measured,probe-memory-buffer,run,1383,1225600,0,0,0,4071,1000000,16777216,read,254
measured,probe-memory-buffer,run,1384,1225700,0,0,0,4072,1000000,16777216,read,254
measured,probe-memory-buffer,run,1385,1225900,0,0,0,4073,1000000,16777216,read,254
measured,probe-memory-buffer,run,1386,1226100,0,0,0,4074,1000000,16777216,read,254
measured,probe-memory-buffer,run,1387,1226300,0,0,0,4075,1000000,16777216,read,254
measured,probe-memory-buffer,run,1388,1226500,0,0,0,4075,1000000,16777216,read,254
measured,probe-memory-buffer,run,1389,1226700,0,0,0,4076,1000000,16777216,read,254
measured,probe-memory-buffer,run,1390,1226900,0,0,0,4077,1000000,16777216,read,254
measured,probe-memory-buffer,run,1391,1228100,0,0,0,4081,1000000,16777216,read,255
measured,probe-memory-buffer,run,1392,1228300,0,0,0,4082,1000000,16777216,read,255
measured,probe-memory-buffer,run,1393,1228500,0,0,0,4083,1000000,16777216,read,255
measured,probe-memory-buffer,run,1394,1228700,0,0,0,4083,1000000,16777216,read,255
measured,probe-memory-buffer,run,1395,1228800,0,0,0,4084,1000000,16777216,read,255
measured,probe-memory-buffer,run,1396,1229000,0,0,0,4085,1000000,16777216,read,255
measured,probe-memory-buffer,run,1397,1229200,0,0,0,4086,1000000,16777216,read,255
measured,probe-memory-buffer,run,1398,1229400,0,0,0,4087,1000000,16777216,read,255
measured,probe-memory-buffer,run,1399,1229600,0,0,0,4087,1000000,16777216,read,255
measured,probe-memory-buffer,run,1400,1229800,0,0,0,4088,1000000,16777216,read,255
measured,probe-memory-buffer,run,1401,1230000,0,0,0,4089,1000000,16777216,read,255
measured,probe-memory-buffer,run,1402,1230200,0,0,0,4090,1000000,16777216,read,255
measured,probe-memory-buffer,run,1403,1230400,0,0,0,4091,1000000,16777216,read,255
measured,probe-memory-buffer,run,1404,1230600,0,0,0,4091,1000000,16777216,read,255
measured,probe-memory-buffer,run,1405,1230800,0,0,0,4092,1000000,16777216,read,255
measured,probe-memory-buffer,run,1406,1231000,0,0,0,4093,1000000,16777216,read,255
measured,probe-memory-buffer,run,1407,1231200,0,0,0,4094,1000000,16777216,read,255
measured,probe-memory-buffer,run,1408,1231400,0,0,0,4094,1000000,16777216,read,255
measured,probe-memory-buffer,run,1409,1231600,0,0,0,4095,1000000,16777216,read,255
measured,probe-memory-buffer,run,1410,1231800,0,0,0,4096,1000000,16777216,read,256
measured,probe-memory-buffer,run,1411,1232000,0,0,0,4096,1000000,16777216,read,256
measured,probe-memory-buffer,run,1412,1232200,0,0,0,4097,1000000,16777216,read,256
measured,probe-memory-buffer,run,1413,1232400,0,0,0,4098,1000000,16777216,read,256
measured,probe-memory-buffer,run,1414,1232600,0,0,0,4099,1000000,16777216,read,256
measured,probe-memory-buffer,run,1415,1232700,0,0,0,4100,1000000,16777216,read,256
measured,probe-memory-buffer,run,1416,1232900,0,0,0,4100,1000000,16777216,read,256
measured,probe-memory-buffer,run,1417,1233100,0,0,0,4101,1000000,16777216,read,256
measured,probe-memory-buffer,run,1418,1233300,0,0,0,4102,1000000,16777216,read,256
measured,probe-memory-buffer,run,1419,1233500,0,0,0,4103,1000000,16777216,read,256
measured,probe-memory-buffer,run,1420,1233700,0,0,0,4103,1000000,16777216,read,256
measured,probe-memory-buffer,run,1421,1233900,0,0,0,4104,1000000,16777216,read,256
measured,probe-memory-buffer,run,1422,1234100,0,0,0,4105,1000000,16777216,read,256
measured,probe-memory-buffer,run,1423,1234300,0,0,0,4106,1000000,16777216,read,256
measured,probe-memory-buffer,run,1424,1234500,0,0,0,4107,1000000,16777216,read,256
measured,probe-memory-buffer,run,1425,1234700,0,0,0,4107,1000000,16777216,read,256
measured,probe-memory-buffer,run,1426,1234900,0,0,0,4108,1000000,16777216,read,256
measured,probe-memory-buffer,run,1427,1235100,0,0,0,4108,1000000,16777216,read,256
measured,probe-memory-buffer,run,1428,1235300,0,0,0,4109,1000000,16777216,read,256
measured,probe-memory-buffer,run,1429,1235500,0,0,0,4110,1000000,16777216,read,256
measured,probe-memory-buffer,run,1430,1235700,0,0,0,4111,1000000,16777216,read,256
measured,probe-memory-buffer,run,1431,1235800,0,0,0,4112,1000000,16777216,read,257
measured,probe-memory-buffer,run,1432,1236000,0,0,0,4112,1000000,16777216,read,257
measured,probe-memory-buffer,run,1433,1236200,0,0,0,4113,1000000,16777216,read,257
measured,probe-memory-buffer,run,1434,1236400,0,0,0,4114,1000000,16777216,read,257
measured,probe-memory-buffer,run,1435,1236600,0,0,0,4115,1000000,16777216,read,257
measured,probe-memory-buffer,run,1436,1236800,0,0,0,4116,1000000,16777216,read,257
measured,probe-memory-buffer,run,1437,1237000,0,0,0,4116,1000000,16777216,read,257
measured,probe-memory-buffer,run,1438,1237200,0,0,0,4117,1000000,16777216,read,257
measured,probe-memory-buffer,run,1439,1237400,0,0,0,4118,1000000,16777216,read,257
measured,probe-memory-buffer,run,1440,1237600,0,0,0,4119,1000000,16777216,read,257
measured,probe-memory-buffer,run,1441,1237800,0,0,0,4119,1000000,16777216,read,257
measured,probe-memory-buffer,run,1442,1238000,0,0,0,4120,1000000,16777216,read,257
measured,probe-memory-buffer,run,1443,1238200,0,0,0,4121,1000000,16777216,read,257
measured,probe-memory-buffer,run,1444,1238400,0,0,0,4121,1000000,16777216,read,257
measured,probe-memory-buffer,run,1445,1238600,0,0,0,4122,1000000,16777216,read,257
measured,probe-memory-buffer,run,1446,1238800,0,0,0,4123,1000000,16777216,read,257
measured,probe-memory-buffer,run,1447,1239000,0,0,0,4124,1000000,16777216,read,257
measured,probe-memory-buffer,run,1448,1240200,0,0,0,4128,1000000,16777216,read,258
measured,probe-memory-buffer,run,1449,1240400,0,0,0,4129,1000000,16777216,read,258
measured,probe-memory-buffer,run,1450,1240500,0,0,0,4130,1000000,16777216,read,258
measured,probe-memory-buffer,run,1451,1240700,0,0,0,4131,1000000,16777216,read,258
measured,probe-memory-buffer,run,1452,1240900,0,0,0,4132,1000000,16777216,read,258
measured,probe-memory-buffer,run,1453,1241100,0,0,0,4132,1000000,16777216,read,258
measured,probe-memory-buffer,run,1454,1241300,0,0,0,4133,1000000,16777216,read,258
measured,probe-memory-buffer,run,1455,1241500,0,0,0,4134,1000000,16777216,read,258
measured,probe-memory-buffer,run,1456,1241700,0,0,0,4135,1000000,16777216,read,258
measured,probe-memory-buffer,run,1457,1241900,0,0,0,4135,1000000,16777216,read,258
measured,probe-memory-buffer,run,1458,1242100,0,0,0,4136,1000000,16777216,read,258
measured,probe-memory-buffer,run,1459,1242300,0,0,0,4137,1000000,16777216,read,258
measured,probe-memory-buffer,run,1460,1242500,0,0,0,4138,1000000,16777216,read,258
measured,probe-memory-buffer,run,1461,1242700,0,0,0,4138,1000000,16777216,read,258
measured,probe-memory-buffer,run,1462,1242900,0,0,0,4139,1000000,16777216,read,258
measured,probe-memory-buffer,run,1463,1243100,0,0,0,4140,1000000,16777216,read,258
measured,probe-memory-buffer,run,1464,1243300,0,0,0,4141,1000000,16777216,read,258
measured,probe-memory-buffer,run,1465,1243500,0,0,0,4141,1000000,16777216,read,258
measured,probe-memory-buffer,run,1466,1243600,0,0,0,4142,1000000,16777216,read,258
measured,probe-memory-buffer,run,1467,1243800,0,0,0,4143,1000000,16777216,read,258
measured,probe-memory-buffer,run,1468,1244000,0,0,0,4144,1000000,16777216,read,259
measured,probe-memory-buffer,run,1469,1244200,0,0,0,4144,1000000,16777216,read,259
measured,probe-memory-buffer,run,1470,1244400,0,0,0,4145,1000000,16777216,read,259
measured,probe-memory-buffer,run,1471,1244600,0,0,0,4146,1000000,16777216,read,259
measured,probe-memory-buffer,run,1472,1244800,0,0,0,4147,1000000,16777216,read,259
measured,probe-memory-buffer,run,1473,1245000,0,0,0,4148,1000000,16777216,read,259
measured,probe-memory-buffer,run,1474,1245200,0,0,0,4148,1000000,16777216,read,259
measured,probe-memory-buffer,run,1475,1245400,0,0,0,4149,1000000,16777216,read,259
measured,probe-memory-buffer,run,1476,1245600,0,0,0,4150,1000000,16777216,read,259
measured,probe-memory-buffer,run,1477,1245800,0,0,0,4150,1000000,16777216,read,259
measured,probe-memory-buffer,run,1478,1246000,0,0,0,4151,1000000,16777216,read,259
measured,probe-memory-buffer,run,1479,1246200,0,0,0,4152,1000000,16777216,read,259
measured,probe-memory-buffer,run,1480,1246400,0,0,0,4153,1000000,16777216,read,259
measured,probe-memory-buffer,run,1481,1246500,0,0,0,4153,1000000,16777216,read,259
measured,probe-memory-buffer,run,1482,1246700,0,0,0,4154,1000000,16777216,read,259
measured,probe-memory-buffer,run,1483,1246900,0,0,0,4155,1000000,16777216,read,259
measured,probe-memory-buffer,run,1484,1247100,0,0,0,4156,1000000,16777216,read,259
measured,probe-memory-buffer,run,1485,1247300,0,0,0,4157,1000000,16777216,read,259
measured,probe-memory-buffer,run,1486,1247500,0,0,0,4157,1000000,16777216,read,259
measured,probe-memory-buffer,run,1487,1247700,0,0,0,4158,1000000,16777216,read,259
measured,probe-memory-buffer,run,1488,1247900,0,0,0,4159,1000000,16777216,read,259
measured,probe-memory-buffer,run,1489,1248100,0,0,0,4160,1000000,16777216,read,260
measured,probe-memory-buffer,run,1490,1248300,0,0,0,4160,1000000,16777216,read,260
measured,probe-memory-buffer,run,1491,1248500,0,0,0,4161,1000000,16777216,read,260
measured,probe-memory-buffer,run,1492,1248700,0,0,0,4162,1000000,16777216,read,260
measured,probe-memory-buffer,run,1493,1248900,0,0,0,4162,1000000,16777216,read,260
measured,probe-memory-buffer,run,1494,1249100,0,0,0,4163,1000000,16777216,read,260
measured,probe-memory-buffer,run,1495,1249300,0,0,0,4164,1000000,16777216,read,260
measured,probe-memory-buffer,run,1496,1249400,0,0,0,4165,1000000,16777216,read,260
measured,probe-memory-buffer,run,1497,1249600,0,0,0,4166,1000000,16777216,read,260
measured,probe-memory-buffer,run,1498,1249800,0,0,0,4166,1000000,16777216,read,260
measured,probe-memory-buffer,run,1499,1250000,0,0,0,4167,1000000,16777216,read,260
measured,probe-memory-buffer,run,1500,1250200,0,0,0,4168,1000000,16777216,read,260
measured,probe-memory-buffer,run,1501,1250400,0,0,0,4169,1000000,16777216,read,260
measured,probe-memory-buffer,run,1502,1250600,0,0,0,4169,1000000,16777216,read,260
measured,probe-memory-buffer,run,1503,1250800,0,0,0,4170,1000000,16777216,read,260
measured,probe-memory-buffer,run,1504,1251000,0,0,0,4171,1000000,16777216,read,260
measured,probe-memory-buffer,run,1505,1252200,0,0,0,4176,1000000,16777216,read,261
measured,probe-memory-buffer,run,1506,1252400,0,0,0,4176,1000000,16777216,read,261
measured,probe-memory-buffer,run,1507,1252600,0,0,0,4177,1000000,16777216,read,261
measured,probe-memory-buffer,run,1508,1252800,0,0,0,4178,1000000,16777216,read,261
measured,probe-memory-buffer,run,1509,1253000,0,0,0,4178,1000000,16777216,read,261
measured,probe-memory-buffer,run,1510,1253200,0,0,0,4179,1000000,16777216,read,261
measured,probe-memory-buffer,run,1511,1253400,0,0,0,4180,1000000,16777216,read,261
measured,probe-memory-buffer,run,1512,1253500,0,0,0,4181,1000000,16777216,read,261
measured,probe-memory-buffer,run,1513,1253700,0,0,0,4182,1000000,16777216,read,261
measured,probe-memory-buffer,run,1514,1253900,0,0,0,4182,1000000,16777216,read,261
measured,probe-memory-buffer,run,1515,1254100,0,0,0,4183,1000000,16777216,read,261
measured,probe-memory-buffer,run,1516,1254300,0,0,0,4184,1000000,16777216,read,261
measured,probe-memory-buffer,run,1517,1254500,0,0,0,4185,1000000,16777216,read,261
measured,probe-memory-buffer,run,1518,1254700,0,0,0,4185,1000000,16777216,read,261
measured,probe-memory-buffer,run,1519,1254900,0,0,0,4186,1000000,16777216,read,261
measured,probe-memory-buffer,run,1520,1255100,0,0,0,4187,1000000,16777216,read,261
measured,probe-memory-buffer,run,1521,1255300,0,0,0,4188,1000000,16777216,read,261
measured,probe-memory-buffer,run,1522,1255500,0,0,0,4189,1000000,16777216,read,261
measured,probe-memory-buffer,run,1523,1255700,0,0,0,4189,1000000,16777216,read,261
measured,probe-memory-buffer,run,1524,1255900,0,0,0,4190,1000000,16777216,read,261
measured,probe-memory-buffer,run,1525,1256100,0,0,0,4191,1000000,16777216,read,261
measured,probe-memory-buffer,run,1526,1256300,0,0,0,4191,1000000,16777216,read,261
measured,probe-memory-buffer,run,1527,1256500,0,0,0,4192,1000000,16777216,read,262
measured,probe-memory-buffer,run,1528,1256600,0,0,0,4193,1000000,16777216,read,262
measured,probe-memory-buffer,run,1529,1256800,0,0,0,4194,1000000,16777216,read,262
measured,probe-memory-buffer,run,1530,1257000,0,0,0,4194,1000000,16777216,read,262
measured,probe-memory-buffer,run,1531,1257200,0,0,0,4195,1000000,16777216,read,262
measured,probe-memory-buffer,run,1532,1257400,0,0,0,4196,1000000,16777216,read,262
measured,probe-memory-buffer,run,1533,1257600,0,0,0,4197,1000000,16777216,read,262
measured,probe-memory-buffer,run,1534,1257800,0,0,0,4198,1000000,16777216,read,262
measured,probe-memory-buffer,run,1535,1258000,0,0,0,4198,1000000,16777216,read,262
measured,probe-memory-buffer,run,1536,1258200,0,0,0,4199,1000000,16777216,read,262
measured,probe-memory-buffer,run,1537,1258400,0,0,0,4200,1000000,16777216,read,262
measured,probe-memory-buffer,run,1538,1258600,0,0,0,4200,1000000,16777216,read,262
measured,probe-memory-buffer,run,1539,1258800,0,0,0,4201,1000000,16777216,read,262
measured,probe-memory-buffer,run,1540,1259000,0,0,0,4202,1000000,16777216,read,262
measured,probe-memory-buffer,run,1541,1259200,0,0,0,4203,1000000,16777216,read,262
measured,probe-memory-buffer,run,1542,1259400,0,0,0,4203,1000000,16777216,read,262
measured,probe-memory-buffer,run,1543,1259600,0,0,0,4204,1000000,16777216,read,262
measured,probe-memory-buffer,run,1544,1259800,0,0,0,4205,1000000,16777216,read,262
measured,probe-memory-buffer,run,1545,1259900,0,0,0,4206,1000000,16777216,read,262
measured,probe-memory-buffer,run,1546,1260100,0,0,0,4207,1000000,16777216,read,262
measured,probe-memory-buffer,run,1547,1260300,0,0,0,4207,1000000,16777216,read,262
measured,probe-memory-buffer,run,1548,1260500,0,0,0,4208,1000000,16777216,read,263
measured,probe-memory-buffer,run,1549,1260700,0,0,0,4209,1000000,16777216,read,263
measured,probe-memory-buffer,run,1550,1260900,0,0,0,4210,1000000,16777216,read,263
measured,probe-memory-buffer,run,1551,1261100,0,0,0,4210,1000000,16777216,read,263
measured,probe-memory-buffer,run,1552,1261300,0,0,0,4211,1000000,16777216,read,263
measured,probe-memory-buffer,run,1553,1261500,0,0,0,4212,1000000,16777216,read,263
measured,probe-memory-buffer,run,1554,1261700,0,0,0,4213,1000000,16777216,read,263
measured,probe-memory-buffer,run,1555,1261900,0,0,0,4214,1000000,16777216,read,263
measured,probe-memory-buffer,run,1556,1262100,0,0,0,4214,1000000,16777216,read,263
measured,probe-memory-buffer,run,1557,1262300,0,0,0,4215,1000000,16777216,read,263
measured,probe-memory-buffer,run,1558,1262500,0,0,0,4216,1000000,16777216,read,263
measured,probe-memory-buffer,run,1559,1262700,0,0,0,4216,1000000,16777216,read,263
measured,probe-memory-buffer,run,1560,1262900,0,0,0,4217,1000000,16777216,read,263
measured,probe-memory-buffer,run,1561,1263100,0,0,0,4218,1000000,16777216,read,263
measured,probe-memory-buffer,run,1562,1264200,0,0,0,4223,1000000,16777216,read,263
measured,probe-memory-buffer,run,1563,1264400,0,0,0,4223,1000000,16777216,read,263
measured,probe-memory-buffer,run,1564,1264600,0,0,0,4224,1000000,16777216,read,264
measured,probe-memory-buffer,run,1565,1264800,0,0,0,4225,1000000,16777216,read,264
measured,probe-memory-buffer,run,1566,1265000,0,0,0,4226,1000000,16777216,read,264
measured,probe-memory-buffer,run,1567,1265200,0,0,0,4226,1000000,16777216,read,264
measured,probe-memory-buffer,run,1568,1265400,0,0,0,4227,1000000,16777216,read,264
measured,probe-memory-buffer,run,1569,1265600,0,0,0,4228,1000000,16777216,read,264
measured,probe-memory-buffer,run,1570,1265800,0,0,0,4229,1000000,16777216,read,264
measured,probe-memory-buffer,run,1571,1266000,0,0,0,4230,1000000,16777216,read,264
measured,probe-memory-buffer,run,1572,1266200,0,0,0,4230,1000000,16777216,read,264
measured,probe-memory-buffer,run,1573,1266400,0,0,0,4231,1000000,16777216,read,264
measured,probe-memory-buffer,run,1574,1266600,0,0,0,4232,1000000,16777216,read,264
measured,probe-memory-buffer,run,1575,1266800,0,0,0,4232,1000000,16777216,read,264
measured,probe-memory-buffer,run,1576,1267000,0,0,0,4233,1000000,16777216,read,264
measured,probe-memory-buffer,run,1577,1267200,0,0,0,4234,1000000,16777216,read,264
measured,probe-memory-buffer,run,1578,1267400,0,0,0,4235,1000000,16777216,read,264
measured,probe-memory-buffer,run,1579,1267600,0,0,0,4235,1000000,16777216,read,264
measured,probe-memory-buffer,run,1580,1267700,0,0,0,4236,1000000,16777216,read,264
measured,probe-memory-buffer,run,1581,1267900,0,0,0,4237,1000000,16777216,read,264
measured,probe-memory-buffer,run,1582,1268100,0,0,0,4238,1000000,16777216,read,264
measured,probe-memory-buffer,run,1583,1268300,0,0,0,4239,1000000,16777216,read,264
measured,probe-memory-buffer,run,1584,1268500,0,0,0,4239,1000000,16777216,read,264
measured,probe-memory-buffer,run,1585,1268700,0,0,0,4240,1000000,16777216,read,265
measured,probe-memory-buffer,run,1586,1268900,0,0,0,4241,1000000,16777216,read,265
measured,probe-memory-buffer,run,1587,1269100,0,0,0,4242,1000000,16777216,read,265
measured,probe-memory-buffer,run,1588,1269300,0,0,0,4242,1000000,16777216,read,265
measured,probe-memory-buffer,run,1589,1269500,0,0,0,4243,1000000,16777216,read,265
measured,probe-memory-buffer,run,1590,1269700,0,0,0,4244,1000000,16777216,read,265
measured,probe-memory-buffer,run,1591,1269900,0,0,0,4244,1000000,16777216,read,265
measured,probe-memory-buffer,run,1592,1270100,0,0,0,4245,1000000,16777216,read,265
measured,probe-memory-buffer,run,1593,1270300,0,0,0,4246,1000000,16777216,read,265
measured,probe-memory-buffer,run,1594,1270500,0,0,0,4247,1000000,16777216,read,265
measured,probe-memory-buffer,run,1595,1270700,0,0,0,4248,1000000,16777216,read,265
measured,probe-memory-buffer,run,1596,1270900,0,0,0,4248,1000000,16777216,read,265
measured,probe-memory-buffer,run,1597,1271100,0,0,0,4249,1000000,16777216,read,265
measured,probe-memory-buffer,run,1598,1271300,0,0,0,4250,1000000,16777216,read,265
measured,probe-memory-buffer,run,1599,1271500,0,0,0,4251,1000000,16777216,read,265
measured,probe-memory-buffer,run,1600,1271700,0,0,0,4251,1000000,16777216,read,265
measured,probe-memory-buffer,run,1601,1271800,0,0,0,4252,1000000,16777216,read,265
measured,probe-memory-buffer,run,1602,1272000,0,0,0,4253,1000000,16777216,read,265
measured,probe-memory-buffer,run,1603,1272200,0,0,0,4254,1000000,16777216,read,265
measured,probe-memory-buffer,run,1604,1272400,0,0,0,4255,1000000,16777216,read,265
measured,probe-memory-buffer,run,1605,1272600,0,0,0,4255,1000000,16777216,read,265
measured,probe-memory-buffer,run,1606,1272800,0,0,0,4256,1000000,16777216,read,266
measured,probe-memory-buffer,run,1607,1273000,0,0,0,4257,1000000,16777216,read,266
measured,probe-memory-buffer,run,1608,1273200,0,0,0,4258,1000000,16777216,read,266
measured,probe-memory-buffer,run,1609,1273400,0,0,0,4258,1000000,16777216,read,266
measured,probe-memory-buffer,run,1610,1273600,0,0,0,4259,1000000,16777216,read,266
measured,probe-memory-buffer,run,1611,1273800,0,0,0,4260,1000000,16777216,read,266
measured,probe-memory-buffer,run,1612,1274000,0,0,0,4261,1000000,16777216,read,266
measured,probe-memory-buffer,run,1613,1274200,0,0,0,4262,1000000,16777216,read,266
measured,probe-memory-buffer,run,1614,1274400,0,0,0,4262,1000000,16777216,read,266
measured,probe-memory-buffer,run,1615,1274600,0,0,0,4263,1000000,16777216,read,266
measured,probe-memory-buffer,run,1616,1274800,0,0,0,4264,1000000,16777216,read,266
measured,probe-memory-buffer,run,1617,1275000,0,0,0,4264,1000000,16777216,read,266
measured,probe-memory-buffer,run,1618,1275200,0,0,0,4265,1000000,16777216,read,266
measured,probe-memory-buffer,run,1619,1276200,0,0,0,4269,1000000,16777216,read,266
measured,probe-memory-buffer,run,1620,1276400,0,0,0,4270,1000000,16777216,read,266
measured,probe-memory-buffer,run,1621,1276600,0,0,0,4271,1000000,16777216,read,266
measured,probe-memory-buffer,run,1622,1276800,0,0,0,4271,1000000,16777216,read,266
measured,probe-memory-buffer,run,1623,1277000,0,0,0,4272,1000000,16777216,read,267
measured,probe-memory-buffer,run,1624,1277200,0,0,0,4273,1000000,16777216,read,267
measured,probe-memory-buffer,run,1625,1277400,0,0,0,4274,1000000,16777216,read,267
measured,probe-memory-buffer,run,1626,1277500,0,0,0,4275,1000000,16777216,read,267
measured,probe-memory-buffer,run,1627,1277700,0,0,0,4275,1000000,16777216,read,267
measured,probe-memory-buffer,run,1628,1277900,0,0,0,4276,1000000,16777216,read,267
measured,probe-memory-buffer,run,1629,1278100,0,0,0,4277,1000000,16777216,read,267
measured,probe-memory-buffer,run,1630,1278300,0,0,0,4278,1000000,16777216,read,267
measured,probe-memory-buffer,run,1631,1278500,0,0,0,4278,1000000,16777216,read,267
measured,probe-memory-buffer,run,1632,1278700,0,0,0,4279,1000000,16777216,read,267
measured,probe-memory-buffer,run,1633,1278900,0,0,0,4280,1000000,16777216,read,267
measured,probe-memory-buffer,run,1634,1279100,0,0,0,4281,1000000,16777216,read,267
measured,probe-memory-buffer,run,1635,1279300,0,0,0,4282,1000000,16777216,read,267
measured,probe-memory-buffer,run,1636,1279500,0,0,0,4282,1000000,16777216,read,267
measured,probe-memory-buffer,run,1637,1279700,0,0,0,4283,1000000,16777216,read,267
measured,probe-memory-buffer,run,1638,1279900,0,0,0,4283,1000000,16777216,read,267
measured,probe-memory-buffer,run,1639,1280100,0,0,0,4284,1000000,16777216,read,267
measured,probe-memory-buffer,run,1640,1280300,0,0,0,4285,1000000,16777216,read,267
measured,probe-memory-buffer,run,1641,1280500,0,0,0,4286,1000000,16777216,read,267
measured,probe-memory-buffer,run,1642,1280600,0,0,0,4287,1000000,16777216,read,267
measured,probe-memory-buffer,run,1643,1280800,0,0,0,4287,1000000,16777216,read,267
measured,probe-memory-buffer,run,1644,1281000,0,0,0,4288,1000000,16777216,read,268
measured,probe-memory-buffer,run,1645,1281200,0,0,0,4289,1000000,16777216,read,268
measured,probe-memory-buffer,run,1646,1281400,0,0,0,4290,1000000,16777216,read,268
measured,probe-memory-buffer,run,1647,1281600,0,0,0,4291,1000000,16777216,read,268
measured,probe-memory-buffer,run,1648,1281800,0,0,0,4291,1000000,16777216,read,268
measured,probe-memory-buffer,run,1649,1282000,0,0,0,4292,1000000,16777216,read,268
measured,probe-memory-buffer,run,1650,1282200,0,0,0,4293,1000000,16777216,read,268
measured,probe-memory-buffer,run,1651,1282400,0,0,0,4294,1000000,16777216,read,268
measured,probe-memory-buffer,run,1652,1282600,0,0,0,4294,1000000,16777216,read,268
measured,probe-memory-buffer,run,1653,1282800,0,0,0,4295,1000000,16777216,read,268
measured,probe-memory-buffer,run,1654,1283000,0,0,0,4296,1000000,16777216,read,268
measured,probe-memory-buffer,run,1655,1283200,0,0,0,4296,1000000,16777216,read,268
measured,probe-memory-buffer,run,1656,1283300,0,0,0,4297,1000000,16777216,read,268
measured,probe-memory-buffer,run,1657,1283500,0,0,0,4298,1000000,16777216,read,268
measured,probe-memory-buffer,run,1658,1283700,0,0,0,4299,1000000,16777216,read,268
measured,probe-memory-buffer,run,1659,1283900,0,0,0,4300,1000000,16777216,read,268
measured,probe-memory-buffer,run,1660,1284100,0,0,0,4300,1000000,16777216,read,268
measured,probe-memory-buffer,run,1661,1284300,0,0,0,4301,1000000,16777216,read,268
measured,probe-memory-buffer,run,1662,1284500,0,0,0,4302,1000000,16777216,read,268
measured,probe-memory-buffer,run,1663,1284700,0,0,0,4303,1000000,16777216,read,268
measured,probe-memory-buffer,run,1664,1284900,0,0,0,4303,1000000,16777216,read,268
measured,probe-memory-buffer,run,1665,1285100,0,0,0,4304,1000000,16777216,read,269
measured,probe-memory-buffer,run,1666,1285300,0,0,0,4305,1000000,16777216,read,269
measured,probe-memory-buffer,run,1667,1285500,0,0,0,4305,1000000,16777216,read,269
measured,probe-memory-buffer,run,1668,1285700,0,0,0,4306,1000000,16777216,read,269
measured,probe-memory-buffer,run,1669,1285900,0,0,0,4307,1000000,16777216,read,269
measured,probe-memory-buffer,run,1670,1286000,0,0,0,4308,1000000,16777216,read,269
measured,probe-memory-buffer,run,1671,1286200,0,0,0,4308,1000000,16777216,read,269
measured,probe-memory-buffer,run,1672,1286400,0,0,0,4309,1000000,16777216,read,269
measured,probe-memory-buffer,run,1673,1286600,0,0,0,4310,1000000,16777216,read,269
measured,probe-memory-buffer,run,1674,1286800,0,0,0,4311,1000000,16777216,read,269
measured,probe-memory-buffer,run,1675,1287000,0,0,0,4312,1000000,16777216,read,269
measured,probe-memory-buffer,run,1676,1288000,0,0,0,4316,1000000,16777216,read,269
measured,probe-memory-buffer,run,1677,1288200,0,0,0,4316,1000000,16777216,read,269
measured,probe-memory-buffer,run,1678,1288400,0,0,0,4317,1000000,16777216,read,269
measured,probe-memory-buffer,run,1679,1288600,0,0,0,4318,1000000,16777216,read,269
measured,probe-memory-buffer,run,1680,1288800,0,0,0,4319,1000000,16777216,read,269
measured,probe-memory-buffer,run,1681,1289000,0,0,0,4319,1000000,16777216,read,269
measured,probe-memory-buffer,run,1682,1289200,0,0,0,4320,1000000,16777216,read,270
measured,probe-memory-buffer,run,1683,1289400,0,0,0,4321,1000000,16777216,read,270
measured,probe-memory-buffer,run,1684,1289600,0,0,0,4322,1000000,16777216,read,270
measured,probe-memory-buffer,run,1685,1289800,0,0,0,4323,1000000,16777216,read,270
measured,probe-memory-buffer,run,1686,1290000,0,0,0,4323,1000000,16777216,read,270
measured,probe-memory-buffer,run,1687,1290200,0,0,0,4324,1000000,16777216,read,270
measured,probe-memory-buffer,run,1688,1290400,0,0,0,4325,1000000,16777216,read,270
measured,probe-memory-buffer,run,1689,1290600,0,0,0,4326,1000000,16777216,read,270
measured,probe-memory-buffer,run,1690,1290800,0,0,0,4326,1000000,16777216,read,270
measured,probe-memory-buffer,run,1691,1291000,0,0,0,4327,1000000,16777216,read,270
measured,probe-memory-buffer,run,1692,1291200,0,0,0,4328,1000000,16777216,read,270
measured,probe-memory-buffer,run,1693,1291400,0,0,0,4328,1000000,16777216,read,270
measured,probe-memory-buffer,run,1694,1291600,0,0,0,4329,1000000,16777216,read,270
measured,probe-memory-buffer,run,1695,1291800,0,0,0,4330,1000000,16777216,read,270
measured,probe-memory-buffer,run,1696,1292000,0,0,0,4331,1000000,16777216,read,270
measured,probe-memory-buffer,run,1697,1292100,0,0,0,4332,1000000,16777216,read,270
measured,probe-memory-buffer,run,1698,1292300,0,0,0,4332,1000000,16777216,read,270
measured,probe-memory-buffer,run,1699,1292500,0,0,0,4333,1000000,16777216,read,270
measured,probe-memory-buffer,run,1700,1292700,0,0,0,4334,1000000,16777216,read,270
measured,probe-memory-buffer,run,1701,1292900,0,0,0,4335,1000000,16777216,read,270
measured,probe-memory-buffer,run,1702,1293100,0,0,0,4335,1000000,16777216,read,270
measured,probe-memory-buffer,run,1703,1293300,0,0,0,4336,1000000,16777216,read,271
measured,probe-memory-buffer,run,1704,1293500,0,0,0,4337,1000000,16777216,read,271
measured,probe-memory-buffer,run,1705,1293700,0,0,0,4338,1000000,16777216,read,271
measured,probe-memory-buffer,run,1706,1293900,0,0,0,4339,1000000,16777216,read,271
measured,probe-memory-buffer,run,1707,1294100,0,0,0,4339,1000000,16777216,read,271
measured,probe-memory-buffer,run,1708,1294300,0,0,0,4340,1000000,16777216,read,271
measured,probe-memory-buffer,run,1709,1294500,0,0,0,4341,1000000,16777216,read,271
measured,probe-memory-buffer,run,1710,1294700,0,0,0,4341,1000000,16777216,read,271
measured,probe-memory-buffer,run,1711,1294900,0,0,0,4342,1000000,16777216,read,271
measured,probe-memory-buffer,run,1712,1295000,0,0,0,4343,1000000,16777216,read,271
measured,probe-memory-buffer,run,1713,1295200,0,0,0,4344,1000000,16777216,read,271
measured,probe-memory-buffer,run,1714,1295400,0,0,0,4344,1000000,16777216,read,271
measured,probe-memory-buffer,run,1715,1295600,0,0,0,4345,1000000,16777216,read,271
measured,probe-memory-buffer,run,1716,1295800,0,0,0,4346,1000000,16777216,read,271
measured,probe-memory-buffer,run,1717,1296000,0,0,0,4347,1000000,16777216,read,271
measured,probe-memory-buffer,run,1718,1296200,0,0,0,4348,1000000,16777216,read,271
measured,probe-memory-buffer,run,1719,1296400,0,0,0,4348,1000000,16777216,read,271
measured,probe-memory-buffer,run,1720,1296600,0,0,0,4349,1000000,16777216,read,271
measured,probe-memory-buffer,run,1721,1296800,0,0,0,4350,1000000,16777216,read,271
measured,probe-memory-buffer,run,1722,1297000,0,0,0,4351,1000000,16777216,read,271
measured,probe-memory-buffer,run,1723,1297200,0,0,0,4351,1000000,16777216,read,271
measured,probe-memory-buffer,run,1724,1297400,0,0,0,4352,1000000,16777216,read,272
measured,probe-memory-buffer,run,1725,1297600,0,0,0,4353,1000000,16777216,read,272
measured,probe-memory-buffer,run,1726,1297800,0,0,0,4353,1000000,16777216,read,272
measured,probe-memory-buffer,run,1727,1298000,0,0,0,4354,1000000,16777216,read,272
measured,probe-memory-buffer,run,1728,1298100,0,0,0,4355,1000000,16777216,read,272
measured,probe-memory-buffer,run,1729,1298300,0,0,0,4356,1000000,16777216,read,272
measured,probe-memory-buffer,run,1730,1298500,0,0,0,4357,1000000,16777216,read,272
measured,probe-memory-buffer,run,1731,1298700,0,0,0,4357,1000000,16777216,read,272
measured,probe-memory-buffer,run,1732,1298900,0,0,0,4358,1000000,16777216,read,272
measured,probe-memory-buffer,run,1733,1300000,0,0,0,4362,1000000,16777216,read,272
measured,probe-memory-buffer,run,1734,1300200,0,0,0,4363,1000000,16777216,read,272
measured,probe-memory-buffer,run,1735,1300400,0,0,0,4364,1000000,16777216,read,272
measured,probe-memory-buffer,run,1736,1300600,0,0,0,4365,1000000,16777216,read,272
measured,probe-memory-buffer,run,1737,1300800,0,0,0,4366,1000000,16777216,read,272
measured,probe-memory-buffer,run,1738,1301000,0,0,0,4366,1000000,16777216,read,272
measured,probe-memory-buffer,run,1739,1301200,0,0,0,4367,1000000,16777216,read,272
measured,probe-memory-buffer,run,1740,1301400,0,0,0,4367,1000000,16777216,read,272
measured,probe-memory-buffer,run,1741,1301600,0,0,0,4368,1000000,16777216,read,273
measured,probe-memory-buffer,run,1742,1301800,0,0,0,4369,1000000,16777216,read,273
measured,probe-memory-buffer,run,1743,1301900,0,0,0,4370,1000000,16777216,read,273
measured,probe-memory-buffer,run,1744,1302100,0,0,0,4371,1000000,16777216,read,273
measured,probe-memory-buffer,run,1745,1302300,0,0,0,4371,1000000,16777216,read,273
measured,probe-memory-buffer,run,1746,1302500,0,0,0,4372,1000000,16777216,read,273
measured,probe-memory-buffer,run,1747,1302700,0,0,0,4373,1000000,16777216,read,273
measured,probe-memory-buffer,run,1748,1302900,0,0,0,4374,1000000,16777216,read,273
measured,probe-memory-buffer,run,1749,1303100,0,0,0,4375,1000000,16777216,read,273
measured,probe-memory-buffer,run,1750,1303300,0,0,0,4375,1000000,16777216,read,273
measured,probe-memory-buffer,run,1751,1303500,0,0,0,4376,1000000,16777216,read,273
measured,probe-memory-buffer,run,1752,1303700,0,0,0,4377,1000000,16777216,read,273
measured,probe-memory-buffer,run,1753,1303900,0,0,0,4378,1000000,16777216,read,273
measured,probe-memory-buffer,run,1754,1304100,0,0,0,4378,1000000,16777216,read,273
measured,probe-memory-buffer,run,1755,1304300,0,0,0,4379,1000000,16777216,read,273
measured,probe-memory-buffer,run,1756,1304500,0,0,0,4380,1000000,16777216,read,273
measured,probe-memory-buffer,run,1757,1304700,0,0,0,4381,1000000,16777216,read,273
measured,probe-memory-buffer,run,1758,1304900,0,0,0,4381,1000000,16777216,read,273
measured,probe-memory-buffer,run,1759,1305100,0,0,0,4382,1000000,16777216,read,273
measured,probe-memory-buffer,run,1760,1305300,0,0,0,4383,1000000,16777216,read,273
measured,probe-memory-buffer,run,1761,1305500,0,0,0,4383,1000000,16777216,read,273
measured,probe-memory-buffer,run,1762,1305700,0,0,0,4384,1000000,16777216,read,274
measured,probe-memory-buffer,run,1763,1305900,0,0,0,4385,1000000,16777216,read,274
measured,probe-memory-buffer,run,1764,1306100,0,0,0,4386,1000000,16777216,read,274
measured,probe-memory-buffer,run,1765,1306200,0,0,0,4387,1000000,16777216,read,274
measured,probe-memory-buffer,run,1766,1306400,0,0,0,4387,1000000,16777216,read,274
measured,probe-memory-buffer,run,1767,1306600,0,0,0,4388,1000000,16777216,read,274
measured,probe-memory-buffer,run,1768,1306800,0,0,0,4389,1000000,16777216,read,274
measured,probe-memory-buffer,run,1769,1307000,0,0,0,4390,1000000,16777216,read,274
measured,probe-memory-buffer,run,1770,1307200,0,0,0,4391,1000000,16777216,read,274
measured,probe-memory-buffer,run,1771,1307400,0,0,0,4391,1000000,16777216,read,274
measured,probe-memory-buffer,run,1772,1307600,0,0,0,4392,1000000,16777216,read,274
measured,probe-memory-buffer,run,1773,1307800,0,0,0,4393,1000000,16777216,read,274
measured,probe-memory-buffer,run,1774,1308000,0,0,0,4394,1000000,16777216,read,274
measured,probe-memory-buffer,run,1775,1308200,0,0,0,4394,1000000,16777216,read,274
measured,probe-memory-buffer,run,1776,1308400,0,0,0,4395,1000000,16777216,read,274
measured,probe-memory-buffer,run,1777,1308600,0,0,0,4396,1000000,16777216,read,274
measured,probe-memory-buffer,run,1778,1308800,0,0,0,4396,1000000,16777216,read,274
measured,probe-memory-buffer,run,1779,1309000,0,0,0,4397,1000000,16777216,read,274
measured,probe-memory-buffer,run,1780,1309200,0,0,0,4398,1000000,16777216,read,274
measured,probe-memory-buffer,run,1781,1309400,0,0,0,4399,1000000,16777216,read,274
measured,probe-memory-buffer,run,1782,1309600,0,0,0,4400,1000000,16777216,read,275
measured,probe-memory-buffer,run,1783,1309800,0,0,0,4400,1000000,16777216,read,275
measured,probe-memory-buffer,run,1784,1309900,0,0,0,4401,1000000,16777216,read,275
measured,probe-memory-buffer,run,1785,1310100,0,0,0,4402,1000000,16777216,read,275
measured,probe-memory-buffer,run,1786,1310300,0,0,0,4403,1000000,16777216,read,275
measured,probe-memory-buffer,run,1787,1310500,0,0,0,4403,1000000,16777216,read,275
measured,probe-memory-buffer,run,1788,1310700,0,0,0,4404,1000000,16777216,read,275
measured,probe-memory-buffer,run,1789,1311800,0,0,0,4408,1000000,16777216,read,275
measured,probe-memory-buffer,run,1790,1312000,0,0,0,4409,1000000,16777216,read,275
measured,probe-memory-buffer,run,1791,1312200,0,0,0,4410,1000000,16777216,read,275
measured,probe-memory-buffer,run,1792,1312400,0,0,0,4410,1000000,16777216,read,275
measured,probe-memory-buffer,run,1793,1312600,0,0,0,4411,1000000,16777216,read,275
measured,probe-memory-buffer,run,1794,1312800,0,0,0,4412,1000000,16777216,read,275
measured,probe-memory-buffer,run,1795,1313000,0,0,0,4413,1000000,16777216,read,275
measured,probe-memory-buffer,run,1796,1313200,0,0,0,4414,1000000,16777216,read,275
measured,probe-memory-buffer,run,1797,1313300,0,0,0,4414,1000000,16777216,read,275
measured,probe-memory-buffer,run,1798,1313500,0,0,0,4415,1000000,16777216,read,275
measured,probe-memory-buffer,run,1799,1313700,0,0,0,4416,1000000,16777216,read,276
measured,probe-memory-buffer,run,1800,1313900,0,0,0,4417,1000000,16777216,read,276
measured,probe-memory-buffer,run,1801,1314100,0,0,0,4417,1000000,16777216,read,276
measured,probe-memory-buffer,run,1802,1314300,0,0,0,4418,1000000,16777216,read,276
measured,probe-memory-buffer,run,1803,1314500,0,0,0,4419,1000000,16777216,read,276
measured,probe-memory-buffer,run,1804,1314700,0,0,0,4420,1000000,16777216,read,276
measured,probe-memory-buffer,run,1805,1314900,0,0,0,4421,1000000,16777216,read,276
measured,probe-memory-buffer,run,1806,1315100,0,0,0,4421,1000000,16777216,read,276
measured,probe-memory-buffer,run,1807,1315300,0,0,0,4422,1000000,16777216,read,276
measured,probe-memory-buffer,run,1808,1315500,0,0,0,4423,1000000,16777216,read,276
measured,probe-memory-buffer,run,1809,1315700,0,0,0,4423,1000000,16777216,read,276
measured,probe-memory-buffer,run,1810,1315900,0,0,0,4424,1000000,16777216,read,276
measured,probe-memory-buffer,run,1811,1316100,0,0,0,4425,1000000,16777216,read,276
measured,probe-memory-buffer,run,1812,1316200,0,0,0,4426,1000000,16777216,read,276
measured,probe-memory-buffer,run,1813,1316400,0,0,0,4426,1000000,16777216,read,276
measured,probe-memory-buffer,run,1814,1316600,0,0,0,4427,1000000,16777216,read,276
measured,probe-memory-buffer,run,1815,1316800,0,0,0,4428,1000000,16777216,read,276
measured,probe-memory-buffer,run,1816,1317000,0,0,0,4429,1000000,16777216,read,276
measured,probe-memory-buffer,run,1817,1317200,0,0,0,4430,1000000,16777216,read,276
measured,probe-memory-buffer,run,1818,1317400,0,0,0,4430,1000000,16777216,read,276
measured,probe-memory-buffer,run,1819,1317600,0,0,0,4431,1000000,16777216,read,276
measured,probe-memory-buffer,run,1820,1317800,0,0,0,4432,1000000,16777216,read,277
measured,probe-memory-buffer,run,1821,1318000,0,0,0,4433,1000000,16777216,read,277
measured,probe-memory-buffer,run,1822,1318200,0,0,0,4433,1000000,16777216,read,277
measured,probe-memory-buffer,run,1823,1318400,0,0,0,4434,1000000,16777216,read,277
measured,probe-memory-buffer,run,1824,1318600,0,0,0,4435,1000000,16777216,read,277
measured,probe-memory-buffer,run,1825,1318800,0,0,0,4435,1000000,16777216,read,277
measured,probe-memory-buffer,run,1826,1319000,0,0,0,4436,1000000,16777216,read,277
measured,probe-memory-buffer,run,1827,1319100,0,0,0,4437,1000000,16777216,read,277
measured,probe-memory-buffer,run,1828,1319300,0,0,0,4438,1000000,16777216,read,277
measured,probe-memory-buffer,run,1829,1319500,0,0,0,4439,1000000,16777216,read,277
measured,probe-memory-buffer,run,1830,1319700,0,0,0,4439,1000000,16777216,read,277
measured,probe-memory-buffer,run,1831,1319900,0,0,0,4440,1000000,16777216,read,277
measured,probe-memory-buffer,run,1832,1320100,0,0,0,4441,1000000,16777216,read,277
measured,probe-memory-buffer,run,1833,1320300,0,0,0,4442,1000000,16777216,read,277
measured,probe-memory-buffer,run,1834,1320500,0,0,0,4442,1000000,16777216,read,277
measured,probe-memory-buffer,run,1835,1320700,0,0,0,4443,1000000,16777216,read,277
measured,probe-memory-buffer,run,1836,1320900,0,0,0,4444,1000000,16777216,read,277
measured,probe-memory-buffer,run,1837,1321100,0,0,0,4445,1000000,16777216,read,277
measured,probe-memory-buffer,run,1838,1321300,0,0,0,4445,1000000,16777216,read,277
measured,probe-memory-buffer,run,1839,1321500,0,0,0,4446,1000000,16777216,read,277
measured,probe-memory-buffer,run,1840,1321700,0,0,0,4447,1000000,16777216,read,277
measured,probe-memory-buffer,run,1841,1321800,0,0,0,4448,1000000,16777216,read,278
measured,probe-memory-buffer,run,1842,1322000,0,0,0,4448,1000000,16777216,read,278
measured,probe-memory-buffer,run,1843,1322200,0,0,0,4449,1000000,16777216,read,278
measured,probe-memory-buffer,run,1844,1322400,0,0,0,4450,1000000,16777216,read,278
measured,probe-memory-buffer,run,1845,1322600,0,0,0,4451,1000000,16777216,read,278
measured,probe-memory-buffer,run,1846,1323700,0,0,0,4455,1000000,16777216,read,278
measured,probe-memory-buffer,run,1847,1323900,0,0,0,4456,1000000,16777216,read,278
measured,probe-memory-buffer,run,1848,1324100,0,0,0,4457,1000000,16777216,read,278
measured,probe-memory-buffer,run,1849,1324300,0,0,0,4457,1000000,16777216,read,278
measured,probe-memory-buffer,run,1850,1324500,0,0,0,4458,1000000,16777216,read,278
measured,probe-memory-buffer,run,1851,1324700,0,0,0,4459,1000000,16777216,read,278
measured,probe-memory-buffer,run,1852,1325000,0,0,0,4460,1000000,16777216,read,278
measured,probe-memory-buffer,run,1853,1325200,0,0,0,4460,1000000,16777216,read,278
measured,probe-memory-buffer,run,1854,1325400,0,0,0,4461,1000000,16777216,read,278
measured,probe-memory-buffer,run,1855,1325600,0,0,0,4462,1000000,16777216,read,278
measured,probe-memory-buffer,run,1856,1325800,0,0,0,4463,1000000,16777216,read,278
measured,probe-memory-buffer,run,1857,1326000,0,0,0,4464,1000000,16777216,read,279
measured,probe-memory-buffer,run,1858,1326200,0,0,0,4464,1000000,16777216,read,279
measured,probe-memory-buffer,run,1859,1326400,0,0,0,4465,1000000,16777216,read,279
measured,probe-memory-buffer,run,1860,1326600,0,0,0,4466,1000000,16777216,read,279
measured,probe-memory-buffer,run,1861,1326800,0,0,0,4467,1000000,16777216,read,279
measured,probe-memory-buffer,run,1862,1327000,0,0,0,4467,1000000,16777216,read,279
measured,probe-memory-buffer,run,1863,1327200,0,0,0,4468,1000000,16777216,read,279
measured,probe-memory-buffer,run,1864,1327400,0,0,0,4469,1000000,16777216,read,279
measured,probe-memory-buffer,run,1865,1327600,0,0,0,4470,1000000,16777216,read,279
measured,probe-memory-buffer,run,1866,1327800,0,0,0,4471,1000000,16777216,read,279
measured,probe-memory-buffer,run,1867,1328000,0,0,0,4471,1000000,16777216,read,279
measured,probe-memory-buffer,run,1868,1328200,0,0,0,4472,1000000,16777216,read,279
measured,probe-memory-buffer,run,1869,1328400,0,0,0,4473,1000000,16777216,read,279
measured,probe-memory-buffer,run,1870,1328600,0,0,0,4474,1000000,16777216,read,279
measured,probe-memory-buffer,run,1871,1328800,0,0,0,4475,1000000,16777216,read,279
measured,probe-memory-buffer,run,1872,1329000,0,0,0,4475,1000000,16777216,read,279
measured,probe-memory-buffer,run,1873,1329200,0,0,0,4476,1000000,16777216,read,279
measured,probe-memory-buffer,run,1874,1329400,0,0,0,4477,1000000,16777216,read,279
measured,probe-memory-buffer,run,1875,1329600,0,0,0,4478,1000000,16777216,read,279
measured,probe-memory-buffer,run,1876,1329800,0,0,0,4479,1000000,16777216,read,279
measured,probe-memory-buffer,run,1877,1330000,0,0,0,4480,1000000,16777216,read,280
measured,probe-memory-buffer,run,1878,1330200,0,0,0,4480,1000000,16777216,read,280
measured,probe-memory-buffer,run,1879,1330400,0,0,0,4481,1000000,16777216,read,280
measured,probe-memory-buffer,run,1880,1330600,0,0,0,4482,1000000,16777216,read,280
measured,probe-memory-buffer,run,1881,1330800,0,0,0,4483,1000000,16777216,read,280
measured,probe-memory-buffer,run,1882,1331000,0,0,0,4483,1000000,16777216,read,280
measured,probe-memory-buffer,run,1883,1331200,0,0,0,4484,1000000,16777216,read,280
measured,probe-memory-buffer,run,1884,1331400,0,0,0,4485,1000000,16777216,read,280
measured,probe-memory-buffer,run,1885,1331600,0,0,0,4486,1000000,16777216,read,280
measured,probe-memory-buffer,run,1886,1331800,0,0,0,4487,1000000,16777216,read,280
measured,probe-memory-buffer,run,1887,1332000,0,0,0,4487,1000000,16777216,read,280
measured,probe-memory-buffer,run,1888,1332200,0,0,0,4488,1000000,16777216,read,280
measured,probe-memory-buffer,run,1889,1332400,0,0,0,4489,1000000,16777216,read,280
measured,probe-memory-buffer,run,1890,1332600,0,0,0,4490,1000000,16777216,read,280
measured,probe-memory-buffer,run,1891,1332800,0,0,0,4491,1000000,16777216,read,280
measured,probe-memory-buffer,run,1892,1333000,0,0,0,4491,1000000,16777216,read,280
measured,probe-memory-buffer,run,1893,1333200,0,0,0,4492,1000000,16777216,read,280
measured,probe-memory-buffer,run,1894,1333400,0,0,0,4493,1000000,16777216,read,280
measured,probe-memory-buffer,run,1895,1333600,0,0,0,4494,1000000,16777216,read,280
measured,probe-memory-buffer,run,1896,1333900,0,0,0,4494,1000000,16777216,read,280
measured,probe-memory-buffer,run,1897,1334100,0,0,0,4495,1000000,16777216,read,280
measured,probe-memory-buffer,run,1898,1334300,0,0,0,4496,1000000,16777216,read,281
measured,probe-memory-buffer,run,1899,1334500,0,0,0,4497,1000000,16777216,read,281
measured,probe-memory-buffer,run,1900,1334700,0,0,0,4498,1000000,16777216,read,281
measured,probe-memory-buffer,run,1901,1334900,0,0,0,4498,1000000,16777216,read,281
measured,probe-memory-buffer,run,1902,1335100,0,0,0,4499,1000000,16777216,read,281
measured,probe-memory-buffer,run,1903,1336200,0,0,0,4503,1000000,16777216,read,281
measured,probe-memory-buffer,run,1904,1336400,0,0,0,4505,1000000,16777216,read,281
measured,probe-memory-buffer,run,1905,1336600,0,0,0,4505,1000000,16777216,read,281
measured,probe-memory-buffer,run,1906,1336800,0,0,0,4506,1000000,16777216,read,281
measured,probe-memory-buffer,run,1907,1337000,0,0,0,4507,1000000,16777216,read,281
measured,probe-memory-buffer,run,1908,1337200,0,0,0,4507,1000000,16777216,read,281
measured,probe-memory-buffer,run,1909,1337400,0,0,0,4508,1000000,16777216,read,281
measured,probe-memory-buffer,run,1910,1337500,0,0,0,4509,1000000,16777216,read,281
measured,probe-memory-buffer,run,1911,1337700,0,0,0,4510,1000000,16777216,read,281
measured,probe-memory-buffer,run,1912,1337900,0,0,0,4510,1000000,16777216,read,281
measured,probe-memory-buffer,run,1913,1338100,0,0,0,4511,1000000,16777216,read,281
measured,probe-memory-buffer,run,1914,1338300,0,0,0,4512,1000000,16777216,read,282
measured,probe-memory-buffer,run,1915,1338500,0,0,0,4513,1000000,16777216,read,282
measured,probe-memory-buffer,run,1916,1338700,0,0,0,4514,1000000,16777216,read,282
measured,probe-memory-buffer,run,1917,1338900,0,0,0,4514,1000000,16777216,read,282
measured,probe-memory-buffer,run,1918,1339100,0,0,0,4515,1000000,16777216,read,282
measured,probe-memory-buffer,run,1919,1339300,0,0,0,4516,1000000,16777216,read,282
measured,probe-memory-buffer,run,1920,1339500,0,0,0,4517,1000000,16777216,read,282
measured,probe-memory-buffer,run,1921,1339700,0,0,0,4517,1000000,16777216,read,282
measured,probe-memory-buffer,run,1922,1339900,0,0,0,4518,1000000,16777216,read,282
measured,probe-memory-buffer,run,1923,1340100,0,0,0,4519,1000000,16777216,read,282
measured,probe-memory-buffer,run,1924,1340300,0,0,0,4520,1000000,16777216,read,282
measured,probe-memory-buffer,run,1925,1340500,0,0,0,4521,1000000,16777216,read,282
measured,probe-memory-buffer,run,1926,1340700,0,0,0,4521,1000000,16777216,read,282
measured,probe-memory-buffer,run,1927,1340900,0,0,0,4522,1000000,16777216,read,282
measured,probe-memory-buffer,run,1928,1341100,0,0,0,4523,1000000,16777216,read,282
measured,probe-memory-buffer,run,1929,1341300,0,0,0,4523,1000000,16777216,read,282
measured,probe-memory-buffer,run,1930,1341500,0,0,0,4524,1000000,16777216,read,282
measured,probe-memory-buffer,run,1931,1341600,0,0,0,4525,1000000,16777216,read,282
measured,probe-memory-buffer,run,1932,1341800,0,0,0,4526,1000000,16777216,read,282
measured,probe-memory-buffer,run,1933,1342000,0,0,0,4526,1000000,16777216,read,282
measured,probe-memory-buffer,run,1934,1342200,0,0,0,4527,1000000,16777216,read,282
measured,probe-memory-buffer,run,1935,1342400,0,0,0,4528,1000000,16777216,read,283
measured,probe-memory-buffer,run,1936,1342600,0,0,0,4529,1000000,16777216,read,283
measured,probe-memory-buffer,run,1937,1342800,0,0,0,4530,1000000,16777216,read,283
measured,probe-memory-buffer,run,1938,1343000,0,0,0,4530,1000000,16777216,read,283
measured,probe-memory-buffer,run,1939,1343200,0,0,0,4531,1000000,16777216,read,283
measured,probe-memory-buffer,run,1940,1343400,0,0,0,4532,1000000,16777216,read,283
measured,probe-memory-buffer,run,1941,1343600,0,0,0,4533,1000000,16777216,read,283
measured,probe-memory-buffer,run,1942,1343800,0,0,0,4533,1000000,16777216,read,283
measured,probe-memory-buffer,run,1943,1344000,0,0,0,4534,1000000,16777216,read,283
measured,probe-memory-buffer,run,1944,1344200,0,0,0,4535,1000000,16777216,read,283
measured,probe-memory-buffer,run,1945,1344400,0,0,0,4535,1000000,16777216,read,283
measured,probe-memory-buffer,run,1946,1344600,0,0,0,4536,1000000,16777216,read,283
measured,probe-memory-buffer,run,1947,1344800,0,0,0,4537,1000000,16777216,read,283
measured,probe-memory-buffer,run,1948,1344900,0,0,0,4538,1000000,16777216,read,283
measured,probe-memory-buffer,run,1949,1345100,0,0,0,4539,1000000,16777216,read,283
measured,probe-memory-buffer,run,1950,1345300,0,0,0,4539,1000000,16777216,read,283
measured,probe-memory-buffer,run,1951,1345500,0,0,0,4540,1000000,16777216,read,283
measured,probe-memory-buffer,run,1952,1345700,0,0,0,4541,1000000,16777216,read,283
measured,probe-memory-buffer,run,1953,1345900,0,0,0,4542,1000000,16777216,read,283
measured,probe-memory-buffer,run,1954,1346100,0,0,0,4542,1000000,16777216,read,283
measured,probe-memory-buffer,run,1955,1346300,0,0,0,4543,1000000,16777216,read,283
measured,probe-memory-buffer,run,1956,1346500,0,0,0,4544,1000000,16777216,read,284
measured,probe-memory-buffer,run,1957,1346700,0,0,0,4545,1000000,16777216,read,284
measured,probe-memory-buffer,run,1958,1346900,0,0,0,4545,1000000,16777216,read,284
measured,probe-memory-buffer,run,1959,1347100,0,0,0,4546,1000000,16777216,read,284
measured,probe-memory-buffer,run,1960,1348100,0,0,0,4550,1000000,16777216,read,284
measured,probe-memory-buffer,run,1961,1348300,0,0,0,4551,1000000,16777216,read,284
measured,probe-memory-buffer,run,1962,1348500,0,0,0,4552,1000000,16777216,read,284
measured,probe-memory-buffer,run,1963,1348700,0,0,0,4553,1000000,16777216,read,284
measured,probe-memory-buffer,run,1964,1348900,0,0,0,4553,1000000,16777216,read,284
measured,probe-memory-buffer,run,1965,1349100,0,0,0,4554,1000000,16777216,read,284
measured,probe-memory-buffer,run,1966,1349300,0,0,0,4555,1000000,16777216,read,284
measured,probe-memory-buffer,run,1967,1349500,0,0,0,4556,1000000,16777216,read,284
measured,probe-memory-buffer,run,1968,1349700,0,0,0,4557,1000000,16777216,read,284
measured,probe-memory-buffer,run,1969,1349900,0,0,0,4557,1000000,16777216,read,284
measured,probe-memory-buffer,run,1970,1350100,0,0,0,4558,1000000,16777216,read,284
measured,probe-memory-buffer,run,1971,1350300,0,0,0,4559,1000000,16777216,read,284
measured,probe-memory-buffer,run,1972,1350500,0,0,0,4560,1000000,16777216,read,285
measured,probe-memory-buffer,run,1973,1350700,0,0,0,4560,1000000,16777216,read,285
measured,probe-memory-buffer,run,1974,1350900,0,0,0,4561,1000000,16777216,read,285
measured,probe-memory-buffer,run,1975,1351100,0,0,0,4562,1000000,16777216,read,285
measured,probe-memory-buffer,run,1976,1351300,0,0,0,4562,1000000,16777216,read,285
measured,probe-memory-buffer,run,1977,1351500,0,0,0,4563,1000000,16777216,read,285
measured,probe-memory-buffer,run,1978,1351600,0,0,0,4564,1000000,16777216,read,285
measured,probe-memory-buffer,run,1979,1351800,0,0,0,4565,1000000,16777216,read,285
measured,probe-memory-buffer,run,1980,1352000,0,0,0,4566,1000000,16777216,read,285
measured,probe-memory-buffer,run,1981,1352200,0,0,0,4566,1000000,16777216,read,285
measured,probe-memory-buffer,run,1982,1352400,0,0,0,4567,1000000,16777216,read,285
measured,probe-memory-buffer,run,1983,1352600,0,0,0,4568,1000000,16777216,read,285
measured,probe-memory-buffer,run,1984,1352800,0,0,0,4569,1000000,16777216,read,285
measured,probe-memory-buffer,run,1985,1353000,0,0,0,4569,1000000,16777216,read,285
measured,probe-memory-buffer,run,1986,1353200,0,0,0,4570,1000000,16777216,read,285
measured,probe-memory-buffer,run,1987,1353400,0,0,0,4571,1000000,16777216,read,285
measured,probe-memory-buffer,run,1988,1353600,0,0,0,4571,1000000,16777216,read,285
measured,probe-memory-buffer,run,1989,1353800,0,0,0,4572,1000000,16777216,read,285
measured,probe-memory-buffer,run,1990,1354000,0,0,0,4573,1000000,16777216,read,285
measured,probe-memory-buffer,run,1991,1354200,0,0,0,4574,1000000,16777216,read,285
measured,probe-memory-buffer,run,1992,1354300,0,0,0,4575,1000000,16777216,read,285
measured,probe-memory-buffer,run,1993,1354500,0,0,0,4575,1000000,16777216,read,285
measured,probe-memory-buffer,run,1994,1354700,0,0,0,4576,1000000,16777216,read,286
measured,probe-memory-buffer,run,1995,1354900,0,0,0,4577,1000000,16777216,read,286
measured,probe-memory-buffer,run,1996,1355100,0,0,0,4578,1000000,16777216,read,286
measured,probe-memory-buffer,run,1997,1355300,0,0,0,4578,1000000,16777216,read,286
measured,probe-memory-buffer,run,1998,1355500,0,0,0,4579,1000000,16777216,read,286
measured,probe-memory-buffer,run,1999,1355700,0,0,0,4580,1000000,16777216,read,286
measured,probe-memory-buffer,run,2000,1355900,0,0,0,4581,1000000,16777216,read,286
measured,probe-memory-buffer,run,2001,1356100,0,0,0,4582,1000000,16777216,read,286
measured,probe-memory-buffer,run,2002,1356300,0,0,0,4582,1000000,16777216,read,286
measured,probe-memory-buffer,run,2003,1356500,0,0,0,4583,1000000,16777216,read,286
measured,probe-memory-buffer,run,2004,1356700,0,0,0,4583,1000000,16777216,read,286
measured,probe-memory-buffer,run,2005,1356900,0,0,0,4584,1000000,16777216,read,286
measured,probe-memory-buffer,run,2006,1357100,0,0,0,4585,1000000,16777216,read,286
measured,probe-memory-buffer,run,2007,1357300,0,0,0,4586,1000000,16777216,read,286
measured,probe-memory-buffer,run,2008,1357400,0,0,0,4587,1000000,16777216,read,286
measured,probe-memory-buffer,run,2009,1357600,0,0,0,4587,1000000,16777216,read,286
measured,probe-memory-buffer,run,2010,1357800,0,0,0,4588,1000000,16777216,read,286
measured,probe-memory-buffer,run,2011,1358000,0,0,0,4589,1000000,16777216,read,286
measured,probe-memory-buffer,run,2012,1358200,0,0,0,4590,1000000,16777216,read,286
measured,probe-memory-buffer,run,2013,1358400,0,0,0,4591,1000000,16777216,read,286
measured,probe-memory-buffer,run,2014,1358600,0,0,0,4591,1000000,16777216,read,286
measured,probe-memory-buffer,run,2015,1358800,0,0,0,4592,1000000,16777216,read,287
measured,probe-memory-buffer,run,2016,1359000,0,0,0,4592,1000000,16777216,read,287
measured,probe-memory-buffer,run,2017,1360500,0,0,0,4598,1000000,16777216,read,287
measured,probe-memory-buffer,run,2018,1360700,0,0,0,4599,1000000,16777216,read,287
measured,probe-memory-buffer,run,2019,1360900,0,0,0,4600,1000000,16777216,read,287
measured,probe-memory-buffer,run,2020,1361100,0,0,0,4601,1000000,16777216,read,287
measured,probe-memory-buffer,run,2021,1361200,0,0,0,4601,1000000,16777216,read,287
measured,probe-memory-buffer,run,2022,1361400,0,0,0,4602,1000000,16777216,read,287
measured,probe-memory-buffer,run,2023,1361600,0,0,0,4603,1000000,16777216,read,287
measured,probe-memory-buffer,run,2024,1361800,0,0,0,4604,1000000,16777216,read,287
measured,probe-memory-buffer,run,2025,1362000,0,0,0,4605,1000000,16777216,read,287
measured,probe-memory-buffer,run,2026,1362200,0,0,0,4605,1000000,16777216,read,287
measured,probe-memory-buffer,run,2027,1362400,0,0,0,4606,1000000,16777216,read,287
measured,probe-memory-buffer,run,2028,1362600,0,0,0,4607,1000000,16777216,read,287
measured,probe-memory-buffer,run,2029,1362800,0,0,0,4608,1000000,16777216,read,288
measured,probe-memory-buffer,run,2030,1363000,0,0,0,4608,1000000,16777216,read,288
measured,probe-memory-buffer,run,2031,1363200,0,0,0,4609,1000000,16777216,read,288
measured,probe-memory-buffer,run,2032,1363400,0,0,0,4610,1000000,16777216,read,288
measured,probe-memory-buffer,run,2033,1363600,0,0,0,4611,1000000,16777216,read,288
measured,probe-memory-buffer,run,2034,1363800,0,0,0,4611,1000000,16777216,read,288
measured,probe-memory-buffer,run,2035,1364000,0,0,0,4612,1000000,16777216,read,288
measured,probe-memory-buffer,run,2036,1364200,0,0,0,4613,1000000,16777216,read,288
measured,probe-memory-buffer,run,2037,1364400,0,0,0,4614,1000000,16777216,read,288
measured,probe-memory-buffer,run,2038,1364500,0,0,0,4614,1000000,16777216,read,288
measured,probe-memory-buffer,run,2039,1364700,0,0,0,4615,1000000,16777216,read,288
measured,probe-memory-buffer,run,2040,1364900,0,0,0,4616,1000000,16777216,read,288
measured,probe-memory-buffer,run,2041,1365100,0,0,0,4617,1000000,16777216,read,288
measured,probe-memory-buffer,run,2042,1365300,0,0,0,4617,1000000,16777216,read,288
measured,probe-memory-buffer,run,2043,1365500,0,0,0,4618,1000000,16777216,read,288
measured,probe-memory-buffer,run,2044,1365700,0,0,0,4619,1000000,16777216,read,288
measured,probe-memory-buffer,run,2045,1365900,0,0,0,4620,1000000,16777216,read,288
measured,probe-memory-buffer,run,2046,1366100,0,0,0,4621,1000000,16777216,read,288
measured,probe-memory-buffer,run,2047,1366300,0,0,0,4621,1000000,16777216,read,288
measured,probe-memory-buffer,run,2048,1366500,0,0,0,4622,1000000,16777216,read,288
measured,probe-memory-buffer,run,2049,1366700,0,0,0,4623,1000000,16777216,read,288
measured,probe-memory-buffer,run,2050,1366900,0,0,0,4624,1000000,16777216,read,289
measured,probe-memory-buffer,run,2051,1367100,0,0,0,4624,1000000,16777216,read,289
measured,probe-memory-buffer,run,2052,1367300,0,0,0,4625,1000000,16777216,read,289
measured,probe-memory-buffer,run,2053,1367500,0,0,0,4626,1000000,16777216,read,289
measured,probe-memory-buffer,run,2054,1367700,0,0,0,4626,1000000,16777216,read,289
measured,probe-memory-buffer,run,2055,1367900,0,0,0,4627,1000000,16777216,read,289
measured,probe-memory-buffer,run,2056,1368000,0,0,0,4628,1000000,16777216,read,289
measured,probe-memory-buffer,run,2057,1368200,0,0,0,4629,1000000,16777216,read,289
measured,probe-memory-buffer,run,2058,1368400,0,0,0,4630,1000000,16777216,read,289
measured,probe-memory-buffer,run,2059,1368600,0,0,0,4630,1000000,16777216,read,289
measured,probe-memory-buffer,run,2060,1368800,0,0,0,4631,1000000,16777216,read,289
measured,probe-memory-buffer,run,2061,1369000,0,0,0,4632,1000000,16777216,read,289
measured,probe-memory-buffer,run,2062,1369200,0,0,0,4633,1000000,16777216,read,289
measured,probe-memory-buffer,run,2063,1369400,0,0,0,4633,1000000,16777216,read,289
measured,probe-memory-buffer,run,2064,1369600,0,0,0,4634,1000000,16777216,read,289
measured,probe-memory-buffer,run,2065,1369800,0,0,0,4635,1000000,16777216,read,289
measured,probe-memory-buffer,run,2066,1370000,0,0,0,4636,1000000,16777216,read,289
measured,probe-memory-buffer,run,2067,1370200,0,0,0,4636,1000000,16777216,read,289
measured,probe-memory-buffer,run,2068,1370400,0,0,0,4637,1000000,16777216,read,289
measured,probe-memory-buffer,run,2069,1370600,0,0,0,4638,1000000,16777216,read,289
measured,probe-memory-buffer,run,2070,1370700,0,0,0,4639,1000000,16777216,read,289
measured,probe-memory-buffer,run,2071,1370900,0,0,0,4639,1000000,16777216,read,289
measured,probe-memory-buffer,run,2072,1371100,0,0,0,4640,1000000,16777216,read,290
measured,probe-memory-buffer,run,2073,1371300,0,0,0,4641,1000000,16777216,read,290
measured,probe-memory-buffer,run,2074,1373900,0,0,0,4651,1000000,16777216,read,290
measured,probe-memory-buffer,run,2075,1374100,0,0,0,4651,1000000,16777216,read,290
measured,probe-memory-buffer,run,2076,1374300,0,0,0,4652,1000000,16777216,read,290
measured,probe-memory-buffer,run,2077,1374400,0,0,0,4653,1000000,16777216,read,290
measured,probe-memory-buffer,run,2078,1374600,0,0,0,4654,1000000,16777216,read,290
measured,probe-memory-buffer,run,2079,1374800,0,0,0,4655,1000000,16777216,read,290
measured,probe-memory-buffer,run,2080,1375000,0,0,0,4655,1000000,16777216,read,290
measured,probe-memory-buffer,run,2081,1375200,0,0,0,4656,1000000,16777216,read,291
measured,probe-memory-buffer,run,2082,1375400,0,0,0,4657,1000000,16777216,read,291
measured,probe-memory-buffer,run,2083,1375600,0,0,0,4658,1000000,16777216,read,291
measured,probe-memory-buffer,run,2084,1375800,0,0,0,4658,1000000,16777216,read,291
measured,probe-memory-buffer,run,2085,1376000,0,0,0,4659,1000000,16777216,read,291
measured,probe-memory-buffer,run,2086,1376200,0,0,0,4660,1000000,16777216,read,291
measured,probe-memory-buffer,run,2087,1376400,0,0,0,4661,1000000,16777216,read,291
measured,probe-memory-buffer,run,2088,1376600,0,0,0,4662,1000000,16777216,read,291
measured,probe-memory-buffer,run,2089,1376800,0,0,0,4662,1000000,16777216,read,291
measured,probe-memory-buffer,run,2090,1377000,0,0,0,4663,1000000,16777216,read,291
measured,probe-memory-buffer,run,2091,1377200,0,0,0,4664,1000000,16777216,read,291
measured,probe-memory-buffer,run,2092,1377400,0,0,0,4664,1000000,16777216,read,291
measured,probe-memory-buffer,run,2093,1377600,0,0,0,4665,1000000,16777216,read,291
measured,probe-memory-buffer,run,2094,1377700,0,0,0,4666,1000000,16777216,read,291
measured,probe-memory-buffer,run,2095,1377900,0,0,0,4667,1000000,16777216,read,291
measured,probe-memory-buffer,run,2096,1378100,0,0,0,4667,1000000,16777216,read,291
measured,probe-memory-buffer,run,2097,1378300,0,0,0,4668,1000000,16777216,read,291
measured,probe-memory-buffer,run,2098,1378500,0,0,0,4669,1000000,16777216,read,291
measured,probe-memory-buffer,run,2099,1378700,0,0,0,4670,1000000,16777216,read,291
measured,probe-memory-buffer,run,2100,1378900,0,0,0,4671,1000000,16777216,read,291
measured,probe-memory-buffer,run,2101,1379100,0,0,0,4671,1000000,16777216,read,291
measured,probe-memory-buffer,run,2102,1379300,0,0,0,4672,1000000,16777216,read,292
measured,probe-memory-buffer,run,2103,1379500,0,0,0,4673,1000000,16777216,read,292
measured,probe-memory-buffer,run,2104,1379700,0,0,0,4674,1000000,16777216,read,292
measured,probe-memory-buffer,run,2105,1379900,0,0,0,4674,1000000,16777216,read,292
measured,probe-memory-buffer,run,2106,1380100,0,0,0,4675,1000000,16777216,read,292
measured,probe-memory-buffer,run,2107,1380300,0,0,0,4676,1000000,16777216,read,292
measured,probe-memory-buffer,run,2108,1380500,0,0,0,4676,1000000,16777216,read,292
measured,probe-memory-buffer,run,2109,1380600,0,0,0,4677,1000000,16777216,read,292
measured,probe-memory-buffer,run,2110,1380800,0,0,0,4678,1000000,16777216,read,292
measured,probe-memory-buffer,run,2111,1381000,0,0,0,4679,1000000,16777216,read,292
measured,probe-memory-buffer,run,2112,1381200,0,0,0,4680,1000000,16777216,read,292
measured,probe-memory-buffer,run,2113,1381400,0,0,0,4680,1000000,16777216,read,292
measured,probe-memory-buffer,run,2114,1381600,0,0,0,4681,1000000,16777216,read,292
measured,probe-memory-buffer,run,2115,1381800,0,0,0,4682,1000000,16777216,read,292
measured,probe-memory-buffer,run,2116,1382000,0,0,0,4683,1000000,16777216,read,292
measured,probe-memory-buffer,run,2117,1382200,0,0,0,4683,1000000,16777216,read,292
measured,probe-memory-buffer,run,2118,1382400,0,0,0,4684,1000000,16777216,read,292
measured,probe-memory-buffer,run,2119,1382600,0,0,0,4685,1000000,16777216,read,292
measured,probe-memory-buffer,run,2120,1382800,0,0,0,4686,1000000,16777216,read,292
measured,probe-memory-buffer,run,2121,1383000,0,0,0,4687,1000000,16777216,read,292
measured,probe-memory-buffer,run,2122,1383200,0,0,0,4687,1000000,16777216,read,292
measured,probe-memory-buffer,run,2123,1383400,0,0,0,4688,1000000,16777216,read,293
measured,probe-memory-buffer,run,2124,1383600,0,0,0,4689,1000000,16777216,read,293
measured,probe-memory-buffer,run,2125,1383800,0,0,0,4689,1000000,16777216,read,293
measured,probe-memory-buffer,run,2126,1384000,0,0,0,4690,1000000,16777216,read,293
measured,probe-memory-buffer,run,2127,1384100,0,0,0,4691,1000000,16777216,read,293
measured,probe-memory-buffer,run,2128,1384300,0,0,0,4692,1000000,16777216,read,293
measured,probe-memory-buffer,run,2129,1384500,0,0,0,4692,1000000,16777216,read,293
measured,probe-memory-buffer,run,2130,1384700,0,0,0,4693,1000000,16777216,read,293
measured,probe-memory-buffer,run,2131,1385900,0,0,0,4698,1000000,16777216,read,293
measured,probe-memory-buffer,run,2132,1386100,0,0,0,4698,1000000,16777216,read,293
measured,probe-memory-buffer,run,2133,1386300,0,0,0,4699,1000000,16777216,read,293
measured,probe-memory-buffer,run,2134,1386500,0,0,0,4700,1000000,16777216,read,293
measured,probe-memory-buffer,run,2135,1386600,0,0,0,4701,1000000,16777216,read,293
measured,probe-memory-buffer,run,2136,1386800,0,0,0,4701,1000000,16777216,read,293
measured,probe-memory-buffer,run,2137,1387000,0,0,0,4702,1000000,16777216,read,293
measured,probe-memory-buffer,run,2138,1387200,0,0,0,4703,1000000,16777216,read,293
measured,probe-memory-buffer,run,2139,1387400,0,0,0,4704,1000000,16777216,read,294
measured,probe-memory-buffer,run,2140,1387600,0,0,0,4705,1000000,16777216,read,294
measured,probe-memory-buffer,run,2141,1387800,0,0,0,4705,1000000,16777216,read,294
measured,probe-memory-buffer,run,2142,1388000,0,0,0,4706,1000000,16777216,read,294
measured,probe-memory-buffer,run,2143,1388200,0,0,0,4707,1000000,16777216,read,294
measured,probe-memory-buffer,run,2144,1388400,0,0,0,4708,1000000,16777216,read,294
measured,probe-memory-buffer,run,2145,1388600,0,0,0,4708,1000000,16777216,read,294
measured,probe-memory-buffer,run,2146,1388800,0,0,0,4709,1000000,16777216,read,294
measured,probe-memory-buffer,run,2147,1389000,0,0,0,4710,1000000,16777216,read,294
measured,probe-memory-buffer,run,2148,1389200,0,0,0,4710,1000000,16777216,read,294
measured,probe-memory-buffer,run,2149,1389400,0,0,0,4711,1000000,16777216,read,294
measured,probe-memory-buffer,run,2150,1389600,0,0,0,4712,1000000,16777216,read,294
measured,probe-memory-buffer,run,2151,1389800,0,0,0,4713,1000000,16777216,read,294
measured,probe-memory-buffer,run,2152,1390000,0,0,0,4714,1000000,16777216,read,294
measured,probe-memory-buffer,run,2153,1390100,0,0,0,4714,1000000,16777216,read,294
measured,probe-memory-buffer,run,2154,1390300,0,0,0,4715,1000000,16777216,read,294
measured,probe-memory-buffer,run,2155,1390500,0,0,0,4716,1000000,16777216,read,294
measured,probe-memory-buffer,run,2156,1390700,0,0,0,4717,1000000,16777216,read,294
measured,probe-memory-buffer,run,2157,1390900,0,0,0,4717,1000000,16777216,read,294
measured,probe-memory-buffer,run,2158,1391100,0,0,0,4718,1000000,16777216,read,294
measured,probe-memory-buffer,run,2159,1391300,0,0,0,4719,1000000,16777216,read,294
measured,probe-memory-buffer,run,2160,1391500,0,0,0,4720,1000000,16777216,read,295
measured,probe-memory-buffer,run,2161,1391700,0,0,0,4721,1000000,16777216,read,295
measured,probe-memory-buffer,run,2162,1391900,0,0,0,4721,1000000,16777216,read,295
measured,probe-memory-buffer,run,2163,1392100,0,0,0,4722,1000000,16777216,read,295
measured,probe-memory-buffer,run,2164,1392300,0,0,0,4723,1000000,16777216,read,295
measured,probe-memory-buffer,run,2165,1392500,0,0,0,4723,1000000,16777216,read,295
measured,probe-memory-buffer,run,2166,1392700,0,0,0,4724,1000000,16777216,read,295
measured,probe-memory-buffer,run,2167,1392900,0,0,0,4725,1000000,16777216,read,295
measured,probe-memory-buffer,run,2168,1393000,0,0,0,4726,1000000,16777216,read,295
measured,probe-memory-buffer,run,2169,1393200,0,0,0,4726,1000000,16777216,read,295
measured,probe-memory-buffer,run,2170,1393400,0,0,0,4727,1000000,16777216,read,295
measured,probe-memory-buffer,run,2171,1393600,0,0,0,4728,1000000,16777216,read,295
measured,probe-memory-buffer,run,2172,1393800,0,0,0,4729,1000000,16777216,read,295
measured,probe-memory-buffer,run,2173,1394000,0,0,0,4730,1000000,16777216,read,295
measured,probe-memory-buffer,run,2174,1394200,0,0,0,4730,1000000,16777216,read,295
measured,probe-memory-buffer,run,2175,1394400,0,0,0,4731,1000000,16777216,read,295
measured,probe-memory-buffer,run,2176,1394600,0,0,0,4732,1000000,16777216,read,295
measured,probe-memory-buffer,run,2177,1394800,0,0,0,4733,1000000,16777216,read,295
measured,probe-memory-buffer,run,2178,1395000,0,0,0,4733,1000000,16777216,read,295
measured,probe-memory-buffer,run,2179,1395200,0,0,0,4734,1000000,16777216,read,295
measured,probe-memory-buffer,run,2180,1395400,0,0,0,4735,1000000,16777216,read,295
measured,probe-memory-buffer,run,2181,1395600,0,0,0,4735,1000000,16777216,read,295
measured,probe-memory-buffer,run,2182,1395800,0,0,0,4736,1000000,16777216,read,296
measured,probe-memory-buffer,run,2183,1395900,0,0,0,4737,1000000,16777216,read,296
measured,probe-memory-buffer,run,2184,1396100,0,0,0,4738,1000000,16777216,read,296
measured,probe-memory-buffer,run,2185,1396300,0,0,0,4739,1000000,16777216,read,296
measured,probe-memory-buffer,run,2186,1396500,0,0,0,4739,1000000,16777216,read,296
measured,probe-memory-buffer,run,2187,1396700,0,0,0,4740,1000000,16777216,read,296
measured,probe-memory-buffer,run,2188,1397900,0,0,0,4745,1000000,16777216,read,296
measured,probe-memory-buffer,run,2189,1398100,0,0,0,4746,1000000,16777216,read,296
measured,probe-memory-buffer,run,2190,1398300,0,0,0,4746,1000000,16777216,read,296
measured,probe-memory-buffer,run,2191,1398500,0,0,0,4747,1000000,16777216,read,296
measured,probe-memory-buffer,run,2192,1398700,0,0,0,4748,1000000,16777216,read,296
measured,probe-memory-buffer,run,2193,1398900,0,0,0,4748,1000000,16777216,read,296
measured,probe-memory-buffer,run,2194,1399100,0,0,0,4749,1000000,16777216,read,296
measured,probe-memory-buffer,run,2195,1399300,0,0,0,4750,1000000,16777216,read,296
measured,probe-memory-buffer,run,2196,1399500,0,0,0,4751,1000000,16777216,read,296
measured,probe-memory-buffer,run,2197,1399700,0,0,0,4751,1000000,16777216,read,296
measured,probe-memory-buffer,run,2198,1399900,0,0,0,4752,1000000,16777216,read,297
measured,probe-memory-buffer,run,2199,1400100,0,0,0,4753,1000000,16777216,read,297
measured,probe-memory-buffer,run,2200,1400200,0,0,0,4754,1000000,16777216,read,297
measured,probe-memory-buffer,run,2201,1400400,0,0,0,4755,1000000,16777216,read,297
measured,probe-memory-buffer,run,2202,1400600,0,0,0,4755,1000000,16777216,read,297
measured,probe-memory-buffer,run,2203,1400800,0,0,0,4756,1000000,16777216,read,297
measured,probe-memory-buffer,run,2204,1401000,0,0,0,4757,1000000,16777216,read,297
measured,probe-memory-buffer,run,2205,1401200,0,0,0,4758,1000000,16777216,read,297
measured,probe-memory-buffer,run,2206,1401400,0,0,0,4758,1000000,16777216,read,297
measured,probe-memory-buffer,run,2207,1401600,0,0,0,4759,1000000,16777216,read,297
measured,probe-memory-buffer,run,2208,1401800,0,0,0,4760,1000000,16777216,read,297
measured,probe-memory-buffer,run,2209,1402000,0,0,0,4761,1000000,16777216,read,297
measured,probe-memory-buffer,run,2210,1402200,0,0,0,4762,1000000,16777216,read,297
measured,probe-memory-buffer,run,2211,1402400,0,0,0,4762,1000000,16777216,read,297
measured,probe-memory-buffer,run,2212,1402600,0,0,0,4763,1000000,16777216,read,297
measured,probe-memory-buffer,run,2213,1402800,0,0,0,4764,1000000,16777216,read,297
measured,probe-memory-buffer,run,2214,1403000,0,0,0,4765,1000000,16777216,read,297
measured,probe-memory-buffer,run,2215,1403200,0,0,0,4765,1000000,16777216,read,297
measured,probe-memory-buffer,run,2216,1403400,0,0,0,4766,1000000,16777216,read,297
measured,probe-memory-buffer,run,2217,1403600,0,0,0,4767,1000000,16777216,read,297
measured,probe-memory-buffer,run,2218,1403800,0,0,0,4767,1000000,16777216,read,297
measured,probe-memory-buffer,run,2219,1403900,0,0,0,4768,1000000,16777216,read,298
measured,probe-memory-buffer,run,2220,1404100,0,0,0,4769,1000000,16777216,read,298
measured,probe-memory-buffer,run,2221,1404300,0,0,0,4770,1000000,16777216,read,298
measured,probe-memory-buffer,run,2222,1404500,0,0,0,4771,1000000,16777216,read,298
measured,probe-memory-buffer,run,2223,1404700,0,0,0,4771,1000000,16777216,read,298
measured,probe-memory-buffer,run,2224,1404900,0,0,0,4772,1000000,16777216,read,298
measured,probe-memory-buffer,run,2225,1405100,0,0,0,4773,1000000,16777216,read,298
measured,probe-memory-buffer,run,2226,1405300,0,0,0,4774,1000000,16777216,read,298
measured,probe-memory-buffer,run,2227,1405500,0,0,0,4775,1000000,16777216,read,298
measured,probe-memory-buffer,run,2228,1405700,0,0,0,4775,1000000,16777216,read,298
measured,probe-memory-buffer,run,2229,1405900,0,0,0,4776,1000000,16777216,read,298
measured,probe-memory-buffer,run,2230,1406100,0,0,0,4776,1000000,16777216,read,298
measured,probe-memory-buffer,run,2231,1406300,0,0,0,4777,1000000,16777216,read,298
measured,probe-memory-buffer,run,2232,1406500,0,0,0,4778,1000000,16777216,read,298
measured,probe-memory-buffer,run,2233,1406700,0,0,0,4779,1000000,16777216,read,298
measured,probe-memory-buffer,run,2234,1406800,0,0,0,4780,1000000,16777216,read,298
measured,probe-memory-buffer,run,2235,1407000,0,0,0,4780,1000000,16777216,read,298
measured,probe-memory-buffer,run,2236,1407200,0,0,0,4781,1000000,16777216,read,298
measured,probe-memory-buffer,run,2237,1407400,0,0,0,4782,1000000,16777216,read,298
measured,probe-memory-buffer,run,2238,1407600,0,0,0,4783,1000000,16777216,read,298
measured,probe-memory-buffer,run,2239,1407800,0,0,0,4783,1000000,16777216,read,298
measured,probe-memory-buffer,run,2240,1408000,0,0,0,4784,1000000,16777216,read,299
measured,probe-memory-buffer,run,2241,1408200,0,0,0,4785,1000000,16777216,read,299
measured,probe-memory-buffer,run,2242,1408400,0,0,0,4786,1000000,16777216,read,299
measured,probe-memory-buffer,run,2243,1408600,0,0,0,4787,1000000,16777216,read,299
measured,probe-memory-buffer,run,2244,1408800,0,0,0,4787,1000000,16777216,read,299
measured,probe-memory-buffer,run,2245,1409800,0,0,0,4791,1000000,16777216,read,299
measured,probe-memory-buffer,run,2246,1410000,0,0,0,4792,1000000,16777216,read,299
measured,probe-memory-buffer,run,2247,1410200,0,0,0,4793,1000000,16777216,read,299
measured,probe-memory-buffer,run,2248,1410400,0,0,0,4794,1000000,16777216,read,299
measured,probe-memory-buffer,run,2249,1410600,0,0,0,4794,1000000,16777216,read,299
measured,probe-memory-buffer,run,2250,1410800,0,0,0,4795,1000000,16777216,read,299
measured,probe-memory-buffer,run,2251,1411000,0,0,0,4796,1000000,16777216,read,299
measured,probe-memory-buffer,run,2252,1411200,0,0,0,4797,1000000,16777216,read,299
measured,probe-memory-buffer,run,2253,1411400,0,0,0,4798,1000000,16777216,read,299
measured,probe-memory-buffer,run,2254,1411600,0,0,0,4798,1000000,16777216,read,299
measured,probe-memory-buffer,run,2255,1411800,0,0,0,4799,1000000,16777216,read,299
measured,probe-memory-buffer,run,2256,1412000,0,0,0,4800,1000000,16777216,read,300
measured,probe-memory-buffer,run,2257,1412100,0,0,0,4800,1000000,16777216,read,300
measured,probe-memory-buffer,run,2258,1412300,0,0,0,4801,1000000,16777216,read,300
measured,probe-memory-buffer,run,2259,1412500,0,0,0,4802,1000000,16777216,read,300
measured,probe-memory-buffer,run,2260,1412700,0,0,0,4803,1000000,16777216,read,300
measured,probe-memory-buffer,run,2261,1412900,0,0,0,4803,1000000,16777216,read,300
measured,probe-memory-buffer,run,2262,1413100,0,0,0,4804,1000000,16777216,read,300
measured,probe-memory-buffer,run,2263,1413300,0,0,0,4805,1000000,16777216,read,300
measured,probe-memory-buffer,run,2264,1413500,0,0,0,4806,1000000,16777216,read,300
measured,probe-memory-buffer,run,2265,1413700,0,0,0,4807,1000000,16777216,read,300
measured,probe-memory-buffer,run,2266,1413900,0,0,0,4807,1000000,16777216,read,300
measured,probe-memory-buffer,run,2267,1414100,0,0,0,4808,1000000,16777216,read,300
measured,probe-memory-buffer,run,2268,1414300,0,0,0,4809,1000000,16777216,read,300
measured,probe-memory-buffer,run,2269,1414500,0,0,0,4809,1000000,16777216,read,300
measured,probe-memory-buffer,run,2270,1414700,0,0,0,4810,1000000,16777216,read,300
measured,probe-memory-buffer,run,2271,1414900,0,0,0,4811,1000000,16777216,read,300
measured,probe-memory-buffer,run,2272,1415000,0,0,0,4812,1000000,16777216,read,300
measured,probe-memory-buffer,run,2273,1415200,0,0,0,4812,1000000,16777216,read,300
measured,probe-memory-buffer,run,2274,1415400,0,0,0,4813,1000000,16777216,read,300
measured,probe-memory-buffer,run,2275,1415600,0,0,0,4814,1000000,16777216,read,300
measured,probe-memory-buffer,run,2276,1415800,0,0,0,4815,1000000,16777216,read,300
measured,probe-memory-buffer,run,2277,1416000,0,0,0,4816,1000000,16777216,read,301
measured,probe-memory-buffer,run,2278,1416200,0,0,0,4816,1000000,16777216,read,301
measured,probe-memory-buffer,run,2279,1416400,0,0,0,4817,1000000,16777216,read,301
measured,probe-memory-buffer,run,2280,1416600,0,0,0,4818,1000000,16777216,read,301
measured,probe-memory-buffer,run,2281,1416800,0,0,0,4819,1000000,16777216,read,301
measured,probe-memory-buffer,run,2282,1417000,0,0,0,4819,1000000,16777216,read,301
measured,probe-memory-buffer,run,2283,1417200,0,0,0,4820,1000000,16777216,read,301
measured,probe-memory-buffer,run,2284,1417400,0,0,0,4821,1000000,16777216,read,301
measured,probe-memory-buffer,run,2285,1417600,0,0,0,4822,1000000,16777216,read,301
measured,probe-memory-buffer,run,2286,1417800,0,0,0,4823,1000000,16777216,read,301
measured,probe-memory-buffer,run,2287,1418000,0,0,0,4823,1000000,16777216,read,301
measured,probe-memory-buffer,run,2288,1418200,0,0,0,4824,1000000,16777216,read,301
measured,probe-memory-buffer,run,2289,1418400,0,0,0,4825,1000000,16777216,read,301
measured,probe-memory-buffer,run,2290,1418600,0,0,0,4825,1000000,16777216,read,301
measured,probe-memory-buffer,run,2291,1418800,0,0,0,4826,1000000,16777216,read,301
measured,probe-memory-buffer,run,2292,1418900,0,0,0,4827,1000000,16777216,read,301
measured,probe-memory-buffer,run,2293,1419100,0,0,0,4828,1000000,16777216,read,301
measured,probe-memory-buffer,run,2294,1419300,0,0,0,4828,1000000,16777216,read,301
measured,probe-memory-buffer,run,2295,1419500,0,0,0,4829,1000000,16777216,read,301
measured,probe-memory-buffer,run,2296,1419700,0,0,0,4830,1000000,16777216,read,301
measured,probe-memory-buffer,run,2297,1419900,0,0,0,4831,1000000,16777216,read,301
measured,probe-memory-buffer,run,2298,1420100,0,0,0,4832,1000000,16777216,read,302
measured,probe-memory-buffer,run,2299,1420300,0,0,0,4832,1000000,16777216,read,302
measured,probe-memory-buffer,run,2300,1420500,0,0,0,4833,1000000,16777216,read,302
measured,probe-memory-buffer,run,2301,1421500,0,0,0,4837,1000000,16777216,read,302
measured,probe-memory-buffer,run,2302,1421700,0,0,0,4838,1000000,16777216,read,302
measured,probe-memory-buffer,run,2303,1421900,0,0,0,4839,1000000,16777216,read,302
measured,probe-memory-buffer,run,2304,1422100,0,0,0,4839,1000000,16777216,read,302
measured,probe-memory-buffer,run,2305,1422300,0,0,0,4840,1000000,16777216,read,302
measured,probe-memory-buffer,run,2306,1422500,0,0,0,4841,1000000,16777216,read,302
measured,probe-memory-buffer,run,2307,1422700,0,0,0,4842,1000000,16777216,read,302
measured,probe-memory-buffer,run,2308,1422900,0,0,0,4842,1000000,16777216,read,302
measured,probe-memory-buffer,run,2309,1423100,0,0,0,4843,1000000,16777216,read,302
measured,probe-memory-buffer,run,2310,1423300,0,0,0,4844,1000000,16777216,read,302
measured,probe-memory-buffer,run,2311,1423500,0,0,0,4844,1000000,16777216,read,302
measured,probe-memory-buffer,run,2312,1423700,0,0,0,4845,1000000,16777216,read,302
measured,probe-memory-buffer,run,2313,1423900,0,0,0,4846,1000000,16777216,read,302
measured,probe-memory-buffer,run,2314,1424100,0,0,0,4847,1000000,16777216,read,302
measured,probe-memory-buffer,run,2315,1424200,0,0,0,4848,1000000,16777216,read,303
measured,probe-memory-buffer,run,2316,1424400,0,0,0,4848,1000000,16777216,read,303
measured,probe-memory-buffer,run,2317,1424600,0,0,0,4849,1000000,16777216,read,303
measured,probe-memory-buffer,run,2318,1424800,0,0,0,4850,1000000,16777216,read,303
measured,probe-memory-buffer,run,2319,1425000,0,0,0,4851,1000000,16777216,read,303
measured,probe-memory-buffer,run,2320,1425200,0,0,0,4851,1000000,16777216,read,303
measured,probe-memory-buffer,run,2321,1425400,0,0,0,4852,1000000,16777216,read,303
measured,probe-memory-buffer,run,2322,1425600,0,0,0,4853,1000000,16777216,read,303
measured,probe-memory-buffer,run,2323,1425800,0,0,0,4854,1000000,16777216,read,303
measured,probe-memory-buffer,run,2324,1426000,0,0,0,4855,1000000,16777216,read,303
measured,probe-memory-buffer,run,2325,1426200,0,0,0,4855,1000000,16777216,read,303
measured,probe-memory-buffer,run,2326,1426400,0,0,0,4856,1000000,16777216,read,303
measured,probe-memory-buffer,run,2327,1426600,0,0,0,4857,1000000,16777216,read,303
measured,probe-memory-buffer,run,2328,1426800,0,0,0,4857,1000000,16777216,read,303
measured,probe-memory-buffer,run,2329,1427000,0,0,0,4858,1000000,16777216,read,303
measured,probe-memory-buffer,run,2330,1427100,0,0,0,4859,1000000,16777216,read,303
measured,probe-memory-buffer,run,2331,1427300,0,0,0,4860,1000000,16777216,read,303
measured,probe-memory-buffer,run,2332,1427500,0,0,0,4860,1000000,16777216,read,303
measured,probe-memory-buffer,run,2333,1427700,0,0,0,4861,1000000,16777216,read,303
measured,probe-memory-buffer,run,2334,1427900,0,0,0,4862,1000000,16777216,read,303
measured,probe-memory-buffer,run,2335,1428100,0,0,0,4863,1000000,16777216,read,303
measured,probe-memory-buffer,run,2336,1428300,0,0,0,4864,1000000,16777216,read,304
measured,probe-memory-buffer,run,2337,1428500,0,0,0,4864,1000000,16777216,read,304
measured,probe-memory-buffer,run,2338,1428700,0,0,0,4865,1000000,16777216,read,304
measured,probe-memory-buffer,run,2339,1428900,0,0,0,4866,1000000,16777216,read,304
measured,probe-memory-buffer,run,2340,1429100,0,0,0,4867,1000000,16777216,read,304
measured,probe-memory-buffer,run,2341,1429300,0,0,0,4867,1000000,16777216,read,304
measured,probe-memory-buffer,run,2342,1429500,0,0,0,4868,1000000,16777216,read,304
measured,probe-memory-buffer,run,2343,1429700,0,0,0,4869,1000000,16777216,read,304
measured,probe-memory-buffer,run,2344,1429900,0,0,0,4869,1000000,16777216,read,304
measured,probe-memory-buffer,run,2345,1430100,0,0,0,4870,1000000,16777216,read,304
measured,probe-memory-buffer,run,2346,1430300,0,0,0,4871,1000000,16777216,read,304
measured,probe-memory-buffer,run,2347,1430400,0,0,0,4872,1000000,16777216,read,304
measured,probe-memory-buffer,run,2348,1430600,0,0,0,4873,1000000,16777216,read,304
measured,probe-memory-buffer,run,2349,1430800,0,0,0,4873,1000000,16777216,read,304
measured,probe-memory-buffer,run,2350,1431000,0,0,0,4874,1000000,16777216,read,304
measured,probe-memory-buffer,run,2351,1431200,0,0,0,4875,1000000,16777216,read,304
measured,probe-memory-buffer,run,2352,1431400,0,0,0,4876,1000000,16777216,read,304
measured,probe-memory-buffer,run,2353,1431600,0,0,0,4876,1000000,16777216,read,304
measured,probe-memory-buffer,run,2354,1431800,0,0,0,4877,1000000,16777216,read,304
measured,probe-memory-buffer,run,2355,1432000,0,0,0,4878,1000000,16777216,read,304
measured,probe-memory-buffer,run,2356,1432200,0,0,0,4879,1000000,16777216,read,304
measured,probe-memory-buffer,run,2357,1432400,0,0,0,4880,1000000,16777216,read,305
measured,probe-memory-buffer,run,2358,1433400,0,0,0,4883,1000000,16777216,read,305
measured,probe-memory-buffer,run,2359,1433600,0,0,0,4884,1000000,16777216,read,305
measured,probe-memory-buffer,run,2360,1433800,0,0,0,4885,1000000,16777216,read,305
measured,probe-memory-buffer,run,2361,1434000,0,0,0,4886,1000000,16777216,read,305
measured,probe-memory-buffer,run,2362,1434200,0,0,0,4887,1000000,16777216,read,305
measured,probe-memory-buffer,run,2363,1434400,0,0,0,4887,1000000,16777216,read,305
measured,probe-memory-buffer,run,2364,1434600,0,0,0,4888,1000000,16777216,read,305
measured,probe-memory-buffer,run,2365,1434800,0,0,0,4889,1000000,16777216,read,305
measured,probe-memory-buffer,run,2366,1435000,0,0,0,4890,1000000,16777216,read,305
measured,probe-memory-buffer,run,2367,1435200,0,0,0,4891,1000000,16777216,read,305
measured,probe-memory-buffer,run,2368,1435400,0,0,0,4891,1000000,16777216,read,305
measured,probe-memory-buffer,run,2369,1435600,0,0,0,4892,1000000,16777216,read,305
measured,probe-memory-buffer,run,2370,1435800,0,0,0,4892,1000000,16777216,read,305
measured,probe-memory-buffer,run,2371,1436000,0,0,0,4893,1000000,16777216,read,305
measured,probe-memory-buffer,run,2372,1436200,0,0,0,4894,1000000,16777216,read,305
measured,probe-memory-buffer,run,2373,1436300,0,0,0,4895,1000000,16777216,read,305
measured,probe-memory-buffer,run,2374,1436500,0,0,0,4896,1000000,16777216,read,306
measured,probe-memory-buffer,run,2375,1436700,0,0,0,4896,1000000,16777216,read,306
measured,probe-memory-buffer,run,2376,1436900,0,0,0,4897,1000000,16777216,read,306
measured,probe-memory-buffer,run,2377,1437100,0,0,0,4898,1000000,16777216,read,306
measured,probe-memory-buffer,run,2378,1437300,0,0,0,4899,1000000,16777216,read,306
measured,probe-memory-buffer,run,2379,1437500,0,0,0,4900,1000000,16777216,read,306
measured,probe-memory-buffer,run,2380,1437700,0,0,0,4900,1000000,16777216,read,306
measured,probe-memory-buffer,run,2381,1437900,0,0,0,4901,1000000,16777216,read,306
measured,probe-memory-buffer,run,2382,1438100,0,0,0,4902,1000000,16777216,read,306
measured,probe-memory-buffer,run,2383,1438300,0,0,0,4903,1000000,16777216,read,306
measured,probe-memory-buffer,run,2384,1438500,0,0,0,4903,1000000,16777216,read,306
measured,probe-memory-buffer,run,2385,1438700,0,0,0,4904,1000000,16777216,read,306
measured,probe-memory-buffer,run,2386,1438900,0,0,0,4905,1000000,16777216,read,306
measured,probe-memory-buffer,run,2387,1439100,0,0,0,4905,1000000,16777216,read,306
measured,probe-memory-buffer,run,2388,1439300,0,0,0,4906,1000000,16777216,read,306
measured,probe-memory-buffer,run,2389,1439500,0,0,0,4907,1000000,16777216,read,306
measured,probe-memory-buffer,run,2390,1439600,0,0,0,4908,1000000,16777216,read,306
measured,probe-memory-buffer,run,2391,1439900,0,0,0,4908,1000000,16777216,read,306
measured,probe-memory-buffer,run,2392,1440100,0,0,0,4909,1000000,16777216,read,306
measured,probe-memory-buffer,run,2393,1440300,0,0,0,4910,1000000,16777216,read,306
measured,probe-memory-buffer,run,2394,1440500,0,0,0,4911,1000000,16777216,read,306
measured,probe-memory-buffer,run,2395,1440600,0,0,0,4912,1000000,16777216,read,307
measured,probe-memory-buffer,run,2396,1440800,0,0,0,4912,1000000,16777216,read,307
measured,probe-memory-buffer,run,2397,1441000,0,0,0,4913,1000000,16777216,read,307
measured,probe-memory-buffer,run,2398,1441200,0,0,0,4914,1000000,16777216,read,307
measured,probe-memory-buffer,run,2399,1441400,0,0,0,4915,1000000,16777216,read,307
measured,probe-memory-buffer,run,2400,1441600,0,0,0,4916,1000000,16777216,read,307
measured,probe-memory-buffer,run,2401,1441800,0,0,0,4916,1000000,16777216,read,307
measured,probe-memory-buffer,run,2402,1442000,0,0,0,4917,1000000,16777216,read,307
measured,probe-memory-buffer,run,2403,1442200,0,0,0,4918,1000000,16777216,read,307
measured,probe-memory-buffer,run,2404,1442400,0,0,0,4919,1000000,16777216,read,307
measured,probe-memory-buffer,run,2405,1442600,0,0,0,4919,1000000,16777216,read,307
measured,probe-memory-buffer,run,2406,1442800,0,0,0,4920,1000000,16777216,read,307
measured,probe-memory-buffer,run,2407,1443000,0,0,0,4921,1000000,16777216,read,307
measured,probe-memory-buffer,run,2408,1443200,0,0,0,4921,1000000,16777216,read,307
measured,probe-memory-buffer,run,2409,1443400,0,0,0,4922,1000000,16777216,read,307
measured,probe-memory-buffer,run,2410,1443600,0,0,0,4923,1000000,16777216,read,307
measured,probe-memory-buffer,run,2411,1443800,0,0,0,4924,1000000,16777216,read,307
measured,probe-memory-buffer,run,2412,1443900,0,0,0,4925,1000000,16777216,read,307
measured,probe-memory-buffer,run,2413,1444100,0,0,0,4925,1000000,16777216,read,307
measured,probe-memory-buffer,run,2414,1444300,0,0,0,4926,1000000,16777216,read,307
measured,probe-memory-buffer,run,2415,1445400,0,0,0,4930,1000000,16777216,read,308
measured,probe-memory-buffer,run,2416,1445600,0,0,0,4931,1000000,16777216,read,308
measured,probe-memory-buffer,run,2417,1445800,0,0,0,4932,1000000,16777216,read,308
measured,probe-memory-buffer,run,2418,1446000,0,0,0,4933,1000000,16777216,read,308
measured,probe-memory-buffer,run,2419,1446200,0,0,0,4933,1000000,16777216,read,308
measured,probe-memory-buffer,run,2420,1446400,0,0,0,4934,1000000,16777216,read,308
measured,probe-memory-buffer,run,2421,1446600,0,0,0,4935,1000000,16777216,read,308
measured,probe-memory-buffer,run,2422,1446800,0,0,0,4936,1000000,16777216,read,308
measured,probe-memory-buffer,run,2423,1447000,0,0,0,4937,1000000,16777216,read,308
measured,probe-memory-buffer,run,2424,1447200,0,0,0,4937,1000000,16777216,read,308
measured,probe-memory-buffer,run,2425,1447400,0,0,0,4938,1000000,16777216,read,308
measured,probe-memory-buffer,run,2426,1447600,0,0,0,4939,1000000,16777216,read,308
measured,probe-memory-buffer,run,2427,1447800,0,0,0,4939,1000000,16777216,read,308
measured,probe-memory-buffer,run,2428,1448000,0,0,0,4940,1000000,16777216,read,308
measured,probe-memory-buffer,run,2429,1448100,0,0,0,4941,1000000,16777216,read,308
measured,probe-memory-buffer,run,2430,1448300,0,0,0,4942,1000000,16777216,read,308
measured,probe-memory-buffer,run,2431,1448500,0,0,0,4942,1000000,16777216,read,308
measured,probe-memory-buffer,run,2432,1448700,0,0,0,4943,1000000,16777216,read,308
measured,probe-memory-buffer,run,2433,1448900,0,0,0,4944,1000000,16777216,read,309
measured,probe-memory-buffer,run,2434,1449100,0,0,0,4945,1000000,16777216,read,309
measured,probe-memory-buffer,run,2435,1449300,0,0,0,4946,1000000,16777216,read,309
measured,probe-memory-buffer,run,2436,1449500,0,0,0,4946,1000000,16777216,read,309
measured,probe-memory-buffer,run,2437,1449700,0,0,0,4947,1000000,16777216,read,309
measured,probe-memory-buffer,run,2438,1449900,0,0,0,4948,1000000,16777216,read,309
measured,probe-memory-buffer,run,2439,1450100,0,0,0,4949,1000000,16777216,read,309
measured,probe-memory-buffer,run,2440,1450300,0,0,0,4950,1000000,16777216,read,309
measured,probe-memory-buffer,run,2441,1450500,0,0,0,4950,1000000,16777216,read,309
measured,probe-memory-buffer,run,2442,1450700,0,0,0,4951,1000000,16777216,read,309
measured,probe-memory-buffer,run,2443,1450900,0,0,0,4951,1000000,16777216,read,309
measured,probe-memory-buffer,run,2444,1451100,0,0,0,4952,1000000,16777216,read,309
measured,probe-memory-buffer,run,2445,1451300,0,0,0,4953,1000000,16777216,read,309
measured,probe-memory-buffer,run,2446,1451400,0,0,0,4954,1000000,16777216,read,309
measured,probe-memory-buffer,run,2447,1451600,0,0,0,4955,1000000,16777216,read,309
measured,probe-memory-buffer,run,2448,1451800,0,0,0,4955,1000000,16777216,read,309
measured,probe-memory-buffer,run,2449,1452000,0,0,0,4956,1000000,16777216,read,309
measured,probe-memory-buffer,run,2450,1452200,0,0,0,4957,1000000,16777216,read,309
measured,probe-memory-buffer,run,2451,1452400,0,0,0,4958,1000000,16777216,read,309
measured,probe-memory-buffer,run,2452,1452600,0,0,0,4958,1000000,16777216,read,309
measured,probe-memory-buffer,run,2453,1452800,0,0,0,4959,1000000,16777216,read,309
measured,probe-memory-buffer,run,2454,1453000,0,0,0,4960,1000000,16777216,read,310
measured,probe-memory-buffer,run,2455,1453200,0,0,0,4961,1000000,16777216,read,310
measured,probe-memory-buffer,run,2456,1453400,0,0,0,4962,1000000,16777216,read,310
measured,probe-memory-buffer,run,2457,1453600,0,0,0,4962,1000000,16777216,read,310
measured,probe-memory-buffer,run,2458,1453800,0,0,0,4963,1000000,16777216,read,310
measured,probe-memory-buffer,run,2459,1454000,0,0,0,4964,1000000,16777216,read,310
measured,probe-memory-buffer,run,2460,1454200,0,0,0,4965,1000000,16777216,read,310
measured,probe-memory-buffer,run,2461,1454400,0,0,0,4965,1000000,16777216,read,310
measured,probe-memory-buffer,run,2462,1454600,0,0,0,4966,1000000,16777216,read,310
measured,probe-memory-buffer,run,2463,1454800,0,0,0,4967,1000000,16777216,read,310
measured,probe-memory-buffer,run,2464,1455000,0,0,0,4967,1000000,16777216,read,310
measured,probe-memory-buffer,run,2465,1455200,0,0,0,4968,1000000,16777216,read,310
measured,probe-memory-buffer,run,2466,1455400,0,0,0,4969,1000000,16777216,read,310
measured,probe-memory-buffer,run,2467,1455600,0,0,0,4970,1000000,16777216,read,310
measured,probe-memory-buffer,run,2468,1455800,0,0,0,4971,1000000,16777216,read,310
measured,probe-memory-buffer,run,2469,1455900,0,0,0,4971,1000000,16777216,read,310
measured,probe-memory-buffer,run,2470,1456100,0,0,0,4972,1000000,16777216,read,310
measured,probe-memory-buffer,run,2471,1456300,0,0,0,4973,1000000,16777216,read,310
measured,probe-memory-buffer,run,2472,1457400,0,0,0,4977,1000000,16777216,read,311
measured,probe-memory-buffer,run,2473,1457600,0,0,0,4978,1000000,16777216,read,311
measured,probe-memory-buffer,run,2474,1457800,0,0,0,4979,1000000,16777216,read,311
measured,probe-memory-buffer,run,2475,1458000,0,0,0,4980,1000000,16777216,read,311
measured,probe-memory-buffer,run,2476,1458200,0,0,0,4980,1000000,16777216,read,311
measured,probe-memory-buffer,run,2477,1458400,0,0,0,4981,1000000,16777216,read,311
measured,probe-memory-buffer,run,2478,1458600,0,0,0,4982,1000000,16777216,read,311
measured,probe-memory-buffer,run,2479,1458800,0,0,0,4982,1000000,16777216,read,311
measured,probe-memory-buffer,run,2480,1459000,0,0,0,4983,1000000,16777216,read,311
measured,probe-memory-buffer,run,2481,1459200,0,0,0,4984,1000000,16777216,read,311
measured,probe-memory-buffer,run,2482,1459400,0,0,0,4985,1000000,16777216,read,311
measured,probe-memory-buffer,run,2483,1459600,0,0,0,4985,1000000,16777216,read,311
measured,probe-memory-buffer,run,2484,1459800,0,0,0,4986,1000000,16777216,read,311
measured,probe-memory-buffer,run,2485,1459900,0,0,0,4987,1000000,16777216,read,311
measured,probe-memory-buffer,run,2486,1460100,0,0,0,4988,1000000,16777216,read,311
measured,probe-memory-buffer,run,2487,1460300,0,0,0,4989,1000000,16777216,read,311
measured,probe-memory-buffer,run,2488,1460500,0,0,0,4989,1000000,16777216,read,311
measured,probe-memory-buffer,run,2489,1460700,0,0,0,4990,1000000,16777216,read,311
measured,probe-memory-buffer,run,2490,1460900,0,0,0,4991,1000000,16777216,read,311
measured,probe-memory-buffer,run,2491,1461100,0,0,0,4992,1000000,16777216,read,312
measured,probe-memory-buffer,run,2492,1461300,0,0,0,4992,1000000,16777216,read,312
measured,probe-memory-buffer,run,2493,1461500,0,0,0,4993,1000000,16777216,read,312
measured,probe-memory-buffer,run,2494,1461700,0,0,0,4994,1000000,16777216,read,312
measured,probe-memory-buffer,run,2495,1461900,0,0,0,4995,1000000,16777216,read,312
measured,probe-memory-buffer,run,2496,1462100,0,0,0,4996,1000000,16777216,read,312
measured,probe-memory-buffer,run,2497,1462300,0,0,0,4996,1000000,16777216,read,312
measured,probe-memory-buffer,run,2498,1462500,0,0,0,4997,1000000,16777216,read,312
measured,probe-memory-buffer,run,2499,1462700,0,0,0,4998,1000000,16777216,read,312
measured,probe-memory-buffer,run,2500,1462900,0,0,0,4998,1000000,16777216,read,312
measured,probe-memory-buffer,run,2501,1463100,0,0,0,4999,1000000,16777216,read,312
measured,probe-memory-buffer,run,2502,1463200,0,0,0,5000,1000000,16777216,read,312
measured,probe-memory-buffer,run,2503,1463400,0,0,0,5001,1000000,16777216,read,312
measured,probe-memory-buffer,run,2504,1463600,0,0,0,5001,1000000,16777216,read,312
measured,probe-memory-buffer,run,2505,1463800,0,0,0,5002,1000000,16777216,read,312
measured,probe-memory-buffer,run,2506,1464000,0,0,0,5003,1000000,16777216,read,312
measured,probe-memory-buffer,run,2507,1464200,0,0,0,5004,1000000,16777216,read,312
measured,probe-memory-buffer,run,2508,1464400,0,0,0,5005,1000000,16777216,read,312
measured,probe-memory-buffer,run,2509,1464600,0,0,0,5005,1000000,16777216,read,312
measured,probe-memory-buffer,run,2510,1464800,0,0,0,5006,1000000,16777216,read,312
measured,probe-memory-buffer,run,2511,1465000,0,0,0,5007,1000000,16777216,read,312
measured,probe-memory-buffer,run,2512,1465200,0,0,0,5007,1000000,16777216,read,312
measured,probe-memory-buffer,run,2513,1465400,0,0,0,5008,1000000,16777216,read,313
measured,probe-memory-buffer,run,2514,1465600,0,0,0,5009,1000000,16777216,read,313
measured,probe-memory-buffer,run,2515,1465700,0,0,0,5010,1000000,16777216,read,313
measured,probe-memory-buffer,run,2516,1465900,0,0,0,5010,1000000,16777216,read,313
measured,probe-memory-buffer,run,2517,1466100,0,0,0,5011,1000000,16777216,read,313
measured,probe-memory-buffer,run,2518,1466300,0,0,0,5012,1000000,16777216,read,313
measured,probe-memory-buffer,run,2519,1466500,0,0,0,5013,1000000,16777216,read,313
measured,probe-memory-buffer,run,2520,1466700,0,0,0,5014,1000000,16777216,read,313
measured,probe-memory-buffer,run,2521,1466900,0,0,0,5014,1000000,16777216,read,313
measured,probe-memory-buffer,run,2522,1467100,0,0,0,5015,1000000,16777216,read,313
measured,probe-memory-buffer,run,2523,1467300,0,0,0,5016,1000000,16777216,read,313
measured,probe-memory-buffer,run,2524,1467500,0,0,0,5017,1000000,16777216,read,313
measured,probe-memory-buffer,run,2525,1467700,0,0,0,5017,1000000,16777216,read,313
measured,probe-memory-buffer,run,2526,1467900,0,0,0,5018,1000000,16777216,read,313
measured,probe-memory-buffer,run,2527,1468100,0,0,0,5019,1000000,16777216,read,313
measured,probe-memory-buffer,run,2528,1468300,0,0,0,5019,1000000,16777216,read,313
measured,probe-memory-buffer,run,2529,1469500,0,0,0,5025,1000000,16777216,read,314
measured,probe-memory-buffer,run,2530,1469700,0,0,0,5025,1000000,16777216,read,314
measured,probe-memory-buffer,run,2531,1469900,0,0,0,5026,1000000,16777216,read,314
measured,probe-memory-buffer,run,2532,1470100,0,0,0,5027,1000000,16777216,read,314
measured,probe-memory-buffer,run,2533,1470300,0,0,0,5028,1000000,16777216,read,314
measured,probe-memory-buffer,run,2534,1470500,0,0,0,5028,1000000,16777216,read,314
measured,probe-memory-buffer,run,2535,1470700,0,0,0,5029,1000000,16777216,read,314
measured,probe-memory-buffer,run,2536,1470900,0,0,0,5030,1000000,16777216,read,314
measured,probe-memory-buffer,run,2537,1471100,0,0,0,5030,1000000,16777216,read,314
measured,probe-memory-buffer,run,2538,1471300,0,0,0,5031,1000000,16777216,read,314
measured,probe-memory-buffer,run,2539,1471400,0,0,0,5032,1000000,16777216,read,314
measured,probe-memory-buffer,run,2540,1471600,0,0,0,5033,1000000,16777216,read,314
measured,probe-memory-buffer,run,2541,1471800,0,0,0,5033,1000000,16777216,read,314
measured,probe-memory-buffer,run,2542,1472000,0,0,0,5034,1000000,16777216,read,314
measured,probe-memory-buffer,run,2543,1472200,0,0,0,5035,1000000,16777216,read,314
measured,probe-memory-buffer,run,2544,1472400,0,0,0,5036,1000000,16777216,read,314
measured,probe-memory-buffer,run,2545,1472600,0,0,0,5037,1000000,16777216,read,314
measured,probe-memory-buffer,run,2546,1472800,0,0,0,5037,1000000,16777216,read,314
measured,probe-memory-buffer,run,2547,1473000,0,0,0,5038,1000000,16777216,read,314
measured,probe-memory-buffer,run,2548,1473200,0,0,0,5039,1000000,16777216,read,314
measured,probe-memory-buffer,run,2549,1473400,0,0,0,5040,1000000,16777216,read,315
measured,probe-memory-buffer,run,2550,1473600,0,0,0,5040,1000000,16777216,read,315
measured,probe-memory-buffer,run,2551,1473800,0,0,0,5041,1000000,16777216,read,315
measured,probe-memory-buffer,run,2552,1474000,0,0,0,5042,1000000,16777216,read,315
measured,probe-memory-buffer,run,2553,1474200,0,0,0,5042,1000000,16777216,read,315
measured,probe-memory-buffer,run,2554,1474300,0,0,0,5043,1000000,16777216,read,315
measured,probe-memory-buffer,run,2555,1474500,0,0,0,5044,1000000,16777216,read,315
measured,probe-memory-buffer,run,2556,1474700,0,0,0,5045,1000000,16777216,read,315
measured,probe-memory-buffer,run,2557,1474900,0,0,0,5046,1000000,16777216,read,315
measured,probe-memory-buffer,run,2558,1475100,0,0,0,5046,1000000,16777216,read,315
measured,probe-memory-buffer,run,2559,1475300,0,0,0,5047,1000000,16777216,read,315
measured,probe-memory-buffer,run,2560,1475500,0,0,0,5048,1000000,16777216,read,315
measured,probe-memory-buffer,run,2561,1475700,0,0,0,5049,1000000,16777216,read,315
measured,probe-memory-buffer,run,2562,1475900,0,0,0,5050,1000000,16777216,read,315
measured,probe-memory-buffer,run,2563,1476100,0,0,0,5050,1000000,16777216,read,315
measured,probe-memory-buffer,run,2564,1476300,0,0,0,5051,1000000,16777216,read,315
measured,probe-memory-buffer,run,2565,1476500,0,0,0,5052,1000000,16777216,read,315
measured,probe-memory-buffer,run,2566,1476700,0,0,0,5052,1000000,16777216,read,315
measured,probe-memory-buffer,run,2567,1476900,0,0,0,5053,1000000,16777216,read,315
measured,probe-memory-buffer,run,2568,1477100,0,0,0,5054,1000000,16777216,read,315
measured,probe-memory-buffer,run,2569,1477300,0,0,0,5055,1000000,16777216,read,315
measured,probe-memory-buffer,run,2570,1477500,0,0,0,5055,1000000,16777216,read,315
measured,probe-memory-buffer,run,2571,1477600,0,0,0,5056,1000000,16777216,read,316
measured,probe-memory-buffer,run,2572,1477800,0,0,0,5057,1000000,16777216,read,316
measured,probe-memory-buffer,run,2573,1478000,0,0,0,5058,1000000,16777216,read,316
measured,probe-memory-buffer,run,2574,1478200,0,0,0,5058,1000000,16777216,read,316
measured,probe-memory-buffer,run,2575,1478400,0,0,0,5059,1000000,16777216,read,316
measured,probe-memory-buffer,run,2576,1478600,0,0,0,5060,1000000,16777216,read,316
measured,probe-memory-buffer,run,2577,1478800,0,0,0,5061,1000000,16777216,read,316
measured,probe-memory-buffer,run,2578,1479000,0,0,0,5062,1000000,16777216,read,316
measured,probe-memory-buffer,run,2579,1479200,0,0,0,5062,1000000,16777216,read,316
measured,probe-memory-buffer,run,2580,1479400,0,0,0,5063,1000000,16777216,read,316
measured,probe-memory-buffer,run,2581,1479600,0,0,0,5064,1000000,16777216,read,316
measured,probe-memory-buffer,run,2582,1479800,0,0,0,5065,1000000,16777216,read,316
measured,probe-memory-buffer,run,2583,1480000,0,0,0,5065,1000000,16777216,read,316
measured,probe-memory-buffer,run,2584,1480200,0,0,0,5066,1000000,16777216,read,316
measured,probe-memory-buffer,run,2585,1480400,0,0,0,5067,1000000,16777216,read,316
measured,probe-memory-buffer,run,2586,1481500,0,0,0,5071,1000000,16777216,read,316
measured,probe-memory-buffer,run,2587,1481700,0,0,0,5072,1000000,16777216,read,317
measured,probe-memory-buffer,run,2588,1481800,0,0,0,5073,1000000,16777216,read,317
measured,probe-memory-buffer,run,2589,1482000,0,0,0,5073,1000000,16777216,read,317
measured,probe-memory-buffer,run,2590,1482200,0,0,0,5074,1000000,16777216,read,317
measured,probe-memory-buffer,run,2591,1482400,0,0,0,5075,1000000,16777216,read,317
measured,probe-memory-buffer,run,2592,1482600,0,0,0,5076,1000000,16777216,read,317
measured,probe-memory-buffer,run,2593,1482800,0,0,0,5076,1000000,16777216,read,317
measured,probe-memory-buffer,run,2594,1483000,0,0,0,5077,1000000,16777216,read,317
measured,probe-memory-buffer,run,2595,1483200,0,0,0,5078,1000000,16777216,read,317
measured,probe-memory-buffer,run,2596,1483400,0,0,0,5079,1000000,16777216,read,317
measured,probe-memory-buffer,run,2597,1483600,0,0,0,5080,1000000,16777216,read,317
measured,probe-memory-buffer,run,2598,1483800,0,0,0,5080,1000000,16777216,read,317
measured,probe-memory-buffer,run,2599,1484000,0,0,0,5081,1000000,16777216,read,317
measured,probe-memory-buffer,run,2600,1484200,0,0,0,5082,1000000,16777216,read,317
measured,probe-memory-buffer,run,2601,1484400,0,0,0,5082,1000000,16777216,read,317
measured,probe-memory-buffer,run,2602,1484600,0,0,0,5083,1000000,16777216,read,317
measured,probe-memory-buffer,run,2603,1484800,0,0,0,5084,1000000,16777216,read,317
measured,probe-memory-buffer,run,2604,1485000,0,0,0,5085,1000000,16777216,read,317
measured,probe-memory-buffer,run,2605,1485200,0,0,0,5085,1000000,16777216,read,317
measured,probe-memory-buffer,run,2606,1485300,0,0,0,5086,1000000,16777216,read,317
measured,probe-memory-buffer,run,2607,1485500,0,0,0,5087,1000000,16777216,read,317
measured,probe-memory-buffer,run,2608,1485700,0,0,0,5088,1000000,16777216,read,318
measured,probe-memory-buffer,run,2609,1485900,0,0,0,5089,1000000,16777216,read,318
measured,probe-memory-buffer,run,2610,1486100,0,0,0,5089,1000000,16777216,read,318
measured,probe-memory-buffer,run,2611,1486300,0,0,0,5090,1000000,16777216,read,318
measured,probe-memory-buffer,run,2612,1486500,0,0,0,5091,1000000,16777216,read,318
measured,probe-memory-buffer,run,2613,1486700,0,0,0,5092,1000000,16777216,read,318
measured,probe-memory-buffer,run,2614,1486900,0,0,0,5092,1000000,16777216,read,318
measured,probe-memory-buffer,run,2615,1487100,0,0,0,5093,1000000,16777216,read,318
measured,probe-memory-buffer,run,2616,1487300,0,0,0,5094,1000000,16777216,read,318
measured,probe-memory-buffer,run,2617,1487500,0,0,0,5095,1000000,16777216,read,318
measured,probe-memory-buffer,run,2618,1487700,0,0,0,5096,1000000,16777216,read,318
measured,probe-memory-buffer,run,2619,1487900,0,0,0,5096,1000000,16777216,read,318
measured,probe-memory-buffer,run,2620,1488100,0,0,0,5097,1000000,16777216,read,318
measured,probe-memory-buffer,run,2621,1488300,0,0,0,5098,1000000,16777216,read,318
measured,probe-memory-buffer,run,2622,1488500,0,0,0,5099,1000000,16777216,read,318
measured,probe-memory-buffer,run,2623,1488700,0,0,0,5100,1000000,16777216,read,318
measured,probe-memory-buffer,run,2624,1488900,0,0,0,5100,1000000,16777216,read,318
measured,probe-memory-buffer,run,2625,1489100,0,0,0,5101,1000000,16777216,read,318
measured,probe-memory-buffer,run,2626,1489300,0,0,0,5101,1000000,16777216,read,318
measured,probe-memory-buffer,run,2627,1489500,0,0,0,5102,1000000,16777216,read,318
measured,probe-memory-buffer,run,2628,1489700,0,0,0,5103,1000000,16777216,read,318
measured,probe-memory-buffer,run,2629,1489900,0,0,0,5104,1000000,16777216,read,319
measured,probe-memory-buffer,run,2630,1490000,0,0,0,5105,1000000,16777216,read,319
measured,probe-memory-buffer,run,2631,1490200,0,0,0,5105,1000000,16777216,read,319
measured,probe-memory-buffer,run,2632,1490400,0,0,0,5106,1000000,16777216,read,319
measured,probe-memory-buffer,run,2633,1490600,0,0,0,5107,1000000,16777216,read,319
measured,probe-memory-buffer,run,2634,1490800,0,0,0,5108,1000000,16777216,read,319
measured,probe-memory-buffer,run,2635,1491000,0,0,0,5108,1000000,16777216,read,319
measured,probe-memory-buffer,run,2636,1491200,0,0,0,5109,1000000,16777216,read,319
measured,probe-memory-buffer,run,2637,1491400,0,0,0,5110,1000000,16777216,read,319
measured,probe-memory-buffer,run,2638,1491600,0,0,0,5111,1000000,16777216,read,319
measured,probe-memory-buffer,run,2639,1491800,0,0,0,5112,1000000,16777216,read,319
measured,probe-memory-buffer,run,2640,1492000,0,0,0,5112,1000000,16777216,read,319
measured,probe-memory-buffer,run,2641,1492200,0,0,0,5113,1000000,16777216,read,319
measured,probe-memory-buffer,run,2642,1492400,0,0,0,5114,1000000,16777216,read,319
measured,probe-memory-buffer,run,2643,1493500,0,0,0,5118,1000000,16777216,read,319
measured,probe-memory-buffer,run,2644,1493700,0,0,0,5119,1000000,16777216,read,319
measured,probe-memory-buffer,run,2645,1493900,0,0,0,5119,1000000,16777216,read,319
measured,probe-memory-buffer,run,2646,1494100,0,0,0,5120,1000000,16777216,read,320
measured,probe-memory-buffer,run,2647,1494200,0,0,0,5121,1000000,16777216,read,320
measured,probe-memory-buffer,run,2648,1494400,0,0,0,5122,1000000,16777216,read,320
measured,probe-memory-buffer,run,2649,1494600,0,0,0,5123,1000000,16777216,read,320
measured,probe-memory-buffer,run,2650,1494800,0,0,0,5123,1000000,16777216,read,320
measured,probe-memory-buffer,run,2651,1495000,0,0,0,5124,1000000,16777216,read,320
measured,probe-memory-buffer,run,2652,1495200,0,0,0,5125,1000000,16777216,read,320
measured,probe-memory-buffer,run,2653,1495400,0,0,0,5126,1000000,16777216,read,320
measured,probe-memory-buffer,run,2654,1495600,0,0,0,5126,1000000,16777216,read,320
measured,probe-memory-buffer,run,2655,1495800,0,0,0,5127,1000000,16777216,read,320
measured,probe-memory-buffer,run,2656,1496000,0,0,0,5128,1000000,16777216,read,320
measured,probe-memory-buffer,run,2657,1496200,0,0,0,5129,1000000,16777216,read,320
measured,probe-memory-buffer,run,2658,1496400,0,0,0,5129,1000000,16777216,read,320
measured,probe-memory-buffer,run,2659,1496600,0,0,0,5130,1000000,16777216,read,320
measured,probe-memory-buffer,run,2660,1496800,0,0,0,5131,1000000,16777216,read,320
measured,probe-memory-buffer,run,2661,1497000,0,0,0,5132,1000000,16777216,read,320
measured,probe-memory-buffer,run,2662,1497200,0,0,0,5132,1000000,16777216,read,320
measured,probe-memory-buffer,run,2663,1497300,0,0,0,5133,1000000,16777216,read,320
measured,probe-memory-buffer,run,2664,1497500,0,0,0,5134,1000000,16777216,read,320
measured,probe-memory-buffer,run,2665,1497700,0,0,0,5135,1000000,16777216,read,320
measured,probe-memory-buffer,run,2666,1497900,0,0,0,5135,1000000,16777216,read,320
measured,probe-memory-buffer,run,2667,1498100,0,0,0,5136,1000000,16777216,read,321
measured,probe-memory-buffer,run,2668,1498300,0,0,0,5137,1000000,16777216,read,321
measured,probe-memory-buffer,run,2669,1498500,0,0,0,5138,1000000,16777216,read,321
measured,probe-memory-buffer,run,2670,1498700,0,0,0,5139,1000000,16777216,read,321
measured,probe-memory-buffer,run,2671,1498900,0,0,0,5139,1000000,16777216,read,321
measured,probe-memory-buffer,run,2672,1499100,0,0,0,5140,1000000,16777216,read,321
measured,probe-memory-buffer,run,2673,1499300,0,0,0,5141,1000000,16777216,read,321
measured,probe-memory-buffer,run,2674,1499500,0,0,0,5142,1000000,16777216,read,321
measured,probe-memory-buffer,run,2675,1499700,0,0,0,5142,1000000,16777216,read,321
measured,probe-memory-buffer,run,2676,1499900,0,0,0,5143,1000000,16777216,read,321
measured,probe-memory-buffer,run,2677,1500100,0,0,0,5144,1000000,16777216,read,321
measured,probe-memory-buffer,run,2678,1500300,0,0,0,5144,1000000,16777216,read,321
measured,probe-memory-buffer,run,2679,1500500,0,0,0,5145,1000000,16777216,read,321
measured,probe-memory-buffer,run,2680,1500700,0,0,0,5146,1000000,16777216,read,321
measured,probe-memory-buffer,run,2681,1500800,0,0,0,5147,1000000,16777216,read,321
measured,probe-memory-buffer,run,2682,1501000,0,0,0,5148,1000000,16777216,read,321
measured,probe-memory-buffer,run,2683,1501200,0,0,0,5148,1000000,16777216,read,321
measured,probe-memory-buffer,run,2684,1501400,0,0,0,5149,1000000,16777216,read,321
measured,probe-memory-buffer,run,2685,1501600,0,0,0,5150,1000000,16777216,read,321
measured,probe-memory-buffer,run,2686,1501800,0,0,0,5151,1000000,16777216,read,321
measured,probe-memory-buffer,run,2687,1502000,0,0,0,5151,1000000,16777216,read,321
measured,probe-memory-buffer,run,2688,1502200,0,0,0,5152,1000000,16777216,read,322
measured,probe-memory-buffer,run,2689,1502400,0,0,0,5153,1000000,16777216,read,322
measured,probe-memory-buffer,run,2690,1502600,0,0,0,5154,1000000,16777216,read,322
measured,probe-memory-buffer,run,2691,1502800,0,0,0,5155,1000000,16777216,read,322
measured,probe-memory-buffer,run,2692,1503000,0,0,0,5155,1000000,16777216,read,322
measured,probe-memory-buffer,run,2693,1503200,0,0,0,5156,1000000,16777216,read,322
measured,probe-memory-buffer,run,2694,1503400,0,0,0,5157,1000000,16777216,read,322
measured,probe-memory-buffer,run,2695,1503600,0,0,0,5157,1000000,16777216,read,322
measured,probe-memory-buffer,run,2696,1503800,0,0,0,5158,1000000,16777216,read,322
measured,probe-memory-buffer,run,2697,1504000,0,0,0,5159,1000000,16777216,read,322
measured,probe-memory-buffer,run,2698,1504200,0,0,0,5160,1000000,16777216,read,322
measured,probe-memory-buffer,run,2699,1504400,0,0,0,5160,1000000,16777216,read,322
measured,probe-memory-buffer,run,2700,1505400,0,0,0,5165,1000000,16777216,read,322
measured,probe-memory-buffer,run,2701,1505600,0,0,0,5166,1000000,16777216,read,322
measured,probe-memory-buffer,run,2702,1505800,0,0,0,5166,1000000,16777216,read,322
measured,probe-memory-buffer,run,2703,1506000,0,0,0,5167,1000000,16777216,read,322
measured,probe-memory-buffer,run,2704,1506200,0,0,0,5168,1000000,16777216,read,323
measured,probe-memory-buffer,run,2705,1506400,0,0,0,5169,1000000,16777216,read,323
measured,probe-memory-buffer,run,2706,1506600,0,0,0,5169,1000000,16777216,read,323
measured,probe-memory-buffer,run,2707,1506800,0,0,0,5170,1000000,16777216,read,323
measured,probe-memory-buffer,run,2708,1507000,0,0,0,5171,1000000,16777216,read,323
measured,probe-memory-buffer,run,2709,1507200,0,0,0,5171,1000000,16777216,read,323
measured,probe-memory-buffer,run,2710,1507400,0,0,0,5172,1000000,16777216,read,323
measured,probe-memory-buffer,run,2711,1507600,0,0,0,5173,1000000,16777216,read,323
measured,probe-memory-buffer,run,2712,1507700,0,0,0,5174,1000000,16777216,read,323
measured,probe-memory-buffer,run,2713,1507900,0,0,0,5175,1000000,16777216,read,323
measured,probe-memory-buffer,run,2714,1508100,0,0,0,5175,1000000,16777216,read,323
measured,probe-memory-buffer,run,2715,1508300,0,0,0,5176,1000000,16777216,read,323
measured,probe-memory-buffer,run,2716,1508500,0,0,0,5177,1000000,16777216,read,323
measured,probe-memory-buffer,run,2717,1508700,0,0,0,5178,1000000,16777216,read,323
measured,probe-memory-buffer,run,2718,1508900,0,0,0,5178,1000000,16777216,read,323
measured,probe-memory-buffer,run,2719,1509100,0,0,0,5179,1000000,16777216,read,323
measured,probe-memory-buffer,run,2720,1509300,0,0,0,5180,1000000,16777216,read,323
measured,probe-memory-buffer,run,2721,1509500,0,0,0,5181,1000000,16777216,read,323
measured,probe-memory-buffer,run,2722,1509700,0,0,0,5182,1000000,16777216,read,323
measured,probe-memory-buffer,run,2723,1509900,0,0,0,5182,1000000,16777216,read,323
measured,probe-memory-buffer,run,2724,1510100,0,0,0,5183,1000000,16777216,read,323
measured,probe-memory-buffer,run,2725,1510300,0,0,0,5183,1000000,16777216,read,323
measured,probe-memory-buffer,run,2726,1510500,0,0,0,5184,1000000,16777216,read,324
measured,probe-memory-buffer,run,2727,1510700,0,0,0,5185,1000000,16777216,read,324
measured,probe-memory-buffer,run,2728,1510900,0,0,0,5186,1000000,16777216,read,324
measured,probe-memory-buffer,run,2729,1511000,0,0,0,5187,1000000,16777216,read,324
measured,probe-memory-buffer,run,2730,1511200,0,0,0,5187,1000000,16777216,read,324
measured,probe-memory-buffer,run,2731,1511400,0,0,0,5188,1000000,16777216,read,324
measured,probe-memory-buffer,run,2732,1511600,0,0,0,5189,1000000,16777216,read,324
measured,probe-memory-buffer,run,2733,1511800,0,0,0,5190,1000000,16777216,read,324
measured,probe-memory-buffer,run,2734,1512000,0,0,0,5191,1000000,16777216,read,324
measured,probe-memory-buffer,run,2735,1512200,0,0,0,5191,1000000,16777216,read,324
measured,probe-memory-buffer,run,2736,1512400,0,0,0,5192,1000000,16777216,read,324
measured,probe-memory-buffer,run,2737,1512600,0,0,0,5193,1000000,16777216,read,324
measured,probe-memory-buffer,run,2738,1512800,0,0,0,5194,1000000,16777216,read,324
measured,probe-memory-buffer,run,2739,1513000,0,0,0,5194,1000000,16777216,read,324
measured,probe-memory-buffer,run,2740,1513200,0,0,0,5195,1000000,16777216,read,324
measured,probe-memory-buffer,run,2741,1513400,0,0,0,5196,1000000,16777216,read,324
measured,probe-memory-buffer,run,2742,1513600,0,0,0,5196,1000000,16777216,read,324
measured,probe-memory-buffer,run,2743,1513800,0,0,0,5197,1000000,16777216,read,324
measured,probe-memory-buffer,run,2744,1514000,0,0,0,5198,1000000,16777216,read,324
measured,probe-memory-buffer,run,2745,1514200,0,0,0,5199,1000000,16777216,read,324
measured,probe-memory-buffer,run,2746,1514300,0,0,0,5200,1000000,16777216,read,325
measured,probe-memory-buffer,run,2747,1514500,0,0,0,5200,1000000,16777216,read,325
measured,probe-memory-buffer,run,2748,1514700,0,0,0,5201,1000000,16777216,read,325
measured,probe-memory-buffer,run,2749,1514900,0,0,0,5202,1000000,16777216,read,325
measured,probe-memory-buffer,run,2750,1515100,0,0,0,5203,1000000,16777216,read,325
measured,probe-memory-buffer,run,2751,1515300,0,0,0,5203,1000000,16777216,read,325
measured,probe-memory-buffer,run,2752,1515500,0,0,0,5204,1000000,16777216,read,325
measured,probe-memory-buffer,run,2753,1515700,0,0,0,5205,1000000,16777216,read,325
measured,probe-memory-buffer,run,2754,1515900,0,0,0,5206,1000000,16777216,read,325
measured,probe-memory-buffer,run,2755,1516100,0,0,0,5207,1000000,16777216,read,325
measured,probe-memory-buffer,run,2756,1516300,0,0,0,5207,1000000,16777216,read,325
measured,probe-memory-buffer,run,2757,1517300,0,0,0,5211,1000000,16777216,read,325
measured,probe-memory-buffer,run,2758,1517500,0,0,0,5212,1000000,16777216,read,325
measured,probe-memory-buffer,run,2759,1517700,0,0,0,5213,1000000,16777216,read,325
measured,probe-memory-buffer,run,2760,1517900,0,0,0,5214,1000000,16777216,read,325
measured,probe-memory-buffer,run,2761,1518100,0,0,0,5214,1000000,16777216,read,325
measured,probe-memory-buffer,run,2762,1518300,0,0,0,5215,1000000,16777216,read,325
measured,probe-memory-buffer,run,2763,1518500,0,0,0,5216,1000000,16777216,read,326
measured,probe-memory-buffer,run,2764,1518800,0,0,0,5217,1000000,16777216,read,326
measured,probe-memory-buffer,run,2765,1519000,0,0,0,5217,1000000,16777216,read,326
measured,probe-memory-buffer,run,2766,1519200,0,0,0,5218,1000000,16777216,read,326
measured,probe-memory-buffer,run,2767,1519400,0,0,0,5219,1000000,16777216,read,326
measured,probe-memory-buffer,run,2768,1519600,0,0,0,5220,1000000,16777216,read,326
measured,probe-memory-buffer,run,2769,1519800,0,0,0,5221,1000000,16777216,read,326
measured,probe-memory-buffer,run,2770,1520000,0,0,0,5221,1000000,16777216,read,326
measured,probe-memory-buffer,run,2771,1520200,0,0,0,5222,1000000,16777216,read,326
measured,probe-memory-buffer,run,2772,1520400,0,0,0,5223,1000000,16777216,read,326
measured,probe-memory-buffer,run,2773,1520600,0,0,0,5224,1000000,16777216,read,326
measured,probe-memory-buffer,run,2774,1520800,0,0,0,5225,1000000,16777216,read,326
measured,probe-memory-buffer,run,2775,1521000,0,0,0,5225,1000000,16777216,read,326
measured,probe-memory-buffer,run,2776,1521200,0,0,0,5226,1000000,16777216,read,326
measured,probe-memory-buffer,run,2777,1521400,0,0,0,5227,1000000,16777216,read,326
measured,probe-memory-buffer,run,2778,1521600,0,0,0,5228,1000000,16777216,read,326
measured,probe-memory-buffer,run,2779,1521800,0,0,0,5228,1000000,16777216,read,326
measured,probe-memory-buffer,run,2780,1522000,0,0,0,5229,1000000,16777216,read,326
measured,probe-memory-buffer,run,2781,1522200,0,0,0,5230,1000000,16777216,read,326
measured,probe-memory-buffer,run,2782,1522400,0,0,0,5231,1000000,16777216,read,326
measured,probe-memory-buffer,run,2783,1522600,0,0,0,5232,1000000,16777216,read,327
measured,probe-memory-buffer,run,2784,1522800,0,0,0,5232,1000000,16777216,read,327
measured,probe-memory-buffer,run,2785,1523000,0,0,0,5233,1000000,16777216,read,327
measured,probe-memory-buffer,run,2786,1523200,0,0,0,5234,1000000,16777216,read,327
measured,probe-memory-buffer,run,2787,1523400,0,0,0,5235,1000000,16777216,read,327
measured,probe-memory-buffer,run,2788,1523600,0,0,0,5236,1000000,16777216,read,327
measured,probe-memory-buffer,run,2789,1523800,0,0,0,5237,1000000,16777216,read,327
measured,probe-memory-buffer,run,2790,1524000,0,0,0,5237,1000000,16777216,read,327
measured,probe-memory-buffer,run,2791,1524200,0,0,0,5238,1000000,16777216,read,327
measured,probe-memory-buffer,run,2792,1524400,0,0,0,5239,1000000,16777216,read,327
measured,probe-memory-buffer,run,2793,1524600,0,0,0,5240,1000000,16777216,read,327
measured,probe-memory-buffer,run,2794,1524800,0,0,0,5241,1000000,16777216,read,327
measured,probe-memory-buffer,run,2795,1525000,0,0,0,5241,1000000,16777216,read,327
measured,probe-memory-buffer,run,2796,1525200,0,0,0,5242,1000000,16777216,read,327
measured,probe-memory-buffer,run,2797,1525400,0,0,0,5243,1000000,16777216,read,327
measured,probe-memory-buffer,run,2798,1525600,0,0,0,5244,1000000,16777216,read,327
measured,probe-memory-buffer,run,2799,1525800,0,0,0,5244,1000000,16777216,read,327
measured,probe-memory-buffer,run,2800,1526000,0,0,0,5245,1000000,16777216,read,327
measured,probe-memory-buffer,run,2801,1526200,0,0,0,5246,1000000,16777216,read,327
measured,probe-memory-buffer,run,2802,1526400,0,0,0,5247,1000000,16777216,read,327
measured,probe-memory-buffer,run,2803,1526600,0,0,0,5248,1000000,16777216,read,328
measured,probe-memory-buffer,run,2804,1526800,0,0,0,5248,1000000,16777216,read,328
measured,probe-memory-buffer,run,2805,1527000,0,0,0,5249,1000000,16777216,read,328
measured,probe-memory-buffer,run,2806,1527200,0,0,0,5250,1000000,16777216,read,328
measured,probe-memory-buffer,run,2807,1527500,0,0,0,5251,1000000,16777216,read,328
measured,probe-memory-buffer,run,2808,1527700,0,0,0,5251,1000000,16777216,read,328
measured,probe-memory-buffer,run,2809,1527900,0,0,0,5252,1000000,16777216,read,328
measured,probe-memory-buffer,run,2810,1528100,0,0,0,5253,1000000,16777216,read,328
measured,probe-memory-buffer,run,2811,1528300,0,0,0,5254,1000000,16777216,read,328
measured,probe-memory-buffer,run,2812,1528500,0,0,0,5255,1000000,16777216,read,328
measured,probe-memory-buffer,run,2813,1529500,0,0,0,5259,1000000,16777216,read,328
measured,probe-memory-buffer,run,2814,1529700,0,0,0,5260,1000000,16777216,read,328
measured,probe-memory-buffer,run,2815,1529900,0,0,0,5260,1000000,16777216,read,328
measured,probe-memory-buffer,run,2816,1530100,0,0,0,5261,1000000,16777216,read,328
measured,probe-memory-buffer,run,2817,1530300,0,0,0,5262,1000000,16777216,read,328
measured,probe-memory-buffer,run,2818,1530500,0,0,0,5263,1000000,16777216,read,328
measured,probe-memory-buffer,run,2819,1530700,0,0,0,5264,1000000,16777216,read,329
measured,probe-memory-buffer,run,2820,1530900,0,0,0,5264,1000000,16777216,read,329
measured,probe-memory-buffer,run,2821,1531100,0,0,0,5265,1000000,16777216,read,329
measured,probe-memory-buffer,run,2822,1531300,0,0,0,5266,1000000,16777216,read,329
measured,probe-memory-buffer,run,2823,1531500,0,0,0,5267,1000000,16777216,read,329
measured,probe-memory-buffer,run,2824,1531700,0,0,0,5267,1000000,16777216,read,329
measured,probe-memory-buffer,run,2825,1531900,0,0,0,5268,1000000,16777216,read,329
measured,probe-memory-buffer,run,2826,1532100,0,0,0,5269,1000000,16777216,read,329
measured,probe-memory-buffer,run,2827,1532300,0,0,0,5269,1000000,16777216,read,329
measured,probe-memory-buffer,run,2828,1532500,0,0,0,5270,1000000,16777216,read,329
measured,probe-memory-buffer,run,2829,1532700,0,0,0,5271,1000000,16777216,read,329
measured,probe-memory-buffer,run,2830,1532800,0,0,0,5272,1000000,16777216,read,329
measured,probe-memory-buffer,run,2831,1533000,0,0,0,5273,1000000,16777216,read,329
measured,probe-memory-buffer,run,2832,1533200,0,0,0,5273,1000000,16777216,read,329
measured,probe-memory-buffer,run,2833,1533400,0,0,0,5274,1000000,16777216,read,329
measured,probe-memory-buffer,run,2834,1533600,0,0,0,5275,1000000,16777216,read,329
measured,probe-memory-buffer,run,2835,1533800,0,0,0,5276,1000000,16777216,read,329
measured,probe-memory-buffer,run,2836,1534000,0,0,0,5276,1000000,16777216,read,329
measured,probe-memory-buffer,run,2837,1534200,0,0,0,5277,1000000,16777216,read,329
measured,probe-memory-buffer,run,2838,1534400,0,0,0,5278,1000000,16777216,read,329
measured,probe-memory-buffer,run,2839,1534600,0,0,0,5279,1000000,16777216,read,329
measured,probe-memory-buffer,run,2840,1534800,0,0,0,5279,1000000,16777216,read,329
measured,probe-memory-buffer,run,2841,1535000,0,0,0,5280,1000000,16777216,read,330
measured,probe-memory-buffer,run,2842,1535200,0,0,0,5281,1000000,16777216,read,330
measured,probe-memory-buffer,run,2843,1535300,0,0,0,5282,1000000,16777216,read,330
measured,probe-memory-buffer,run,2844,1535500,0,0,0,5282,1000000,16777216,read,330
measured,probe-memory-buffer,run,2845,1535700,0,0,0,5283,1000000,16777216,read,330
measured,probe-memory-buffer,run,2846,1535900,0,0,0,5284,1000000,16777216,read,330
measured,probe-memory-buffer,run,2847,1536100,0,0,0,5285,1000000,16777216,read,330
measured,probe-memory-buffer,run,2848,1536300,0,0,0,5285,1000000,16777216,read,330
measured,probe-memory-buffer,run,2849,1536500,0,0,0,5286,1000000,16777216,read,330
measured,probe-memory-buffer,run,2850,1536700,0,0,0,5287,1000000,16777216,read,330
measured,probe-memory-buffer,run,2851,1536900,0,0,0,5288,1000000,16777216,read,330
measured,probe-memory-buffer,run,2852,1537100,0,0,0,5289,1000000,16777216,read,330
measured,probe-memory-buffer,run,2853,1537300,0,0,0,5289,1000000,16777216,read,330
measured,probe-memory-buffer,run,2854,1537500,0,0,0,5290,1000000,16777216,read,330
measured,probe-memory-buffer,run,2855,1537700,0,0,0,5291,1000000,16777216,read,330
measured,probe-memory-buffer,run,2856,1537900,0,0,0,5291,1000000,16777216,read,330
measured,probe-memory-buffer,run,2857,1538100,0,0,0,5292,1000000,16777216,read,330
measured,probe-memory-buffer,run,2858,1538200,0,0,0,5293,1000000,16777216,read,330
measured,probe-memory-buffer,run,2859,1538400,0,0,0,5294,1000000,16777216,read,330
measured,probe-memory-buffer,run,2860,1538600,0,0,0,5294,1000000,16777216,read,330
measured,probe-memory-buffer,run,2861,1538800,0,0,0,5295,1000000,16777216,read,330
measured,probe-memory-buffer,run,2862,1539000,0,0,0,5296,1000000,16777216,read,331
measured,probe-memory-buffer,run,2863,1539200,0,0,0,5297,1000000,16777216,read,331
measured,probe-memory-buffer,run,2864,1539400,0,0,0,5298,1000000,16777216,read,331
measured,probe-memory-buffer,run,2865,1539600,0,0,0,5298,1000000,16777216,read,331
measured,probe-memory-buffer,run,2866,1539800,0,0,0,5299,1000000,16777216,read,331
measured,probe-memory-buffer,run,2867,1540000,0,0,0,5300,1000000,16777216,read,331
measured,probe-memory-buffer,run,2868,1540200,0,0,0,5300,1000000,16777216,read,331
measured,probe-memory-buffer,run,2869,1540400,0,0,0,5301,1000000,16777216,read,331
measured,probe-memory-buffer,run,2870,1541500,0,0,0,5306,1000000,16777216,read,331
measured,probe-memory-buffer,run,2871,1541700,0,0,0,5307,1000000,16777216,read,331
measured,probe-memory-buffer,run,2872,1541900,0,0,0,5307,1000000,16777216,read,331
measured,probe-memory-buffer,run,2873,1542100,0,0,0,5308,1000000,16777216,read,331
measured,probe-memory-buffer,run,2874,1542300,0,0,0,5309,1000000,16777216,read,331
measured,probe-memory-buffer,run,2875,1542500,0,0,0,5310,1000000,16777216,read,331
measured,probe-memory-buffer,run,2876,1542700,0,0,0,5310,1000000,16777216,read,331
measured,probe-memory-buffer,run,2877,1542900,0,0,0,5311,1000000,16777216,read,331
measured,probe-memory-buffer,run,2878,1543100,0,0,0,5312,1000000,16777216,read,332
measured,probe-memory-buffer,run,2879,1543300,0,0,0,5312,1000000,16777216,read,332
measured,probe-memory-buffer,run,2880,1543400,0,0,0,5313,1000000,16777216,read,332
measured,probe-memory-buffer,run,2881,1543600,0,0,0,5314,1000000,16777216,read,332
measured,probe-memory-buffer,run,2882,1543800,0,0,0,5315,1000000,16777216,read,332
measured,probe-memory-buffer,run,2883,1544000,0,0,0,5316,1000000,16777216,read,332
measured,probe-memory-buffer,run,2884,1544200,0,0,0,5316,1000000,16777216,read,332
measured,probe-memory-buffer,run,2885,1544400,0,0,0,5317,1000000,16777216,read,332
measured,probe-memory-buffer,run,2886,1544600,0,0,0,5318,1000000,16777216,read,332
measured,probe-memory-buffer,run,2887,1544800,0,0,0,5319,1000000,16777216,read,332
measured,probe-memory-buffer,run,2888,1545000,0,0,0,5319,1000000,16777216,read,332
measured,probe-memory-buffer,run,2889,1545200,0,0,0,5320,1000000,16777216,read,332
measured,probe-memory-buffer,run,2890,1545400,0,0,0,5321,1000000,16777216,read,332
measured,probe-memory-buffer,run,2891,1545600,0,0,0,5321,1000000,16777216,read,332
measured,probe-memory-buffer,run,2892,1545800,0,0,0,5322,1000000,16777216,read,332
measured,probe-memory-buffer,run,2893,1546000,0,0,0,5323,1000000,16777216,read,332
measured,probe-memory-buffer,run,2894,1546200,0,0,0,5324,1000000,16777216,read,332
measured,probe-memory-buffer,run,2895,1546300,0,0,0,5325,1000000,16777216,read,332
measured,probe-memory-buffer,run,2896,1546500,0,0,0,5325,1000000,16777216,read,332
measured,probe-memory-buffer,run,2897,1546700,0,0,0,5326,1000000,16777216,read,332
measured,probe-memory-buffer,run,2898,1546900,0,0,0,5327,1000000,16777216,read,332
measured,probe-memory-buffer,run,2899,1547100,0,0,0,5328,1000000,16777216,read,333
measured,probe-memory-buffer,run,2900,1547300,0,0,0,5328,1000000,16777216,read,333
measured,probe-memory-buffer,run,2901,1547500,0,0,0,5329,1000000,16777216,read,333
measured,probe-memory-buffer,run,2902,1547700,0,0,0,5330,1000000,16777216,read,333
measured,probe-memory-buffer,run,2903,1547900,0,0,0,5331,1000000,16777216,read,333
measured,probe-memory-buffer,run,2904,1548100,0,0,0,5332,1000000,16777216,read,333
measured,probe-memory-buffer,run,2905,1548300,0,0,0,5332,1000000,16777216,read,333
measured,probe-memory-buffer,run,2906,1548500,0,0,0,5333,1000000,16777216,read,333
measured,probe-memory-buffer,run,2907,1548700,0,0,0,5333,1000000,16777216,read,333
measured,probe-memory-buffer,run,2908,1548900,0,0,0,5334,1000000,16777216,read,333
measured,probe-memory-buffer,run,2909,1549100,0,0,0,5335,1000000,16777216,read,333
measured,probe-memory-buffer,run,2910,1549200,0,0,0,5336,1000000,16777216,read,333
measured,probe-memory-buffer,run,2911,1549400,0,0,0,5337,1000000,16777216,read,333
measured,probe-memory-buffer,run,2912,1549600,0,0,0,5337,1000000,16777216,read,333
measured,probe-memory-buffer,run,2913,1549800,0,0,0,5338,1000000,16777216,read,333
measured,probe-memory-buffer,run,2914,1550000,0,0,0,5339,1000000,16777216,read,333
measured,probe-memory-buffer,run,2915,1550200,0,0,0,5340,1000000,16777216,read,333
measured,probe-memory-buffer,run,2916,1550400,0,0,0,5341,1000000,16777216,read,333
measured,probe-memory-buffer,run,2917,1550600,0,0,0,5341,1000000,16777216,read,333
measured,probe-memory-buffer,run,2918,1550800,0,0,0,5342,1000000,16777216,read,333
measured,probe-memory-buffer,run,2919,1551000,0,0,0,5343,1000000,16777216,read,333
measured,probe-memory-buffer,run,2920,1551200,0,0,0,5344,1000000,16777216,read,334
measured,probe-memory-buffer,run,2921,1551400,0,0,0,5344,1000000,16777216,read,334
measured,probe-memory-buffer,run,2922,1551600,0,0,0,5345,1000000,16777216,read,334
measured,probe-memory-buffer,run,2923,1551800,0,0,0,5346,1000000,16777216,read,334
measured,probe-memory-buffer,run,2924,1552000,0,0,0,5346,1000000,16777216,read,334
measured,probe-memory-buffer,run,2925,1552100,0,0,0,5347,1000000,16777216,read,334
measured,probe-memory-buffer,run,2926,1552300,0,0,0,5348,1000000,16777216,read,334
measured,probe-memory-buffer,run,2927,1553400,0,0,0,5352,1000000,16777216,read,334
measured,probe-memory-buffer,run,2928,1553600,0,0,0,5353,1000000,16777216,read,334
measured,probe-memory-buffer,run,2929,1553800,0,0,0,5354,1000000,16777216,read,334
measured,probe-memory-buffer,run,2930,1554000,0,0,0,5355,1000000,16777216,read,334
measured,probe-memory-buffer,run,2931,1554200,0,0,0,5355,1000000,16777216,read,334
measured,probe-memory-buffer,run,2932,1554400,0,0,0,5356,1000000,16777216,read,334
measured,probe-memory-buffer,run,2933,1554600,0,0,0,5357,1000000,16777216,read,334
measured,probe-memory-buffer,run,2934,1554800,0,0,0,5358,1000000,16777216,read,334
measured,probe-memory-buffer,run,2935,1555000,0,0,0,5358,1000000,16777216,read,334
measured,probe-memory-buffer,run,2936,1555200,0,0,0,5359,1000000,16777216,read,334
measured,probe-memory-buffer,run,2937,1555400,0,0,0,5360,1000000,16777216,read,335
measured,probe-memory-buffer,run,2938,1555600,0,0,0,5360,1000000,16777216,read,335
measured,probe-memory-buffer,run,2939,1555800,0,0,0,5361,1000000,16777216,read,335
measured,probe-memory-buffer,run,2940,1556000,0,0,0,5362,1000000,16777216,read,335
measured,probe-memory-buffer,run,2941,1556100,0,0,0,5363,1000000,16777216,read,335
measured,probe-memory-buffer,run,2942,1556300,0,0,0,5364,1000000,16777216,read,335
measured,probe-memory-buffer,run,2943,1556500,0,0,0,5364,1000000,16777216,read,335
measured,probe-memory-buffer,run,2944,1556700,0,0,0,5365,1000000,16777216,read,335
measured,probe-memory-buffer,run,2945,1556900,0,0,0,5366,1000000,16777216,read,335
measured,probe-memory-buffer,run,2946,1557100,0,0,0,5367,1000000,16777216,read,335
measured,probe-memory-buffer,run,2947,1557300,0,0,0,5367,1000000,16777216,read,335
measured,probe-memory-buffer,run,2948,1557500,0,0,0,5368,1000000,16777216,read,335
measured,probe-memory-buffer,run,2949,1557700,0,0,0,5369,1000000,16777216,read,335
measured,probe-memory-buffer,run,2950,1557900,0,0,0,5370,1000000,16777216,read,335
measured,probe-memory-buffer,run,2951,1558100,0,0,0,5371,1000000,16777216,read,335
measured,probe-memory-buffer,run,2952,1558300,0,0,0,5371,1000000,16777216,read,335
measured,probe-memory-buffer,run,2953,1558500,0,0,0,5372,1000000,16777216,read,335
measured,probe-memory-buffer,run,2954,1558700,0,0,0,5373,1000000,16777216,read,335
measured,probe-memory-buffer,run,2955,1558900,0,0,0,5373,1000000,16777216,read,335
measured,probe-memory-buffer,run,2956,1559100,0,0,0,5374,1000000,16777216,read,335
measured,probe-memory-buffer,run,2957,1559300,0,0,0,5375,1000000,16777216,read,335
measured,probe-memory-buffer,run,2958,1559500,0,0,0,5376,1000000,16777216,read,336
measured,probe-memory-buffer,run,2959,1559600,0,0,0,5376,1000000,16777216,read,336
measured,probe-memory-buffer,run,2960,1559800,0,0,0,5377,1000000,16777216,read,336
measured,probe-memory-buffer,run,2961,1560000,0,0,0,5378,1000000,16777216,read,336
measured,probe-memory-buffer,run,2962,1560200,0,0,0,5379,1000000,16777216,read,336
measured,probe-memory-buffer,run,2963,1560400,0,0,0,5380,1000000,16777216,read,336
measured,probe-memory-buffer,run,2964,1560600,0,0,0,5380,1000000,16777216,read,336
measured,probe-memory-buffer,run,2965,1560800,0,0,0,5381,1000000,16777216,read,336
measured,probe-memory-buffer,run,2966,1561000,0,0,0,5382,1000000,16777216,read,336
measured,probe-memory-buffer,run,2967,1561200,0,0,0,5383,1000000,16777216,read,336
measured,probe-memory-buffer,run,2968,1561400,0,0,0,5383,1000000,16777216,read,336
measured,probe-memory-buffer,run,2969,1561600,0,0,0,5384,1000000,16777216,read,336
measured,probe-memory-buffer,run,2970,1561800,0,0,0,5385,1000000,16777216,read,336
measured,probe-memory-buffer,run,2971,1562000,0,0,0,5385,1000000,16777216,read,336
measured,probe-memory-buffer,run,2972,1562200,0,0,0,5386,1000000,16777216,read,336
measured,probe-memory-buffer,run,2973,1562400,0,0,0,5387,1000000,16777216,read,336
measured,probe-memory-buffer,run,2974,1562600,0,0,0,5388,1000000,16777216,read,336
measured,probe-memory-buffer,run,2975,1562700,0,0,0,5389,1000000,16777216,read,336
measured,probe-memory-buffer,run,2976,1562900,0,0,0,5389,1000000,16777216,read,336
measured,probe-memory-buffer,run,2977,1563100,0,0,0,5390,1000000,16777216,read,336
measured,probe-memory-buffer,run,2978,1563300,0,0,0,5391,1000000,16777216,read,336
measured,probe-memory-buffer,run,2979,1563500,0,0,0,5392,1000000,16777216,read,337
measured,probe-memory-buffer,run,2980,1563700,0,0,0,5392,1000000,16777216,read,337
measured,probe-memory-buffer,run,2981,1563900,0,0,0,5393,1000000,16777216,read,337
measured,probe-memory-buffer,run,2982,1564100,0,0,0,5394,1000000,16777216,read,337
measured,probe-memory-buffer,run,2983,1564300,0,0,0,5395,1000000,16777216,read,337
measured,probe-memory-buffer,run,2984,1565300,0,0,0,5399,1000000,16777216,read,337
measured,probe-memory-buffer,run,2985,1565500,0,0,0,5400,1000000,16777216,read,337
measured,probe-memory-buffer,run,2986,1565700,0,0,0,5400,1000000,16777216,read,337
measured,probe-memory-buffer,run,2987,1565900,0,0,0,5401,1000000,16777216,read,337
measured,probe-memory-buffer,run,2988,1566100,0,0,0,5402,1000000,16777216,read,337
measured,probe-memory-buffer,run,2989,1566300,0,0,0,5403,1000000,16777216,read,337
measured,probe-memory-buffer,run,2990,1566500,0,0,0,5403,1000000,16777216,read,337
measured,probe-memory-buffer,run,2991,1566700,0,0,0,5404,1000000,16777216,read,337
measured,probe-memory-buffer,run,2992,1566900,0,0,0,5405,1000000,16777216,read,337
measured,probe-memory-buffer,run,2993,1567100,0,0,0,5405,1000000,16777216,read,337
measured,probe-memory-buffer,run,2994,1567300,0,0,0,5406,1000000,16777216,read,337
measured,probe-memory-buffer,run,2995,1567500,0,0,0,5407,1000000,16777216,read,337
measured,probe-memory-buffer,run,2996,1567600,0,0,0,5408,1000000,16777216,read,338
measured,probe-memory-buffer,run,2997,1567800,0,0,0,5408,1000000,16777216,read,338
measured,probe-memory-buffer,run,2998,1568000,0,0,0,5409,1000000,16777216,read,338
measured,probe-memory-buffer,run,2999,1568200,0,0,0,5410,1000000,16777216,read,338
measured,probe-memory-buffer,run,3000,1568400,0,0,0,5411,1000000,16777216,read,338
measured,probe-memory-buffer,run,3001,1568600,0,0,0,5412,1000000,16777216,read,338
measured,probe-memory-buffer,run,3002,1568800,0,0,0,5412,1000000,16777216,read,338
measured,probe-memory-buffer,run,3003,1569000,0,0,0,5413,1000000,16777216,read,338
measured,probe-memory-buffer,run,3004,1569200,0,0,0,5414,1000000,16777216,read,338
measured,probe-memory-buffer,run,3005,1569400,0,0,0,5415,1000000,16777216,read,338
measured,probe-memory-buffer,run,3006,1569600,0,0,0,5415,1000000,16777216,read,338
measured,probe-memory-buffer,run,3007,1569800,0,0,0,5416,1000000,16777216,read,338
measured,probe-memory-buffer,run,3008,1570000,0,0,0,5417,1000000,16777216,read,338
measured,probe-memory-buffer,run,3009,1570200,0,0,0,5417,1000000,16777216,read,338
measured,probe-memory-buffer,run,3010,1570400,0,0,0,5418,1000000,16777216,read,338
measured,probe-memory-buffer,run,3011,1570500,0,0,0,5419,1000000,16777216,read,338
measured,probe-memory-buffer,run,3012,1570700,0,0,0,5420,1000000,16777216,read,338
measured,probe-memory-buffer,run,3013,1570900,0,0,0,5421,1000000,16777216,read,338
measured,probe-memory-buffer,run,3014,1571100,0,0,0,5421,1000000,16777216,read,338
measured,probe-memory-buffer,run,3015,1571300,0,0,0,5422,1000000,16777216,read,338
measured,probe-memory-buffer,run,3016,1571500,0,0,0,5423,1000000,16777216,read,338
measured,probe-memory-buffer,run,3017,1571700,0,0,0,5424,1000000,16777216,read,339
measured,probe-memory-buffer,run,3018,1571900,0,0,0,5425,1000000,16777216,read,339
measured,probe-memory-buffer,run,3019,1572100,0,0,0,5425,1000000,16777216,read,339
measured,probe-memory-buffer,run,3020,1572300,0,0,0,5426,1000000,16777216,read,339
measured,probe-memory-buffer,run,3021,1572500,0,0,0,5427,1000000,16777216,read,339
measured,probe-memory-buffer,run,3022,1572700,0,0,0,5428,1000000,16777216,read,339
measured,probe-memory-buffer,run,3023,1572900,0,0,0,5428,1000000,16777216,read,339
measured,probe-memory-buffer,run,3024,1573100,0,0,0,5429,1000000,16777216,read,339
measured,probe-memory-buffer,run,3025,1573300,0,0,0,5430,1000000,16777216,read,339
measured,probe-memory-buffer,run,3026,1573500,0,0,0,5431,1000000,16777216,read,339
measured,probe-memory-buffer,run,3027,1573700,0,0,0,5432,1000000,16777216,read,339
measured,probe-memory-buffer,run,3028,1573900,0,0,0,5432,1000000,16777216,read,339
measured,probe-memory-buffer,run,3029,1574100,0,0,0,5433,1000000,16777216,read,339
measured,probe-memory-buffer,run,3030,1574300,0,0,0,5433,1000000,16777216,read,339
measured,probe-memory-buffer,run,3031,1574500,0,0,0,5434,1000000,16777216,read,339
measured,probe-memory-buffer,run,3032,1574700,0,0,0,5435,1000000,16777216,read,339
measured,probe-memory-buffer,run,3033,1574900,0,0,0,5436,1000000,16777216,read,339
measured,probe-memory-buffer,run,3034,1575100,0,0,0,5437,1000000,16777216,read,339
measured,probe-memory-buffer,run,3035,1575300,0,0,0,5437,1000000,16777216,read,339
measured,probe-memory-buffer,run,3036,1575400,0,0,0,5438,1000000,16777216,read,339
measured,probe-memory-buffer,run,3037,1575600,0,0,0,5439,1000000,16777216,read,339
measured,probe-memory-buffer,run,3038,1575800,0,0,0,5440,1000000,16777216,read,340
measured,probe-memory-buffer,run,3039,1576000,0,0,0,5441,1000000,16777216,read,340
measured,probe-memory-buffer,run,3040,1576200,0,0,0,5441,1000000,16777216,read,340
measured,probe-memory-buffer,run,3041,1577200,0,0,0,5445,1000000,16777216,read,340
measured,probe-memory-buffer,run,3042,1577400,0,0,0,5446,1000000,16777216,read,340
measured,probe-memory-buffer,run,3043,1577600,0,0,0,5447,1000000,16777216,read,340
measured,probe-memory-buffer,run,3044,1577800,0,0,0,5448,1000000,16777216,read,340
measured,probe-memory-buffer,run,3045,1578000,0,0,0,5448,1000000,16777216,read,340
measured,probe-memory-buffer,run,3046,1578200,0,0,0,5449,1000000,16777216,read,340
measured,probe-memory-buffer,run,3047,1578400,0,0,0,5450,1000000,16777216,read,340
measured,probe-memory-buffer,run,3048,1578600,0,0,0,5451,1000000,16777216,read,340
measured,probe-memory-buffer,run,3049,1578800,0,0,0,5451,1000000,16777216,read,340
measured,probe-memory-buffer,run,3050,1579000,0,0,0,5452,1000000,16777216,read,340
measured,probe-memory-buffer,run,3051,1579200,0,0,0,5453,1000000,16777216,read,340
measured,probe-memory-buffer,run,3052,1579400,0,0,0,5454,1000000,16777216,read,340
measured,probe-memory-buffer,run,3053,1579600,0,0,0,5454,1000000,16777216,read,340
measured,probe-memory-buffer,run,3054,1579800,0,0,0,5455,1000000,16777216,read,340
measured,probe-memory-buffer,run,3055,1580000,0,0,0,5456,1000000,16777216,read,341
measured,probe-memory-buffer,run,3056,1580200,0,0,0,5457,1000000,16777216,read,341
measured,probe-memory-buffer,run,3057,1580300,0,0,0,5457,1000000,16777216,read,341
measured,probe-memory-buffer,run,3058,1580500,0,0,0,5458,1000000,16777216,read,341
measured,probe-memory-buffer,run,3059,1580700,0,0,0,5459,1000000,16777216,read,341
measured,probe-memory-buffer,run,3060,1580900,0,0,0,5460,1000000,16777216,read,341
measured,probe-memory-buffer,run,3061,1581100,0,0,0,5460,1000000,16777216,read,341
measured,probe-memory-buffer,run,3062,1581300,0,0,0,5461,1000000,16777216,read,341
measured,probe-memory-buffer,run,3063,1581500,0,0,0,5462,1000000,16777216,read,341
measured,probe-memory-buffer,run,3064,1581700,0,0,0,5463,1000000,16777216,read,341
measured,probe-memory-buffer,run,3065,1581900,0,0,0,5464,1000000,16777216,read,341
measured,probe-memory-buffer,run,3066,1582100,0,0,0,5464,1000000,16777216,read,341
measured,probe-memory-buffer,run,3067,1582300,0,0,0,5465,1000000,16777216,read,341
measured,probe-memory-buffer,run,3068,1582500,0,0,0,5466,1000000,16777216,read,341
measured,probe-memory-buffer,run,3069,1582700,0,0,0,5466,1000000,16777216,read,341
measured,probe-memory-buffer,run,3070,1582900,0,0,0,5467,1000000,16777216,read,341
measured,probe-memory-buffer,run,3071,1583100,0,0,0,5468,1000000,16777216,read,341
measured,probe-memory-buffer,run,3072,1583300,0,0,0,5469,1000000,16777216,read,341
measured,probe-memory-buffer,run,3073,1583500,0,0,0,5469,1000000,16777216,read,341
measured,probe-memory-buffer,run,3074,1583600,0,0,0,5470,1000000,16777216,read,341
measured,probe-memory-buffer,run,3075,1583800,0,0,0,5471,1000000,16777216,read,341
measured,probe-memory-buffer,run,3076,1584000,0,0,0,5472,1000000,16777216,read,342
measured,probe-memory-buffer,run,3077,1584200,0,0,0,5473,1000000,16777216,read,342
measured,probe-memory-buffer,run,3078,1584400,0,0,0,5473,1000000,16777216,read,342
measured,probe-memory-buffer,run,3079,1584600,0,0,0,5474,1000000,16777216,read,342
measured,probe-memory-buffer,run,3080,1584800,0,0,0,5475,1000000,16777216,read,342
measured,probe-memory-buffer,run,3081,1585000,0,0,0,5476,1000000,16777216,read,342
measured,probe-memory-buffer,run,3082,1585200,0,0,0,5476,1000000,16777216,read,342
measured,probe-memory-buffer,run,3083,1585400,0,0,0,5477,1000000,16777216,read,342
measured,probe-memory-buffer,run,3084,1585600,0,0,0,5478,1000000,16777216,read,342
measured,probe-memory-buffer,run,3085,1585800,0,0,0,5479,1000000,16777216,read,342
measured,probe-memory-buffer,run,3086,1586000,0,0,0,5479,1000000,16777216,read,342
measured,probe-memory-buffer,run,3087,1586200,0,0,0,5480,1000000,16777216,read,342
measured,probe-memory-buffer,run,3088,1586400,0,0,0,5481,1000000,16777216,read,342
measured,probe-memory-buffer,run,3089,1586600,0,0,0,5482,1000000,16777216,read,342
measured,probe-memory-buffer,run,3090,1586800,0,0,0,5482,1000000,16777216,read,342
measured,probe-memory-buffer,run,3091,1587000,0,0,0,5483,1000000,16777216,read,342
measured,probe-memory-buffer,run,3092,1587100,0,0,0,5484,1000000,16777216,read,342
measured,probe-memory-buffer,run,3093,1587300,0,0,0,5485,1000000,16777216,read,342
measured,probe-memory-buffer,run,3094,1587500,0,0,0,5485,1000000,16777216,read,342
measured,probe-memory-buffer,run,3095,1587700,0,0,0,5486,1000000,16777216,read,342
measured,probe-memory-buffer,run,3096,1587900,0,0,0,5487,1000000,16777216,read,342
measured,probe-memory-buffer,run,3097,1588100,0,0,0,5488,1000000,16777216,read,343
measured,probe-memory-buffer,run,3098,1589300,0,0,0,5492,1000000,16777216,read,343
measured,probe-memory-buffer,run,3099,1589500,0,0,0,5493,1000000,16777216,read,343
measured,probe-memory-buffer,run,3100,1589700,0,0,0,5494,1000000,16777216,read,343
measured,probe-memory-buffer,run,3101,1589900,0,0,0,5494,1000000,16777216,read,343
measured,probe-memory-buffer,run,3102,1590000,0,0,0,5495,1000000,16777216,read,343
measured,probe-memory-buffer,run,3103,1590200,0,0,0,5496,1000000,16777216,read,343
measured,probe-memory-buffer,run,3104,1590400,0,0,0,5497,1000000,16777216,read,343
measured,probe-memory-buffer,run,3105,1590600,0,0,0,5498,1000000,16777216,read,343
measured,probe-memory-buffer,run,3106,1590800,0,0,0,5498,1000000,16777216,read,343
measured,probe-memory-buffer,run,3107,1591000,0,0,0,5499,1000000,16777216,read,343
measured,probe-memory-buffer,run,3108,1591200,0,0,0,5500,1000000,16777216,read,343
measured,probe-memory-buffer,run,3109,1591400,0,0,0,5501,1000000,16777216,read,343
measured,probe-memory-buffer,run,3110,1591600,0,0,0,5501,1000000,16777216,read,343
measured,probe-memory-buffer,run,3111,1591800,0,0,0,5502,1000000,16777216,read,343
measured,probe-memory-buffer,run,3112,1592000,0,0,0,5503,1000000,16777216,read,343
measured,probe-memory-buffer,run,3113,1592200,0,0,0,5503,1000000,16777216,read,343
measured,probe-memory-buffer,run,3114,1592400,0,0,0,5504,1000000,16777216,read,344
measured,probe-memory-buffer,run,3115,1592600,0,0,0,5505,1000000,16777216,read,344
measured,probe-memory-buffer,run,3116,1592800,0,0,0,5506,1000000,16777216,read,344
measured,probe-memory-buffer,run,3117,1592900,0,0,0,5507,1000000,16777216,read,344
measured,probe-memory-buffer,run,3118,1593100,0,0,0,5507,1000000,16777216,read,344
measured,probe-memory-buffer,run,3119,1593300,0,0,0,5508,1000000,16777216,read,344
measured,probe-memory-buffer,run,3120,1593500,0,0,0,5509,1000000,16777216,read,344
measured,probe-memory-buffer,run,3121,1593700,0,0,0,5510,1000000,16777216,read,344
measured,probe-memory-buffer,run,3122,1593900,0,0,0,5510,1000000,16777216,read,344
measured,probe-memory-buffer,run,3123,1594100,0,0,0,5511,1000000,16777216,read,344
measured,probe-memory-buffer,run,3124,1594300,0,0,0,5512,1000000,16777216,read,344
measured,probe-memory-buffer,run,3125,1594500,0,0,0,5513,1000000,16777216,read,344
measured,probe-memory-buffer,run,3126,1594700,0,0,0,5514,1000000,16777216,read,344
measured,probe-memory-buffer,run,3127,1594900,0,0,0,5514,1000000,16777216,read,344
measured,probe-memory-buffer,run,3128,1595100,0,0,0,5515,1000000,16777216,read,344
measured,probe-memory-buffer,run,3129,1595300,0,0,0,5516,1000000,16777216,read,344
measured,probe-memory-buffer,run,3130,1595500,0,0,0,5516,1000000,16777216,read,344
measured,probe-memory-buffer,run,3131,1595700,0,0,0,5517,1000000,16777216,read,344
measured,probe-memory-buffer,run,3132,1595900,0,0,0,5518,1000000,16777216,read,344
measured,probe-memory-buffer,run,3133,1596100,0,0,0,5519,1000000,16777216,read,344
measured,probe-memory-buffer,run,3134,1596300,0,0,0,5519,1000000,16777216,read,344
measured,probe-memory-buffer,run,3135,1596400,0,0,0,5520,1000000,16777216,read,345
measured,probe-memory-buffer,run,3136,1596600,0,0,0,5521,1000000,16777216,read,345
measured,probe-memory-buffer,run,3137,1596800,0,0,0,5522,1000000,16777216,read,345
measured,probe-memory-buffer,run,3138,1597000,0,0,0,5523,1000000,16777216,read,345
measured,probe-memory-buffer,run,3139,1597200,0,0,0,5523,1000000,16777216,read,345
measured,probe-memory-buffer,run,3140,1597400,0,0,0,5524,1000000,16777216,read,345
measured,probe-memory-buffer,run,3141,1597600,0,0,0,5525,1000000,16777216,read,345
measured,probe-memory-buffer,run,3142,1597800,0,0,0,5526,1000000,16777216,read,345
measured,probe-memory-buffer,run,3143,1598000,0,0,0,5526,1000000,16777216,read,345
measured,probe-memory-buffer,run,3144,1598200,0,0,0,5527,1000000,16777216,read,345
measured,probe-memory-buffer,run,3145,1598400,0,0,0,5528,1000000,16777216,read,345
measured,probe-memory-buffer,run,3146,1598600,0,0,0,5529,1000000,16777216,read,345
measured,probe-memory-buffer,run,3147,1598800,0,0,0,5529,1000000,16777216,read,345
measured,probe-memory-buffer,run,3148,1599000,0,0,0,5530,1000000,16777216,read,345
measured,probe-memory-buffer,run,3149,1599200,0,0,0,5531,1000000,16777216,read,345
measured,probe-memory-buffer,run,3150,1599400,0,0,0,5532,1000000,16777216,read,345
measured,probe-memory-buffer,run,3151,1599600,0,0,0,5532,1000000,16777216,read,345
measured,probe-memory-buffer,run,3152,1599700,0,0,0,5533,1000000,16777216,read,345
measured,probe-memory-buffer,run,3153,1599900,0,0,0,5534,1000000,16777216,read,345
measured,probe-memory-buffer,run,3154,1600100,0,0,0,5535,1000000,16777216,read,345
measured,probe-memory-buffer,run,3155,1601200,0,0,0,5539,1000000,16777216,read,346
measured,probe-memory-buffer,run,3156,1601400,0,0,0,5540,1000000,16777216,read,346
measured,probe-memory-buffer,run,3157,1601600,0,0,0,5541,1000000,16777216,read,346
measured,probe-memory-buffer,run,3158,1601800,0,0,0,5541,1000000,16777216,read,346
measured,probe-memory-buffer,run,3159,1602000,0,0,0,5542,1000000,16777216,read,346
measured,probe-memory-buffer,run,3160,1602200,0,0,0,5542,1000000,16777216,read,346
measured,probe-memory-buffer,run,3161,1602400,0,0,0,5543,1000000,16777216,read,346
measured,probe-memory-buffer,run,3162,1602600,0,0,0,5544,1000000,16777216,read,346
measured,probe-memory-buffer,run,3163,1602700,0,0,0,5545,1000000,16777216,read,346
measured,probe-memory-buffer,run,3164,1602900,0,0,0,5546,1000000,16777216,read,346
measured,probe-memory-buffer,run,3165,1603100,0,0,0,5546,1000000,16777216,read,346
measured,probe-memory-buffer,run,3166,1603300,0,0,0,5547,1000000,16777216,read,346
measured,probe-memory-buffer,run,3167,1603500,0,0,0,5548,1000000,16777216,read,346
measured,probe-memory-buffer,run,3168,1603700,0,0,0,5549,1000000,16777216,read,346
measured,probe-memory-buffer,run,3169,1603900,0,0,0,5550,1000000,16777216,read,346
measured,probe-memory-buffer,run,3170,1604100,0,0,0,5550,1000000,16777216,read,346
measured,probe-memory-buffer,run,3171,1604300,0,0,0,5551,1000000,16777216,read,346
measured,probe-memory-buffer,run,3172,1604500,0,0,0,5552,1000000,16777216,read,347
measured,probe-memory-buffer,run,3173,1604700,0,0,0,5552,1000000,16777216,read,347
measured,probe-memory-buffer,run,3174,1604900,0,0,0,5553,1000000,16777216,read,347
measured,probe-memory-buffer,run,3175,1605100,0,0,0,5554,1000000,16777216,read,347
measured,probe-memory-buffer,run,3176,1605200,0,0,0,5555,1000000,16777216,read,347
measured,probe-memory-buffer,run,3177,1605400,0,0,0,5555,1000000,16777216,read,347
measured,probe-memory-buffer,run,3178,1605600,0,0,0,5556,1000000,16777216,read,347
measured,probe-memory-buffer,run,3179,1605800,0,0,0,5557,1000000,16777216,read,347
measured,probe-memory-buffer,run,3180,1606000,0,0,0,5558,1000000,16777216,read,347
measured,probe-memory-buffer,run,3181,1606200,0,0,0,5558,1000000,16777216,read,347
measured,probe-memory-buffer,run,3182,1606400,0,0,0,5559,1000000,16777216,read,347
measured,probe-memory-buffer,run,3183,1606600,0,0,0,5560,1000000,16777216,read,347
measured,probe-memory-buffer,run,3184,1606800,0,0,0,5561,1000000,16777216,read,347
measured,probe-memory-buffer,run,3185,1607000,0,0,0,5562,1000000,16777216,read,347
measured,probe-memory-buffer,run,3186,1607200,0,0,0,5562,1000000,16777216,read,347
measured,probe-memory-buffer,run,3187,1607400,0,0,0,5563,1000000,16777216,read,347
measured,probe-memory-buffer,run,3188,1607600,0,0,0,5564,1000000,16777216,read,347
measured,probe-memory-buffer,run,3189,1607800,0,0,0,5564,1000000,16777216,read,347
measured,probe-memory-buffer,run,3190,1608000,0,0,0,5565,1000000,16777216,read,347
measured,probe-memory-buffer,run,3191,1608200,0,0,0,5566,1000000,16777216,read,347
measured,probe-memory-buffer,run,3192,1608400,0,0,0,5567,1000000,16777216,read,347
measured,probe-memory-buffer,run,3193,1608500,0,0,0,5567,1000000,16777216,read,347
measured,probe-memory-buffer,run,3194,1608700,0,0,0,5568,1000000,16777216,read,348
measured,probe-memory-buffer,run,3195,1608900,0,0,0,5569,1000000,16777216,read,348
measured,probe-memory-buffer,run,3196,1609100,0,0,0,5570,1000000,16777216,read,348
measured,probe-memory-buffer,run,3197,1609300,0,0,0,5571,1000000,16777216,read,348
measured,probe-memory-buffer,run,3198,1609500,0,0,0,5571,1000000,16777216,read,348
measured,probe-memory-buffer,run,3199,1609700,0,0,0,5572,1000000,16777216,read,348
measured,probe-memory-buffer,run,3200,1609900,0,0,0,5573,1000000,16777216,read,348
measured,probe-memory-buffer,run,3201,1610100,0,0,0,5574,1000000,16777216,read,348
measured,probe-memory-buffer,run,3202,1610300,0,0,0,5575,1000000,16777216,read,348
measured,probe-memory-buffer,run,3203,1610500,0,0,0,5575,1000000,16777216,read,348
measured,probe-memory-buffer,run,3204,1610700,0,0,0,5576,1000000,16777216,read,348
measured,probe-memory-buffer,run,3205,1610900,0,0,0,5576,1000000,16777216,read,348
measured,probe-memory-buffer,run,3206,1611100,0,0,0,5577,1000000,16777216,read,348
measured,probe-memory-buffer,run,3207,1611300,0,0,0,5578,1000000,16777216,read,348
measured,probe-memory-buffer,run,3208,1611500,0,0,0,5579,1000000,16777216,read,348
measured,probe-memory-buffer,run,3209,1611600,0,0,0,5580,1000000,16777216,read,348
measured,probe-memory-buffer,run,3210,1611800,0,0,0,5580,1000000,16777216,read,348
measured,probe-memory-buffer,run,3211,1612000,0,0,0,5581,1000000,16777216,read,348
measured,probe-memory-buffer,run,3212,1613100,0,0,0,5585,1000000,16777216,read,349
measured,probe-memory-buffer,run,3213,1613300,0,0,0,5586,1000000,16777216,read,349
measured,probe-memory-buffer,run,3214,1613500,0,0,0,5587,1000000,16777216,read,349
measured,probe-memory-buffer,run,3215,1613700,0,0,0,5587,1000000,16777216,read,349
measured,probe-memory-buffer,run,3216,1613800,0,0,0,5588,1000000,16777216,read,349
measured,probe-memory-buffer,run,3217,1614000,0,0,0,5589,1000000,16777216,read,349
measured,probe-memory-buffer,run,3218,1614200,0,0,0,5590,1000000,16777216,read,349
measured,probe-memory-buffer,run,3219,1614400,0,0,0,5591,1000000,16777216,read,349
measured,probe-memory-buffer,run,3220,1614600,0,0,0,5591,1000000,16777216,read,349
measured,probe-memory-buffer,run,3221,1614800,0,0,0,5592,1000000,16777216,read,349
measured,probe-memory-buffer,run,3222,1615000,0,0,0,5593,1000000,16777216,read,349
measured,probe-memory-buffer,run,3223,1615200,0,0,0,5594,1000000,16777216,read,349
measured,probe-memory-buffer,run,3224,1615400,0,0,0,5594,1000000,16777216,read,349
measured,probe-memory-buffer,run,3225,1615600,0,0,0,5595,1000000,16777216,read,349
measured,probe-memory-buffer,run,3226,1615800,0,0,0,5596,1000000,16777216,read,349
measured,probe-memory-buffer,run,3227,1616000,0,0,0,5596,1000000,16777216,read,349
measured,probe-memory-buffer,run,3228,1616200,0,0,0,5597,1000000,16777216,read,349
measured,probe-memory-buffer,run,3229,1616400,0,0,0,5598,1000000,16777216,read,349
measured,probe-memory-buffer,run,3230,1616600,0,0,0,5599,1000000,16777216,read,349
measured,probe-memory-buffer,run,3231,1616700,0,0,0,5600,1000000,16777216,read,350
measured,probe-memory-buffer,run,3232,1616900,0,0,0,5600,1000000,16777216,read,350
measured,probe-memory-buffer,run,3233,1617100,0,0,0,5601,1000000,16777216,read,350
measured,probe-memory-buffer,run,3234,1617300,0,0,0,5602,1000000,16777216,read,350
measured,probe-memory-buffer,run,3235,1617500,0,0,0,5603,1000000,16777216,read,350
measured,probe-memory-buffer,run,3236,1617700,0,0,0,5603,1000000,16777216,read,350
measured,probe-memory-buffer,run,3237,1617900,0,0,0,5604,1000000,16777216,read,350
measured,probe-memory-buffer,run,3238,1618100,0,0,0,5605,1000000,16777216,read,350
measured,probe-memory-buffer,run,3239,1618300,0,0,0,5606,1000000,16777216,read,350
measured,probe-memory-buffer,run,3240,1618500,0,0,0,5607,1000000,16777216,read,350
measured,probe-memory-buffer,run,3241,1618700,0,0,0,5607,1000000,16777216,read,350
measured,probe-memory-buffer,run,3242,1618900,0,0,0,5608,1000000,16777216,read,350
measured,probe-memory-buffer,run,3243,1619100,0,0,0,5609,1000000,16777216,read,350
measured,probe-memory-buffer,run,3244,1619300,0,0,0,5610,1000000,16777216,read,350
measured,probe-memory-buffer,run,3245,1619500,0,0,0,5610,1000000,16777216,read,350
measured,probe-memory-buffer,run,3246,1619700,0,0,0,5611,1000000,16777216,read,350
measured,probe-memory-buffer,run,3247,1619900,0,0,0,5612,1000000,16777216,read,350
measured,probe-memory-buffer,run,3248,1620100,0,0,0,5612,1000000,16777216,read,350
measured,probe-memory-buffer,run,3249,1620200,0,0,0,5613,1000000,16777216,read,350
measured,probe-memory-buffer,run,3250,1620400,0,0,0,5614,1000000,16777216,read,350
measured,probe-memory-buffer,run,3251,1620600,0,0,0,5615,1000000,16777216,read,350
measured,probe-memory-buffer,run,3252,1620800,0,0,0,5616,1000000,16777216,read,351
measured,probe-memory-buffer,run,3253,1621000,0,0,0,5616,1000000,16777216,read,351
measured,probe-memory-buffer,run,3254,1621200,0,0,0,5617,1000000,16777216,read,351
measured,probe-memory-buffer,run,3255,1621400,0,0,0,5618,1000000,16777216,read,351
measured,probe-memory-buffer,run,3256,1621600,0,0,0,5619,1000000,16777216,read,351
measured,probe-memory-buffer,run,3257,1621800,0,0,0,5619,1000000,16777216,read,351
measured,probe-memory-buffer,run,3258,1622000,0,0,0,5620,1000000,16777216,read,351
measured,probe-memory-buffer,run,3259,1622200,0,0,0,5621,1000000,16777216,read,351
measured,probe-memory-buffer,run,3260,1622400,0,0,0,5621,1000000,16777216,read,351
measured,probe-memory-buffer,run,3261,1622600,0,0,0,5622,1000000,16777216,read,351
measured,probe-memory-buffer,run,3262,1622800,0,0,0,5623,1000000,16777216,read,351
measured,probe-memory-buffer,run,3263,1623000,0,0,0,5624,1000000,16777216,read,351
measured,probe-memory-buffer,run,3264,1623100,0,0,0,5625,1000000,16777216,read,351
measured,probe-memory-buffer,run,3265,1623300,0,0,0,5625,1000000,16777216,read,351
measured,probe-memory-buffer,run,3266,1623500,0,0,0,5626,1000000,16777216,read,351
measured,probe-memory-buffer,run,3267,1623700,0,0,0,5627,1000000,16777216,read,351
measured,probe-memory-buffer,run,3268,1623900,0,0,0,5628,1000000,16777216,read,351
measured,probe-memory-buffer,run,3269,1625000,0,0,0,5632,1000000,16777216,read,352
measured,probe-memory-buffer,run,3270,1625200,0,0,0,5633,1000000,16777216,read,352
measured,probe-memory-buffer,run,3271,1625400,0,0,0,5633,1000000,16777216,read,352
measured,probe-memory-buffer,run,3272,1625600,0,0,0,5634,1000000,16777216,read,352
measured,probe-memory-buffer,run,3273,1625800,0,0,0,5635,1000000,16777216,read,352
measured,probe-memory-buffer,run,3274,1626000,0,0,0,5636,1000000,16777216,read,352
measured,probe-memory-buffer,run,3275,1626200,0,0,0,5637,1000000,16777216,read,352
measured,probe-memory-buffer,run,3276,1626400,0,0,0,5637,1000000,16777216,read,352
measured,probe-memory-buffer,run,3277,1626600,0,0,0,5638,1000000,16777216,read,352
measured,probe-memory-buffer,run,3278,1626800,0,0,0,5639,1000000,16777216,read,352
measured,probe-memory-buffer,run,3279,1627000,0,0,0,5639,1000000,16777216,read,352
measured,probe-memory-buffer,run,3280,1627200,0,0,0,5640,1000000,16777216,read,352
measured,probe-memory-buffer,run,3281,1627400,0,0,0,5641,1000000,16777216,read,352
measured,probe-memory-buffer,run,3282,1627600,0,0,0,5642,1000000,16777216,read,352
measured,probe-memory-buffer,run,3283,1627800,0,0,0,5642,1000000,16777216,read,352
measured,probe-memory-buffer,run,3284,1627900,0,0,0,5643,1000000,16777216,read,352
measured,probe-memory-buffer,run,3285,1628100,0,0,0,5644,1000000,16777216,read,352
measured,probe-memory-buffer,run,3286,1628300,0,0,0,5645,1000000,16777216,read,352
measured,probe-memory-buffer,run,3287,1628500,0,0,0,5646,1000000,16777216,read,352
measured,probe-memory-buffer,run,3288,1628700,0,0,0,5646,1000000,16777216,read,352
measured,probe-memory-buffer,run,3289,1628900,0,0,0,5647,1000000,16777216,read,352
measured,probe-memory-buffer,run,3290,1629100,0,0,0,5648,1000000,16777216,read,353
measured,probe-memory-buffer,run,3291,1629300,0,0,0,5649,1000000,16777216,read,353
measured,probe-memory-buffer,run,3292,1629500,0,0,0,5650,1000000,16777216,read,353
measured,probe-memory-buffer,run,3293,1629700,0,0,0,5650,1000000,16777216,read,353
measured,probe-memory-buffer,run,3294,1629900,0,0,0,5651,1000000,16777216,read,353
measured,probe-memory-buffer,run,3295,1630100,0,0,0,5651,1000000,16777216,read,353
measured,probe-memory-buffer,run,3296,1630300,0,0,0,5652,1000000,16777216,read,353
measured,probe-memory-buffer,run,3297,1630500,0,0,0,5653,1000000,16777216,read,353
measured,probe-memory-buffer,run,3298,1630600,0,0,0,5654,1000000,16777216,read,353
measured,probe-memory-buffer,run,3299,1630800,0,0,0,5655,1000000,16777216,read,353
measured,probe-memory-buffer,run,3300,1631000,0,0,0,5655,1000000,16777216,read,353
measured,probe-memory-buffer,run,3301,1631200,0,0,0,5656,1000000,16777216,read,353
measured,probe-memory-buffer,run,3302,1631400,0,0,0,5657,1000000,16777216,read,353
measured,probe-memory-buffer,run,3303,1631600,0,0,0,5658,1000000,16777216,read,353
measured,probe-memory-buffer,run,3304,1631800,0,0,0,5658,1000000,16777216,read,353
measured,probe-memory-buffer,run,3305,1632000,0,0,0,5659,1000000,16777216,read,353
measured,probe-memory-buffer,run,3306,1632200,0,0,0,5660,1000000,16777216,read,353
measured,probe-memory-buffer,run,3307,1632400,0,0,0,5661,1000000,16777216,read,353
measured,probe-memory-buffer,run,3308,1632600,0,0,0,5661,1000000,16777216,read,353
measured,probe-memory-buffer,run,3309,1632800,0,0,0,5662,1000000,16777216,read,353
measured,probe-memory-buffer,run,3310,1633000,0,0,0,5663,1000000,16777216,read,353
measured,probe-memory-buffer,run,3311,1633200,0,0,0,5664,1000000,16777216,read,354
measured,probe-memory-buffer,run,3312,1633400,0,0,0,5664,1000000,16777216,read,354
measured,probe-memory-buffer,run,3313,1633600,0,0,0,5665,1000000,16777216,read,354
measured,probe-memory-buffer,run,3314,1633800,0,0,0,5666,1000000,16777216,read,354
measured,probe-memory-buffer,run,3315,1633900,0,0,0,5667,1000000,16777216,read,354
measured,probe-memory-buffer,run,3316,1634100,0,0,0,5667,1000000,16777216,read,354
measured,probe-memory-buffer,run,3317,1634300,0,0,0,5668,1000000,16777216,read,354
measured,probe-memory-buffer,run,3318,1634500,0,0,0,5669,1000000,16777216,read,354
measured,probe-memory-buffer,run,3319,1634700,0,0,0,5670,1000000,16777216,read,354
measured,probe-memory-buffer,run,3320,1634900,0,0,0,5671,1000000,16777216,read,354
measured,probe-memory-buffer,run,3321,1635100,0,0,0,5671,1000000,16777216,read,354
measured,probe-memory-buffer,run,3322,1635300,0,0,0,5672,1000000,16777216,read,354
measured,probe-memory-buffer,run,3323,1635500,0,0,0,5673,1000000,16777216,read,354
measured,probe-memory-buffer,run,3324,1635700,0,0,0,5674,1000000,16777216,read,354
measured,probe-memory-buffer,run,3325,1636800,0,0,0,5678,1000000,16777216,read,354
measured,probe-memory-buffer,run,3326,1637000,0,0,0,5678,1000000,16777216,read,354
measured,probe-memory-buffer,run,3327,1637200,0,0,0,5679,1000000,16777216,read,354
measured,probe-memory-buffer,run,3328,1637400,0,0,0,5680,1000000,16777216,read,355
measured,probe-memory-buffer,run,3329,1637600,0,0,0,5681,1000000,16777216,read,355
measured,probe-memory-buffer,run,3330,1637800,0,0,0,5682,1000000,16777216,read,355
measured,probe-memory-buffer,run,3331,1637900,0,0,0,5682,1000000,16777216,read,355
measured,probe-memory-buffer,run,3332,1638100,0,0,0,5683,1000000,16777216,read,355
measured,probe-memory-buffer,run,3333,1638300,0,0,0,5684,1000000,16777216,read,355
measured,probe-memory-buffer,run,3334,1638500,0,0,0,5685,1000000,16777216,read,355
measured,probe-memory-buffer,run,3335,1638700,0,0,0,5685,1000000,16777216,read,355
measured,probe-memory-buffer,run,3336,1638900,0,0,0,5686,1000000,16777216,read,355
measured,probe-memory-buffer,run,3337,1639100,0,0,0,5687,1000000,16777216,read,355
measured,probe-memory-buffer,run,3338,1639300,0,0,0,5688,1000000,16777216,read,355
measured,probe-memory-buffer,run,3339,1639500,0,0,0,5689,1000000,16777216,read,355
measured,probe-memory-buffer,run,3340,1639700,0,0,0,5689,1000000,16777216,read,355
measured,probe-memory-buffer,run,3341,1639900,0,0,0,5690,1000000,16777216,read,355
measured,probe-memory-buffer,run,3342,1640100,0,0,0,5691,1000000,16777216,read,355
measured,probe-memory-buffer,run,3343,1640300,0,0,0,5691,1000000,16777216,read,355
measured,probe-memory-buffer,run,3344,1640400,0,0,0,5692,1000000,16777216,read,355
measured,probe-memory-buffer,run,3345,1640600,0,0,0,5693,1000000,16777216,read,355
measured,probe-memory-buffer,run,3346,1640800,0,0,0,5694,1000000,16777216,read,355
measured,probe-memory-buffer,run,3347,1641000,0,0,0,5694,1000000,16777216,read,355
measured,probe-memory-buffer,run,3348,1641200,0,0,0,5695,1000000,16777216,read,355
measured,probe-memory-buffer,run,3349,1641400,0,0,0,5696,1000000,16777216,read,356
measured,probe-memory-buffer,run,3350,1641600,0,0,0,5697,1000000,16777216,read,356
measured,probe-memory-buffer,run,3351,1641800,0,0,0,5698,1000000,16777216,read,356
measured,probe-memory-buffer,run,3352,1642000,0,0,0,5698,1000000,16777216,read,356
measured,probe-memory-buffer,run,3353,1642200,0,0,0,5699,1000000,16777216,read,356
measured,probe-memory-buffer,run,3354,1642400,0,0,0,5700,1000000,16777216,read,356
measured,probe-memory-buffer,run,3355,1642600,0,0,0,5700,1000000,16777216,read,356
measured,probe-memory-buffer,run,3356,1642800,0,0,0,5701,1000000,16777216,read,356
measured,probe-memory-buffer,run,3357,1642900,0,0,0,5702,1000000,16777216,read,356
measured,probe-memory-buffer,run,3358,1643100,0,0,0,5703,1000000,16777216,read,356
measured,probe-memory-buffer,run,3359,1643300,0,0,0,5703,1000000,16777216,read,356
measured,probe-memory-buffer,run,3360,1643500,0,0,0,5704,1000000,16777216,read,356
measured,probe-memory-buffer,run,3361,1643700,0,0,0,5705,1000000,16777216,read,356
measured,probe-memory-buffer,run,3362,1643900,0,0,0,5706,1000000,16777216,read,356
measured,probe-memory-buffer,run,3363,1644100,0,0,0,5707,1000000,16777216,read,356
measured,probe-memory-buffer,run,3364,1644300,0,0,0,5707,1000000,16777216,read,356
measured,probe-memory-buffer,run,3365,1644500,0,0,0,5708,1000000,16777216,read,356
measured,probe-memory-buffer,run,3366,1644700,0,0,0,5709,1000000,16777216,read,356
measured,probe-memory-buffer,run,3367,1644900,0,0,0,5710,1000000,16777216,read,356
measured,probe-memory-buffer,run,3368,1645100,0,0,0,5710,1000000,16777216,read,356
measured,probe-memory-buffer,run,3369,1645300,0,0,0,5711,1000000,16777216,read,356
measured,probe-memory-buffer,run,3370,1645500,0,0,0,5712,1000000,16777216,read,357
measured,probe-memory-buffer,run,3371,1645600,0,0,0,5712,1000000,16777216,read,357
measured,probe-memory-buffer,run,3372,1645800,0,0,0,5713,1000000,16777216,read,357
measured,probe-memory-buffer,run,3373,1646000,0,0,0,5714,1000000,16777216,read,357
measured,probe-memory-buffer,run,3374,1646200,0,0,0,5715,1000000,16777216,read,357
measured,probe-memory-buffer,run,3375,1646400,0,0,0,5716,1000000,16777216,read,357
measured,probe-memory-buffer,run,3376,1646600,0,0,0,5716,1000000,16777216,read,357
measured,probe-memory-buffer,run,3377,1646800,0,0,0,5717,1000000,16777216,read,357
measured,probe-memory-buffer,run,3378,1647000,0,0,0,5718,1000000,16777216,read,357
measured,probe-memory-buffer,run,3379,1647200,0,0,0,5719,1000000,16777216,read,357
measured,probe-memory-buffer,run,3380,1647400,0,0,0,5719,1000000,16777216,read,357
measured,probe-memory-buffer,run,3381,1647600,0,0,0,5720,1000000,16777216,read,357
measured,probe-memory-buffer,run,3382,1648700,0,0,0,5725,1000000,16777216,read,357
measured,probe-memory-buffer,run,3383,1648900,0,0,0,5725,1000000,16777216,read,357
measured,probe-memory-buffer,run,3384,1649100,0,0,0,5726,1000000,16777216,read,357
measured,probe-memory-buffer,run,3385,1649300,0,0,0,5727,1000000,16777216,read,357
measured,probe-memory-buffer,run,3386,1649500,0,0,0,5728,1000000,16777216,read,358
measured,probe-memory-buffer,run,3387,1649700,0,0,0,5728,1000000,16777216,read,358
measured,probe-memory-buffer,run,3388,1649900,0,0,0,5729,1000000,16777216,read,358
measured,probe-memory-buffer,run,3389,1650100,0,0,0,5730,1000000,16777216,read,358
measured,probe-memory-buffer,run,3390,1650300,0,0,0,5731,1000000,16777216,read,358
measured,probe-memory-buffer,run,3391,1650500,0,0,0,5732,1000000,16777216,read,358
measured,probe-memory-buffer,run,3392,1650700,0,0,0,5732,1000000,16777216,read,358
measured,probe-memory-buffer,run,3393,1650900,0,0,0,5733,1000000,16777216,read,358
measured,probe-memory-buffer,run,3394,1651100,0,0,0,5734,1000000,16777216,read,358
measured,probe-memory-buffer,run,3395,1651300,0,0,0,5734,1000000,16777216,read,358
measured,probe-memory-buffer,run,3396,1651500,0,0,0,5735,1000000,16777216,read,358
measured,probe-memory-buffer,run,3397,1651700,0,0,0,5736,1000000,16777216,read,358
measured,probe-memory-buffer,run,3398,1651800,0,0,0,5737,1000000,16777216,read,358
measured,probe-memory-buffer,run,3399,1652000,0,0,0,5737,1000000,16777216,read,358
measured,probe-memory-buffer,run,3400,1652200,0,0,0,5738,1000000,16777216,read,358
measured,probe-memory-buffer,run,3401,1652400,0,0,0,5739,1000000,16777216,read,358
measured,probe-memory-buffer,run,3402,1652600,0,0,0,5740,1000000,16777216,read,358
measured,probe-memory-buffer,run,3403,1652800,0,0,0,5741,1000000,16777216,read,358
measured,probe-memory-buffer,run,3404,1653000,0,0,0,5741,1000000,16777216,read,358
measured,probe-memory-buffer,run,3405,1653200,0,0,0,5742,1000000,16777216,read,358
measured,probe-memory-buffer,run,3406,1653400,0,0,0,5743,1000000,16777216,read,358
measured,probe-memory-buffer,run,3407,1653600,0,0,0,5744,1000000,16777216,read,359
measured,probe-memory-buffer,run,3408,1653800,0,0,0,5744,1000000,16777216,read,359
measured,probe-memory-buffer,run,3409,1654000,0,0,0,5745,1000000,16777216,read,359
measured,probe-memory-buffer,run,3410,1654200,0,0,0,5746,1000000,16777216,read,359
measured,probe-memory-buffer,run,3411,1654400,0,0,0,5746,1000000,16777216,read,359
measured,probe-memory-buffer,run,3412,1654600,0,0,0,5747,1000000,16777216,read,359
measured,probe-memory-buffer,run,3413,1654800,0,0,0,5748,1000000,16777216,read,359
measured,probe-memory-buffer,run,3414,1654900,0,0,0,5749,1000000,16777216,read,359
measured,probe-memory-buffer,run,3415,1655100,0,0,0,5750,1000000,16777216,read,359
measured,probe-memory-buffer,run,3416,1655300,0,0,0,5750,1000000,16777216,read,359
measured,probe-memory-buffer,run,3417,1655500,0,0,0,5751,1000000,16777216,read,359
measured,probe-memory-buffer,run,3418,1655700,0,0,0,5752,1000000,16777216,read,359
measured,probe-memory-buffer,run,3419,1655900,0,0,0,5753,1000000,16777216,read,359
measured,probe-memory-buffer,run,3420,1656100,0,0,0,5753,1000000,16777216,read,359
measured,probe-memory-buffer,run,3421,1656300,0,0,0,5754,1000000,16777216,read,359
measured,probe-memory-buffer,run,3422,1656500,0,0,0,5755,1000000,16777216,read,359
measured,probe-memory-buffer,run,3423,1656700,0,0,0,5756,1000000,16777216,read,359
measured,probe-memory-buffer,run,3424,1656900,0,0,0,5757,1000000,16777216,read,359
measured,probe-memory-buffer,run,3425,1657100,0,0,0,5757,1000000,16777216,read,359
measured,probe-memory-buffer,run,3426,1657300,0,0,0,5758,1000000,16777216,read,359
measured,probe-memory-buffer,run,3427,1657500,0,0,0,5758,1000000,16777216,read,359
measured,probe-memory-buffer,run,3428,1657700,0,0,0,5759,1000000,16777216,read,359
measured,probe-memory-buffer,run,3429,1657900,0,0,0,5760,1000000,16777216,read,360
measured,probe-memory-buffer,run,3430,1658100,0,0,0,5761,1000000,16777216,read,360
measured,probe-memory-buffer,run,3431,1658200,0,0,0,5762,1000000,16777216,read,360
measured,probe-memory-buffer,run,3432,1658400,0,0,0,5762,1000000,16777216,read,360
measured,probe-memory-buffer,run,3433,1658600,0,0,0,5763,1000000,16777216,read,360
measured,probe-memory-buffer,run,3434,1658800,0,0,0,5764,1000000,16777216,read,360
measured,probe-memory-buffer,run,3435,1659000,0,0,0,5765,1000000,16777216,read,360
measured,probe-memory-buffer,run,3436,1659200,0,0,0,5766,1000000,16777216,read,360
measured,probe-memory-buffer,run,3437,1659400,0,0,0,5766,1000000,16777216,read,360
measured,probe-memory-buffer,run,3438,1659600,0,0,0,5767,1000000,16777216,read,360
measured,probe-memory-buffer,run,3439,1660700,0,0,0,5771,1000000,16777216,read,360
measured,probe-memory-buffer,run,3440,1660900,0,0,0,5772,1000000,16777216,read,360
measured,probe-memory-buffer,run,3441,1661100,0,0,0,5773,1000000,16777216,read,360
measured,probe-memory-buffer,run,3442,1661300,0,0,0,5774,1000000,16777216,read,360
measured,probe-memory-buffer,run,3443,1661500,0,0,0,5775,1000000,16777216,read,360
measured,probe-memory-buffer,run,3444,1661700,0,0,0,5775,1000000,16777216,read,360
measured,probe-memory-buffer,run,3445,1661900,0,0,0,5776,1000000,16777216,read,361
measured,probe-memory-buffer,run,3446,1662100,0,0,0,5777,1000000,16777216,read,361
measured,probe-memory-buffer,run,3447,1662300,0,0,0,5778,1000000,16777216,read,361
measured,probe-memory-buffer,run,3448,1662500,0,0,0,5778,1000000,16777216,read,361
measured,probe-memory-buffer,run,3449,1662700,0,0,0,5779,1000000,16777216,read,361
measured,probe-memory-buffer,run,3450,1662900,0,0,0,5780,1000000,16777216,read,361
measured,probe-memory-buffer,run,3451,1663100,0,0,0,5780,1000000,16777216,read,361
measured,probe-memory-buffer,run,3452,1663200,0,0,0,5781,1000000,16777216,read,361
measured,probe-memory-buffer,run,3453,1663400,0,0,0,5782,1000000,16777216,read,361
measured,probe-memory-buffer,run,3454,1663600,0,0,0,5783,1000000,16777216,read,361
measured,probe-memory-buffer,run,3455,1663800,0,0,0,5783,1000000,16777216,read,361
measured,probe-memory-buffer,run,3456,1664000,0,0,0,5784,1000000,16777216,read,361
measured,probe-memory-buffer,run,3457,1664200,0,0,0,5785,1000000,16777216,read,361
measured,probe-memory-buffer,run,3458,1664400,0,0,0,5786,1000000,16777216,read,361
measured,probe-memory-buffer,run,3459,1664600,0,0,0,5787,1000000,16777216,read,361
measured,probe-memory-buffer,run,3460,1664800,0,0,0,5787,1000000,16777216,read,361
measured,probe-memory-buffer,run,3461,1665000,0,0,0,5788,1000000,16777216,read,361
measured,probe-memory-buffer,run,3462,1665200,0,0,0,5789,1000000,16777216,read,361
measured,probe-memory-buffer,run,3463,1665400,0,0,0,5789,1000000,16777216,read,361
measured,probe-memory-buffer,run,3464,1665600,0,0,0,5790,1000000,16777216,read,361
measured,probe-memory-buffer,run,3465,1665800,0,0,0,5791,1000000,16777216,read,361
measured,probe-memory-buffer,run,3466,1666000,0,0,0,5792,1000000,16777216,read,362
measured,probe-memory-buffer,run,3467,1666100,0,0,0,5792,1000000,16777216,read,362
measured,probe-memory-buffer,run,3468,1666300,0,0,0,5793,1000000,16777216,read,362
measured,probe-memory-buffer,run,3469,1666500,0,0,0,5794,1000000,16777216,read,362
measured,probe-memory-buffer,run,3470,1666700,0,0,0,5795,1000000,16777216,read,362
measured,probe-memory-buffer,run,3471,1666900,0,0,0,5796,1000000,16777216,read,362
measured,probe-memory-buffer,run,3472,1667100,0,0,0,5796,1000000,16777216,read,362
measured,probe-memory-buffer,run,3473,1667300,0,0,0,5797,1000000,16777216,read,362
measured,probe-memory-buffer,run,3474,1667500,0,0,0,5798,1000000,16777216,read,362
measured,probe-memory-buffer,run,3475,1667700,0,0,0,5798,1000000,16777216,read,362
measured,probe-memory-buffer,run,3476,1667900,0,0,0,5799,1000000,16777216,read,362
measured,probe-memory-buffer,run,3477,1668100,0,0,0,5800,1000000,16777216,read,362
measured,probe-memory-buffer,run,3478,1668300,0,0,0,5801,1000000,16777216,read,362
measured,probe-memory-buffer,run,3479,1668400,0,0,0,5801,1000000,16777216,read,362
measured,probe-memory-buffer,run,3480,1668600,0,0,0,5802,1000000,16777216,read,362
measured,probe-memory-buffer,run,3481,1668800,0,0,0,5803,1000000,16777216,read,362
measured,probe-memory-buffer,run,3482,1669000,0,0,0,5804,1000000,16777216,read,362
measured,probe-memory-buffer,run,3483,1669200,0,0,0,5805,1000000,16777216,read,362
measured,probe-memory-buffer,run,3484,1669400,0,0,0,5805,1000000,16777216,read,362
measured,probe-memory-buffer,run,3485,1669600,0,0,0,5806,1000000,16777216,read,362
measured,probe-memory-buffer,run,3486,1669800,0,0,0,5807,1000000,16777216,read,362
measured,probe-memory-buffer,run,3487,1670000,0,0,0,5808,1000000,16777216,read,363
measured,probe-memory-buffer,run,3488,1670200,0,0,0,5808,1000000,16777216,read,363
measured,probe-memory-buffer,run,3489,1670400,0,0,0,5809,1000000,16777216,read,363
measured,probe-memory-buffer,run,3490,1670600,0,0,0,5810,1000000,16777216,read,363
measured,probe-memory-buffer,run,3491,1670800,0,0,0,5811,1000000,16777216,read,363
measured,probe-memory-buffer,run,3492,1671000,0,0,0,5811,1000000,16777216,read,363
measured,probe-memory-buffer,run,3493,1671200,0,0,0,5812,1000000,16777216,read,363
measured,probe-memory-buffer,run,3494,1671400,0,0,0,5813,1000000,16777216,read,363
measured,probe-memory-buffer,run,3495,1671600,0,0,0,5814,1000000,16777216,read,363
measured,probe-memory-buffer,run,3496,1672700,0,0,0,5818,1000000,16777216,read,363
measured,probe-memory-buffer,run,3497,1672900,0,0,0,5819,1000000,16777216,read,363
measured,probe-memory-buffer,run,3498,1673100,0,0,0,5820,1000000,16777216,read,363
measured,probe-memory-buffer,run,3499,1673300,0,0,0,5821,1000000,16777216,read,363
measured,probe-memory-buffer,run,3500,1673500,0,0,0,5821,1000000,16777216,read,363
measured,probe-memory-buffer,run,3501,1673700,0,0,0,5822,1000000,16777216,read,363
measured,probe-memory-buffer,run,3502,1673900,0,0,0,5823,1000000,16777216,read,363
measured,probe-memory-buffer,run,3503,1674100,0,0,0,5823,1000000,16777216,read,363
measured,probe-memory-buffer,run,3504,1674300,0,0,0,5824,1000000,16777216,read,364
measured,probe-memory-buffer,run,3505,1674500,0,0,0,5825,1000000,16777216,read,364
measured,probe-memory-buffer,run,3506,1674700,0,0,0,5826,1000000,16777216,read,364
measured,probe-memory-buffer,run,3507,1674900,0,0,0,5826,1000000,16777216,read,364
measured,probe-memory-buffer,run,3508,1675000,0,0,0,5827,1000000,16777216,read,364
measured,probe-memory-buffer,run,3509,1675200,0,0,0,5828,1000000,16777216,read,364
measured,probe-memory-buffer,run,3510,1675400,0,0,0,5829,1000000,16777216,read,364
measured,probe-memory-buffer,run,3511,1675600,0,0,0,5830,1000000,16777216,read,364
measured,probe-memory-buffer,run,3512,1675800,0,0,0,5830,1000000,16777216,read,364
measured,probe-memory-buffer,run,3513,1676000,0,0,0,5831,1000000,16777216,read,364
measured,probe-memory-buffer,run,3514,1676200,0,0,0,5832,1000000,16777216,read,364
measured,probe-memory-buffer,run,3515,1676400,0,0,0,5833,1000000,16777216,read,364
measured,probe-memory-buffer,run,3516,1676600,0,0,0,5833,1000000,16777216,read,364
measured,probe-memory-buffer,run,3517,1676800,0,0,0,5834,1000000,16777216,read,364
measured,probe-memory-buffer,run,3518,1677000,0,0,0,5835,1000000,16777216,read,364
measured,probe-memory-buffer,run,3519,1677200,0,0,0,5836,1000000,16777216,read,364
measured,probe-memory-buffer,run,3520,1677400,0,0,0,5837,1000000,16777216,read,364
measured,probe-memory-buffer,run,3521,1677600,0,0,0,5837,1000000,16777216,read,364
measured,probe-memory-buffer,run,3522,1677800,0,0,0,5838,1000000,16777216,read,364
measured,probe-memory-buffer,run,3523,1678000,0,0,0,5839,1000000,16777216,read,364
measured,probe-memory-buffer,run,3524,1678200,0,0,0,5839,1000000,16777216,read,364
measured,probe-memory-buffer,run,3525,1678300,0,0,0,5840,1000000,16777216,read,365
measured,probe-memory-buffer,run,3526,1678500,0,0,0,5841,1000000,16777216,read,365
measured,probe-memory-buffer,run,3527,1678700,0,0,0,5842,1000000,16777216,read,365
measured,probe-memory-buffer,run,3528,1678900,0,0,0,5842,1000000,16777216,read,365
measured,probe-memory-buffer,run,3529,1679100,0,0,0,5843,1000000,16777216,read,365
measured,probe-memory-buffer,run,3530,1679300,0,0,0,5844,1000000,16777216,read,365
measured,probe-memory-buffer,run,3531,1679500,0,0,0,5845,1000000,16777216,read,365
measured,probe-memory-buffer,run,3532,1679700,0,0,0,5846,1000000,16777216,read,365
measured,probe-memory-buffer,run,3533,1679900,0,0,0,5846,1000000,16777216,read,365
measured,probe-memory-buffer,run,3534,1680100,0,0,0,5847,1000000,16777216,read,365
measured,probe-memory-buffer,run,3535,1680300,0,0,0,5848,1000000,16777216,read,365
measured,probe-memory-buffer,run,3536,1680500,0,0,0,5849,1000000,16777216,read,365
measured,probe-memory-buffer,run,3537,1680700,0,0,0,5849,1000000,16777216,read,365
measured,probe-memory-buffer,run,3538,1680900,0,0,0,5850,1000000,16777216,read,365
measured,probe-memory-buffer,run,3539,1681100,0,0,0,5851,1000000,16777216,read,365
measured,probe-memory-buffer,run,3540,1681300,0,0,0,5851,1000000,16777216,read,365
measured,probe-memory-buffer,run,3541,1681500,0,0,0,5852,1000000,16777216,read,365
measured,probe-memory-buffer,run,3542,1681600,0,0,0,5853,1000000,16777216,read,365
measured,probe-memory-buffer,run,3543,1681800,0,0,0,5854,1000000,16777216,read,365
measured,probe-memory-buffer,run,3544,1682000,0,0,0,5855,1000000,16777216,read,365
measured,probe-memory-buffer,run,3545,1682200,0,0,0,5855,1000000,16777216,read,365
measured,probe-memory-buffer,run,3546,1682400,0,0,0,5856,1000000,16777216,read,366
measured,probe-memory-buffer,run,3547,1682600,0,0,0,5857,1000000,16777216,read,366
measured,probe-memory-buffer,run,3548,1682800,0,0,0,5858,1000000,16777216,read,366
measured,probe-memory-buffer,run,3549,1683000,0,0,0,5858,1000000,16777216,read,366
measured,probe-memory-buffer,run,3550,1683200,0,0,0,5859,1000000,16777216,read,366
measured,probe-memory-buffer,run,3551,1683400,0,0,0,5860,1000000,16777216,read,366
measured,probe-memory-buffer,run,3552,1683600,0,0,0,5861,1000000,16777216,read,366
measured,probe-memory-buffer,run,3553,1684600,0,0,0,5865,1000000,16777216,read,366
measured,probe-memory-buffer,run,3554,1684800,0,0,0,5866,1000000,16777216,read,366
measured,probe-memory-buffer,run,3555,1685000,0,0,0,5866,1000000,16777216,read,366
measured,probe-memory-buffer,run,3556,1685200,0,0,0,5867,1000000,16777216,read,366
measured,probe-memory-buffer,run,3557,1685400,0,0,0,5868,1000000,16777216,read,366
measured,probe-memory-buffer,run,3558,1685600,0,0,0,5869,1000000,16777216,read,366
measured,probe-memory-buffer,run,3559,1685800,0,0,0,5869,1000000,16777216,read,366
measured,probe-memory-buffer,run,3560,1686000,0,0,0,5870,1000000,16777216,read,366
measured,probe-memory-buffer,run,3561,1686200,0,0,0,5871,1000000,16777216,read,366
measured,probe-memory-buffer,run,3562,1686400,0,0,0,5871,1000000,16777216,read,366
measured,probe-memory-buffer,run,3563,1686600,0,0,0,5872,1000000,16777216,read,367
measured,probe-memory-buffer,run,3564,1686800,0,0,0,5873,1000000,16777216,read,367
measured,probe-memory-buffer,run,3565,1686900,0,0,0,5874,1000000,16777216,read,367
measured,probe-memory-buffer,run,3566,1687100,0,0,0,5875,1000000,16777216,read,367
measured,probe-memory-buffer,run,3567,1687300,0,0,0,5875,1000000,16777216,read,367
measured,probe-memory-buffer,run,3568,1687500,0,0,0,5876,1000000,16777216,read,367
measured,probe-memory-buffer,run,3569,1687700,0,0,0,5877,1000000,16777216,read,367
measured,probe-memory-buffer,run,3570,1687900,0,0,0,5878,1000000,16777216,read,367
measured,probe-memory-buffer,run,3571,1688100,0,0,0,5878,1000000,16777216,read,367
measured,probe-memory-buffer,run,3572,1688300,0,0,0,5879,1000000,16777216,read,367
measured,probe-memory-buffer,run,3573,1688500,0,0,0,5880,1000000,16777216,read,367
measured,probe-memory-buffer,run,3574,1688700,0,0,0,5881,1000000,16777216,read,367
measured,probe-memory-buffer,run,3575,1688900,0,0,0,5882,1000000,16777216,read,367
measured,probe-memory-buffer,run,3576,1689100,0,0,0,5882,1000000,16777216,read,367
measured,probe-memory-buffer,run,3577,1689300,0,0,0,5883,1000000,16777216,read,367
measured,probe-memory-buffer,run,3578,1689500,0,0,0,5884,1000000,16777216,read,367
measured,probe-memory-buffer,run,3579,1689700,0,0,0,5885,1000000,16777216,read,367
measured,probe-memory-buffer,run,3580,1689900,0,0,0,5885,1000000,16777216,read,367
measured,probe-memory-buffer,run,3581,1690100,0,0,0,5886,1000000,16777216,read,367
measured,probe-memory-buffer,run,3582,1690300,0,0,0,5887,1000000,16777216,read,367
measured,probe-memory-buffer,run,3583,1690500,0,0,0,5887,1000000,16777216,read,367
measured,probe-memory-buffer,run,3584,1690700,0,0,0,5888,1000000,16777216,read,368
measured,probe-memory-buffer,run,3585,1690900,0,0,0,5889,1000000,16777216,read,368
measured,probe-memory-buffer,run,3586,1691000,0,0,0,5890,1000000,16777216,read,368
measured,probe-memory-buffer,run,3587,1691200,0,0,0,5891,1000000,16777216,read,368
measured,probe-memory-buffer,run,3588,1691400,0,0,0,5891,1000000,16777216,read,368
measured,probe-memory-buffer,run,3589,1691600,0,0,0,5892,1000000,16777216,read,368
measured,probe-memory-buffer,run,3590,1691800,0,0,0,5893,1000000,16777216,read,368
measured,probe-memory-buffer,run,3591,1692000,0,0,0,5894,1000000,16777216,read,368
measured,probe-memory-buffer,run,3592,1692200,0,0,0,5894,1000000,16777216,read,368
measured,probe-memory-buffer,run,3593,1692400,0,0,0,5895,1000000,16777216,read,368
measured,probe-memory-buffer,run,3594,1692600,0,0,0,5896,1000000,16777216,read,368
measured,probe-memory-buffer,run,3595,1692800,0,0,0,5897,1000000,16777216,read,368
measured,probe-memory-buffer,run,3596,1693000,0,0,0,5898,1000000,16777216,read,368
measured,probe-memory-buffer,run,3597,1693200,0,0,0,5898,1000000,16777216,read,368
measured,probe-memory-buffer,run,3598,1693400,0,0,0,5899,1000000,16777216,read,368
measured,probe-memory-buffer,run,3599,1693600,0,0,0,5900,1000000,16777216,read,368
measured,probe-memory-buffer,run,3600,1693800,0,0,0,5900,1000000,16777216,read,368
measured,probe-memory-buffer,run,3601,1694000,0,0,0,5901,1000000,16777216,read,368
measured,probe-memory-buffer,run,3602,1694200,0,0,0,5902,1000000,16777216,read,368
measured,probe-memory-buffer,run,3603,1694400,0,0,0,5903,1000000,16777216,read,368
measured,probe-memory-buffer,run,3604,1694600,0,0,0,5903,1000000,16777216,read,368
measured,probe-memory-buffer,run,3605,1694800,0,0,0,5904,1000000,16777216,read,369
measured,probe-memory-buffer,run,3606,1694900,0,0,0,5905,1000000,16777216,read,369
measured,probe-memory-buffer,run,3607,1695100,0,0,0,5906,1000000,16777216,read,369
measured,probe-memory-buffer,run,3608,1695300,0,0,0,5907,1000000,16777216,read,369
measured,probe-memory-buffer,run,3609,1695500,0,0,0,5907,1000000,16777216,read,369
measured,probe-memory-buffer,run,3610,1696600,0,0,0,5911,1000000,16777216,read,369
measured,probe-memory-buffer,run,3611,1696800,0,0,0,5912,1000000,16777216,read,369
measured,probe-memory-buffer,run,3612,1697000,0,0,0,5913,1000000,16777216,read,369
measured,probe-memory-buffer,run,3613,1697200,0,0,0,5914,1000000,16777216,read,369
measured,probe-memory-buffer,run,3614,1697400,0,0,0,5914,1000000,16777216,read,369
measured,probe-memory-buffer,run,3615,1697600,0,0,0,5915,1000000,16777216,read,369
measured,probe-memory-buffer,run,3616,1697700,0,0,0,5916,1000000,16777216,read,369
measured,probe-memory-buffer,run,3617,1697900,0,0,0,5917,1000000,16777216,read,369
measured,probe-memory-buffer,run,3618,1698100,0,0,0,5917,1000000,16777216,read,369
measured,probe-memory-buffer,run,3619,1698300,0,0,0,5918,1000000,16777216,read,369
measured,probe-memory-buffer,run,3620,1698500,0,0,0,5919,1000000,16777216,read,369
measured,probe-memory-buffer,run,3621,1698700,0,0,0,5920,1000000,16777216,read,370
measured,probe-memory-buffer,run,3622,1698900,0,0,0,5921,1000000,16777216,read,370
measured,probe-memory-buffer,run,3623,1699100,0,0,0,5921,1000000,16777216,read,370
measured,probe-memory-buffer,run,3624,1699300,0,0,0,5922,1000000,16777216,read,370
measured,probe-memory-buffer,run,3625,1699500,0,0,0,5923,1000000,16777216,read,370
measured,probe-memory-buffer,run,3626,1699700,0,0,0,5924,1000000,16777216,read,370
measured,probe-memory-buffer,run,3627,1699900,0,0,0,5924,1000000,16777216,read,370
measured,probe-memory-buffer,run,3628,1700100,0,0,0,5925,1000000,16777216,read,370
measured,probe-memory-buffer,run,3629,1700300,0,0,0,5926,1000000,16777216,read,370
measured,probe-memory-buffer,run,3630,1700500,0,0,0,5926,1000000,16777216,read,370
measured,probe-memory-buffer,run,3631,1700600,0,0,0,5927,1000000,16777216,read,370
measured,probe-memory-buffer,run,3632,1700800,0,0,0,5928,1000000,16777216,read,370
measured,probe-memory-buffer,run,3633,1701000,0,0,0,5929,1000000,16777216,read,370
measured,probe-memory-buffer,run,3634,1701200,0,0,0,5930,1000000,16777216,read,370
measured,probe-memory-buffer,run,3635,1701400,0,0,0,5930,1000000,16777216,read,370
measured,probe-memory-buffer,run,3636,1701600,0,0,0,5931,1000000,16777216,read,370
measured,probe-memory-buffer,run,3637,1701800,0,0,0,5932,1000000,16777216,read,370
measured,probe-memory-buffer,run,3638,1702000,0,0,0,5933,1000000,16777216,read,370
measured,probe-memory-buffer,run,3639,1702200,0,0,0,5933,1000000,16777216,read,370
measured,probe-memory-buffer,run,3640,1702400,0,0,0,5934,1000000,16777216,read,370
measured,probe-memory-buffer,run,3641,1702600,0,0,0,5935,1000000,16777216,read,370
measured,probe-memory-buffer,run,3642,1702800,0,0,0,5935,1000000,16777216,read,370
measured,probe-memory-buffer,run,3643,1703000,0,0,0,5936,1000000,16777216,read,371
measured,probe-memory-buffer,run,3644,1703100,0,0,0,5937,1000000,16777216,read,371
measured,probe-memory-buffer,run,3645,1703300,0,0,0,5938,1000000,16777216,read,371
measured,probe-memory-buffer,run,3646,1703500,0,0,0,5939,1000000,16777216,read,371
measured,probe-memory-buffer,run,3647,1703700,0,0,0,5939,1000000,16777216,read,371
measured,probe-memory-buffer,run,3648,1703900,0,0,0,5940,1000000,16777216,read,371
measured,probe-memory-buffer,run,3649,1704100,0,0,0,5941,1000000,16777216,read,371
measured,probe-memory-buffer,run,3650,1704300,0,0,0,5942,1000000,16777216,read,371
measured,probe-memory-buffer,run,3651,1704500,0,0,0,5942,1000000,16777216,read,371
measured,probe-memory-buffer,run,3652,1704700,0,0,0,5943,1000000,16777216,read,371
measured,probe-memory-buffer,run,3653,1704900,0,0,0,5944,1000000,16777216,read,371
measured,probe-memory-buffer,run,3654,1705100,0,0,0,5945,1000000,16777216,read,371
measured,probe-memory-buffer,run,3655,1705300,0,0,0,5946,1000000,16777216,read,371
measured,probe-memory-buffer,run,3656,1705500,0,0,0,5946,1000000,16777216,read,371
measured,probe-memory-buffer,run,3657,1705700,0,0,0,5947,1000000,16777216,read,371
measured,probe-memory-buffer,run,3658,1705900,0,0,0,5948,1000000,16777216,read,371
measured,probe-memory-buffer,run,3659,1706100,0,0,0,5948,1000000,16777216,read,371
measured,probe-memory-buffer,run,3660,1706300,0,0,0,5949,1000000,16777216,read,371
measured,probe-memory-buffer,run,3661,1706500,0,0,0,5950,1000000,16777216,read,371
measured,probe-memory-buffer,run,3662,1706600,0,0,0,5951,1000000,16777216,read,371
measured,probe-memory-buffer,run,3663,1706800,0,0,0,5951,1000000,16777216,read,371
measured,probe-memory-buffer,run,3664,1707000,0,0,0,5952,1000000,16777216,read,372
measured,probe-memory-buffer,run,3665,1707200,0,0,0,5953,1000000,16777216,read,372
measured,probe-memory-buffer,run,3666,1707400,0,0,0,5954,1000000,16777216,read,372
measured,probe-memory-buffer,run,3667,1708500,0,0,0,5958,1000000,16777216,read,372
measured,probe-memory-buffer,run,3668,1708700,0,0,0,5959,1000000,16777216,read,372
measured,probe-memory-buffer,run,3669,1708900,0,0,0,5960,1000000,16777216,read,372
measured,probe-memory-buffer,run,3670,1709100,0,0,0,5960,1000000,16777216,read,372
measured,probe-memory-buffer,run,3671,1709300,0,0,0,5961,1000000,16777216,read,372
measured,probe-memory-buffer,run,3672,1709500,0,0,0,5962,1000000,16777216,read,372
measured,probe-memory-buffer,run,3673,1709700,0,0,0,5963,1000000,16777216,read,372
measured,probe-memory-buffer,run,3674,1709900,0,0,0,5964,1000000,16777216,read,372
measured,probe-memory-buffer,run,3675,1710100,0,0,0,5964,1000000,16777216,read,372
measured,probe-memory-buffer,run,3676,1710300,0,0,0,5965,1000000,16777216,read,372
measured,probe-memory-buffer,run,3677,1710500,0,0,0,5966,1000000,16777216,read,372
measured,probe-memory-buffer,run,3678,1710700,0,0,0,5967,1000000,16777216,read,372
measured,probe-memory-buffer,run,3679,1710900,0,0,0,5967,1000000,16777216,read,372
measured,probe-memory-buffer,run,3680,1711100,0,0,0,5968,1000000,16777216,read,373
measured,probe-memory-buffer,run,3681,1711300,0,0,0,5969,1000000,16777216,read,373
measured,probe-memory-buffer,run,3682,1711500,0,0,0,5970,1000000,16777216,read,373
measured,probe-memory-buffer,run,3683,1711700,0,0,0,5971,1000000,16777216,read,373
measured,probe-memory-buffer,run,3684,1711900,0,0,0,5971,1000000,16777216,read,373
measured,probe-memory-buffer,run,3685,1712100,0,0,0,5972,1000000,16777216,read,373
measured,probe-memory-buffer,run,3686,1712300,0,0,0,5973,1000000,16777216,read,373
measured,probe-memory-buffer,run,3687,1712500,0,0,0,5974,1000000,16777216,read,373
measured,probe-memory-buffer,run,3688,1712700,0,0,0,5975,1000000,16777216,read,373
measured,probe-memory-buffer,run,3689,1712900,0,0,0,5975,1000000,16777216,read,373
measured,probe-memory-buffer,run,3690,1713100,0,0,0,5976,1000000,16777216,read,373
measured,probe-memory-buffer,run,3691,1713300,0,0,0,5977,1000000,16777216,read,373
measured,probe-memory-buffer,run,3692,1713500,0,0,0,5978,1000000,16777216,read,373
measured,probe-memory-buffer,run,3693,1713800,0,0,0,5978,1000000,16777216,read,373
measured,probe-memory-buffer,run,3694,1714000,0,0,0,5979,1000000,16777216,read,373
measured,probe-memory-buffer,run,3695,1714200,0,0,0,5980,1000000,16777216,read,373
measured,probe-memory-buffer,run,3696,1714400,0,0,0,5981,1000000,16777216,read,373
measured,probe-memory-buffer,run,3697,1714600,0,0,0,5982,1000000,16777216,read,373
measured,probe-memory-buffer,run,3698,1714800,0,0,0,5982,1000000,16777216,read,373
measured,probe-memory-buffer,run,3699,1715000,0,0,0,5983,1000000,16777216,read,373
measured,probe-memory-buffer,run,3700,1715200,0,0,0,5984,1000000,16777216,read,374
measured,probe-memory-buffer,run,3701,1715400,0,0,0,5985,1000000,16777216,read,374
measured,probe-memory-buffer,run,3702,1715600,0,0,0,5985,1000000,16777216,read,374
measured,probe-memory-buffer,run,3703,1715800,0,0,0,5987,1000000,16777216,read,374
measured,probe-memory-buffer,run,3704,1716000,0,0,0,5987,1000000,16777216,read,374
measured,probe-memory-buffer,run,3705,1716200,0,0,0,5988,1000000,16777216,read,374
measured,probe-memory-buffer,run,3706,1716400,0,0,0,5989,1000000,16777216,read,374
measured,probe-memory-buffer,run,3707,1716600,0,0,0,5990,1000000,16777216,read,374
measured,probe-memory-buffer,run,3708,1716800,0,0,0,5991,1000000,16777216,read,374
measured,probe-memory-buffer,run,3709,1717000,0,0,0,5991,1000000,16777216,read,374
measured,probe-memory-buffer,run,3710,1717200,0,0,0,5992,1000000,16777216,read,374
measured,probe-memory-buffer,run,3711,1717400,0,0,0,5993,1000000,16777216,read,374
measured,probe-memory-buffer,run,3712,1717600,0,0,0,5994,1000000,16777216,read,374
measured,probe-memory-buffer,run,3713,1717800,0,0,0,5994,1000000,16777216,read,374
measured,probe-memory-buffer,run,3714,1718000,0,0,0,5995,1000000,16777216,read,374
measured,probe-memory-buffer,run,3715,1718200,0,0,0,5996,1000000,16777216,read,374
measured,probe-memory-buffer,run,3716,1718400,0,0,0,5997,1000000,16777216,read,374
measured,probe-memory-buffer,run,3717,1718600,0,0,0,5998,1000000,16777216,read,374
measured,probe-memory-buffer,run,3718,1718800,0,0,0,5998,1000000,16777216,read,374
measured,probe-memory-buffer,run,3719,1719000,0,0,0,5999,1000000,16777216,read,374
measured,probe-memory-buffer,run,3720,1719200,0,0,0,6000,1000000,16777216,read,375
measured,probe-memory-buffer,run,3721,1719400,0,0,0,6001,1000000,16777216,read,375
measured,probe-memory-buffer,run,3722,1719600,0,0,0,6001,1000000,16777216,read,375
measured,probe-memory-buffer,run,3723,1719800,0,0,0,6002,1000000,16777216,read,375
measured,probe-memory-buffer,run,3724,1720800,0,0,0,6006,1000000,16777216,read,375
measured,probe-memory-buffer,run,3725,1721000,0,0,0,6007,1000000,16777216,read,375
measured,probe-memory-buffer,run,3726,1721200,0,0,0,6008,1000000,16777216,read,375
measured,probe-memory-buffer,run,3727,1721400,0,0,0,6008,1000000,16777216,read,375
measured,probe-memory-buffer,run,3728,1721600,0,0,0,6009,1000000,16777216,read,375
measured,probe-memory-buffer,run,3729,1721800,0,0,0,6010,1000000,16777216,read,375
measured,probe-memory-buffer,run,3730,1722000,0,0,0,6011,1000000,16777216,read,375
measured,probe-memory-buffer,run,3731,1722200,0,0,0,6012,1000000,16777216,read,375
measured,probe-memory-buffer,run,3732,1722400,0,0,0,6012,1000000,16777216,read,375
measured,probe-memory-buffer,run,3733,1722600,0,0,0,6013,1000000,16777216,read,375
measured,probe-memory-buffer,run,3734,1722800,0,0,0,6014,1000000,16777216,read,375
measured,probe-memory-buffer,run,3735,1723000,0,0,0,6014,1000000,16777216,read,375
measured,probe-memory-buffer,run,3736,1723200,0,0,0,6015,1000000,16777216,read,375
measured,probe-memory-buffer,run,3737,1723400,0,0,0,6016,1000000,16777216,read,376
measured,probe-memory-buffer,run,3738,1723600,0,0,0,6017,1000000,16777216,read,376
measured,probe-memory-buffer,run,3739,1723800,0,0,0,6017,1000000,16777216,read,376
measured,probe-memory-buffer,run,3740,1723900,0,0,0,6018,1000000,16777216,read,376
measured,probe-memory-buffer,run,3741,1724100,0,0,0,6019,1000000,16777216,read,376
measured,probe-memory-buffer,run,3742,1724300,0,0,0,6020,1000000,16777216,read,376
measured,probe-memory-buffer,run,3743,1724500,0,0,0,6021,1000000,16777216,read,376
measured,probe-memory-buffer,run,3744,1724700,0,0,0,6021,1000000,16777216,read,376
measured,probe-memory-buffer,run,3745,1724900,0,0,0,6022,1000000,16777216,read,376
measured,probe-memory-buffer,run,3746,1725100,0,0,0,6023,1000000,16777216,read,376
measured,probe-memory-buffer,run,3747,1725300,0,0,0,6024,1000000,16777216,read,376
measured,probe-memory-buffer,run,3748,1725500,0,0,0,6025,1000000,16777216,read,376
measured,probe-memory-buffer,run,3749,1725700,0,0,0,6025,1000000,16777216,read,376
measured,probe-memory-buffer,run,3750,1725900,0,0,0,6026,1000000,16777216,read,376
measured,probe-memory-buffer,run,3751,1726100,0,0,0,6026,1000000,16777216,read,376
measured,probe-memory-buffer,run,3752,1726300,0,0,0,6027,1000000,16777216,read,376
measured,probe-memory-buffer,run,3753,1726400,0,0,0,6028,1000000,16777216,read,376
measured,probe-memory-buffer,run,3754,1726600,0,0,0,6029,1000000,16777216,read,376
measured,probe-memory-buffer,run,3755,1726800,0,0,0,6030,1000000,16777216,read,376
measured,probe-memory-buffer,run,3756,1727000,0,0,0,6030,1000000,16777216,read,376
measured,probe-memory-buffer,run,3757,1727200,0,0,0,6031,1000000,16777216,read,376
measured,probe-memory-buffer,run,3758,1727400,0,0,0,6032,1000000,16777216,read,377
measured,probe-memory-buffer,run,3759,1727600,0,0,0,6033,1000000,16777216,read,377
measured,probe-memory-buffer,run,3760,1727800,0,0,0,6033,1000000,16777216,read,377
measured,probe-memory-buffer,run,3761,1728000,0,0,0,6034,1000000,16777216,read,377
measured,probe-memory-buffer,run,3762,1728200,0,0,0,6035,1000000,16777216,read,377
measured,probe-memory-buffer,run,3763,1728400,0,0,0,6036,1000000,16777216,read,377
measured,probe-memory-buffer,run,3764,1728600,0,0,0,6036,1000000,16777216,read,377
measured,probe-memory-buffer,run,3765,1728800,0,0,0,6037,1000000,16777216,read,377
measured,probe-memory-buffer,run,3766,1729000,0,0,0,6038,1000000,16777216,read,377
measured,probe-memory-buffer,run,3767,1729100,0,0,0,6039,1000000,16777216,read,377
measured,probe-memory-buffer,run,3768,1729300,0,0,0,6039,1000000,16777216,read,377
measured,probe-memory-buffer,run,3769,1729500,0,0,0,6040,1000000,16777216,read,377
measured,probe-memory-buffer,run,3770,1729700,0,0,0,6041,1000000,16777216,read,377
measured,probe-memory-buffer,run,3771,1729900,0,0,0,6042,1000000,16777216,read,377
measured,probe-memory-buffer,run,3772,1730100,0,0,0,6042,1000000,16777216,read,377
measured,probe-memory-buffer,run,3773,1730300,0,0,0,6043,1000000,16777216,read,377
measured,probe-memory-buffer,run,3774,1730500,0,0,0,6044,1000000,16777216,read,377
measured,probe-memory-buffer,run,3775,1730700,0,0,0,6045,1000000,16777216,read,377
measured,probe-memory-buffer,run,3776,1730900,0,0,0,6046,1000000,16777216,read,377
measured,probe-memory-buffer,run,3777,1731100,0,0,0,6046,1000000,16777216,read,377
measured,probe-memory-buffer,run,3778,1731300,0,0,0,6047,1000000,16777216,read,377
measured,probe-memory-buffer,run,3779,1731500,0,0,0,6048,1000000,16777216,read,378
measured,probe-memory-buffer,run,3780,1731700,0,0,0,6048,1000000,16777216,read,378
measured,probe-memory-buffer,run,3781,1732700,0,0,0,6053,1000000,16777216,read,378
measured,probe-memory-buffer,run,3782,1732900,0,0,0,6053,1000000,16777216,read,378
measured,probe-memory-buffer,run,3783,1733100,0,0,0,6054,1000000,16777216,read,378
measured,probe-memory-buffer,run,3784,1733300,0,0,0,6055,1000000,16777216,read,378
measured,probe-memory-buffer,run,3785,1733500,0,0,0,6056,1000000,16777216,read,378
measured,probe-memory-buffer,run,3786,1733700,0,0,0,6057,1000000,16777216,read,378
measured,probe-memory-buffer,run,3787,1733900,0,0,0,6057,1000000,16777216,read,378
measured,probe-memory-buffer,run,3788,1734100,0,0,0,6058,1000000,16777216,read,378
measured,probe-memory-buffer,run,3789,1734300,0,0,0,6059,1000000,16777216,read,378
measured,probe-memory-buffer,run,3790,1734500,0,0,0,6060,1000000,16777216,read,378
measured,probe-memory-buffer,run,3791,1734700,0,0,0,6060,1000000,16777216,read,378
measured,probe-memory-buffer,run,3792,1734900,0,0,0,6061,1000000,16777216,read,378
measured,probe-memory-buffer,run,3793,1735100,0,0,0,6062,1000000,16777216,read,378
measured,probe-memory-buffer,run,3794,1735300,0,0,0,6062,1000000,16777216,read,378
measured,probe-memory-buffer,run,3795,1735400,0,0,0,6063,1000000,16777216,read,378
measured,probe-memory-buffer,run,3796,1735600,0,0,0,6064,1000000,16777216,read,379
measured,probe-memory-buffer,run,3797,1735800,0,0,0,6065,1000000,16777216,read,379
measured,probe-memory-buffer,run,3798,1736000,0,0,0,6066,1000000,16777216,read,379
measured,probe-memory-buffer,run,3799,1736200,0,0,0,6066,1000000,16777216,read,379
measured,probe-memory-buffer,run,3800,1736400,0,0,0,6067,1000000,16777216,read,379
measured,probe-memory-buffer,run,3801,1736600,0,0,0,6068,1000000,16777216,read,379
measured,probe-memory-buffer,run,3802,1736800,0,0,0,6069,1000000,16777216,read,379
measured,probe-memory-buffer,run,3803,1737000,0,0,0,6069,1000000,16777216,read,379
measured,probe-memory-buffer,run,3804,1737200,0,0,0,6070,1000000,16777216,read,379
measured,probe-memory-buffer,run,3805,1737400,0,0,0,6071,1000000,16777216,read,379
measured,probe-memory-buffer,run,3806,1737600,0,0,0,6072,1000000,16777216,read,379
measured,probe-memory-buffer,run,3807,1737800,0,0,0,6073,1000000,16777216,read,379
measured,probe-memory-buffer,run,3808,1738000,0,0,0,6073,1000000,16777216,read,379
measured,probe-memory-buffer,run,3809,1738200,0,0,0,6074,1000000,16777216,read,379
measured,probe-memory-buffer,run,3810,1738400,0,0,0,6075,1000000,16777216,read,379
measured,probe-memory-buffer,run,3811,1738600,0,0,0,6075,1000000,16777216,read,379
measured,probe-memory-buffer,run,3812,1738800,0,0,0,6076,1000000,16777216,read,379
measured,probe-memory-buffer,run,3813,1739000,0,0,0,6077,1000000,16777216,read,379
measured,probe-memory-buffer,run,3814,1739100,0,0,0,6078,1000000,16777216,read,379
measured,probe-memory-buffer,run,3815,1739300,0,0,0,6078,1000000,16777216,read,379
measured,probe-memory-buffer,run,3816,1739500,0,0,0,6079,1000000,16777216,read,379
measured,probe-memory-buffer,run,3817,1739700,0,0,0,6080,1000000,16777216,read,380
measured,probe-memory-buffer,run,3818,1739900,0,0,0,6081,1000000,16777216,read,380
measured,probe-memory-buffer,run,3819,1740100,0,0,0,6082,1000000,16777216,read,380
measured,probe-memory-buffer,run,3820,1740300,0,0,0,6082,1000000,16777216,read,380
measured,probe-memory-buffer,run,3821,1740500,0,0,0,6083,1000000,16777216,read,380
measured,probe-memory-buffer,run,3822,1740700,0,0,0,6084,1000000,16777216,read,380
measured,probe-memory-buffer,run,3823,1740900,0,0,0,6085,1000000,16777216,read,380
measured,probe-memory-buffer,run,3824,1741100,0,0,0,6085,1000000,16777216,read,380
measured,probe-memory-buffer,run,3825,1741300,0,0,0,6086,1000000,16777216,read,380
measured,probe-memory-buffer,run,3826,1741500,0,0,0,6087,1000000,16777216,read,380
measured,probe-memory-buffer,run,3827,1741700,0,0,0,6087,1000000,16777216,read,380
measured,probe-memory-buffer,run,3828,1741900,0,0,0,6088,1000000,16777216,read,380
measured,probe-memory-buffer,run,3829,1742100,0,0,0,6089,1000000,16777216,read,380
measured,probe-memory-buffer,run,3830,1742300,0,0,0,6090,1000000,16777216,read,380
measured,probe-memory-buffer,run,3831,1742400,0,0,0,6091,1000000,16777216,read,380
measured,probe-memory-buffer,run,3832,1742600,0,0,0,6091,1000000,16777216,read,380
measured,probe-memory-buffer,run,3833,1742800,0,0,0,6092,1000000,16777216,read,380
measured,probe-memory-buffer,run,3834,1743000,0,0,0,6093,1000000,16777216,read,380
measured,probe-memory-buffer,run,3835,1743200,0,0,0,6094,1000000,16777216,read,380
measured,probe-memory-buffer,run,3836,1743400,0,0,0,6094,1000000,16777216,read,380
measured,probe-memory-buffer,run,3837,1746200,0,0,0,6105,1000000,16777216,read,381
measured,probe-memory-buffer,run,3838,1746400,0,0,0,6106,1000000,16777216,read,381
measured,probe-memory-buffer,run,3839,1746600,0,0,0,6107,1000000,16777216,read,381
measured,probe-memory-buffer,run,3840,1746800,0,0,0,6108,1000000,16777216,read,381
measured,probe-memory-buffer,run,3841,1747000,0,0,0,6108,1000000,16777216,read,381
measured,probe-memory-buffer,run,3842,1747200,0,0,0,6109,1000000,16777216,read,381
measured,probe-memory-buffer,run,3843,1747400,0,0,0,6110,1000000,16777216,read,381
measured,probe-memory-buffer,run,3844,1747600,0,0,0,6110,1000000,16777216,read,381
measured,probe-memory-buffer,run,3845,1747800,0,0,0,6111,1000000,16777216,read,381
measured,probe-memory-buffer,run,3846,1748000,0,0,0,6112,1000000,16777216,read,382
measured,probe-memory-buffer,run,3847,1748200,0,0,0,6113,1000000,16777216,read,382
measured,probe-memory-buffer,run,3848,1748300,0,0,0,6114,1000000,16777216,read,382
measured,probe-memory-buffer,run,3849,1748500,0,0,0,6114,1000000,16777216,read,382
measured,probe-memory-buffer,run,3850,1748700,0,0,0,6115,1000000,16777216,read,382
measured,probe-memory-buffer,run,3851,1748900,0,0,0,6116,1000000,16777216,read,382
measured,probe-memory-buffer,run,3852,1749100,0,0,0,6117,1000000,16777216,read,382
measured,probe-memory-buffer,run,3853,1749300,0,0,0,6117,1000000,16777216,read,382
measured,probe-memory-buffer,run,3854,1749500,0,0,0,6118,1000000,16777216,read,382
measured,probe-memory-buffer,run,3855,1749700,0,0,0,6119,1000000,16777216,read,382
measured,probe-memory-buffer,run,3856,1749900,0,0,0,6120,1000000,16777216,read,382
measured,probe-memory-buffer,run,3857,1750100,0,0,0,6121,1000000,16777216,read,382
measured,probe-memory-buffer,run,3858,1750300,0,0,0,6121,1000000,16777216,read,382
measured,probe-memory-buffer,run,3859,1750500,0,0,0,6122,1000000,16777216,read,382
measured,probe-memory-buffer,run,3860,1750700,0,0,0,6123,1000000,16777216,read,382
measured,probe-memory-buffer,run,3861,1750900,0,0,0,6124,1000000,16777216,read,382
measured,probe-memory-buffer,run,3862,1751100,0,0,0,6125,1000000,16777216,read,382
measured,probe-memory-buffer,run,3863,1751300,0,0,0,6125,1000000,16777216,read,382
measured,probe-memory-buffer,run,3864,1751500,0,0,0,6126,1000000,16777216,read,382
measured,probe-memory-buffer,run,3865,1751700,0,0,0,6126,1000000,16777216,read,382
measured,probe-memory-buffer,run,3866,1751900,0,0,0,6127,1000000,16777216,read,382
measured,probe-memory-buffer,run,3867,1752100,0,0,0,6128,1000000,16777216,read,383
measured,probe-memory-buffer,run,3868,1752300,0,0,0,6129,1000000,16777216,read,383
measured,probe-memory-buffer,run,3869,1752500,0,0,0,6130,1000000,16777216,read,383
measured,probe-memory-buffer,run,3870,1752700,0,0,0,6130,1000000,16777216,read,383
measured,probe-memory-buffer,run,3871,1752900,0,0,0,6131,1000000,16777216,read,383
measured,probe-memory-buffer,run,3872,1753000,0,0,0,6132,1000000,16777216,read,383
measured,probe-memory-buffer,run,3873,1753200,0,0,0,6133,1000000,16777216,read,383
measured,probe-memory-buffer,run,3874,1753400,0,0,0,6133,1000000,16777216,read,383
measured,probe-memory-buffer,run,3875,1753600,0,0,0,6134,1000000,16777216,read,383
measured,probe-memory-buffer,run,3876,1753800,0,0,0,6135,1000000,16777216,read,383
measured,probe-memory-buffer,run,3877,1754000,0,0,0,6136,1000000,16777216,read,383
measured,probe-memory-buffer,run,3878,1754200,0,0,0,6137,1000000,16777216,read,383
measured,probe-memory-buffer,run,3879,1754400,0,0,0,6137,1000000,16777216,read,383
measured,probe-memory-buffer,run,3880,1754600,0,0,0,6138,1000000,16777216,read,383
measured,probe-memory-buffer,run,3881,1754800,0,0,0,6139,1000000,16777216,read,383
measured,probe-memory-buffer,run,3882,1755000,0,0,0,6140,1000000,16777216,read,383
measured,probe-memory-buffer,run,3883,1755200,0,0,0,6141,1000000,16777216,read,383
measured,probe-memory-buffer,run,3884,1755400,0,0,0,6141,1000000,16777216,read,383
measured,probe-memory-buffer,run,3885,1755600,0,0,0,6142,1000000,16777216,read,383
measured,probe-memory-buffer,run,3886,1755800,0,0,0,6142,1000000,16777216,read,383
measured,probe-memory-buffer,run,3887,1756000,0,0,0,6143,1000000,16777216,read,383
measured,probe-memory-buffer,run,3888,1756100,0,0,0,6144,1000000,16777216,read,384
measured,probe-memory-buffer,run,3889,1756300,0,0,0,6145,1000000,16777216,read,384
measured,probe-memory-buffer,run,3890,1756500,0,0,0,6146,1000000,16777216,read,384
measured,probe-memory-buffer,run,3891,1756700,0,0,0,6146,1000000,16777216,read,384
measured,probe-memory-buffer,run,3892,1756900,0,0,0,6147,1000000,16777216,read,384
measured,probe-memory-buffer,run,3893,1757100,0,0,0,6148,1000000,16777216,read,384
measured,probe-memory-buffer,run,3894,1758200,0,0,0,6152,1000000,16777216,read,384
measured,probe-memory-buffer,run,3895,1758400,0,0,0,6153,1000000,16777216,read,384
measured,probe-memory-buffer,run,3896,1758600,0,0,0,6153,1000000,16777216,read,384
measured,probe-memory-buffer,run,3897,1758700,0,0,0,6154,1000000,16777216,read,384
measured,probe-memory-buffer,run,3898,1758900,0,0,0,6155,1000000,16777216,read,384
measured,probe-memory-buffer,run,3899,1759100,0,0,0,6156,1000000,16777216,read,384
measured,probe-memory-buffer,run,3900,1759300,0,0,0,6157,1000000,16777216,read,384
measured,probe-memory-buffer,run,3901,1759500,0,0,0,6157,1000000,16777216,read,384
measured,probe-memory-buffer,run,3902,1759700,0,0,0,6158,1000000,16777216,read,384
measured,probe-memory-buffer,run,3903,1759900,0,0,0,6159,1000000,16777216,read,384
measured,probe-memory-buffer,run,3904,1760100,0,0,0,6160,1000000,16777216,read,385
measured,probe-memory-buffer,run,3905,1760300,0,0,0,6160,1000000,16777216,read,385
measured,probe-memory-buffer,run,3906,1760500,0,0,0,6161,1000000,16777216,read,385
measured,probe-memory-buffer,run,3907,1760700,0,0,0,6162,1000000,16777216,read,385
measured,probe-memory-buffer,run,3908,1760900,0,0,0,6163,1000000,16777216,read,385
measured,probe-memory-buffer,run,3909,1761100,0,0,0,6163,1000000,16777216,read,385
measured,probe-memory-buffer,run,3910,1761300,0,0,0,6164,1000000,16777216,read,385
measured,probe-memory-buffer,run,3911,1761500,0,0,0,6165,1000000,16777216,read,385
measured,probe-memory-buffer,run,3912,1761700,0,0,0,6166,1000000,16777216,read,385
measured,probe-memory-buffer,run,3913,1761900,0,0,0,6166,1000000,16777216,read,385
measured,probe-memory-buffer,run,3914,1762000,0,0,0,6167,1000000,16777216,read,385
measured,probe-memory-buffer,run,3915,1762200,0,0,0,6168,1000000,16777216,read,385
measured,probe-memory-buffer,run,3916,1762400,0,0,0,6169,1000000,16777216,read,385
measured,probe-memory-buffer,run,3917,1762600,0,0,0,6169,1000000,16777216,read,385
measured,probe-memory-buffer,run,3918,1762800,0,0,0,6170,1000000,16777216,read,385
measured,probe-memory-buffer,run,3919,1763000,0,0,0,6171,1000000,16777216,read,385
measured,probe-memory-buffer,run,3920,1763200,0,0,0,6172,1000000,16777216,read,385
measured,probe-memory-buffer,run,3921,1763400,0,0,0,6173,1000000,16777216,read,385
measured,probe-memory-buffer,run,3922,1763600,0,0,0,6173,1000000,16777216,read,385
measured,probe-memory-buffer,run,3923,1763800,0,0,0,6174,1000000,16777216,read,385
measured,probe-memory-buffer,run,3924,1764000,0,0,0,6175,1000000,16777216,read,385
measured,probe-memory-buffer,run,3925,1764200,0,0,0,6176,1000000,16777216,read,386
measured,probe-memory-buffer,run,3926,1764400,0,0,0,6176,1000000,16777216,read,386
measured,probe-memory-buffer,run,3927,1764600,0,0,0,6177,1000000,16777216,read,386
measured,probe-memory-buffer,run,3928,1764800,0,0,0,6178,1000000,16777216,read,386
measured,probe-memory-buffer,run,3929,1765000,0,0,0,6178,1000000,16777216,read,386
measured,probe-memory-buffer,run,3930,1765100,0,0,0,6179,1000000,16777216,read,386
measured,probe-memory-buffer,run,3931,1765300,0,0,0,6180,1000000,16777216,read,386
measured,probe-memory-buffer,run,3932,1765500,0,0,0,6181,1000000,16777216,read,386
measured,probe-memory-buffer,run,3933,1765700,0,0,0,6182,1000000,16777216,read,386
measured,probe-memory-buffer,run,3934,1765900,0,0,0,6182,1000000,16777216,read,386
measured,probe-memory-buffer,run,3935,1766100,0,0,0,6183,1000000,16777216,read,386
measured,probe-memory-buffer,run,3936,1766300,0,0,0,6184,1000000,16777216,read,386
measured,probe-memory-buffer,run,3937,1766500,0,0,0,6185,1000000,16777216,read,386
measured,probe-memory-buffer,run,3938,1766700,0,0,0,6185,1000000,16777216,read,386
measured,probe-memory-buffer,run,3939,1766900,0,0,0,6186,1000000,16777216,read,386
measured,probe-memory-buffer,run,3940,1767100,0,0,0,6187,1000000,16777216,read,386
measured,probe-memory-buffer,run,3941,1767300,0,0,0,6188,1000000,16777216,read,386
measured,probe-memory-buffer,run,3942,1767500,0,0,0,6189,1000000,16777216,read,386
measured,probe-memory-buffer,run,3943,1767700,0,0,0,6189,1000000,16777216,read,386
measured,probe-memory-buffer,run,3944,1767900,0,0,0,6190,1000000,16777216,read,386
measured,probe-memory-buffer,run,3945,1768100,0,0,0,6191,1000000,16777216,read,386
measured,probe-memory-buffer,run,3946,1768300,0,0,0,6191,1000000,16777216,read,386
measured,probe-memory-buffer,run,3947,1768500,0,0,0,6192,1000000,16777216,read,387
measured,probe-memory-buffer,run,3948,1768700,0,0,0,6193,1000000,16777216,read,387
measured,probe-memory-buffer,run,3949,1768900,0,0,0,6194,1000000,16777216,read,387
measured,probe-memory-buffer,run,3950,1769100,0,0,0,6194,1000000,16777216,read,387
measured,probe-memory-buffer,run,3951,1770200,0,0,0,6199,1000000,16777216,read,387
measured,probe-memory-buffer,run,3952,1770400,0,0,0,6200,1000000,16777216,read,387
measured,probe-memory-buffer,run,3953,1770600,0,0,0,6201,1000000,16777216,read,387
measured,probe-memory-buffer,run,3954,1770800,0,0,0,6201,1000000,16777216,read,387
measured,probe-memory-buffer,run,3955,1771000,0,0,0,6202,1000000,16777216,read,387
measured,probe-memory-buffer,run,3956,1771200,0,0,0,6203,1000000,16777216,read,387
measured,probe-memory-buffer,run,3957,1771400,0,0,0,6203,1000000,16777216,read,387
measured,probe-memory-buffer,run,3958,1771600,0,0,0,6204,1000000,16777216,read,387
measured,probe-memory-buffer,run,3959,1771800,0,0,0,6205,1000000,16777216,read,387
measured,probe-memory-buffer,run,3960,1772000,0,0,0,6206,1000000,16777216,read,387
measured,probe-memory-buffer,run,3961,1772200,0,0,0,6207,1000000,16777216,read,387
measured,probe-memory-buffer,run,3962,1772400,0,0,0,6207,1000000,16777216,read,387
measured,probe-memory-buffer,run,3963,1772500,0,0,0,6208,1000000,16777216,read,388
measured,probe-memory-buffer,run,3964,1772700,0,0,0,6209,1000000,16777216,read,388
measured,probe-memory-buffer,run,3965,1772900,0,0,0,6210,1000000,16777216,read,388
measured,probe-memory-buffer,run,3966,1773100,0,0,0,6210,1000000,16777216,read,388
measured,probe-memory-buffer,run,3967,1773300,0,0,0,6211,1000000,16777216,read,388
measured,probe-memory-buffer,run,3968,1773500,0,0,0,6212,1000000,16777216,read,388
measured,probe-memory-buffer,run,3969,1773700,0,0,0,6213,1000000,16777216,read,388
measured,probe-memory-buffer,run,3970,1773900,0,0,0,6214,1000000,16777216,read,388
measured,probe-memory-buffer,run,3971,1774100,0,0,0,6214,1000000,16777216,read,388
measured,probe-memory-buffer,run,3972,1774300,0,0,0,6215,1000000,16777216,read,388
measured,probe-memory-buffer,run,3973,1774500,0,0,0,6216,1000000,16777216,read,388
measured,probe-memory-buffer,run,3974,1774700,0,0,0,6217,1000000,16777216,read,388
measured,probe-memory-buffer,run,3975,1774900,0,0,0,6217,1000000,16777216,read,388
measured,probe-memory-buffer,run,3976,1775100,0,0,0,6218,1000000,16777216,read,388
measured,probe-memory-buffer,run,3977,1775300,0,0,0,6219,1000000,16777216,read,388
measured,probe-memory-buffer,run,3978,1775500,0,0,0,6219,1000000,16777216,read,388
measured,probe-memory-buffer,run,3979,1775700,0,0,0,6220,1000000,16777216,read,388
measured,probe-memory-buffer,run,3980,1775900,0,0,0,6221,1000000,16777216,read,388
measured,probe-memory-buffer,run,3981,1776000,0,0,0,6222,1000000,16777216,read,388
measured,probe-memory-buffer,run,3982,1776200,0,0,0,6223,1000000,16777216,read,388
measured,probe-memory-buffer,run,3983,1776400,0,0,0,6223,1000000,16777216,read,388
measured,probe-memory-buffer,run,3984,1776600,0,0,0,6224,1000000,16777216,read,389
measured,probe-memory-buffer,run,3985,1776800,0,0,0,6225,1000000,16777216,read,389
measured,probe-memory-buffer,run,3986,1777000,0,0,0,6226,1000000,16777216,read,389
measured,probe-memory-buffer,run,3987,1777200,0,0,0,6226,1000000,16777216,read,389
measured,probe-memory-buffer,run,3988,1777400,0,0,0,6227,1000000,16777216,read,389
measured,probe-memory-buffer,run,3989,1777600,0,0,0,6228,1000000,16777216,read,389
measured,probe-memory-buffer,run,3990,1777800,0,0,0,6229,1000000,16777216,read,389
measured,probe-memory-buffer,run,3991,1778000,0,0,0,6230,1000000,16777216,read,389
measured,probe-memory-buffer,run,3992,1778200,0,0,0,6230,1000000,16777216,read,389
measured,probe-memory-buffer,run,3993,1778400,0,0,0,6231,1000000,16777216,read,389
measured,probe-memory-buffer,run,3994,1778600,0,0,0,6232,1000000,16777216,read,389
measured,probe-memory-buffer,run,3995,1778800,0,0,0,6232,1000000,16777216,read,389
measured,probe-memory-buffer,run,3996,1779000,0,0,0,6233,1000000,16777216,read,389
measured,probe-memory-buffer,run,3997,1779200,0,0,0,6234,1000000,16777216,read,389
measured,probe-memory-buffer,run,3998,1779400,0,0,0,6235,1000000,16777216,read,389
measured,probe-memory-buffer,run,3999,1779600,0,0,0,6235,1000000,16777216,read,389
measured,probe-memory-buffer,run,4000,1779700,0,0,0,6236,1000000,16777216,read,389
measured,probe-memory-buffer,run,4001,1779900,0,0,0,6237,1000000,16777216,read,389
