evidence,source_log,run_id,seq,host_ns,cpu,global_icount,model_ns,visible_ns,window_ns,slope_q32,event,counter_ticks
measured,probe-memory-buffer,run,0,46600,0,0,0,0,1000000,0,update,0
measured,probe-memory-buffer,run,1,480600,0,0,0,0,1000000,16777216,resume,0
measured,probe-memory-buffer,run,2,808100,0,0,0,1282,1000000,16777216,read,80
measured,probe-memory-buffer,run,3,847400,0,0,0,1436,1000000,16777216,read,89
measured,probe-memory-buffer,run,4,872100,0,0,0,1532,1000000,16777216,read,95
measured,probe-memory-buffer,run,5,872600,0,0,0,1535,1000000,16777216,read,95
measured,probe-memory-buffer,run,6,873000,0,0,0,1536,1000000,16777216,read,96
measured,probe-memory-buffer,run,7,873400,0,0,0,1538,1000000,16777216,read,96
measured,probe-memory-buffer,run,8,873900,0,0,0,1539,1000000,16777216,read,96
measured,probe-memory-buffer,run,9,874300,0,0,0,1541,1000000,16777216,read,96
measured,probe-memory-buffer,run,10,874700,0,0,0,1543,1000000,16777216,read,96
measured,probe-memory-buffer,run,11,875200,0,0,0,1544,1000000,16777216,read,96
measured,probe-memory-buffer,run,12,875600,0,0,0,1546,1000000,16777216,read,96
measured,probe-memory-buffer,run,13,876000,0,0,0,1548,1000000,16777216,read,96
measured,probe-memory-buffer,run,14,876400,0,0,0,1550,1000000,16777216,read,96
measured,probe-memory-buffer,run,15,876900,0,0,0,1551,1000000,16777216,read,96
measured,probe-memory-buffer,run,16,877300,0,0,0,1553,1000000,16777216,read,97
measured,probe-memory-buffer,run,17,877700,0,0,0,1555,1000000,16777216,read,97
measured,probe-memory-buffer,run,18,878200,0,0,0,1556,1000000,16777216,read,97
measured,probe-memory-buffer,run,19,878600,0,0,0,1558,1000000,16777216,read,97
measured,probe-memory-buffer,run,20,879000,0,0,0,1560,1000000,16777216,read,97
measured,probe-memory-buffer,run,21,879500,0,0,0,1561,1000000,16777216,read,97
measured,probe-memory-buffer,run,22,879900,0,0,0,1563,1000000,16777216,read,97
measured,probe-memory-buffer,run,23,880300,0,0,0,1565,1000000,16777216,read,97
measured,probe-memory-buffer,run,24,880700,0,0,0,1566,1000000,16777216,read,97
measured,probe-memory-buffer,run,25,881200,0,0,0,1568,1000000,16777216,read,98
measured,probe-memory-buffer,run,26,883100,0,0,0,1575,1000000,16777216,read,98
measured,probe-memory-buffer,run,27,883500,0,0,0,1577,1000000,16777216,read,98
measured,probe-memory-buffer,run,28,883900,0,0,0,1579,1000000,16777216,read,98
measured,probe-memory-buffer,run,29,884400,0,0,0,1580,1000000,16777216,read,98
measured,probe-memory-buffer,run,30,884800,0,0,0,1582,1000000,16777216,read,98
measured,probe-memory-buffer,run,31,885200,0,0,0,1584,1000000,16777216,read,99
measured,probe-memory-buffer,run,32,885600,0,0,0,1585,1000000,16777216,read,99
measured,probe-memory-buffer,run,33,886100,0,0,0,1587,1000000,16777216,read,99
measured,probe-memory-buffer,run,34,886500,0,0,0,1589,1000000,16777216,read,99
measured,probe-memory-buffer,run,35,886900,0,0,0,1591,1000000,16777216,read,99
measured,probe-memory-buffer,run,36,887300,0,0,0,1592,1000000,16777216,read,99
measured,probe-memory-buffer,run,37,887800,0,0,0,1594,1000000,16777216,read,99
measured,probe-memory-buffer,run,38,888200,0,0,0,1596,1000000,16777216,read,99
measured,probe-memory-buffer,run,39,888600,0,0,0,1597,1000000,16777216,read,99
measured,probe-memory-buffer,run,40,889100,0,0,0,1599,1000000,16777216,read,99
measured,probe-memory-buffer,run,41,889500,0,0,0,1601,1000000,16777216,read,100
measured,probe-memory-buffer,run,42,889900,0,0,0,1602,1000000,16777216,read,100
measured,probe-memory-buffer,run,43,890300,0,0,0,1604,1000000,16777216,read,100
measured,probe-memory-buffer,run,44,890800,0,0,0,1606,1000000,16777216,read,100
measured,probe-memory-buffer,run,45,891200,0,0,0,1607,1000000,16777216,read,100
measured,probe-memory-buffer,run,46,891600,0,0,0,1609,1000000,16777216,read,100
measured,probe-memory-buffer,run,47,892100,0,0,0,1610,1000000,16777216,read,100
measured,probe-memory-buffer,run,48,892500,0,0,0,1612,1000000,16777216,read,100
measured,probe-memory-buffer,run,49,892900,0,0,0,1614,1000000,16777216,read,100
measured,probe-memory-buffer,run,50,893300,0,0,0,1616,1000000,16777216,read,101
measured,probe-memory-buffer,run,51,893800,0,0,0,1617,1000000,16777216,read,101
measured,probe-memory-buffer,run,52,894200,0,0,0,1619,1000000,16777216,read,101
measured,probe-memory-buffer,run,53,894600,0,0,0,1621,1000000,16777216,read,101
measured,probe-memory-buffer,run,54,895100,0,0,0,1622,1000000,16777216,read,101
measured,probe-memory-buffer,run,55,895500,0,0,0,1624,1000000,16777216,read,101
measured,probe-memory-buffer,run,56,895900,0,0,0,1626,1000000,16777216,read,101
measured,probe-memory-buffer,run,57,896400,0,0,0,1627,1000000,16777216,read,101
measured,probe-memory-buffer,run,58,896800,0,0,0,1629,1000000,16777216,read,101
measured,probe-memory-buffer,run,59,897200,0,0,0,1631,1000000,16777216,read,101
measured,probe-memory-buffer,run,60,897600,0,0,0,1632,1000000,16777216,read,102
measured,probe-memory-buffer,run,61,898100,0,0,0,1634,1000000,16777216,read,102
measured,probe-memory-buffer,run,62,898500,0,0,0,1636,1000000,16777216,read,102
measured,probe-memory-buffer,run,63,898900,0,0,0,1637,1000000,16777216,read,102
measured,probe-memory-buffer,run,64,899400,0,0,0,1639,1000000,16777216,read,102
measured,probe-memory-buffer,run,65,899800,0,0,0,1641,1000000,16777216,read,102
measured,probe-memory-buffer,run,66,900200,0,0,0,1642,1000000,16777216,read,102
measured,probe-memory-buffer,run,67,900700,0,0,0,1644,1000000,16777216,read,102
measured,probe-memory-buffer,run,68,901100,0,0,0,1646,1000000,16777216,read,102
measured,probe-memory-buffer,run,69,901500,0,0,0,1648,1000000,16777216,read,103
measured,probe-memory-buffer,run,70,902000,0,0,0,1649,1000000,16777216,read,103
measured,probe-memory-buffer,run,71,902400,0,0,0,1651,1000000,16777216,read,103
measured,probe-memory-buffer,run,72,902800,0,0,0,1653,1000000,16777216,read,103
measured,probe-memory-buffer,run,73,903200,0,0,0,1654,1000000,16777216,read,103
measured,probe-memory-buffer,run,74,903700,0,0,0,1656,1000000,16777216,read,103
measured,probe-memory-buffer,run,75,904100,0,0,0,1658,1000000,16777216,read,103
measured,probe-memory-buffer,run,76,904500,0,0,0,1659,1000000,16777216,read,103
measured,probe-memory-buffer,run,77,905000,0,0,0,1661,1000000,16777216,read,103
measured,probe-memory-buffer,run,78,905400,0,0,0,1663,1000000,16777216,read,103
measured,probe-memory-buffer,run,79,905800,0,0,0,1664,1000000,16777216,read,104
measured,probe-memory-buffer,run,80,906200,0,0,0,1666,1000000,16777216,read,104
measured,probe-memory-buffer,run,81,906700,0,0,0,1668,1000000,16777216,read,104
measured,probe-memory-buffer,run,82,907100,0,0,0,1669,1000000,16777216,read,104
measured,probe-memory-buffer,run,83,908700,0,0,0,1676,1000000,16777216,read,104
measured,probe-memory-buffer,run,84,909200,0,0,0,1677,1000000,16777216,read,104
measured,probe-memory-buffer,run,85,909600,0,0,0,1679,1000000,16777216,read,104
measured,probe-memory-buffer,run,86,910000,0,0,0,1681,1000000,16777216,read,105
measured,probe-memory-buffer,run,87,910500,0,0,0,1682,1000000,16777216,read,105
measured,probe-memory-buffer,run,88,910900,0,0,0,1684,1000000,16777216,read,105
measured,probe-memory-buffer,run,89,911300,0,0,0,1686,1000000,16777216,read,105
measured,probe-memory-buffer,run,90,911700,0,0,0,1687,1000000,16777216,read,105
measured,probe-memory-buffer,run,91,912200,0,0,0,1689,1000000,16777216,read,105
measured,probe-memory-buffer,run,92,912600,0,0,0,1691,1000000,16777216,read,105
measured,probe-memory-buffer,run,93,913000,0,0,0,1692,1000000,16777216,read,105
measured,probe-memory-buffer,run,94,913500,0,0,0,1694,1000000,16777216,read,105
measured,probe-memory-buffer,run,95,913900,0,0,0,1696,1000000,16777216,read,106
measured,probe-memory-buffer,run,96,914300,0,0,0,1698,1000000,16777216,read,106
measured,probe-memory-buffer,run,97,914700,0,0,0,1699,1000000,16777216,read,106
measured,probe-memory-buffer,run,98,915200,0,0,0,1701,1000000,16777216,read,106
measured,probe-memory-buffer,run,99,915600,0,0,0,1703,1000000,16777216,read,106
measured,probe-memory-buffer,run,100,916000,0,0,0,1704,1000000,16777216,read,106
measured,probe-memory-buffer,run,101,916500,0,0,0,1706,1000000,16777216,read,106
measured,probe-memory-buffer,run,102,916900,0,0,0,1708,1000000,16777216,read,106
measured,probe-memory-buffer,run,103,917300,0,0,0,1709,1000000,16777216,read,106
measured,probe-memory-buffer,run,104,917700,0,0,0,1711,1000000,16777216,read,106
measured,probe-memory-buffer,run,105,918200,0,0,0,1712,1000000,16777216,read,107
measured,probe-memory-buffer,run,106,918600,0,0,0,1714,1000000,16777216,read,107
measured,probe-memory-buffer,run,107,919000,0,0,0,1716,1000000,16777216,read,107
measured,probe-memory-buffer,run,108,919400,0,0,0,1717,1000000,16777216,read,107
measured,probe-memory-buffer,run,109,919900,0,0,0,1719,1000000,16777216,read,107
measured,probe-memory-buffer,run,110,920300,0,0,0,1721,1000000,16777216,read,107
measured,probe-memory-buffer,run,111,920700,0,0,0,1723,1000000,16777216,read,107
measured,probe-memory-buffer,run,112,921100,0,0,0,1724,1000000,16777216,read,107
measured,probe-memory-buffer,run,113,921600,0,0,0,1726,1000000,16777216,read,107
measured,probe-memory-buffer,run,114,922000,0,0,0,1728,1000000,16777216,read,108
measured,probe-memory-buffer,run,115,922400,0,0,0,1729,1000000,16777216,read,108
measured,probe-memory-buffer,run,116,922900,0,0,0,1731,1000000,16777216,read,108
measured,probe-memory-buffer,run,117,923300,0,0,0,1733,1000000,16777216,read,108
measured,probe-memory-buffer,run,118,923700,0,0,0,1734,1000000,16777216,read,108
measured,probe-memory-buffer,run,119,924100,0,0,0,1736,1000000,16777216,read,108
measured,probe-memory-buffer,run,120,924600,0,0,0,1737,1000000,16777216,read,108
measured,probe-memory-buffer,run,121,925000,0,0,0,1739,1000000,16777216,read,108
measured,probe-memory-buffer,run,122,925400,0,0,0,1741,1000000,16777216,read,108
measured,probe-memory-buffer,run,123,925800,0,0,0,1742,1000000,16777216,read,108
measured,probe-memory-buffer,run,124,926300,0,0,0,1744,1000000,16777216,read,109
measured,probe-memory-buffer,run,125,926700,0,0,0,1746,1000000,16777216,read,109
measured,probe-memory-buffer,run,126,927100,0,0,0,1748,1000000,16777216,read,109
measured,probe-memory-buffer,run,127,927600,0,0,0,1749,1000000,16777216,read,109
measured,probe-memory-buffer,run,128,928000,0,0,0,1751,1000000,16777216,read,109
measured,probe-memory-buffer,run,129,928400,0,0,0,1753,1000000,16777216,read,109
measured,probe-memory-buffer,run,130,928800,0,0,0,1754,1000000,16777216,read,109
measured,probe-memory-buffer,run,131,929300,0,0,0,1756,1000000,16777216,read,109
measured,probe-memory-buffer,run,132,929700,0,0,0,1758,1000000,16777216,read,109
measured,probe-memory-buffer,run,133,930100,0,0,0,1759,1000000,16777216,read,109
measured,probe-memory-buffer,run,134,930500,0,0,0,1761,1000000,16777216,read,110
measured,probe-memory-buffer,run,135,931000,0,0,0,1762,1000000,16777216,read,110
measured,probe-memory-buffer,run,136,931400,0,0,0,1764,1000000,16777216,read,110
measured,probe-memory-buffer,run,137,931800,0,0,0,1766,1000000,16777216,read,110
measured,probe-memory-buffer,run,138,932200,0,0,0,1767,1000000,16777216,read,110
measured,probe-memory-buffer,run,139,932700,0,0,0,1769,1000000,16777216,read,110
measured,probe-memory-buffer,run,140,934000,0,0,0,1775,1000000,16777216,read,110
measured,probe-memory-buffer,run,141,934400,0,0,0,1776,1000000,16777216,read,111
measured,probe-memory-buffer,run,142,934900,0,0,0,1778,1000000,16777216,read,111
measured,probe-memory-buffer,run,143,935300,0,0,0,1780,1000000,16777216,read,111
measured,probe-memory-buffer,run,144,935700,0,0,0,1781,1000000,16777216,read,111
measured,probe-memory-buffer,run,145,936200,0,0,0,1783,1000000,16777216,read,111
measured,probe-memory-buffer,run,146,936600,0,0,0,1785,1000000,16777216,read,111
measured,probe-memory-buffer,run,147,937000,0,0,0,1786,1000000,16777216,read,111
measured,probe-memory-buffer,run,148,937500,0,0,0,1788,1000000,16777216,read,111
measured,probe-memory-buffer,run,149,937900,0,0,0,1790,1000000,16777216,read,111
measured,probe-memory-buffer,run,150,938300,0,0,0,1791,1000000,16777216,read,111
measured,probe-memory-buffer,run,151,938800,0,0,0,1793,1000000,16777216,read,112
measured,probe-memory-buffer,run,152,939200,0,0,0,1795,1000000,16777216,read,112
measured,probe-memory-buffer,run,153,939600,0,0,0,1796,1000000,16777216,read,112
measured,probe-memory-buffer,run,154,940100,0,0,0,1798,1000000,16777216,read,112
measured,probe-memory-buffer,run,155,940500,0,0,0,1800,1000000,16777216,read,112
measured,probe-memory-buffer,run,156,940900,0,0,0,1801,1000000,16777216,read,112
measured,probe-memory-buffer,run,157,941300,0,0,0,1803,1000000,16777216,read,112
measured,probe-memory-buffer,run,158,941800,0,0,0,1805,1000000,16777216,read,112
measured,probe-memory-buffer,run,159,942200,0,0,0,1807,1000000,16777216,read,112
measured,probe-memory-buffer,run,160,942600,0,0,0,1808,1000000,16777216,read,113
measured,probe-memory-buffer,run,161,943100,0,0,0,1810,1000000,16777216,read,113
measured,probe-memory-buffer,run,162,943500,0,0,0,1812,1000000,16777216,read,113
measured,probe-memory-buffer,run,163,943900,0,0,0,1813,1000000,16777216,read,113
measured,probe-memory-buffer,run,164,944300,0,0,0,1815,1000000,16777216,read,113
measured,probe-memory-buffer,run,165,944800,0,0,0,1817,1000000,16777216,read,113
measured,probe-memory-buffer,run,166,945200,0,0,0,1818,1000000,16777216,read,113
measured,probe-memory-buffer,run,167,945600,0,0,0,1820,1000000,16777216,read,113
measured,probe-memory-buffer,run,168,946100,0,0,0,1821,1000000,16777216,read,113
measured,probe-memory-buffer,run,169,946500,0,0,0,1823,1000000,16777216,read,113
measured,probe-memory-buffer,run,170,946900,0,0,0,1825,1000000,16777216,read,114
measured,probe-memory-buffer,run,171,947300,0,0,0,1826,1000000,16777216,read,114
measured,probe-memory-buffer,run,172,947800,0,0,0,1828,1000000,16777216,read,114
measured,probe-memory-buffer,run,173,948200,0,0,0,1830,1000000,16777216,read,114
measured,probe-memory-buffer,run,174,948600,0,0,0,1832,1000000,16777216,read,114
measured,probe-memory-buffer,run,175,949100,0,0,0,1833,1000000,16777216,read,114
measured,probe-memory-buffer,run,176,949500,0,0,0,1835,1000000,16777216,read,114
measured,probe-memory-buffer,run,177,949900,0,0,0,1837,1000000,16777216,read,114
measured,probe-memory-buffer,run,178,950300,0,0,0,1838,1000000,16777216,read,114
measured,probe-memory-buffer,run,179,950800,0,0,0,1840,1000000,16777216,read,115
measured,probe-memory-buffer,run,180,951200,0,0,0,1842,1000000,16777216,read,115
measured,probe-memory-buffer,run,181,951600,0,0,0,1843,1000000,16777216,read,115
measured,probe-memory-buffer,run,182,952100,0,0,0,1845,1000000,16777216,read,115
measured,probe-memory-buffer,run,183,952500,0,0,0,1847,1000000,16777216,read,115
measured,probe-memory-buffer,run,184,952900,0,0,0,1848,1000000,16777216,read,115
measured,probe-memory-buffer,run,185,953300,0,0,0,1850,1000000,16777216,read,115
measured,probe-memory-buffer,run,186,953800,0,0,0,1852,1000000,16777216,read,115
measured,probe-memory-buffer,run,187,954200,0,0,0,1853,1000000,16777216,read,115
measured,probe-memory-buffer,run,188,954600,0,0,0,1855,1000000,16777216,read,115
measured,probe-memory-buffer,run,189,955100,0,0,0,1857,1000000,16777216,read,116
measured,probe-memory-buffer,run,190,955500,0,0,0,1858,1000000,16777216,read,116
measured,probe-memory-buffer,run,191,955900,0,0,0,1860,1000000,16777216,read,116
measured,probe-memory-buffer,run,192,956400,0,0,0,1862,1000000,16777216,read,116
measured,probe-memory-buffer,run,193,956800,0,0,0,1864,1000000,16777216,read,116
measured,probe-memory-buffer,run,194,957200,0,0,0,1865,1000000,16777216,read,116
measured,probe-memory-buffer,run,195,957600,0,0,0,1867,1000000,16777216,read,116
measured,probe-memory-buffer,run,196,958100,0,0,0,1868,1000000,16777216,read,116
measured,probe-memory-buffer,run,197,959300,0,0,0,1873,1000000,16777216,read,117
measured,probe-memory-buffer,run,198,959700,0,0,0,1875,1000000,16777216,read,117
measured,probe-memory-buffer,run,199,960200,0,0,0,1876,1000000,16777216,read,117
measured,probe-memory-buffer,run,200,960600,0,0,0,1878,1000000,16777216,read,117
measured,probe-memory-buffer,run,201,961000,0,0,0,1880,1000000,16777216,read,117
measured,probe-memory-buffer,run,202,961500,0,0,0,1882,1000000,16777216,read,117
measured,probe-memory-buffer,run,203,961900,0,0,0,1883,1000000,16777216,read,117
measured,probe-memory-buffer,run,204,962300,0,0,0,1885,1000000,16777216,read,117
measured,probe-memory-buffer,run,205,962700,0,0,0,1887,1000000,16777216,read,117
measured,probe-memory-buffer,run,206,963200,0,0,0,1888,1000000,16777216,read,118
measured,probe-memory-buffer,run,207,963600,0,0,0,1890,1000000,16777216,read,118
measured,probe-memory-buffer,run,208,964000,0,0,0,1892,1000000,16777216,read,118
measured,probe-memory-buffer,run,209,964500,0,0,0,1893,1000000,16777216,read,118
measured,probe-memory-buffer,run,210,964900,0,0,0,1895,1000000,16777216,read,118
measured,probe-memory-buffer,run,211,965300,0,0,0,1897,1000000,16777216,read,118
measured,probe-memory-buffer,run,212,965800,0,0,0,1898,1000000,16777216,read,118
measured,probe-memory-buffer,run,213,966200,0,0,0,1900,1000000,16777216,read,118
measured,probe-memory-buffer,run,214,966600,0,0,0,1902,1000000,16777216,read,118
measured,probe-memory-buffer,run,215,967000,0,0,0,1903,1000000,16777216,read,118
measured,probe-memory-buffer,run,216,967500,0,0,0,1905,1000000,16777216,read,119
measured,probe-memory-buffer,run,217,967900,0,0,0,1907,1000000,16777216,read,119
measured,probe-memory-buffer,run,218,968300,0,0,0,1908,1000000,16777216,read,119
measured,probe-memory-buffer,run,219,968800,0,0,0,1910,1000000,16777216,read,119
measured,probe-memory-buffer,run,220,969200,0,0,0,1912,1000000,16777216,read,119
measured,probe-memory-buffer,run,221,969600,0,0,0,1914,1000000,16777216,read,119
measured,probe-memory-buffer,run,222,970100,0,0,0,1915,1000000,16777216,read,119
measured,probe-memory-buffer,run,223,970500,0,0,0,1917,1000000,16777216,read,119
measured,probe-memory-buffer,run,224,970900,0,0,0,1919,1000000,16777216,read,119
measured,probe-memory-buffer,run,225,971300,0,0,0,1920,1000000,16777216,read,120
measured,probe-memory-buffer,run,226,971800,0,0,0,1922,1000000,16777216,read,120
measured,probe-memory-buffer,run,227,972200,0,0,0,1924,1000000,16777216,read,120
measured,probe-memory-buffer,run,228,972600,0,0,0,1925,1000000,16777216,read,120
measured,probe-memory-buffer,run,229,973100,0,0,0,1927,1000000,16777216,read,120
measured,probe-memory-buffer,run,230,973500,0,0,0,1929,1000000,16777216,read,120
measured,probe-memory-buffer,run,231,973900,0,0,0,1930,1000000,16777216,read,120
measured,probe-memory-buffer,run,232,974400,0,0,0,1932,1000000,16777216,read,120
measured,probe-memory-buffer,run,233,974800,0,0,0,1934,1000000,16777216,read,120
measured,probe-memory-buffer,run,234,975200,0,0,0,1935,1000000,16777216,read,120
measured,probe-memory-buffer,run,235,975700,0,0,0,1937,1000000,16777216,read,121
measured,probe-memory-buffer,run,236,976100,0,0,0,1939,1000000,16777216,read,121
measured,probe-memory-buffer,run,237,976500,0,0,0,1941,1000000,16777216,read,121
measured,probe-memory-buffer,run,238,976900,0,0,0,1942,1000000,16777216,read,121
measured,probe-memory-buffer,run,239,977400,0,0,0,1944,1000000,16777216,read,121
measured,probe-memory-buffer,run,240,977800,0,0,0,1946,1000000,16777216,read,121
measured,probe-memory-buffer,run,241,978200,0,0,0,1947,1000000,16777216,read,121
measured,probe-memory-buffer,run,242,978700,0,0,0,1949,1000000,16777216,read,121
measured,probe-memory-buffer,run,243,979100,0,0,0,1951,1000000,16777216,read,121
measured,probe-memory-buffer,run,244,979500,0,0,0,1952,1000000,16777216,read,122
measured,probe-memory-buffer,run,245,979900,0,0,0,1954,1000000,16777216,read,122
measured,probe-memory-buffer,run,246,980400,0,0,0,1955,1000000,16777216,read,122
measured,probe-memory-buffer,run,247,980800,0,0,0,1957,1000000,16777216,read,122
measured,probe-memory-buffer,run,248,981200,0,0,0,1959,1000000,16777216,read,122
measured,probe-memory-buffer,run,249,981600,0,0,0,1960,1000000,16777216,read,122
measured,probe-memory-buffer,run,250,982100,0,0,0,1962,1000000,16777216,read,122
measured,probe-memory-buffer,run,251,982500,0,0,0,1964,1000000,16777216,read,122
measured,probe-memory-buffer,run,252,982900,0,0,0,1966,1000000,16777216,read,122
measured,probe-memory-buffer,run,253,984300,0,0,0,1971,1000000,16777216,read,123
measured,probe-memory-buffer,run,254,984700,0,0,0,1973,1000000,16777216,read,123
measured,probe-memory-buffer,run,255,985200,0,0,0,1975,1000000,16777216,read,123
measured,probe-memory-buffer,run,256,985600,0,0,0,1976,1000000,16777216,read,123
measured,probe-memory-buffer,run,257,986000,0,0,0,1978,1000000,16777216,read,123
measured,probe-memory-buffer,run,258,986500,0,0,0,1979,1000000,16777216,read,123
measured,probe-memory-buffer,run,259,986900,0,0,0,1981,1000000,16777216,read,123
measured,probe-memory-buffer,run,260,987300,0,0,0,1983,1000000,16777216,read,123
measured,probe-memory-buffer,run,261,987700,0,0,0,1984,1000000,16777216,read,124
measured,probe-memory-buffer,run,262,988200,0,0,0,1986,1000000,16777216,read,124
measured,probe-memory-buffer,run,263,988600,0,0,0,1988,1000000,16777216,read,124
measured,probe-memory-buffer,run,264,989000,0,0,0,1989,1000000,16777216,read,124
measured,probe-memory-buffer,run,265,989500,0,0,0,1991,1000000,16777216,read,124
measured,probe-memory-buffer,run,266,989900,0,0,0,1993,1000000,16777216,read,124
measured,probe-memory-buffer,run,267,990300,0,0,0,1994,1000000,16777216,read,124
measured,probe-memory-buffer,run,268,990700,0,0,0,1996,1000000,16777216,read,124
measured,probe-memory-buffer,run,269,991200,0,0,0,1998,1000000,16777216,read,124
measured,probe-memory-buffer,run,270,991600,0,0,0,2000,1000000,16777216,read,125
measured,probe-memory-buffer,run,271,992000,0,0,0,2001,1000000,16777216,read,125
measured,probe-memory-buffer,run,272,992500,0,0,0,2003,1000000,16777216,read,125
measured,probe-memory-buffer,run,273,992900,0,0,0,2005,1000000,16777216,read,125
measured,probe-memory-buffer,run,274,993300,0,0,0,2006,1000000,16777216,read,125
measured,probe-memory-buffer,run,275,993800,0,0,0,2008,1000000,16777216,read,125
measured,probe-memory-buffer,run,276,994200,0,0,0,2010,1000000,16777216,read,125
measured,probe-memory-buffer,run,277,994600,0,0,0,2011,1000000,16777216,read,125
measured,probe-memory-buffer,run,278,995100,0,0,0,2013,1000000,16777216,read,125
measured,probe-memory-buffer,run,279,995500,0,0,0,2015,1000000,16777216,read,125
measured,probe-memory-buffer,run,280,995900,0,0,0,2016,1000000,16777216,read,126
measured,probe-memory-buffer,run,281,996300,0,0,0,2018,1000000,16777216,read,126
measured,probe-memory-buffer,run,282,996800,0,0,0,2019,1000000,16777216,read,126
measured,probe-memory-buffer,run,283,997200,0,0,0,2021,1000000,16777216,read,126
measured,probe-memory-buffer,run,284,997600,0,0,0,2023,1000000,16777216,read,126
measured,probe-memory-buffer,run,285,998100,0,0,0,2025,1000000,16777216,read,126
measured,probe-memory-buffer,run,286,998500,0,0,0,2026,1000000,16777216,read,126
measured,probe-memory-buffer,run,287,998900,0,0,0,2028,1000000,16777216,read,126
measured,probe-memory-buffer,run,288,999400,0,0,0,2030,1000000,16777216,read,126
measured,probe-memory-buffer,run,289,999800,0,0,0,2032,1000000,16777216,read,127
measured,probe-memory-buffer,run,290,1000200,0,0,0,2033,1000000,16777216,read,127
measured,probe-memory-buffer,run,291,1000600,0,0,0,2035,1000000,16777216,read,127
measured,probe-memory-buffer,run,292,1001100,0,0,0,2037,1000000,16777216,read,127
measured,probe-memory-buffer,run,293,1001500,0,0,0,2038,1000000,16777216,read,127
measured,probe-memory-buffer,run,294,1001900,0,0,0,2040,1000000,16777216,read,127
measured,probe-memory-buffer,run,295,1002400,0,0,0,2041,1000000,16777216,read,127
measured,probe-memory-buffer,run,296,1002800,0,0,0,2043,1000000,16777216,read,127
measured,probe-memory-buffer,run,297,1003200,0,0,0,2045,1000000,16777216,read,127
measured,probe-memory-buffer,run,298,1003700,0,0,0,2046,1000000,16777216,read,127
measured,probe-memory-buffer,run,299,1004100,0,0,0,2048,1000000,16777216,read,128
measured,probe-memory-buffer,run,300,1004500,0,0,0,2050,1000000,16777216,read,128
measured,probe-memory-buffer,run,301,1005000,0,0,0,2051,1000000,16777216,read,128
measured,probe-memory-buffer,run,302,1005400,0,0,0,2053,1000000,16777216,read,128
measured,probe-memory-buffer,run,303,1005800,0,0,0,2055,1000000,16777216,read,128
measured,probe-memory-buffer,run,304,1006200,0,0,0,2057,1000000,16777216,read,128
measured,probe-memory-buffer,run,305,1006700,0,0,0,2058,1000000,16777216,read,128
measured,probe-memory-buffer,run,306,1007100,0,0,0,2060,1000000,16777216,read,128
measured,probe-memory-buffer,run,307,1007500,0,0,0,2062,1000000,16777216,read,128
measured,probe-memory-buffer,run,308,1008000,0,0,0,2063,1000000,16777216,read,128
measured,probe-memory-buffer,run,309,1008400,0,0,0,2065,1000000,16777216,read,129
measured,probe-memory-buffer,run,310,1009700,0,0,0,2070,1000000,16777216,read,129
measured,probe-memory-buffer,run,311,1010200,0,0,0,2072,1000000,16777216,read,129
measured,probe-memory-buffer,run,312,1010600,0,0,0,2074,1000000,16777216,read,129
measured,probe-memory-buffer,run,313,1011000,0,0,0,2075,1000000,16777216,read,129
measured,probe-memory-buffer,run,314,1011500,0,0,0,2077,1000000,16777216,read,129
measured,probe-memory-buffer,run,315,1011900,0,0,0,2079,1000000,16777216,read,129
measured,probe-memory-buffer,run,316,1012300,0,0,0,2080,1000000,16777216,read,130
measured,probe-memory-buffer,run,317,1024700,0,0,0,2129,1000000,16777216,read,133
measured,probe-memory-buffer,run,318,1025200,0,0,0,2130,1000000,16777216,read,133
measured,probe-memory-buffer,run,319,1025600,0,0,0,2132,1000000,16777216,read,133
measured,probe-memory-buffer,run,320,1026000,0,0,0,2134,1000000,16777216,read,133
measured,probe-memory-buffer,run,321,1026500,0,0,0,2135,1000000,16777216,read,133
measured,probe-memory-buffer,run,322,1026900,0,0,0,2137,1000000,16777216,read,133
measured,probe-memory-buffer,run,323,1027300,0,0,0,2139,1000000,16777216,read,133
measured,probe-memory-buffer,run,324,1027800,0,0,0,2141,1000000,16777216,read,133
measured,probe-memory-buffer,run,325,1028200,0,0,0,2142,1000000,16777216,read,133
measured,probe-memory-buffer,run,326,1028600,0,0,0,2144,1000000,16777216,read,134
measured,probe-memory-buffer,run,327,1029100,0,0,0,2146,1000000,16777216,read,134
measured,probe-memory-buffer,run,328,1029500,0,0,0,2148,1000000,16777216,read,134
measured,probe-memory-buffer,run,329,1029900,0,0,0,2149,1000000,16777216,read,134
measured,probe-memory-buffer,run,330,1030300,0,0,0,2151,1000000,16777216,read,134
measured,probe-memory-buffer,run,331,1030800,0,0,0,2152,1000000,16777216,read,134
measured,probe-memory-buffer,run,332,1031200,0,0,0,2154,1000000,16777216,read,134
measured,probe-memory-buffer,run,333,1031600,0,0,0,2156,1000000,16777216,read,134
measured,probe-memory-buffer,run,334,1032100,0,0,0,2157,1000000,16777216,read,134
measured,probe-memory-buffer,run,335,1032500,0,0,0,2159,1000000,16777216,read,134
measured,probe-memory-buffer,run,336,1032900,0,0,0,2161,1000000,16777216,read,135
measured,probe-memory-buffer,run,337,1033300,0,0,0,2162,1000000,16777216,read,135
measured,probe-memory-buffer,run,338,1033800,0,0,0,2164,1000000,16777216,read,135
measured,probe-memory-buffer,run,339,1034200,0,0,0,2166,1000000,16777216,read,135
measured,probe-memory-buffer,run,340,1034600,0,0,0,2167,1000000,16777216,read,135
measured,probe-memory-buffer,run,341,1035100,0,0,0,2169,1000000,16777216,read,135
measured,probe-memory-buffer,run,342,1035500,0,0,0,2171,1000000,16777216,read,135
measured,probe-memory-buffer,run,343,1035900,0,0,0,2173,1000000,16777216,read,135
measured,probe-memory-buffer,run,344,1036400,0,0,0,2174,1000000,16777216,read,135
measured,probe-memory-buffer,run,345,1036800,0,0,0,2176,1000000,16777216,read,136
measured,probe-memory-buffer,run,346,1037200,0,0,0,2178,1000000,16777216,read,136
measured,probe-memory-buffer,run,347,1037600,0,0,0,2179,1000000,16777216,read,136
measured,probe-memory-buffer,run,348,1038100,0,0,0,2181,1000000,16777216,read,136
measured,probe-memory-buffer,run,349,1038500,0,0,0,2183,1000000,16777216,read,136
measured,probe-memory-buffer,run,350,1038900,0,0,0,2184,1000000,16777216,read,136
measured,probe-memory-buffer,run,351,1039400,0,0,0,2186,1000000,16777216,read,136
measured,probe-memory-buffer,run,352,1039800,0,0,0,2188,1000000,16777216,read,136
measured,probe-memory-buffer,run,353,1040200,0,0,0,2189,1000000,16777216,read,136
measured,probe-memory-buffer,run,354,1040700,0,0,0,2191,1000000,16777216,read,136
measured,probe-memory-buffer,run,355,1041100,0,0,0,2193,1000000,16777216,read,137
measured,probe-memory-buffer,run,356,1041500,0,0,0,2194,1000000,16777216,read,137
measured,probe-memory-buffer,run,357,1042000,0,0,0,2196,1000000,16777216,read,137
measured,probe-memory-buffer,run,358,1042400,0,0,0,2198,1000000,16777216,read,137
measured,probe-memory-buffer,run,359,1042800,0,0,0,2200,1000000,16777216,read,137
measured,probe-memory-buffer,run,360,1043200,0,0,0,2201,1000000,16777216,read,137
measured,probe-memory-buffer,run,361,1043700,0,0,0,2203,1000000,16777216,read,137
measured,probe-memory-buffer,run,362,1044100,0,0,0,2205,1000000,16777216,read,137
measured,probe-memory-buffer,run,363,1044500,0,0,0,2206,1000000,16777216,read,137
measured,probe-memory-buffer,run,364,1045000,0,0,0,2208,1000000,16777216,read,138
measured,probe-memory-buffer,run,365,1045400,0,0,0,2210,1000000,16777216,read,138
measured,probe-memory-buffer,run,366,1045800,0,0,0,2211,1000000,16777216,read,138
measured,probe-memory-buffer,run,367,1047400,0,0,0,2217,1000000,16777216,read,138
measured,probe-memory-buffer,run,368,1047800,0,0,0,2219,1000000,16777216,read,138
measured,probe-memory-buffer,run,369,1048300,0,0,0,2221,1000000,16777216,read,138
measured,probe-memory-buffer,run,370,1048700,0,0,0,2223,1000000,16777216,read,138
measured,probe-memory-buffer,run,371,1049100,0,0,0,2224,1000000,16777216,read,139
measured,probe-memory-buffer,run,372,1049600,0,0,0,2226,1000000,16777216,read,139
measured,probe-memory-buffer,run,373,1050000,0,0,0,2228,1000000,16777216,read,139
measured,probe-memory-buffer,run,374,1050400,0,0,0,2229,1000000,16777216,read,139
measured,probe-memory-buffer,run,375,1050900,0,0,0,2231,1000000,16777216,read,139
measured,probe-memory-buffer,run,376,1051300,0,0,0,2233,1000000,16777216,read,139
measured,probe-memory-buffer,run,377,1051700,0,0,0,2234,1000000,16777216,read,139
measured,probe-memory-buffer,run,378,1052100,0,0,0,2236,1000000,16777216,read,139
measured,probe-memory-buffer,run,379,1052600,0,0,0,2237,1000000,16777216,read,139
measured,probe-memory-buffer,run,380,1053000,0,0,0,2239,1000000,16777216,read,139
measured,probe-memory-buffer,run,381,1053400,0,0,0,2241,1000000,16777216,read,140
measured,probe-memory-buffer,run,382,1053800,0,0,0,2242,1000000,16777216,read,140
measured,probe-memory-buffer,run,383,1054300,0,0,0,2244,1000000,16777216,read,140
measured,probe-memory-buffer,run,384,1054700,0,0,0,2246,1000000,16777216,read,140
measured,probe-memory-buffer,run,385,1055100,0,0,0,2248,1000000,16777216,read,140
measured,probe-memory-buffer,run,386,1055600,0,0,0,2249,1000000,16777216,read,140
measured,probe-memory-buffer,run,387,1056000,0,0,0,2251,1000000,16777216,read,140
measured,probe-memory-buffer,run,388,1056400,0,0,0,2253,1000000,16777216,read,140
measured,probe-memory-buffer,run,389,1056900,0,0,0,2254,1000000,16777216,read,140
measured,probe-memory-buffer,run,390,1057300,0,0,0,2256,1000000,16777216,read,141
measured,probe-memory-buffer,run,391,1057700,0,0,0,2258,1000000,16777216,read,141
measured,probe-memory-buffer,run,392,1058200,0,0,0,2259,1000000,16777216,read,141
measured,probe-memory-buffer,run,393,1058600,0,0,0,2261,1000000,16777216,read,141
measured,probe-memory-buffer,run,394,1059000,0,0,0,2263,1000000,16777216,read,141
measured,probe-memory-buffer,run,395,1059400,0,0,0,2264,1000000,16777216,read,141
measured,probe-memory-buffer,run,396,1059900,0,0,0,2266,1000000,16777216,read,141
measured,probe-memory-buffer,run,397,1060300,0,0,0,2268,1000000,16777216,read,141
measured,probe-memory-buffer,run,398,1060700,0,0,0,2269,1000000,16777216,read,141
measured,probe-memory-buffer,run,399,1061200,0,0,0,2271,1000000,16777216,read,141
measured,probe-memory-buffer,run,400,1061600,0,0,0,2273,1000000,16777216,read,142
measured,probe-memory-buffer,run,401,1062000,0,0,0,2275,1000000,16777216,read,142
measured,probe-memory-buffer,run,402,1062500,0,0,0,2276,1000000,16777216,read,142
measured,probe-memory-buffer,run,403,1062900,0,0,0,2278,1000000,16777216,read,142
measured,probe-memory-buffer,run,404,1063300,0,0,0,2280,1000000,16777216,read,142
measured,probe-memory-buffer,run,405,1063800,0,0,0,2281,1000000,16777216,read,142
measured,probe-memory-buffer,run,406,1064200,0,0,0,2283,1000000,16777216,read,142
measured,probe-memory-buffer,run,407,1064600,0,0,0,2285,1000000,16777216,read,142
measured,probe-memory-buffer,run,408,1065100,0,0,0,2286,1000000,16777216,read,142
measured,probe-memory-buffer,run,409,1065500,0,0,0,2288,1000000,16777216,read,143
measured,probe-memory-buffer,run,410,1065900,0,0,0,2290,1000000,16777216,read,143
measured,probe-memory-buffer,run,411,1066400,0,0,0,2291,1000000,16777216,read,143
measured,probe-memory-buffer,run,412,1066800,0,0,0,2293,1000000,16777216,read,143
measured,probe-memory-buffer,run,413,1067200,0,0,0,2295,1000000,16777216,read,143
measured,probe-memory-buffer,run,414,1067600,0,0,0,2296,1000000,16777216,read,143
measured,probe-memory-buffer,run,415,1068100,0,0,0,2298,1000000,16777216,read,143
measured,probe-memory-buffer,run,416,1068500,0,0,0,2300,1000000,16777216,read,143
measured,probe-memory-buffer,run,417,1068900,0,0,0,2301,1000000,16777216,read,143
measured,probe-memory-buffer,run,418,1069400,0,0,0,2303,1000000,16777216,read,143
measured,probe-memory-buffer,run,419,1069800,0,0,0,2305,1000000,16777216,read,144
measured,probe-memory-buffer,run,420,1070200,0,0,0,2307,1000000,16777216,read,144
measured,probe-memory-buffer,run,421,1070700,0,0,0,2308,1000000,16777216,read,144
measured,probe-memory-buffer,run,422,1071100,0,0,0,2310,1000000,16777216,read,144
measured,probe-memory-buffer,run,423,1071500,0,0,0,2312,1000000,16777216,read,144
measured,probe-memory-buffer,run,424,1072800,0,0,0,2317,1000000,16777216,read,144
measured,probe-memory-buffer,run,425,1073300,0,0,0,2318,1000000,16777216,read,144
measured,probe-memory-buffer,run,426,1073700,0,0,0,2320,1000000,16777216,read,145
measured,probe-memory-buffer,run,427,1074100,0,0,0,2322,1000000,16777216,read,145
measured,probe-memory-buffer,run,428,1074500,0,0,0,2323,1000000,16777216,read,145
measured,probe-memory-buffer,run,429,1075000,0,0,0,2325,1000000,16777216,read,145
measured,probe-memory-buffer,run,430,1075400,0,0,0,2327,1000000,16777216,read,145
measured,probe-memory-buffer,run,431,1075800,0,0,0,2328,1000000,16777216,read,145
measured,probe-memory-buffer,run,432,1076300,0,0,0,2330,1000000,16777216,read,145
measured,probe-memory-buffer,run,433,1076700,0,0,0,2332,1000000,16777216,read,145
measured,probe-memory-buffer,run,434,1077100,0,0,0,2333,1000000,16777216,read,145
measured,probe-memory-buffer,run,435,1077500,0,0,0,2335,1000000,16777216,read,145
measured,probe-memory-buffer,run,436,1078000,0,0,0,2337,1000000,16777216,read,146
measured,probe-memory-buffer,run,437,1078400,0,0,0,2339,1000000,16777216,read,146
measured,probe-memory-buffer,run,438,1078800,0,0,0,2340,1000000,16777216,read,146
measured,probe-memory-buffer,run,439,1079300,0,0,0,2342,1000000,16777216,read,146
measured,probe-memory-buffer,run,440,1079700,0,0,0,2344,1000000,16777216,read,146
measured,probe-memory-buffer,run,441,1080100,0,0,0,2345,1000000,16777216,read,146
measured,probe-memory-buffer,run,442,1080500,0,0,0,2347,1000000,16777216,read,146
measured,probe-memory-buffer,run,443,1081000,0,0,0,2348,1000000,16777216,read,146
measured,probe-memory-buffer,run,444,1081400,0,0,0,2350,1000000,16777216,read,146
measured,probe-memory-buffer,run,445,1081800,0,0,0,2352,1000000,16777216,read,147
measured,probe-memory-buffer,run,446,1082200,0,0,0,2353,1000000,16777216,read,147
measured,probe-memory-buffer,run,447,1082700,0,0,0,2355,1000000,16777216,read,147
measured,probe-memory-buffer,run,448,1083100,0,0,0,2357,1000000,16777216,read,147
measured,probe-memory-buffer,run,449,1083500,0,0,0,2358,1000000,16777216,read,147
measured,probe-memory-buffer,run,450,1084000,0,0,0,2360,1000000,16777216,read,147
measured,probe-memory-buffer,run,451,1084400,0,0,0,2362,1000000,16777216,read,147
measured,probe-memory-buffer,run,452,1084800,0,0,0,2364,1000000,16777216,read,147
measured,probe-memory-buffer,run,453,1085200,0,0,0,2365,1000000,16777216,read,147
measured,probe-memory-buffer,run,454,1085700,0,0,0,2367,1000000,16777216,read,147
measured,probe-memory-buffer,run,455,1086100,0,0,0,2369,1000000,16777216,read,148
measured,probe-memory-buffer,run,456,1086500,0,0,0,2370,1000000,16777216,read,148
measured,probe-memory-buffer,run,457,1086900,0,0,0,2372,1000000,16777216,read,148
measured,probe-memory-buffer,run,458,1087400,0,0,0,2374,1000000,16777216,read,148
measured,probe-memory-buffer,run,459,1087800,0,0,0,2375,1000000,16777216,read,148
measured,probe-memory-buffer,run,460,1088200,0,0,0,2377,1000000,16777216,read,148
measured,probe-memory-buffer,run,461,1088700,0,0,0,2378,1000000,16777216,read,148
measured,probe-memory-buffer,run,462,1089100,0,0,0,2380,1000000,16777216,read,148
measured,probe-memory-buffer,run,463,1089500,0,0,0,2382,1000000,16777216,read,148
measured,probe-memory-buffer,run,464,1089900,0,0,0,2383,1000000,16777216,read,148
measured,probe-memory-buffer,run,465,1090400,0,0,0,2385,1000000,16777216,read,149
measured,probe-memory-buffer,run,466,1090800,0,0,0,2387,1000000,16777216,read,149
measured,probe-memory-buffer,run,467,1091200,0,0,0,2389,1000000,16777216,read,149
measured,probe-memory-buffer,run,468,1091700,0,0,0,2390,1000000,16777216,read,149
measured,probe-memory-buffer,run,469,1092100,0,0,0,2392,1000000,16777216,read,149
measured,probe-memory-buffer,run,470,1092500,0,0,0,2394,1000000,16777216,read,149
measured,probe-memory-buffer,run,471,1092900,0,0,0,2395,1000000,16777216,read,149
measured,probe-memory-buffer,run,472,1093400,0,0,0,2397,1000000,16777216,read,149
measured,probe-memory-buffer,run,473,1093800,0,0,0,2399,1000000,16777216,read,149
measured,probe-memory-buffer,run,474,1094200,0,0,0,2400,1000000,16777216,read,150
measured,probe-memory-buffer,run,475,1094700,0,0,0,2402,1000000,16777216,read,150
measured,probe-memory-buffer,run,476,1095100,0,0,0,2404,1000000,16777216,read,150
measured,probe-memory-buffer,run,477,1095500,0,0,0,2405,1000000,16777216,read,150
measured,probe-memory-buffer,run,478,1095900,0,0,0,2407,1000000,16777216,read,150
measured,probe-memory-buffer,run,479,1096400,0,0,0,2408,1000000,16777216,read,150
measured,probe-memory-buffer,run,480,1096800,0,0,0,2410,1000000,16777216,read,150
measured,probe-memory-buffer,run,481,1098100,0,0,0,2416,1000000,16777216,read,151
measured,probe-memory-buffer,run,482,1098500,0,0,0,2417,1000000,16777216,read,151
measured,probe-memory-buffer,run,483,1099000,0,0,0,2419,1000000,16777216,read,151
measured,probe-memory-buffer,run,484,1099400,0,0,0,2421,1000000,16777216,read,151
measured,probe-memory-buffer,run,485,1099800,0,0,0,2422,1000000,16777216,read,151
measured,probe-memory-buffer,run,486,1100200,0,0,0,2424,1000000,16777216,read,151
measured,probe-memory-buffer,run,487,1100700,0,0,0,2426,1000000,16777216,read,151
measured,probe-memory-buffer,run,488,1101100,0,0,0,2427,1000000,16777216,read,151
measured,probe-memory-buffer,run,489,1101500,0,0,0,2429,1000000,16777216,read,151
measured,probe-memory-buffer,run,490,1102000,0,0,0,2430,1000000,16777216,read,151
measured,probe-memory-buffer,run,491,1102400,0,0,0,2432,1000000,16777216,read,152
measured,probe-memory-buffer,run,492,1102800,0,0,0,2434,1000000,16777216,read,152
measured,probe-memory-buffer,run,493,1103300,0,0,0,2435,1000000,16777216,read,152
measured,probe-memory-buffer,run,494,1103700,0,0,0,2437,1000000,16777216,read,152
measured,probe-memory-buffer,run,495,1104100,0,0,0,2439,1000000,16777216,read,152
measured,probe-memory-buffer,run,496,1104500,0,0,0,2441,1000000,16777216,read,152
measured,probe-memory-buffer,run,497,1105000,0,0,0,2442,1000000,16777216,read,152
measured,probe-memory-buffer,run,498,1105400,0,0,0,2444,1000000,16777216,read,152
measured,probe-memory-buffer,run,499,1105800,0,0,0,2446,1000000,16777216,read,152
measured,probe-memory-buffer,run,500,1106200,0,0,0,2447,1000000,16777216,read,152
measured,probe-memory-buffer,run,501,1106700,0,0,0,2449,1000000,16777216,read,153
measured,probe-memory-buffer,run,502,1107100,0,0,0,2451,1000000,16777216,read,153
measured,probe-memory-buffer,run,503,1107500,0,0,0,2452,1000000,16777216,read,153
measured,probe-memory-buffer,run,504,1107900,0,0,0,2454,1000000,16777216,read,153
measured,probe-memory-buffer,run,505,1108400,0,0,0,2455,1000000,16777216,read,153
measured,probe-memory-buffer,run,506,1108800,0,0,0,2457,1000000,16777216,read,153
measured,probe-memory-buffer,run,507,1109200,0,0,0,2459,1000000,16777216,read,153
measured,probe-memory-buffer,run,508,1109700,0,0,0,2460,1000000,16777216,read,153
measured,probe-memory-buffer,run,509,1110100,0,0,0,2462,1000000,16777216,read,153
measured,probe-memory-buffer,run,510,1110500,0,0,0,2464,1000000,16777216,read,154
measured,probe-memory-buffer,run,511,1111000,0,0,0,2466,1000000,16777216,read,154
measured,probe-memory-buffer,run,512,1111400,0,0,0,2467,1000000,16777216,read,154
measured,probe-memory-buffer,run,513,1111800,0,0,0,2469,1000000,16777216,read,154
measured,probe-memory-buffer,run,514,1112200,0,0,0,2471,1000000,16777216,read,154
measured,probe-memory-buffer,run,515,1112700,0,0,0,2472,1000000,16777216,read,154
measured,probe-memory-buffer,run,516,1113100,0,0,0,2474,1000000,16777216,read,154
measured,probe-memory-buffer,run,517,1113500,0,0,0,2476,1000000,16777216,read,154
measured,probe-memory-buffer,run,518,1113900,0,0,0,2477,1000000,16777216,read,154
measured,probe-memory-buffer,run,519,1114400,0,0,0,2479,1000000,16777216,read,154
measured,probe-memory-buffer,run,520,1114800,0,0,0,2481,1000000,16777216,read,155
measured,probe-memory-buffer,run,521,1115200,0,0,0,2482,1000000,16777216,read,155
measured,probe-memory-buffer,run,522,1115700,0,0,0,2484,1000000,16777216,read,155
measured,probe-memory-buffer,run,523,1116100,0,0,0,2486,1000000,16777216,read,155
measured,probe-memory-buffer,run,524,1116500,0,0,0,2487,1000000,16777216,read,155
measured,probe-memory-buffer,run,525,1116900,0,0,0,2489,1000000,16777216,read,155
measured,probe-memory-buffer,run,526,1117400,0,0,0,2491,1000000,16777216,read,155
measured,probe-memory-buffer,run,527,1117800,0,0,0,2492,1000000,16777216,read,155
measured,probe-memory-buffer,run,528,1118200,0,0,0,2494,1000000,16777216,read,155
measured,probe-memory-buffer,run,529,1118700,0,0,0,2496,1000000,16777216,read,156
measured,probe-memory-buffer,run,530,1119100,0,0,0,2498,1000000,16777216,read,156
measured,probe-memory-buffer,run,531,1119500,0,0,0,2499,1000000,16777216,read,156
measured,probe-memory-buffer,run,532,1120000,0,0,0,2501,1000000,16777216,read,156
measured,probe-memory-buffer,run,533,1120400,0,0,0,2503,1000000,16777216,read,156
measured,probe-memory-buffer,run,534,1120800,0,0,0,2504,1000000,16777216,read,156
measured,probe-memory-buffer,run,535,1121200,0,0,0,2506,1000000,16777216,read,156
measured,probe-memory-buffer,run,536,1121700,0,0,0,2507,1000000,16777216,read,156
measured,probe-memory-buffer,run,537,1122100,0,0,0,2509,1000000,16777216,read,156
measured,probe-memory-buffer,run,538,1123400,0,0,0,2514,1000000,16777216,read,157
measured,probe-memory-buffer,run,539,1123900,0,0,0,2516,1000000,16777216,read,157
measured,probe-memory-buffer,run,540,1124300,0,0,0,2518,1000000,16777216,read,157
measured,probe-memory-buffer,run,541,1124700,0,0,0,2519,1000000,16777216,read,157
measured,probe-memory-buffer,run,542,1125200,0,0,0,2521,1000000,16777216,read,157
measured,probe-memory-buffer,run,543,1125600,0,0,0,2523,1000000,16777216,read,157
measured,probe-memory-buffer,run,544,1126000,0,0,0,2525,1000000,16777216,read,157
measured,probe-memory-buffer,run,545,1126400,0,0,0,2526,1000000,16777216,read,157
measured,probe-memory-buffer,run,546,1126900,0,0,0,2528,1000000,16777216,read,158
measured,probe-memory-buffer,run,547,1127300,0,0,0,2530,1000000,16777216,read,158
measured,probe-memory-buffer,run,548,1127700,0,0,0,2531,1000000,16777216,read,158
measured,probe-memory-buffer,run,549,1128200,0,0,0,2533,1000000,16777216,read,158
measured,probe-memory-buffer,run,550,1128600,0,0,0,2535,1000000,16777216,read,158
measured,probe-memory-buffer,run,551,1129000,0,0,0,2536,1000000,16777216,read,158
measured,probe-memory-buffer,run,552,1129400,0,0,0,2538,1000000,16777216,read,158
measured,probe-memory-buffer,run,553,1129900,0,0,0,2540,1000000,16777216,read,158
measured,probe-memory-buffer,run,554,1130300,0,0,0,2541,1000000,16777216,read,158
measured,probe-memory-buffer,run,555,1130700,0,0,0,2543,1000000,16777216,read,158
measured,probe-memory-buffer,run,556,1131200,0,0,0,2544,1000000,16777216,read,159
measured,probe-memory-buffer,run,557,1131600,0,0,0,2546,1000000,16777216,read,159
measured,probe-memory-buffer,run,558,1132000,0,0,0,2548,1000000,16777216,read,159
measured,probe-memory-buffer,run,559,1132400,0,0,0,2550,1000000,16777216,read,159
measured,probe-memory-buffer,run,560,1132900,0,0,0,2551,1000000,16777216,read,159
measured,probe-memory-buffer,run,561,1133300,0,0,0,2553,1000000,16777216,read,159
measured,probe-memory-buffer,run,562,1133700,0,0,0,2555,1000000,16777216,read,159
measured,probe-memory-buffer,run,563,1134200,0,0,0,2556,1000000,16777216,read,159
measured,probe-memory-buffer,run,564,1134600,0,0,0,2558,1000000,16777216,read,159
measured,probe-memory-buffer,run,565,1135000,0,0,0,2560,1000000,16777216,read,160
measured,probe-memory-buffer,run,566,1135400,0,0,0,2561,1000000,16777216,read,160
measured,probe-memory-buffer,run,567,1135900,0,0,0,2563,1000000,16777216,read,160
measured,probe-memory-buffer,run,568,1136300,0,0,0,2565,1000000,16777216,read,160
measured,probe-memory-buffer,run,569,1136700,0,0,0,2566,1000000,16777216,read,160
measured,probe-memory-buffer,run,570,1137100,0,0,0,2568,1000000,16777216,read,160
measured,probe-memory-buffer,run,571,1137600,0,0,0,2569,1000000,16777216,read,160
measured,probe-memory-buffer,run,572,1138000,0,0,0,2571,1000000,16777216,read,160
measured,probe-memory-buffer,run,573,1138400,0,0,0,2573,1000000,16777216,read,160
measured,probe-memory-buffer,run,574,1138900,0,0,0,2575,1000000,16777216,read,160
measured,probe-memory-buffer,run,575,1139300,0,0,0,2576,1000000,16777216,read,161
measured,probe-memory-buffer,run,576,1139700,0,0,0,2578,1000000,16777216,read,161
measured,probe-memory-buffer,run,577,1140100,0,0,0,2580,1000000,16777216,read,161
measured,probe-memory-buffer,run,578,1140600,0,0,0,2581,1000000,16777216,read,161
measured,probe-memory-buffer,run,579,1141000,0,0,0,2583,1000000,16777216,read,161
measured,probe-memory-buffer,run,580,1141400,0,0,0,2585,1000000,16777216,read,161
measured,probe-memory-buffer,run,581,1141800,0,0,0,2586,1000000,16777216,read,161
measured,probe-memory-buffer,run,582,1142300,0,0,0,2588,1000000,16777216,read,161
measured,probe-memory-buffer,run,583,1142700,0,0,0,2590,1000000,16777216,read,161
measured,probe-memory-buffer,run,584,1143100,0,0,0,2591,1000000,16777216,read,161
measured,probe-memory-buffer,run,585,1143500,0,0,0,2593,1000000,16777216,read,162
measured,probe-memory-buffer,run,586,1144000,0,0,0,2594,1000000,16777216,read,162
measured,probe-memory-buffer,run,587,1144400,0,0,0,2596,1000000,16777216,read,162
measured,probe-memory-buffer,run,588,1144800,0,0,0,2598,1000000,16777216,read,162
measured,probe-memory-buffer,run,589,1145200,0,0,0,2600,1000000,16777216,read,162
measured,probe-memory-buffer,run,590,1145700,0,0,0,2601,1000000,16777216,read,162
measured,probe-memory-buffer,run,591,1146100,0,0,0,2603,1000000,16777216,read,162
measured,probe-memory-buffer,run,592,1146500,0,0,0,2605,1000000,16777216,read,162
measured,probe-memory-buffer,run,593,1147000,0,0,0,2606,1000000,16777216,read,162
measured,probe-memory-buffer,run,594,1147400,0,0,0,2608,1000000,16777216,read,163
measured,probe-memory-buffer,run,595,1148700,0,0,0,2613,1000000,16777216,read,163
measured,probe-memory-buffer,run,596,1149100,0,0,0,2615,1000000,16777216,read,163
measured,probe-memory-buffer,run,597,1149500,0,0,0,2616,1000000,16777216,read,163
measured,probe-memory-buffer,run,598,1150000,0,0,0,2618,1000000,16777216,read,163
measured,probe-memory-buffer,run,599,1150400,0,0,0,2620,1000000,16777216,read,163
measured,probe-memory-buffer,run,600,1150800,0,0,0,2621,1000000,16777216,read,163
measured,probe-memory-buffer,run,601,1151300,0,0,0,2623,1000000,16777216,read,163
measured,probe-memory-buffer,run,602,1151700,0,0,0,2625,1000000,16777216,read,164
measured,probe-memory-buffer,run,603,1152100,0,0,0,2626,1000000,16777216,read,164
measured,probe-memory-buffer,run,604,1152500,0,0,0,2628,1000000,16777216,read,164
measured,probe-memory-buffer,run,605,1153000,0,0,0,2630,1000000,16777216,read,164
measured,probe-memory-buffer,run,606,1153400,0,0,0,2632,1000000,16777216,read,164
measured,probe-memory-buffer,run,607,1153800,0,0,0,2633,1000000,16777216,read,164
measured,probe-memory-buffer,run,608,1154300,0,0,0,2635,1000000,16777216,read,164
measured,probe-memory-buffer,run,609,1154700,0,0,0,2637,1000000,16777216,read,164
measured,probe-memory-buffer,run,610,1155100,0,0,0,2638,1000000,16777216,read,164
measured,probe-memory-buffer,run,611,1155600,0,0,0,2640,1000000,16777216,read,165
measured,probe-memory-buffer,run,612,1156000,0,0,0,2642,1000000,16777216,read,165
measured,probe-memory-buffer,run,613,1156400,0,0,0,2643,1000000,16777216,read,165
measured,probe-memory-buffer,run,614,1156900,0,0,0,2645,1000000,16777216,read,165
measured,probe-memory-buffer,run,615,1157300,0,0,0,2647,1000000,16777216,read,165
measured,probe-memory-buffer,run,616,1157700,0,0,0,2648,1000000,16777216,read,165
measured,probe-memory-buffer,run,617,1158100,0,0,0,2650,1000000,16777216,read,165
measured,probe-memory-buffer,run,618,1158600,0,0,0,2651,1000000,16777216,read,165
measured,probe-memory-buffer,run,619,1159000,0,0,0,2653,1000000,16777216,read,165
measured,probe-memory-buffer,run,620,1159400,0,0,0,2655,1000000,16777216,read,165
measured,probe-memory-buffer,run,621,1159900,0,0,0,2657,1000000,16777216,read,166
measured,probe-memory-buffer,run,622,1160300,0,0,0,2658,1000000,16777216,read,166
measured,probe-memory-buffer,run,623,1160700,0,0,0,2660,1000000,16777216,read,166
measured,probe-memory-buffer,run,624,1161200,0,0,0,2662,1000000,16777216,read,166
measured,probe-memory-buffer,run,625,1161600,0,0,0,2664,1000000,16777216,read,166
measured,probe-memory-buffer,run,626,1162000,0,0,0,2665,1000000,16777216,read,166
measured,probe-memory-buffer,run,627,1162400,0,0,0,2667,1000000,16777216,read,166
measured,probe-memory-buffer,run,628,1162900,0,0,0,2668,1000000,16777216,read,166
measured,probe-memory-buffer,run,629,1163300,0,0,0,2670,1000000,16777216,read,166
measured,probe-memory-buffer,run,630,1163700,0,0,0,2672,1000000,16777216,read,167
measured,probe-memory-buffer,run,631,1164200,0,0,0,2673,1000000,16777216,read,167
measured,probe-memory-buffer,run,632,1168500,0,0,0,2690,1000000,16777216,read,168
measured,probe-memory-buffer,run,633,1168900,0,0,0,2692,1000000,16777216,read,168
measured,probe-memory-buffer,run,634,1169400,0,0,0,2694,1000000,16777216,read,168
measured,probe-memory-buffer,run,635,1169800,0,0,0,2696,1000000,16777216,read,168
measured,probe-memory-buffer,run,636,1170200,0,0,0,2697,1000000,16777216,read,168
measured,probe-memory-buffer,run,637,1170600,0,0,0,2699,1000000,16777216,read,168
measured,probe-memory-buffer,run,638,1171100,0,0,0,2700,1000000,16777216,read,168
measured,probe-memory-buffer,run,639,1171500,0,0,0,2702,1000000,16777216,read,168
measured,probe-memory-buffer,run,640,1171900,0,0,0,2704,1000000,16777216,read,169
measured,probe-memory-buffer,run,641,1172400,0,0,0,2705,1000000,16777216,read,169
measured,probe-memory-buffer,run,642,1172800,0,0,0,2707,1000000,16777216,read,169
measured,probe-memory-buffer,run,643,1173200,0,0,0,2709,1000000,16777216,read,169
measured,probe-memory-buffer,run,644,1173600,0,0,0,2710,1000000,16777216,read,169
measured,probe-memory-buffer,run,645,1174100,0,0,0,2712,1000000,16777216,read,169
measured,probe-memory-buffer,run,646,1174500,0,0,0,2714,1000000,16777216,read,169
measured,probe-memory-buffer,run,647,1174900,0,0,0,2716,1000000,16777216,read,169
measured,probe-memory-buffer,run,648,1175400,0,0,0,2717,1000000,16777216,read,169
measured,probe-memory-buffer,run,649,1175800,0,0,0,2719,1000000,16777216,read,169
measured,probe-memory-buffer,run,650,1176200,0,0,0,2721,1000000,16777216,read,170
measured,probe-memory-buffer,run,651,1176600,0,0,0,2722,1000000,16777216,read,170
measured,probe-memory-buffer,run,652,1178100,0,0,0,2728,1000000,16777216,read,170
measured,probe-memory-buffer,run,653,1178600,0,0,0,2730,1000000,16777216,read,170
measured,probe-memory-buffer,run,654,1179000,0,0,0,2732,1000000,16777216,read,170
measured,probe-memory-buffer,run,655,1179400,0,0,0,2733,1000000,16777216,read,170
measured,probe-memory-buffer,run,656,1179900,0,0,0,2735,1000000,16777216,read,170
measured,probe-memory-buffer,run,657,1180300,0,0,0,2737,1000000,16777216,read,171
measured,probe-memory-buffer,run,658,1180700,0,0,0,2738,1000000,16777216,read,171
measured,probe-memory-buffer,run,659,1181200,0,0,0,2740,1000000,16777216,read,171
measured,probe-memory-buffer,run,660,1181600,0,0,0,2742,1000000,16777216,read,171
measured,probe-memory-buffer,run,661,1182000,0,0,0,2743,1000000,16777216,read,171
measured,probe-memory-buffer,run,662,1182400,0,0,0,2745,1000000,16777216,read,171
measured,probe-memory-buffer,run,663,1182900,0,0,0,2746,1000000,16777216,read,171
measured,probe-memory-buffer,run,664,1183300,0,0,0,2748,1000000,16777216,read,171
measured,probe-memory-buffer,run,665,1183700,0,0,0,2750,1000000,16777216,read,171
measured,probe-memory-buffer,run,666,1184200,0,0,0,2751,1000000,16777216,read,171
measured,probe-memory-buffer,run,667,1184600,0,0,0,2753,1000000,16777216,read,172
measured,probe-memory-buffer,run,668,1185000,0,0,0,2755,1000000,16777216,read,172
measured,probe-memory-buffer,run,669,1185400,0,0,0,2757,1000000,16777216,read,172
measured,probe-memory-buffer,run,670,1185900,0,0,0,2758,1000000,16777216,read,172
measured,probe-memory-buffer,run,671,1186300,0,0,0,2760,1000000,16777216,read,172
measured,probe-memory-buffer,run,672,1186700,0,0,0,2762,1000000,16777216,read,172
measured,probe-memory-buffer,run,673,1187200,0,0,0,2763,1000000,16777216,read,172
measured,probe-memory-buffer,run,674,1187600,0,0,0,2765,1000000,16777216,read,172
measured,probe-memory-buffer,run,675,1188000,0,0,0,2767,1000000,16777216,read,172
measured,probe-memory-buffer,run,676,1188400,0,0,0,2768,1000000,16777216,read,173
measured,probe-memory-buffer,run,677,1188900,0,0,0,2770,1000000,16777216,read,173
measured,probe-memory-buffer,run,678,1189300,0,0,0,2772,1000000,16777216,read,173
measured,probe-memory-buffer,run,679,1189700,0,0,0,2773,1000000,16777216,read,173
measured,probe-memory-buffer,run,680,1190200,0,0,0,2775,1000000,16777216,read,173
measured,probe-memory-buffer,run,681,1190600,0,0,0,2777,1000000,16777216,read,173
measured,probe-memory-buffer,run,682,1191000,0,0,0,2778,1000000,16777216,read,173
measured,probe-memory-buffer,run,683,1191500,0,0,0,2780,1000000,16777216,read,173
measured,probe-memory-buffer,run,684,1191900,0,0,0,2782,1000000,16777216,read,173
measured,probe-memory-buffer,run,685,1192300,0,0,0,2783,1000000,16777216,read,173
measured,probe-memory-buffer,run,686,1192700,0,0,0,2785,1000000,16777216,read,174
measured,probe-memory-buffer,run,687,1193200,0,0,0,2787,1000000,16777216,read,174
measured,probe-memory-buffer,run,688,1193600,0,0,0,2789,1000000,16777216,read,174
measured,probe-memory-buffer,run,689,1194000,0,0,0,2790,1000000,16777216,read,174
measured,probe-memory-buffer,run,690,1194500,0,0,0,2792,1000000,16777216,read,174
measured,probe-memory-buffer,run,691,1194900,0,0,0,2794,1000000,16777216,read,174
measured,probe-memory-buffer,run,692,1195300,0,0,0,2795,1000000,16777216,read,174
measured,probe-memory-buffer,run,693,1195700,0,0,0,2797,1000000,16777216,read,174
measured,probe-memory-buffer,run,694,1196200,0,0,0,2798,1000000,16777216,read,174
measured,probe-memory-buffer,run,695,1196600,0,0,0,2800,1000000,16777216,read,175
measured,probe-memory-buffer,run,696,1197000,0,0,0,2802,1000000,16777216,read,175
measured,probe-memory-buffer,run,697,1197500,0,0,0,2803,1000000,16777216,read,175
measured,probe-memory-buffer,run,698,1197900,0,0,0,2805,1000000,16777216,read,175
measured,probe-memory-buffer,run,699,1198300,0,0,0,2807,1000000,16777216,read,175
measured,probe-memory-buffer,run,700,1198700,0,0,0,2808,1000000,16777216,read,175
measured,probe-memory-buffer,run,701,1199200,0,0,0,2810,1000000,16777216,read,175
measured,probe-memory-buffer,run,702,1199600,0,0,0,2812,1000000,16777216,read,175
measured,probe-memory-buffer,run,703,1200000,0,0,0,2814,1000000,16777216,read,175
measured,probe-memory-buffer,run,704,1200500,0,0,0,2815,1000000,16777216,read,175
measured,probe-memory-buffer,run,705,1200900,0,0,0,2817,1000000,16777216,read,176
measured,probe-memory-buffer,run,706,1201300,0,0,0,2819,1000000,16777216,read,176
measured,probe-memory-buffer,run,707,1201800,0,0,0,2820,1000000,16777216,read,176
measured,probe-memory-buffer,run,708,1202200,0,0,0,2822,1000000,16777216,read,176
measured,probe-memory-buffer,run,709,1203500,0,0,0,2827,1000000,16777216,read,176
measured,probe-memory-buffer,run,710,1203900,0,0,0,2829,1000000,16777216,read,176
measured,probe-memory-buffer,run,711,1204400,0,0,0,2831,1000000,16777216,read,176
measured,probe-memory-buffer,run,712,1204800,0,0,0,2832,1000000,16777216,read,177
measured,probe-memory-buffer,run,713,1205200,0,0,0,2834,1000000,16777216,read,177
measured,probe-memory-buffer,run,714,1205700,0,0,0,2835,1000000,16777216,read,177
measured,probe-memory-buffer,run,715,1206100,0,0,0,2837,1000000,16777216,read,177
measured,probe-memory-buffer,run,716,1206500,0,0,0,2839,1000000,16777216,read,177
measured,probe-memory-buffer,run,717,1207000,0,0,0,2841,1000000,16777216,read,177
measured,probe-memory-buffer,run,718,1207400,0,0,0,2842,1000000,16777216,read,177
measured,probe-memory-buffer,run,719,1207800,0,0,0,2844,1000000,16777216,read,177
measured,probe-memory-buffer,run,720,1208200,0,0,0,2846,1000000,16777216,read,177
measured,probe-memory-buffer,run,721,1208700,0,0,0,2848,1000000,16777216,read,178
measured,probe-memory-buffer,run,722,1209100,0,0,0,2849,1000000,16777216,read,178
measured,probe-memory-buffer,run,723,1209500,0,0,0,2851,1000000,16777216,read,178
measured,probe-memory-buffer,run,724,1210000,0,0,0,2852,1000000,16777216,read,178
measured,probe-memory-buffer,run,725,1210400,0,0,0,2854,1000000,16777216,read,178
measured,probe-memory-buffer,run,726,1210800,0,0,0,2856,1000000,16777216,read,178
measured,probe-memory-buffer,run,727,1211300,0,0,0,2857,1000000,16777216,read,178
measured,probe-memory-buffer,run,728,1211700,0,0,0,2859,1000000,16777216,read,178
measured,probe-memory-buffer,run,729,1212100,0,0,0,2861,1000000,16777216,read,178
measured,probe-memory-buffer,run,730,1212600,0,0,0,2862,1000000,16777216,read,178
measured,probe-memory-buffer,run,731,1213000,0,0,0,2864,1000000,16777216,read,179
measured,probe-memory-buffer,run,732,1213400,0,0,0,2866,1000000,16777216,read,179
measured,probe-memory-buffer,run,733,1213800,0,0,0,2867,1000000,16777216,read,179
measured,probe-memory-buffer,run,734,1214300,0,0,0,2869,1000000,16777216,read,179
measured,probe-memory-buffer,run,735,1214700,0,0,0,2871,1000000,16777216,read,179
measured,probe-memory-buffer,run,736,1215100,0,0,0,2873,1000000,16777216,read,179
measured,probe-memory-buffer,run,737,1215600,0,0,0,2874,1000000,16777216,read,179
measured,probe-memory-buffer,run,738,1216000,0,0,0,2876,1000000,16777216,read,179
measured,probe-memory-buffer,run,739,1216400,0,0,0,2878,1000000,16777216,read,179
measured,probe-memory-buffer,run,740,1216900,0,0,0,2879,1000000,16777216,read,179
measured,probe-memory-buffer,run,741,1217300,0,0,0,2881,1000000,16777216,read,180
measured,probe-memory-buffer,run,742,1217700,0,0,0,2883,1000000,16777216,read,180
measured,probe-memory-buffer,run,743,1218200,0,0,0,2884,1000000,16777216,read,180
measured,probe-memory-buffer,run,744,1218600,0,0,0,2886,1000000,16777216,read,180
measured,probe-memory-buffer,run,745,1219000,0,0,0,2888,1000000,16777216,read,180
measured,probe-memory-buffer,run,746,1219400,0,0,0,2889,1000000,16777216,read,180
measured,probe-memory-buffer,run,747,1219900,0,0,0,2891,1000000,16777216,read,180
measured,probe-memory-buffer,run,748,1220300,0,0,0,2893,1000000,16777216,read,180
measured,probe-memory-buffer,run,749,1220700,0,0,0,2894,1000000,16777216,read,180
measured,probe-memory-buffer,run,750,1221200,0,0,0,2896,1000000,16777216,read,181
measured,probe-memory-buffer,run,751,1221600,0,0,0,2898,1000000,16777216,read,181
measured,probe-memory-buffer,run,752,1222000,0,0,0,2900,1000000,16777216,read,181
measured,probe-memory-buffer,run,753,1222500,0,0,0,2901,1000000,16777216,read,181
measured,probe-memory-buffer,run,754,1222900,0,0,0,2903,1000000,16777216,read,181
measured,probe-memory-buffer,run,755,1223300,0,0,0,2905,1000000,16777216,read,181
measured,probe-memory-buffer,run,756,1223700,0,0,0,2906,1000000,16777216,read,181
measured,probe-memory-buffer,run,757,1224200,0,0,0,2908,1000000,16777216,read,181
measured,probe-memory-buffer,run,758,1224600,0,0,0,2910,1000000,16777216,read,181
measured,probe-memory-buffer,run,759,1225000,0,0,0,2911,1000000,16777216,read,181
measured,probe-memory-buffer,run,760,1225500,0,0,0,2913,1000000,16777216,read,182
measured,probe-memory-buffer,run,761,1225900,0,0,0,2915,1000000,16777216,read,182
measured,probe-memory-buffer,run,762,1226300,0,0,0,2916,1000000,16777216,read,182
measured,probe-memory-buffer,run,763,1226800,0,0,0,2918,1000000,16777216,read,182
measured,probe-memory-buffer,run,764,1227200,0,0,0,2920,1000000,16777216,read,182
measured,probe-memory-buffer,run,765,1228500,0,0,0,2925,1000000,16777216,read,182
measured,probe-memory-buffer,run,766,1229000,0,0,0,2926,1000000,16777216,read,182
measured,probe-memory-buffer,run,767,1229400,0,0,0,2928,1000000,16777216,read,183
measured,probe-memory-buffer,run,768,1229800,0,0,0,2930,1000000,16777216,read,183
measured,probe-memory-buffer,run,769,1230200,0,0,0,2932,1000000,16777216,read,183
measured,probe-memory-buffer,run,770,1230700,0,0,0,2933,1000000,16777216,read,183
measured,probe-memory-buffer,run,771,1231100,0,0,0,2935,1000000,16777216,read,183
measured,probe-memory-buffer,run,772,1231500,0,0,0,2937,1000000,16777216,read,183
measured,probe-memory-buffer,run,773,1232000,0,0,0,2938,1000000,16777216,read,183
measured,probe-memory-buffer,run,774,1232400,0,0,0,2940,1000000,16777216,read,183
measured,probe-memory-buffer,run,775,1232800,0,0,0,2942,1000000,16777216,read,183
measured,probe-memory-buffer,run,776,1233200,0,0,0,2943,1000000,16777216,read,183
measured,probe-memory-buffer,run,777,1233700,0,0,0,2945,1000000,16777216,read,184
measured,probe-memory-buffer,run,778,1234100,0,0,0,2947,1000000,16777216,read,184
measured,probe-memory-buffer,run,779,1234500,0,0,0,2948,1000000,16777216,read,184
measured,probe-memory-buffer,run,780,1235000,0,0,0,2950,1000000,16777216,read,184
measured,probe-memory-buffer,run,781,1235400,0,0,0,2952,1000000,16777216,read,184
measured,probe-memory-buffer,run,782,1235800,0,0,0,2953,1000000,16777216,read,184
measured,probe-memory-buffer,run,783,1236200,0,0,0,2955,1000000,16777216,read,184
measured,probe-memory-buffer,run,784,1236700,0,0,0,2957,1000000,16777216,read,184
measured,probe-memory-buffer,run,785,1237100,0,0,0,2958,1000000,16777216,read,184
measured,probe-memory-buffer,run,786,1237500,0,0,0,2960,1000000,16777216,read,185
measured,probe-memory-buffer,run,787,1238000,0,0,0,2962,1000000,16777216,read,185
measured,probe-memory-buffer,run,788,1238400,0,0,0,2964,1000000,16777216,read,185
measured,probe-memory-buffer,run,789,1238800,0,0,0,2965,1000000,16777216,read,185
measured,probe-memory-buffer,run,790,1239300,0,0,0,2967,1000000,16777216,read,185
measured,probe-memory-buffer,run,791,1239700,0,0,0,2969,1000000,16777216,read,185
measured,probe-memory-buffer,run,792,1240100,0,0,0,2970,1000000,16777216,read,185
measured,probe-memory-buffer,run,793,1240500,0,0,0,2972,1000000,16777216,read,185
measured,probe-memory-buffer,run,794,1241000,0,0,0,2973,1000000,16777216,read,185
measured,probe-memory-buffer,run,795,1241400,0,0,0,2975,1000000,16777216,read,185
measured,probe-memory-buffer,run,796,1241800,0,0,0,2977,1000000,16777216,read,186
measured,probe-memory-buffer,run,797,1242300,0,0,0,2978,1000000,16777216,read,186
measured,probe-memory-buffer,run,798,1242700,0,0,0,2980,1000000,16777216,read,186
measured,probe-memory-buffer,run,799,1243100,0,0,0,2982,1000000,16777216,read,186
measured,probe-memory-buffer,run,800,1243500,0,0,0,2983,1000000,16777216,read,186
measured,probe-memory-buffer,run,801,1244000,0,0,0,2985,1000000,16777216,read,186
measured,probe-memory-buffer,run,802,1244400,0,0,0,2987,1000000,16777216,read,186
measured,probe-memory-buffer,run,803,1244800,0,0,0,2989,1000000,16777216,read,186
measured,probe-memory-buffer,run,804,1245300,0,0,0,2990,1000000,16777216,read,186
measured,probe-memory-buffer,run,805,1245700,0,0,0,2992,1000000,16777216,read,187
measured,probe-memory-buffer,run,806,1246100,0,0,0,2994,1000000,16777216,read,187
measured,probe-memory-buffer,run,807,1246500,0,0,0,2995,1000000,16777216,read,187
measured,probe-memory-buffer,run,808,1247000,0,0,0,2997,1000000,16777216,read,187
measured,probe-memory-buffer,run,809,1247400,0,0,0,2999,1000000,16777216,read,187
measured,probe-memory-buffer,run,810,1247800,0,0,0,3000,1000000,16777216,read,187
measured,probe-memory-buffer,run,811,1248200,0,0,0,3002,1000000,16777216,read,187
measured,probe-memory-buffer,run,812,1248700,0,0,0,3004,1000000,16777216,read,187
measured,probe-memory-buffer,run,813,1249100,0,0,0,3005,1000000,16777216,read,187
measured,probe-memory-buffer,run,814,1249500,0,0,0,3007,1000000,16777216,read,187
measured,probe-memory-buffer,run,815,1250000,0,0,0,3008,1000000,16777216,read,188
measured,probe-memory-buffer,run,816,1250400,0,0,0,3010,1000000,16777216,read,188
measured,probe-memory-buffer,run,817,1250800,0,0,0,3012,1000000,16777216,read,188
measured,probe-memory-buffer,run,818,1251200,0,0,0,3014,1000000,16777216,read,188
measured,probe-memory-buffer,run,819,1251700,0,0,0,3016,1000000,16777216,read,188
measured,probe-memory-buffer,run,820,1252100,0,0,0,3017,1000000,16777216,read,188
measured,probe-memory-buffer,run,821,1252500,0,0,0,3019,1000000,16777216,read,188
measured,probe-memory-buffer,run,822,1253900,0,0,0,3024,1000000,16777216,read,189
measured,probe-memory-buffer,run,823,1254400,0,0,0,3026,1000000,16777216,read,189
measured,probe-memory-buffer,run,824,1254800,0,0,0,3028,1000000,16777216,read,189
measured,probe-memory-buffer,run,825,1255200,0,0,0,3029,1000000,16777216,read,189
measured,probe-memory-buffer,run,826,1255700,0,0,0,3031,1000000,16777216,read,189
measured,probe-memory-buffer,run,827,1256100,0,0,0,3033,1000000,16777216,read,189
measured,probe-memory-buffer,run,828,1256500,0,0,0,3034,1000000,16777216,read,189
measured,probe-memory-buffer,run,829,1257000,0,0,0,3036,1000000,16777216,read,189
measured,probe-memory-buffer,run,830,1257400,0,0,0,3038,1000000,16777216,read,189
measured,probe-memory-buffer,run,831,1257800,0,0,0,3039,1000000,16777216,read,189
measured,probe-memory-buffer,run,832,1258300,0,0,0,3041,1000000,16777216,read,190
measured,probe-memory-buffer,run,833,1258700,0,0,0,3043,1000000,16777216,read,190
measured,probe-memory-buffer,run,834,1259100,0,0,0,3044,1000000,16777216,read,190
measured,probe-memory-buffer,run,835,1259600,0,0,0,3046,1000000,16777216,read,190
measured,probe-memory-buffer,run,836,1260000,0,0,0,3048,1000000,16777216,read,190
measured,probe-memory-buffer,run,837,1260400,0,0,0,3050,1000000,16777216,read,190
measured,probe-memory-buffer,run,838,1260800,0,0,0,3051,1000000,16777216,read,190
measured,probe-memory-buffer,run,839,1261300,0,0,0,3053,1000000,16777216,read,190
measured,probe-memory-buffer,run,840,1261700,0,0,0,3055,1000000,16777216,read,190
measured,probe-memory-buffer,run,841,1262100,0,0,0,3056,1000000,16777216,read,191
measured,probe-memory-buffer,run,842,1262600,0,0,0,3058,1000000,16777216,read,191
measured,probe-memory-buffer,run,843,1263000,0,0,0,3060,1000000,16777216,read,191
measured,probe-memory-buffer,run,844,1263400,0,0,0,3061,1000000,16777216,read,191
measured,probe-memory-buffer,run,845,1263800,0,0,0,3063,1000000,16777216,read,191
measured,probe-memory-buffer,run,846,1264300,0,0,0,3064,1000000,16777216,read,191
measured,probe-memory-buffer,run,847,1264700,0,0,0,3066,1000000,16777216,read,191
measured,probe-memory-buffer,run,848,1265100,0,0,0,3068,1000000,16777216,read,191
measured,probe-memory-buffer,run,849,1265600,0,0,0,3069,1000000,16777216,read,191
measured,probe-memory-buffer,run,850,1266000,0,0,0,3071,1000000,16777216,read,191
measured,probe-memory-buffer,run,851,1266400,0,0,0,3073,1000000,16777216,read,192
measured,probe-memory-buffer,run,852,1266800,0,0,0,3075,1000000,16777216,read,192
measured,probe-memory-buffer,run,853,1267300,0,0,0,3076,1000000,16777216,read,192
measured,probe-memory-buffer,run,854,1267700,0,0,0,3078,1000000,16777216,read,192
measured,probe-memory-buffer,run,855,1268100,0,0,0,3080,1000000,16777216,read,192
measured,probe-memory-buffer,run,856,1268500,0,0,0,3081,1000000,16777216,read,192
measured,probe-memory-buffer,run,857,1269000,0,0,0,3083,1000000,16777216,read,192
measured,probe-memory-buffer,run,858,1269400,0,0,0,3085,1000000,16777216,read,192
measured,probe-memory-buffer,run,859,1269800,0,0,0,3086,1000000,16777216,read,192
measured,probe-memory-buffer,run,860,1270300,0,0,0,3088,1000000,16777216,read,193
measured,probe-memory-buffer,run,861,1270700,0,0,0,3090,1000000,16777216,read,193
measured,probe-memory-buffer,run,862,1271100,0,0,0,3091,1000000,16777216,read,193
measured,probe-memory-buffer,run,863,1271500,0,0,0,3093,1000000,16777216,read,193
measured,probe-memory-buffer,run,864,1272000,0,0,0,3094,1000000,16777216,read,193
measured,probe-memory-buffer,run,865,1272400,0,0,0,3096,1000000,16777216,read,193
measured,probe-memory-buffer,run,866,1272800,0,0,0,3098,1000000,16777216,read,193
measured,probe-memory-buffer,run,867,1273300,0,0,0,3100,1000000,16777216,read,193
measured,probe-memory-buffer,run,868,1273700,0,0,0,3101,1000000,16777216,read,193
measured,probe-memory-buffer,run,869,1274100,0,0,0,3103,1000000,16777216,read,193
measured,probe-memory-buffer,run,870,1274500,0,0,0,3105,1000000,16777216,read,194
measured,probe-memory-buffer,run,871,1275000,0,0,0,3107,1000000,16777216,read,194
measured,probe-memory-buffer,run,872,1275400,0,0,0,3108,1000000,16777216,read,194
measured,probe-memory-buffer,run,873,1275800,0,0,0,3110,1000000,16777216,read,194
measured,probe-memory-buffer,run,874,1276300,0,0,0,3111,1000000,16777216,read,194
measured,probe-memory-buffer,run,875,1276700,0,0,0,3113,1000000,16777216,read,194
measured,probe-memory-buffer,run,876,1277100,0,0,0,3115,1000000,16777216,read,194
measured,probe-memory-buffer,run,877,1277500,0,0,0,3116,1000000,16777216,read,194
measured,probe-memory-buffer,run,878,1278000,0,0,0,3118,1000000,16777216,read,194
measured,probe-memory-buffer,run,879,1279200,0,0,0,3123,1000000,16777216,read,195
measured,probe-memory-buffer,run,880,1279700,0,0,0,3125,1000000,16777216,read,195
measured,probe-memory-buffer,run,881,1280100,0,0,0,3126,1000000,16777216,read,195
measured,probe-memory-buffer,run,882,1280500,0,0,0,3128,1000000,16777216,read,195
measured,probe-memory-buffer,run,883,1281000,0,0,0,3130,1000000,16777216,read,195
measured,probe-memory-buffer,run,884,1281400,0,0,0,3132,1000000,16777216,read,195
measured,probe-memory-buffer,run,885,1281800,0,0,0,3133,1000000,16777216,read,195
measured,probe-memory-buffer,run,886,1282300,0,0,0,3135,1000000,16777216,read,195
measured,probe-memory-buffer,run,887,1282700,0,0,0,3137,1000000,16777216,read,196
measured,probe-memory-buffer,run,888,1283100,0,0,0,3138,1000000,16777216,read,196
measured,probe-memory-buffer,run,889,1283500,0,0,0,3140,1000000,16777216,read,196
measured,probe-memory-buffer,run,890,1284000,0,0,0,3142,1000000,16777216,read,196
measured,probe-memory-buffer,run,891,1284400,0,0,0,3143,1000000,16777216,read,196
measured,probe-memory-buffer,run,892,1284800,0,0,0,3145,1000000,16777216,read,196
measured,probe-memory-buffer,run,893,1285300,0,0,0,3146,1000000,16777216,read,196
measured,probe-memory-buffer,run,894,1285700,0,0,0,3148,1000000,16777216,read,196
measured,probe-memory-buffer,run,895,1286100,0,0,0,3150,1000000,16777216,read,196
measured,probe-memory-buffer,run,896,1286500,0,0,0,3151,1000000,16777216,read,196
measured,probe-memory-buffer,run,897,1287000,0,0,0,3153,1000000,16777216,read,197
measured,probe-memory-buffer,run,898,1287400,0,0,0,3155,1000000,16777216,read,197
measured,probe-memory-buffer,run,899,1287800,0,0,0,3157,1000000,16777216,read,197
measured,probe-memory-buffer,run,900,1288300,0,0,0,3158,1000000,16777216,read,197
measured,probe-memory-buffer,run,901,1288700,0,0,0,3160,1000000,16777216,read,197
measured,probe-memory-buffer,run,902,1289100,0,0,0,3162,1000000,16777216,read,197
measured,probe-memory-buffer,run,903,1289600,0,0,0,3163,1000000,16777216,read,197
measured,probe-memory-buffer,run,904,1290000,0,0,0,3165,1000000,16777216,read,197
measured,probe-memory-buffer,run,905,1290400,0,0,0,3167,1000000,16777216,read,197
measured,probe-memory-buffer,run,906,1290800,0,0,0,3168,1000000,16777216,read,198
measured,probe-memory-buffer,run,907,1291300,0,0,0,3170,1000000,16777216,read,198
measured,probe-memory-buffer,run,908,1291700,0,0,0,3172,1000000,16777216,read,198
measured,probe-memory-buffer,run,909,1292100,0,0,0,3173,1000000,16777216,read,198
measured,probe-memory-buffer,run,910,1292600,0,0,0,3175,1000000,16777216,read,198
measured,probe-memory-buffer,run,911,1293000,0,0,0,3177,1000000,16777216,read,198
measured,probe-memory-buffer,run,912,1293400,0,0,0,3178,1000000,16777216,read,198
measured,probe-memory-buffer,run,913,1293900,0,0,0,3180,1000000,16777216,read,198
measured,probe-memory-buffer,run,914,1294300,0,0,0,3182,1000000,16777216,read,198
measured,probe-memory-buffer,run,915,1294700,0,0,0,3183,1000000,16777216,read,198
measured,probe-memory-buffer,run,916,1295100,0,0,0,3185,1000000,16777216,read,199
measured,probe-memory-buffer,run,917,1295600,0,0,0,3187,1000000,16777216,read,199
measured,probe-memory-buffer,run,918,1296000,0,0,0,3189,1000000,16777216,read,199
measured,probe-memory-buffer,run,919,1296400,0,0,0,3190,1000000,16777216,read,199
measured,probe-memory-buffer,run,920,1296800,0,0,0,3192,1000000,16777216,read,199
measured,probe-memory-buffer,run,921,1297300,0,0,0,3193,1000000,16777216,read,199
measured,probe-memory-buffer,run,922,1297700,0,0,0,3195,1000000,16777216,read,199
measured,probe-memory-buffer,run,923,1298100,0,0,0,3197,1000000,16777216,read,199
measured,probe-memory-buffer,run,924,1298600,0,0,0,3198,1000000,16777216,read,199
measured,probe-memory-buffer,run,925,1299000,0,0,0,3200,1000000,16777216,read,200
measured,probe-memory-buffer,run,926,1299400,0,0,0,3202,1000000,16777216,read,200
measured,probe-memory-buffer,run,927,1299800,0,0,0,3203,1000000,16777216,read,200
measured,probe-memory-buffer,run,928,1300300,0,0,0,3205,1000000,16777216,read,200
measured,probe-memory-buffer,run,929,1300700,0,0,0,3207,1000000,16777216,read,200
measured,probe-memory-buffer,run,930,1301100,0,0,0,3208,1000000,16777216,read,200
measured,probe-memory-buffer,run,931,1301600,0,0,0,3210,1000000,16777216,read,200
measured,probe-memory-buffer,run,932,1302000,0,0,0,3212,1000000,16777216,read,200
measured,probe-memory-buffer,run,933,1302400,0,0,0,3214,1000000,16777216,read,200
measured,probe-memory-buffer,run,934,1302800,0,0,0,3215,1000000,16777216,read,200
measured,probe-memory-buffer,run,935,1303300,0,0,0,3217,1000000,16777216,read,201
measured,probe-memory-buffer,run,936,1304600,0,0,0,3222,1000000,16777216,read,201
measured,probe-memory-buffer,run,937,1305000,0,0,0,3224,1000000,16777216,read,201
measured,probe-memory-buffer,run,938,1305500,0,0,0,3225,1000000,16777216,read,201
measured,probe-memory-buffer,run,939,1305900,0,0,0,3227,1000000,16777216,read,201
measured,probe-memory-buffer,run,940,1306300,0,0,0,3229,1000000,16777216,read,201
measured,probe-memory-buffer,run,941,1306700,0,0,0,3230,1000000,16777216,read,201
measured,probe-memory-buffer,run,942,1307200,0,0,0,3232,1000000,16777216,read,202
measured,probe-memory-buffer,run,943,1307600,0,0,0,3234,1000000,16777216,read,202
measured,probe-memory-buffer,run,944,1308000,0,0,0,3235,1000000,16777216,read,202
measured,probe-memory-buffer,run,945,1308500,0,0,0,3237,1000000,16777216,read,202
measured,probe-memory-buffer,run,946,1308900,0,0,0,3239,1000000,16777216,read,202
measured,probe-memory-buffer,run,947,1309700,0,0,0,3242,1000000,16777216,read,202
measured,probe-memory-buffer,run,948,1310200,0,0,0,3244,1000000,16777216,read,202
measured,probe-memory-buffer,run,949,1310600,0,0,0,3246,1000000,16777216,read,202
measured,probe-memory-buffer,run,950,1311000,0,0,0,3247,1000000,16777216,read,202
measured,probe-memory-buffer,run,951,1311500,0,0,0,3249,1000000,16777216,read,203
measured,probe-memory-buffer,run,952,1311900,0,0,0,3251,1000000,16777216,read,203
measured,probe-memory-buffer,run,953,1312300,0,0,0,3252,1000000,16777216,read,203
measured,probe-memory-buffer,run,954,1312700,0,0,0,3254,1000000,16777216,read,203
measured,probe-memory-buffer,run,955,1313200,0,0,0,3256,1000000,16777216,read,203
measured,probe-memory-buffer,run,956,1313600,0,0,0,3257,1000000,16777216,read,203
measured,probe-memory-buffer,run,957,1314000,0,0,0,3259,1000000,16777216,read,203
measured,probe-memory-buffer,run,958,1314500,0,0,0,3260,1000000,16777216,read,203
measured,probe-memory-buffer,run,959,1314900,0,0,0,3262,1000000,16777216,read,203
measured,probe-memory-buffer,run,960,1315300,0,0,0,3264,1000000,16777216,read,204
measured,probe-memory-buffer,run,961,1315700,0,0,0,3266,1000000,16777216,read,204
measured,probe-memory-buffer,run,962,1316200,0,0,0,3267,1000000,16777216,read,204
measured,probe-memory-buffer,run,963,1316600,0,0,0,3269,1000000,16777216,read,204
measured,probe-memory-buffer,run,964,1317000,0,0,0,3271,1000000,16777216,read,204
measured,probe-memory-buffer,run,965,1317500,0,0,0,3272,1000000,16777216,read,204
measured,probe-memory-buffer,run,966,1317900,0,0,0,3274,1000000,16777216,read,204
measured,probe-memory-buffer,run,967,1318300,0,0,0,3276,1000000,16777216,read,204
measured,probe-memory-buffer,run,968,1318800,0,0,0,3277,1000000,16777216,read,204
measured,probe-memory-buffer,run,969,1319200,0,0,0,3279,1000000,16777216,read,204
measured,probe-memory-buffer,run,970,1319600,0,0,0,3281,1000000,16777216,read,205
measured,probe-memory-buffer,run,971,1320000,0,0,0,3282,1000000,16777216,read,205
measured,probe-memory-buffer,run,972,1320500,0,0,0,3284,1000000,16777216,read,205
measured,probe-memory-buffer,run,973,1320900,0,0,0,3286,1000000,16777216,read,205
measured,probe-memory-buffer,run,974,1321300,0,0,0,3287,1000000,16777216,read,205
measured,probe-memory-buffer,run,975,1321800,0,0,0,3289,1000000,16777216,read,205
measured,probe-memory-buffer,run,976,1322200,0,0,0,3291,1000000,16777216,read,205
measured,probe-memory-buffer,run,977,1322600,0,0,0,3292,1000000,16777216,read,205
measured,probe-memory-buffer,run,978,1323000,0,0,0,3294,1000000,16777216,read,205
measured,probe-memory-buffer,run,979,1323500,0,0,0,3296,1000000,16777216,read,206
measured,probe-memory-buffer,run,980,1323900,0,0,0,3298,1000000,16777216,read,206
measured,probe-memory-buffer,run,981,1324300,0,0,0,3299,1000000,16777216,read,206
measured,probe-memory-buffer,run,982,1324700,0,0,0,3301,1000000,16777216,read,206
measured,probe-memory-buffer,run,983,1325200,0,0,0,3303,1000000,16777216,read,206
measured,probe-memory-buffer,run,984,1325600,0,0,0,3304,1000000,16777216,read,206
measured,probe-memory-buffer,run,985,1326000,0,0,0,3306,1000000,16777216,read,206
measured,probe-memory-buffer,run,986,1326500,0,0,0,3307,1000000,16777216,read,206
measured,probe-memory-buffer,run,987,1326900,0,0,0,3309,1000000,16777216,read,206
measured,probe-memory-buffer,run,988,1327300,0,0,0,3311,1000000,16777216,read,206
measured,probe-memory-buffer,run,989,1327700,0,0,0,3312,1000000,16777216,read,207
measured,probe-memory-buffer,run,990,1328200,0,0,0,3314,1000000,16777216,read,207
measured,probe-memory-buffer,run,991,1328600,0,0,0,3316,1000000,16777216,read,207
measured,probe-memory-buffer,run,992,1329000,0,0,0,3317,1000000,16777216,read,207
measured,probe-memory-buffer,run,993,1330300,0,0,0,3323,1000000,16777216,read,207
measured,probe-memory-buffer,run,994,1330800,0,0,0,3324,1000000,16777216,read,207
measured,probe-memory-buffer,run,995,1331200,0,0,0,3326,1000000,16777216,read,207
measured,probe-memory-buffer,run,996,1331600,0,0,0,3328,1000000,16777216,read,208
measured,probe-memory-buffer,run,997,1332100,0,0,0,3329,1000000,16777216,read,208
measured,probe-memory-buffer,run,998,1332500,0,0,0,3331,1000000,16777216,read,208
measured,probe-memory-buffer,run,999,1332900,0,0,0,3333,1000000,16777216,read,208
measured,probe-memory-buffer,run,1000,1333400,0,0,0,3334,1000000,16777216,read,208
measured,probe-memory-buffer,run,1001,1333800,0,0,0,3336,1000000,16777216,read,208
measured,probe-memory-buffer,run,1002,1334200,0,0,0,3338,1000000,16777216,read,208
measured,probe-memory-buffer,run,1003,1334600,0,0,0,3339,1000000,16777216,read,208
measured,probe-memory-buffer,run,1004,1335100,0,0,0,3341,1000000,16777216,read,208
measured,probe-memory-buffer,run,1005,1335500,0,0,0,3343,1000000,16777216,read,208
measured,probe-memory-buffer,run,1006,1335900,0,0,0,3344,1000000,16777216,read,209
measured,probe-memory-buffer,run,1007,1336400,0,0,0,3346,1000000,16777216,read,209
measured,probe-memory-buffer,run,1008,1336800,0,0,0,3348,1000000,16777216,read,209
measured,probe-memory-buffer,run,1009,1337200,0,0,0,3350,1000000,16777216,read,209
measured,probe-memory-buffer,run,1010,1337600,0,0,0,3351,1000000,16777216,read,209
measured,probe-memory-buffer,run,1011,1338100,0,0,0,3353,1000000,16777216,read,209
measured,probe-memory-buffer,run,1012,1338500,0,0,0,3355,1000000,16777216,read,209
measured,probe-memory-buffer,run,1013,1338900,0,0,0,3356,1000000,16777216,read,209
measured,probe-memory-buffer,run,1014,1339300,0,0,0,3358,1000000,16777216,read,209
measured,probe-memory-buffer,run,1015,1339800,0,0,0,3359,1000000,16777216,read,209
measured,probe-memory-buffer,run,1016,1340200,0,0,0,3361,1000000,16777216,read,210
measured,probe-memory-buffer,run,1017,1340600,0,0,0,3363,1000000,16777216,read,210
measured,probe-memory-buffer,run,1018,1341000,0,0,0,3364,1000000,16777216,read,210
measured,probe-memory-buffer,run,1019,1341500,0,0,0,3366,1000000,16777216,read,210
measured,probe-memory-buffer,run,1020,1341900,0,0,0,3368,1000000,16777216,read,210
measured,probe-memory-buffer,run,1021,1342300,0,0,0,3369,1000000,16777216,read,210
measured,probe-memory-buffer,run,1022,1342800,0,0,0,3371,1000000,16777216,read,210
measured,probe-memory-buffer,run,1023,1343200,0,0,0,3373,1000000,16777216,read,210
measured,probe-memory-buffer,run,1024,1343600,0,0,0,3375,1000000,16777216,read,210
measured,probe-memory-buffer,run,1025,1344000,0,0,0,3376,1000000,16777216,read,211
measured,probe-memory-buffer,run,1026,1344500,0,0,0,3378,1000000,16777216,read,211
measured,probe-memory-buffer,run,1027,1344900,0,0,0,3380,1000000,16777216,read,211
measured,probe-memory-buffer,run,1028,1345300,0,0,0,3381,1000000,16777216,read,211
measured,probe-memory-buffer,run,1029,1345800,0,0,0,3383,1000000,16777216,read,211
measured,probe-memory-buffer,run,1030,1346200,0,0,0,3385,1000000,16777216,read,211
measured,probe-memory-buffer,run,1031,1346600,0,0,0,3386,1000000,16777216,read,211
measured,probe-memory-buffer,run,1032,1347000,0,0,0,3388,1000000,16777216,read,211
measured,probe-memory-buffer,run,1033,1347500,0,0,0,3389,1000000,16777216,read,211
measured,probe-memory-buffer,run,1034,1347900,0,0,0,3391,1000000,16777216,read,211
measured,probe-memory-buffer,run,1035,1348300,0,0,0,3393,1000000,16777216,read,212
measured,probe-memory-buffer,run,1036,1348800,0,0,0,3394,1000000,16777216,read,212
measured,probe-memory-buffer,run,1037,1349200,0,0,0,3396,1000000,16777216,read,212
measured,probe-memory-buffer,run,1038,1349600,0,0,0,3398,1000000,16777216,read,212
measured,probe-memory-buffer,run,1039,1350000,0,0,0,3400,1000000,16777216,read,212
measured,probe-memory-buffer,run,1040,1350500,0,0,0,3401,1000000,16777216,read,212
measured,probe-memory-buffer,run,1041,1350900,0,0,0,3403,1000000,16777216,read,212
measured,probe-memory-buffer,run,1042,1351300,0,0,0,3405,1000000,16777216,read,212
measured,probe-memory-buffer,run,1043,1351800,0,0,0,3406,1000000,16777216,read,212
measured,probe-memory-buffer,run,1044,1352200,0,0,0,3408,1000000,16777216,read,213
measured,probe-memory-buffer,run,1045,1352600,0,0,0,3410,1000000,16777216,read,213
measured,probe-memory-buffer,run,1046,1353000,0,0,0,3411,1000000,16777216,read,213
measured,probe-memory-buffer,run,1047,1353500,0,0,0,3413,1000000,16777216,read,213
measured,probe-memory-buffer,run,1048,1353900,0,0,0,3415,1000000,16777216,read,213
measured,probe-memory-buffer,run,1049,1354300,0,0,0,3416,1000000,16777216,read,213
measured,probe-memory-buffer,run,1050,1355500,0,0,0,3421,1000000,16777216,read,213
measured,probe-memory-buffer,run,1051,1356000,0,0,0,3423,1000000,16777216,read,213
measured,probe-memory-buffer,run,1052,1356400,0,0,0,3425,1000000,16777216,read,214
measured,probe-memory-buffer,run,1053,1356800,0,0,0,3426,1000000,16777216,read,214
measured,probe-memory-buffer,run,1054,1357300,0,0,0,3428,1000000,16777216,read,214
measured,probe-memory-buffer,run,1055,1357700,0,0,0,3430,1000000,16777216,read,214
measured,probe-memory-buffer,run,1056,1358100,0,0,0,3431,1000000,16777216,read,214
measured,probe-memory-buffer,run,1057,1358600,0,0,0,3433,1000000,16777216,read,214
measured,probe-memory-buffer,run,1058,1359000,0,0,0,3435,1000000,16777216,read,214
measured,probe-memory-buffer,run,1059,1359400,0,0,0,3436,1000000,16777216,read,214
measured,probe-memory-buffer,run,1060,1359800,0,0,0,3438,1000000,16777216,read,214
measured,probe-memory-buffer,run,1061,1360300,0,0,0,3439,1000000,16777216,read,214
measured,probe-memory-buffer,run,1062,1360700,0,0,0,3441,1000000,16777216,read,215
measured,probe-memory-buffer,run,1063,1361100,0,0,0,3443,1000000,16777216,read,215
measured,probe-memory-buffer,run,1064,1361600,0,0,0,3444,1000000,16777216,read,215
measured,probe-memory-buffer,run,1065,1362000,0,0,0,3446,1000000,16777216,read,215
measured,probe-memory-buffer,run,1066,1362400,0,0,0,3448,1000000,16777216,read,215
measured,probe-memory-buffer,run,1067,1362800,0,0,0,3450,1000000,16777216,read,215
measured,probe-memory-buffer,run,1068,1363300,0,0,0,3451,1000000,16777216,read,215
measured,probe-memory-buffer,run,1069,1363700,0,0,0,3453,1000000,16777216,read,215
measured,probe-memory-buffer,run,1070,1364100,0,0,0,3455,1000000,16777216,read,215
measured,probe-memory-buffer,run,1071,1364600,0,0,0,3456,1000000,16777216,read,216
measured,probe-memory-buffer,run,1072,1365000,0,0,0,3458,1000000,16777216,read,216
measured,probe-memory-buffer,run,1073,1365400,0,0,0,3460,1000000,16777216,read,216
measured,probe-memory-buffer,run,1074,1365800,0,0,0,3461,1000000,16777216,read,216
measured,probe-memory-buffer,run,1075,1366300,0,0,0,3463,1000000,16777216,read,216
measured,probe-memory-buffer,run,1076,1366700,0,0,0,3465,1000000,16777216,read,216
measured,probe-memory-buffer,run,1077,1367100,0,0,0,3466,1000000,16777216,read,216
measured,probe-memory-buffer,run,1078,1367500,0,0,0,3468,1000000,16777216,read,216
measured,probe-memory-buffer,run,1079,1368000,0,0,0,3469,1000000,16777216,read,216
measured,probe-memory-buffer,run,1080,1368400,0,0,0,3471,1000000,16777216,read,216
measured,probe-memory-buffer,run,1081,1368800,0,0,0,3473,1000000,16777216,read,217
measured,probe-memory-buffer,run,1082,1369200,0,0,0,3475,1000000,16777216,read,217
measured,probe-memory-buffer,run,1083,1369700,0,0,0,3476,1000000,16777216,read,217
measured,probe-memory-buffer,run,1084,1370100,0,0,0,3478,1000000,16777216,read,217
measured,probe-memory-buffer,run,1085,1370500,0,0,0,3480,1000000,16777216,read,217
measured,probe-memory-buffer,run,1086,1370900,0,0,0,3481,1000000,16777216,read,217
measured,probe-memory-buffer,run,1087,1371400,0,0,0,3483,1000000,16777216,read,217
measured,probe-memory-buffer,run,1088,1371800,0,0,0,3485,1000000,16777216,read,217
measured,probe-memory-buffer,run,1089,1372200,0,0,0,3486,1000000,16777216,read,217
measured,probe-memory-buffer,run,1090,1372700,0,0,0,3488,1000000,16777216,read,218
measured,probe-memory-buffer,run,1091,1373100,0,0,0,3490,1000000,16777216,read,218
measured,probe-memory-buffer,run,1092,1373500,0,0,0,3491,1000000,16777216,read,218
measured,probe-memory-buffer,run,1093,1373900,0,0,0,3493,1000000,16777216,read,218
measured,probe-memory-buffer,run,1094,1374400,0,0,0,3494,1000000,16777216,read,218
measured,probe-memory-buffer,run,1095,1374800,0,0,0,3496,1000000,16777216,read,218
measured,probe-memory-buffer,run,1096,1375200,0,0,0,3498,1000000,16777216,read,218
measured,probe-memory-buffer,run,1097,1375700,0,0,0,3500,1000000,16777216,read,218
measured,probe-memory-buffer,run,1098,1376100,0,0,0,3501,1000000,16777216,read,218
measured,probe-memory-buffer,run,1099,1376500,0,0,0,3503,1000000,16777216,read,218
measured,probe-memory-buffer,run,1100,1376900,0,0,0,3505,1000000,16777216,read,219
measured,probe-memory-buffer,run,1101,1377400,0,0,0,3506,1000000,16777216,read,219
measured,probe-memory-buffer,run,1102,1377800,0,0,0,3508,1000000,16777216,read,219
measured,probe-memory-buffer,run,1103,1378200,0,0,0,3510,1000000,16777216,read,219
measured,probe-memory-buffer,run,1104,1378700,0,0,0,3511,1000000,16777216,read,219
measured,probe-memory-buffer,run,1105,1379100,0,0,0,3513,1000000,16777216,read,219
measured,probe-memory-buffer,run,1106,1379500,0,0,0,3515,1000000,16777216,read,219
measured,probe-memory-buffer,run,1107,1380700,0,0,0,3519,1000000,16777216,read,219
measured,probe-memory-buffer,run,1108,1381200,0,0,0,3521,1000000,16777216,read,220
measured,probe-memory-buffer,run,1109,1381600,0,0,0,3523,1000000,16777216,read,220
measured,probe-memory-buffer,run,1110,1382000,0,0,0,3525,1000000,16777216,read,220
measured,probe-memory-buffer,run,1111,1382500,0,0,0,3526,1000000,16777216,read,220
measured,probe-memory-buffer,run,1112,1382900,0,0,0,3528,1000000,16777216,read,220
measured,probe-memory-buffer,run,1113,1383300,0,0,0,3530,1000000,16777216,read,220
measured,probe-memory-buffer,run,1114,1383800,0,0,0,3531,1000000,16777216,read,220
measured,probe-memory-buffer,run,1115,1384200,0,0,0,3533,1000000,16777216,read,220
measured,probe-memory-buffer,run,1116,1384600,0,0,0,3535,1000000,16777216,read,220
measured,probe-memory-buffer,run,1117,1385100,0,0,0,3536,1000000,16777216,read,221
measured,probe-memory-buffer,run,1118,1385500,0,0,0,3538,1000000,16777216,read,221
measured,probe-memory-buffer,run,1119,1385900,0,0,0,3540,1000000,16777216,read,221
measured,probe-memory-buffer,run,1120,1386300,0,0,0,3541,1000000,16777216,read,221
measured,probe-memory-buffer,run,1121,1386800,0,0,0,3543,1000000,16777216,read,221
measured,probe-memory-buffer,run,1122,1387200,0,0,0,3545,1000000,16777216,read,221
measured,probe-memory-buffer,run,1123,1387600,0,0,0,3546,1000000,16777216,read,221
measured,probe-memory-buffer,run,1124,1388100,0,0,0,3548,1000000,16777216,read,221
measured,probe-memory-buffer,run,1125,1388500,0,0,0,3550,1000000,16777216,read,221
measured,probe-memory-buffer,run,1126,1388900,0,0,0,3551,1000000,16777216,read,221
measured,probe-memory-buffer,run,1127,1389400,0,0,0,3553,1000000,16777216,read,222
measured,probe-memory-buffer,run,1128,1389800,0,0,0,3555,1000000,16777216,read,222
measured,probe-memory-buffer,run,1129,1390200,0,0,0,3557,1000000,16777216,read,222
measured,probe-memory-buffer,run,1130,1390700,0,0,0,3558,1000000,16777216,read,222
measured,probe-memory-buffer,run,1131,1391100,0,0,0,3560,1000000,16777216,read,222
measured,probe-memory-buffer,run,1132,1391500,0,0,0,3562,1000000,16777216,read,222
measured,probe-memory-buffer,run,1133,1391900,0,0,0,3563,1000000,16777216,read,222
measured,probe-memory-buffer,run,1134,1392400,0,0,0,3565,1000000,16777216,read,222
measured,probe-memory-buffer,run,1135,1392800,0,0,0,3567,1000000,16777216,read,222
measured,probe-memory-buffer,run,1136,1393200,0,0,0,3568,1000000,16777216,read,223
measured,probe-memory-buffer,run,1137,1393700,0,0,0,3570,1000000,16777216,read,223
measured,probe-memory-buffer,run,1138,1394100,0,0,0,3572,1000000,16777216,read,223
measured,probe-memory-buffer,run,1139,1394500,0,0,0,3573,1000000,16777216,read,223
measured,probe-memory-buffer,run,1140,1394900,0,0,0,3575,1000000,16777216,read,223
measured,probe-memory-buffer,run,1141,1395400,0,0,0,3576,1000000,16777216,read,223
measured,probe-memory-buffer,run,1142,1395800,0,0,0,3578,1000000,16777216,read,223
measured,probe-memory-buffer,run,1143,1396200,0,0,0,3580,1000000,16777216,read,223
measured,probe-memory-buffer,run,1144,1396700,0,0,0,3582,1000000,16777216,read,223
measured,probe-memory-buffer,run,1145,1397100,0,0,0,3583,1000000,16777216,read,223
measured,probe-memory-buffer,run,1146,1397500,0,0,0,3585,1000000,16777216,read,224
measured,probe-memory-buffer,run,1147,1397900,0,0,0,3587,1000000,16777216,read,224
measured,probe-memory-buffer,run,1148,1398400,0,0,0,3588,1000000,16777216,read,224
measured,probe-memory-buffer,run,1149,1398800,0,0,0,3590,1000000,16777216,read,224
measured,probe-memory-buffer,run,1150,1399200,0,0,0,3592,1000000,16777216,read,224
measured,probe-memory-buffer,run,1151,1399600,0,0,0,3593,1000000,16777216,read,224
measured,probe-memory-buffer,run,1152,1400100,0,0,0,3595,1000000,16777216,read,224
measured,probe-memory-buffer,run,1153,1400500,0,0,0,3597,1000000,16777216,read,224
measured,probe-memory-buffer,run,1154,1400900,0,0,0,3598,1000000,16777216,read,224
measured,probe-memory-buffer,run,1155,1401400,0,0,0,3600,1000000,16777216,read,225
measured,probe-memory-buffer,run,1156,1401800,0,0,0,3602,1000000,16777216,read,225
measured,probe-memory-buffer,run,1157,1402200,0,0,0,3603,1000000,16777216,read,225
measured,probe-memory-buffer,run,1158,1402600,0,0,0,3605,1000000,16777216,read,225
measured,probe-memory-buffer,run,1159,1403100,0,0,0,3607,1000000,16777216,read,225
measured,probe-memory-buffer,run,1160,1403500,0,0,0,3608,1000000,16777216,read,225
measured,probe-memory-buffer,run,1161,1403900,0,0,0,3610,1000000,16777216,read,225
measured,probe-memory-buffer,run,1162,1404300,0,0,0,3612,1000000,16777216,read,225
measured,probe-memory-buffer,run,1163,1404800,0,0,0,3614,1000000,16777216,read,225
measured,probe-memory-buffer,run,1164,1406100,0,0,0,3619,1000000,16777216,read,226
measured,probe-memory-buffer,run,1165,1406600,0,0,0,3620,1000000,16777216,read,226
measured,probe-memory-buffer,run,1166,1407000,0,0,0,3622,1000000,16777216,read,226
measured,probe-memory-buffer,run,1167,1407400,0,0,0,3624,1000000,16777216,read,226
measured,probe-memory-buffer,run,1168,1407900,0,0,0,3625,1000000,16777216,read,226
measured,probe-memory-buffer,run,1169,1408300,0,0,0,3627,1000000,16777216,read,226
measured,probe-memory-buffer,run,1170,1408700,0,0,0,3629,1000000,16777216,read,226
measured,probe-memory-buffer,run,1171,1409200,0,0,0,3630,1000000,16777216,read,226
measured,probe-memory-buffer,run,1172,1409600,0,0,0,3632,1000000,16777216,read,227
measured,probe-memory-buffer,run,1173,1410000,0,0,0,3634,1000000,16777216,read,227
measured,probe-memory-buffer,run,1174,1410400,0,0,0,3635,1000000,16777216,read,227
measured,probe-memory-buffer,run,1175,1410900,0,0,0,3637,1000000,16777216,read,227
measured,probe-memory-buffer,run,1176,1411300,0,0,0,3639,1000000,16777216,read,227
measured,probe-memory-buffer,run,1177,1411700,0,0,0,3641,1000000,16777216,read,227
measured,probe-memory-buffer,run,1178,1412200,0,0,0,3642,1000000,16777216,read,227
measured,probe-memory-buffer,run,1179,1412600,0,0,0,3644,1000000,16777216,read,227
measured,probe-memory-buffer,run,1180,1413000,0,0,0,3646,1000000,16777216,read,227
measured,probe-memory-buffer,run,1181,1413500,0,0,0,3647,1000000,16777216,read,227
measured,probe-memory-buffer,run,1182,1413900,0,0,0,3649,1000000,16777216,read,228
measured,probe-memory-buffer,run,1183,1414300,0,0,0,3651,1000000,16777216,read,228
measured,probe-memory-buffer,run,1184,1414700,0,0,0,3652,1000000,16777216,read,228
measured,probe-memory-buffer,run,1185,1415200,0,0,0,3654,1000000,16777216,read,228
measured,probe-memory-buffer,run,1186,1415600,0,0,0,3656,1000000,16777216,read,228
measured,probe-memory-buffer,run,1187,1416000,0,0,0,3657,1000000,16777216,read,228
measured,probe-memory-buffer,run,1188,1416500,0,0,0,3659,1000000,16777216,read,228
measured,probe-memory-buffer,run,1189,1416900,0,0,0,3661,1000000,16777216,read,228
measured,probe-memory-buffer,run,1190,1417300,0,0,0,3662,1000000,16777216,read,228
measured,probe-memory-buffer,run,1191,1417700,0,0,0,3664,1000000,16777216,read,229
measured,probe-memory-buffer,run,1192,1418200,0,0,0,3666,1000000,16777216,read,229
measured,probe-memory-buffer,run,1193,1418600,0,0,0,3667,1000000,16777216,read,229
measured,probe-memory-buffer,run,1194,1419000,0,0,0,3669,1000000,16777216,read,229
measured,probe-memory-buffer,run,1195,1419500,0,0,0,3671,1000000,16777216,read,229
measured,probe-memory-buffer,run,1196,1419900,0,0,0,3673,1000000,16777216,read,229
measured,probe-memory-buffer,run,1197,1420300,0,0,0,3674,1000000,16777216,read,229
measured,probe-memory-buffer,run,1198,1420800,0,0,0,3676,1000000,16777216,read,229
measured,probe-memory-buffer,run,1199,1421200,0,0,0,3678,1000000,16777216,read,229
measured,probe-memory-buffer,run,1200,1421600,0,0,0,3679,1000000,16777216,read,229
measured,probe-memory-buffer,run,1201,1422000,0,0,0,3681,1000000,16777216,read,230
measured,probe-memory-buffer,run,1202,1422500,0,0,0,3682,1000000,16777216,read,230
measured,probe-memory-buffer,run,1203,1422900,0,0,0,3684,1000000,16777216,read,230
measured,probe-memory-buffer,run,1204,1423300,0,0,0,3686,1000000,16777216,read,230
measured,probe-memory-buffer,run,1205,1423800,0,0,0,3687,1000000,16777216,read,230
measured,probe-memory-buffer,run,1206,1424200,0,0,0,3689,1000000,16777216,read,230
measured,probe-memory-buffer,run,1207,1424600,0,0,0,3691,1000000,16777216,read,230
measured,probe-memory-buffer,run,1208,1425000,0,0,0,3692,1000000,16777216,read,230
measured,probe-memory-buffer,run,1209,1425500,0,0,0,3694,1000000,16777216,read,230
measured,probe-memory-buffer,run,1210,1425900,0,0,0,3696,1000000,16777216,read,231
measured,probe-memory-buffer,run,1211,1426300,0,0,0,3698,1000000,16777216,read,231
measured,probe-memory-buffer,run,1212,1426800,0,0,0,3699,1000000,16777216,read,231
measured,probe-memory-buffer,run,1213,1427200,0,0,0,3701,1000000,16777216,read,231
measured,probe-memory-buffer,run,1214,1427600,0,0,0,3703,1000000,16777216,read,231
measured,probe-memory-buffer,run,1215,1428000,0,0,0,3704,1000000,16777216,read,231
measured,probe-memory-buffer,run,1216,1428500,0,0,0,3706,1000000,16777216,read,231
measured,probe-memory-buffer,run,1217,1428900,0,0,0,3708,1000000,16777216,read,231
measured,probe-memory-buffer,run,1218,1429300,0,0,0,3709,1000000,16777216,read,231
measured,probe-memory-buffer,run,1219,1429800,0,0,0,3711,1000000,16777216,read,231
measured,probe-memory-buffer,run,1220,1430200,0,0,0,3713,1000000,16777216,read,232
measured,probe-memory-buffer,run,1221,1431600,0,0,0,3718,1000000,16777216,read,232
measured,probe-memory-buffer,run,1222,1432000,0,0,0,3720,1000000,16777216,read,232
measured,probe-memory-buffer,run,1223,1432400,0,0,0,3721,1000000,16777216,read,232
measured,probe-memory-buffer,run,1224,1432800,0,0,0,3723,1000000,16777216,read,232
measured,probe-memory-buffer,run,1225,1433300,0,0,0,3725,1000000,16777216,read,232
measured,probe-memory-buffer,run,1226,1433700,0,0,0,3726,1000000,16777216,read,232
measured,probe-memory-buffer,run,1227,1434100,0,0,0,3728,1000000,16777216,read,233
measured,probe-memory-buffer,run,1228,1434600,0,0,0,3730,1000000,16777216,read,233
measured,probe-memory-buffer,run,1229,1435000,0,0,0,3732,1000000,16777216,read,233
measured,probe-memory-buffer,run,1230,1435400,0,0,0,3733,1000000,16777216,read,233
measured,probe-memory-buffer,run,1231,1435800,0,0,0,3735,1000000,16777216,read,233
measured,probe-memory-buffer,run,1232,1436300,0,0,0,3736,1000000,16777216,read,233
measured,probe-memory-buffer,run,1233,1436700,0,0,0,3738,1000000,16777216,read,233
measured,probe-memory-buffer,run,1234,1437100,0,0,0,3740,1000000,16777216,read,233
measured,probe-memory-buffer,run,1235,1437600,0,0,0,3741,1000000,16777216,read,233
measured,probe-memory-buffer,run,1236,1438000,0,0,0,3743,1000000,16777216,read,233
measured,probe-memory-buffer,run,1237,1438400,0,0,0,3745,1000000,16777216,read,234
measured,probe-memory-buffer,run,1238,1438800,0,0,0,3746,1000000,16777216,read,234
measured,probe-memory-buffer,run,1239,1439300,0,0,0,3748,1000000,16777216,read,234
measured,probe-memory-buffer,run,1240,1439700,0,0,0,3750,1000000,16777216,read,234
measured,probe-memory-buffer,run,1241,1440100,0,0,0,3751,1000000,16777216,read,234
measured,probe-memory-buffer,run,1242,1440600,0,0,0,3753,1000000,16777216,read,234
measured,probe-memory-buffer,run,1243,1441000,0,0,0,3755,1000000,16777216,read,234
measured,probe-memory-buffer,run,1244,1441400,0,0,0,3757,1000000,16777216,read,234
measured,probe-memory-buffer,run,1245,1441800,0,0,0,3758,1000000,16777216,read,234
measured,probe-memory-buffer,run,1246,1442300,0,0,0,3760,1000000,16777216,read,235
measured,probe-memory-buffer,run,1247,1442700,0,0,0,3762,1000000,16777216,read,235
measured,probe-memory-buffer,run,1248,1443100,0,0,0,3763,1000000,16777216,read,235
measured,probe-memory-buffer,run,1249,1443600,0,0,0,3765,1000000,16777216,read,235
measured,probe-memory-buffer,run,1250,1444000,0,0,0,3767,1000000,16777216,read,235
measured,probe-memory-buffer,run,1251,1444400,0,0,0,3768,1000000,16777216,read,235
measured,probe-memory-buffer,run,1252,1444900,0,0,0,3770,1000000,16777216,read,235
measured,probe-memory-buffer,run,1253,1445300,0,0,0,3772,1000000,16777216,read,235
measured,probe-memory-buffer,run,1254,1445700,0,0,0,3773,1000000,16777216,read,235
measured,probe-memory-buffer,run,1255,1446200,0,0,0,3775,1000000,16777216,read,235
measured,probe-memory-buffer,run,1256,1446600,0,0,0,3777,1000000,16777216,read,236
measured,probe-memory-buffer,run,1257,1447000,0,0,0,3778,1000000,16777216,read,236
measured,probe-memory-buffer,run,1258,1447400,0,0,0,3780,1000000,16777216,read,236
measured,probe-memory-buffer,run,1259,1447900,0,0,0,3782,1000000,16777216,read,236
measured,probe-memory-buffer,run,1260,1448300,0,0,0,3783,1000000,16777216,read,236
measured,probe-memory-buffer,run,1261,1448700,0,0,0,3785,1000000,16777216,read,236
measured,probe-memory-buffer,run,1262,1449500,0,0,0,3788,1000000,16777216,read,236
measured,probe-memory-buffer,run,1263,1449900,0,0,0,3790,1000000,16777216,read,236
measured,probe-memory-buffer,run,1264,1450400,0,0,0,3791,1000000,16777216,read,236
measured,probe-memory-buffer,run,1265,1450800,0,0,0,3793,1000000,16777216,read,237
measured,probe-memory-buffer,run,1266,1451200,0,0,0,3795,1000000,16777216,read,237
measured,probe-memory-buffer,run,1267,1451600,0,0,0,3796,1000000,16777216,read,237
measured,probe-memory-buffer,run,1268,1452100,0,0,0,3798,1000000,16777216,read,237
measured,probe-memory-buffer,run,1269,1452500,0,0,0,3800,1000000,16777216,read,237
measured,probe-memory-buffer,run,1270,1452900,0,0,0,3801,1000000,16777216,read,237
measured,probe-memory-buffer,run,1271,1453300,0,0,0,3803,1000000,16777216,read,237
measured,probe-memory-buffer,run,1272,1453800,0,0,0,3805,1000000,16777216,read,237
measured,probe-memory-buffer,run,1273,1454200,0,0,0,3807,1000000,16777216,read,237
measured,probe-memory-buffer,run,1274,1454600,0,0,0,3808,1000000,16777216,read,238
measured,probe-memory-buffer,run,1275,1455100,0,0,0,3810,1000000,16777216,read,238
measured,probe-memory-buffer,run,1276,1455500,0,0,0,3812,1000000,16777216,read,238
measured,probe-memory-buffer,run,1277,1457000,0,0,0,3817,1000000,16777216,read,238
measured,probe-memory-buffer,run,1278,1457500,0,0,0,3819,1000000,16777216,read,238
measured,probe-memory-buffer,run,1279,1457900,0,0,0,3821,1000000,16777216,read,238
measured,probe-memory-buffer,run,1280,1458300,0,0,0,3823,1000000,16777216,read,238
measured,probe-memory-buffer,run,1281,1458800,0,0,0,3824,1000000,16777216,read,239
measured,probe-memory-buffer,run,1282,1459200,0,0,0,3826,1000000,16777216,read,239
measured,probe-memory-buffer,run,1283,1459600,0,0,0,3828,1000000,16777216,read,239
measured,probe-memory-buffer,run,1284,1460000,0,0,0,3829,1000000,16777216,read,239
measured,probe-memory-buffer,run,1285,1460500,0,0,0,3831,1000000,16777216,read,239
measured,probe-memory-buffer,run,1286,1460900,0,0,0,3833,1000000,16777216,read,239
measured,probe-memory-buffer,run,1287,1461300,0,0,0,3834,1000000,16777216,read,239
measured,probe-memory-buffer,run,1288,1461800,0,0,0,3836,1000000,16777216,read,239
measured,probe-memory-buffer,run,1289,1462200,0,0,0,3838,1000000,16777216,read,239
measured,probe-memory-buffer,run,1290,1462600,0,0,0,3839,1000000,16777216,read,239
measured,probe-memory-buffer,run,1291,1463000,0,0,0,3841,1000000,16777216,read,240
measured,probe-memory-buffer,run,1292,1463500,0,0,0,3842,1000000,16777216,read,240
measured,probe-memory-buffer,run,1293,1463900,0,0,0,3844,1000000,16777216,read,240
measured,probe-memory-buffer,run,1294,1464300,0,0,0,3846,1000000,16777216,read,240
measured,probe-memory-buffer,run,1295,1464800,0,0,0,3848,1000000,16777216,read,240
measured,probe-memory-buffer,run,1296,1465200,0,0,0,3850,1000000,16777216,read,240
measured,probe-memory-buffer,run,1297,1465600,0,0,0,3851,1000000,16777216,read,240
measured,probe-memory-buffer,run,1298,1466000,0,0,0,3853,1000000,16777216,read,240
measured,probe-memory-buffer,run,1299,1466500,0,0,0,3854,1000000,16777216,read,240
measured,probe-memory-buffer,run,1300,1466900,0,0,0,3856,1000000,16777216,read,241
measured,probe-memory-buffer,run,1301,1467300,0,0,0,3858,1000000,16777216,read,241
measured,probe-memory-buffer,run,1302,1467700,0,0,0,3859,1000000,16777216,read,241
measured,probe-memory-buffer,run,1303,1468200,0,0,0,3861,1000000,16777216,read,241
measured,probe-memory-buffer,run,1304,1468600,0,0,0,3863,1000000,16777216,read,241
measured,probe-memory-buffer,run,1305,1469000,0,0,0,3864,1000000,16777216,read,241
measured,probe-memory-buffer,run,1306,1469500,0,0,0,3866,1000000,16777216,read,241
measured,probe-memory-buffer,run,1307,1469900,0,0,0,3868,1000000,16777216,read,241
measured,probe-memory-buffer,run,1308,1470300,0,0,0,3869,1000000,16777216,read,241
measured,probe-memory-buffer,run,1309,1470800,0,0,0,3871,1000000,16777216,read,241
measured,probe-memory-buffer,run,1310,1471200,0,0,0,3873,1000000,16777216,read,242
measured,probe-memory-buffer,run,1311,1471600,0,0,0,3875,1000000,16777216,read,242
measured,probe-memory-buffer,run,1312,1472000,0,0,0,3876,1000000,16777216,read,242
measured,probe-memory-buffer,run,1313,1472500,0,0,0,3878,1000000,16777216,read,242
measured,probe-memory-buffer,run,1314,1472900,0,0,0,3880,1000000,16777216,read,242
measured,probe-memory-buffer,run,1315,1473300,0,0,0,3881,1000000,16777216,read,242
measured,probe-memory-buffer,run,1316,1473800,0,0,0,3883,1000000,16777216,read,242
measured,probe-memory-buffer,run,1317,1474200,0,0,0,3885,1000000,16777216,read,242
measured,probe-memory-buffer,run,1318,1474600,0,0,0,3886,1000000,16777216,read,242
measured,probe-memory-buffer,run,1319,1475100,0,0,0,3888,1000000,16777216,read,243
measured,probe-memory-buffer,run,1320,1475500,0,0,0,3890,1000000,16777216,read,243
measured,probe-memory-buffer,run,1321,1475900,0,0,0,3891,1000000,16777216,read,243
measured,probe-memory-buffer,run,1322,1476400,0,0,0,3893,1000000,16777216,read,243
measured,probe-memory-buffer,run,1323,1476800,0,0,0,3895,1000000,16777216,read,243
measured,probe-memory-buffer,run,1324,1477200,0,0,0,3896,1000000,16777216,read,243
measured,probe-memory-buffer,run,1325,1477600,0,0,0,3898,1000000,16777216,read,243
measured,probe-memory-buffer,run,1326,1478100,0,0,0,3900,1000000,16777216,read,243
measured,probe-memory-buffer,run,1327,1478500,0,0,0,3901,1000000,16777216,read,243
measured,probe-memory-buffer,run,1328,1478900,0,0,0,3903,1000000,16777216,read,243
measured,probe-memory-buffer,run,1329,1479400,0,0,0,3905,1000000,16777216,read,244
measured,probe-memory-buffer,run,1330,1479800,0,0,0,3907,1000000,16777216,read,244
measured,probe-memory-buffer,run,1331,1480200,0,0,0,3908,1000000,16777216,read,244
measured,probe-memory-buffer,run,1332,1480600,0,0,0,3910,1000000,16777216,read,244
measured,probe-memory-buffer,run,1333,1481100,0,0,0,3911,1000000,16777216,read,244
measured,probe-memory-buffer,run,1334,1482400,0,0,0,3917,1000000,16777216,read,244
measured,probe-memory-buffer,run,1335,1482800,0,0,0,3918,1000000,16777216,read,244
measured,probe-memory-buffer,run,1336,1483300,0,0,0,3920,1000000,16777216,read,245
measured,probe-memory-buffer,run,1337,1483700,0,0,0,3922,1000000,16777216,read,245
measured,probe-memory-buffer,run,1338,1484100,0,0,0,3923,1000000,16777216,read,245
measured,probe-memory-buffer,run,1339,1484600,0,0,0,3925,1000000,16777216,read,245
measured,probe-memory-buffer,run,1340,1485000,0,0,0,3927,1000000,16777216,read,245
measured,probe-memory-buffer,run,1341,1485400,0,0,0,3928,1000000,16777216,read,245
measured,probe-memory-buffer,run,1342,1485900,0,0,0,3930,1000000,16777216,read,245
measured,probe-memory-buffer,run,1343,1486300,0,0,0,3932,1000000,16777216,read,245
measured,probe-memory-buffer,run,1344,1486700,0,0,0,3933,1000000,16777216,read,245
measured,probe-memory-buffer,run,1345,1487100,0,0,0,3935,1000000,16777216,read,245
measured,probe-memory-buffer,run,1346,1487600,0,0,0,3937,1000000,16777216,read,246
measured,probe-memory-buffer,run,1347,1488000,0,0,0,3939,1000000,16777216,read,246
measured,probe-memory-buffer,run,1348,1488400,0,0,0,3940,1000000,16777216,read,246
measured,probe-memory-buffer,run,1349,1488900,0,0,0,3942,1000000,16777216,read,246
measured,probe-memory-buffer,run,1350,1489300,0,0,0,3944,1000000,16777216,read,246
measured,probe-memory-buffer,run,1351,1489700,0,0,0,3945,1000000,16777216,read,246
measured,probe-memory-buffer,run,1352,1490100,0,0,0,3947,1000000,16777216,read,246
measured,probe-memory-buffer,run,1353,1490600,0,0,0,3948,1000000,16777216,read,246
measured,probe-memory-buffer,run,1354,1491000,0,0,0,3950,1000000,16777216,read,246
measured,probe-memory-buffer,run,1355,1491400,0,0,0,3952,1000000,16777216,read,247
measured,probe-memory-buffer,run,1356,1491900,0,0,0,3953,1000000,16777216,read,247
measured,probe-memory-buffer,run,1357,1492300,0,0,0,3955,1000000,16777216,read,247
measured,probe-memory-buffer,run,1358,1492700,0,0,0,3957,1000000,16777216,read,247
measured,probe-memory-buffer,run,1359,1493100,0,0,0,3958,1000000,16777216,read,247
measured,probe-memory-buffer,run,1360,1493600,0,0,0,3960,1000000,16777216,read,247
measured,probe-memory-buffer,run,1361,1494000,0,0,0,3962,1000000,16777216,read,247
measured,probe-memory-buffer,run,1362,1494400,0,0,0,3964,1000000,16777216,read,247
measured,probe-memory-buffer,run,1363,1494800,0,0,0,3965,1000000,16777216,read,247
measured,probe-memory-buffer,run,1364,1495300,0,0,0,3967,1000000,16777216,read,247
measured,probe-memory-buffer,run,1365,1495700,0,0,0,3969,1000000,16777216,read,248
measured,probe-memory-buffer,run,1366,1496100,0,0,0,3970,1000000,16777216,read,248
measured,probe-memory-buffer,run,1367,1496600,0,0,0,3972,1000000,16777216,read,248
measured,probe-memory-buffer,run,1368,1497000,0,0,0,3974,1000000,16777216,read,248
measured,probe-memory-buffer,run,1369,1497400,0,0,0,3975,1000000,16777216,read,248
measured,probe-memory-buffer,run,1370,1497800,0,0,0,3977,1000000,16777216,read,248
measured,probe-memory-buffer,run,1371,1498300,0,0,0,3978,1000000,16777216,read,248
measured,probe-memory-buffer,run,1372,1498700,0,0,0,3980,1000000,16777216,read,248
measured,probe-memory-buffer,run,1373,1499100,0,0,0,3982,1000000,16777216,read,248
measured,probe-memory-buffer,run,1374,1499600,0,0,0,3983,1000000,16777216,read,248
measured,probe-memory-buffer,run,1375,1500000,0,0,0,3985,1000000,16777216,read,249
measured,probe-memory-buffer,run,1376,1500400,0,0,0,3987,1000000,16777216,read,249
measured,probe-memory-buffer,run,1377,1500800,0,0,0,3989,1000000,16777216,read,249
measured,probe-memory-buffer,run,1378,1501300,0,0,0,3990,1000000,16777216,read,249
measured,probe-memory-buffer,run,1379,1501700,0,0,0,3992,1000000,16777216,read,249
measured,probe-memory-buffer,run,1380,1502100,0,0,0,3994,1000000,16777216,read,249
measured,probe-memory-buffer,run,1381,1502500,0,0,0,3995,1000000,16777216,read,249
measured,probe-memory-buffer,run,1382,1503000,0,0,0,3997,1000000,16777216,read,249
measured,probe-memory-buffer,run,1383,1503400,0,0,0,3999,1000000,16777216,read,249
measured,probe-memory-buffer,run,1384,1503800,0,0,0,4000,1000000,16777216,read,250
measured,probe-memory-buffer,run,1385,1504300,0,0,0,4002,1000000,16777216,read,250
measured,probe-memory-buffer,run,1386,1504700,0,0,0,4004,1000000,16777216,read,250
measured,probe-memory-buffer,run,1387,1505100,0,0,0,4005,1000000,16777216,read,250
measured,probe-memory-buffer,run,1388,1505500,0,0,0,4007,1000000,16777216,read,250
measured,probe-memory-buffer,run,1389,1506000,0,0,0,4008,1000000,16777216,read,250
measured,probe-memory-buffer,run,1390,1506400,0,0,0,4010,1000000,16777216,read,250
measured,probe-memory-buffer,run,1391,1507700,0,0,0,4016,1000000,16777216,read,251
measured,probe-memory-buffer,run,1392,1508200,0,0,0,4017,1000000,16777216,read,251
measured,probe-memory-buffer,run,1393,1508600,0,0,0,4019,1000000,16777216,read,251
measured,probe-memory-buffer,run,1394,1509000,0,0,0,4021,1000000,16777216,read,251
measured,probe-memory-buffer,run,1395,1509500,0,0,0,4022,1000000,16777216,read,251
measured,probe-memory-buffer,run,1396,1509900,0,0,0,4024,1000000,16777216,read,251
measured,probe-memory-buffer,run,1397,1510300,0,0,0,4026,1000000,16777216,read,251
measured,probe-memory-buffer,run,1398,1510800,0,0,0,4027,1000000,16777216,read,251
measured,probe-memory-buffer,run,1399,1511200,0,0,0,4029,1000000,16777216,read,251
measured,probe-memory-buffer,run,1400,1511600,0,0,0,4031,1000000,16777216,read,251
measured,probe-memory-buffer,run,1401,1512000,0,0,0,4032,1000000,16777216,read,252
measured,probe-memory-buffer,run,1402,1512500,0,0,0,4034,1000000,16777216,read,252
measured,probe-memory-buffer,run,1403,1512900,0,0,0,4036,1000000,16777216,read,252
measured,probe-memory-buffer,run,1404,1513300,0,0,0,4037,1000000,16777216,read,252
measured,probe-memory-buffer,run,1405,1513800,0,0,0,4039,1000000,16777216,read,252
measured,probe-memory-buffer,run,1406,1514200,0,0,0,4041,1000000,16777216,read,252
measured,probe-memory-buffer,run,1407,1514600,0,0,0,4042,1000000,16777216,read,252
measured,probe-memory-buffer,run,1408,1515100,0,0,0,4044,1000000,16777216,read,252
measured,probe-memory-buffer,run,1409,1515500,0,0,0,4046,1000000,16777216,read,252
measured,probe-memory-buffer,run,1410,1515900,0,0,0,4048,1000000,16777216,read,253
measured,probe-memory-buffer,run,1411,1516400,0,0,0,4049,1000000,16777216,read,253
measured,probe-memory-buffer,run,1412,1516800,0,0,0,4051,1000000,16777216,read,253
measured,probe-memory-buffer,run,1413,1517200,0,0,0,4053,1000000,16777216,read,253
measured,probe-memory-buffer,run,1414,1517600,0,0,0,4054,1000000,16777216,read,253
measured,probe-memory-buffer,run,1415,1518100,0,0,0,4056,1000000,16777216,read,253
measured,probe-memory-buffer,run,1416,1518500,0,0,0,4058,1000000,16777216,read,253
measured,probe-memory-buffer,run,1417,1518900,0,0,0,4059,1000000,16777216,read,253
measured,probe-memory-buffer,run,1418,1519400,0,0,0,4061,1000000,16777216,read,253
measured,probe-memory-buffer,run,1419,1519800,0,0,0,4063,1000000,16777216,read,253
measured,probe-memory-buffer,run,1420,1520200,0,0,0,4064,1000000,16777216,read,254
measured,probe-memory-buffer,run,1421,1520700,0,0,0,4066,1000000,16777216,read,254
measured,probe-memory-buffer,run,1422,1521100,0,0,0,4068,1000000,16777216,read,254
measured,probe-memory-buffer,run,1423,1521500,0,0,0,4069,1000000,16777216,read,254
measured,probe-memory-buffer,run,1424,1521900,0,0,0,4071,1000000,16777216,read,254
measured,probe-memory-buffer,run,1425,1522400,0,0,0,4073,1000000,16777216,read,254
measured,probe-memory-buffer,run,1426,1522800,0,0,0,4075,1000000,16777216,read,254
measured,probe-memory-buffer,run,1427,1523200,0,0,0,4076,1000000,16777216,read,254
measured,probe-memory-buffer,run,1428,1523700,0,0,0,4078,1000000,16777216,read,254
measured,probe-memory-buffer,run,1429,1524100,0,0,0,4080,1000000,16777216,read,255
measured,probe-memory-buffer,run,1430,1524500,0,0,0,4081,1000000,16777216,read,255
measured,probe-memory-buffer,run,1431,1525000,0,0,0,4083,1000000,16777216,read,255
measured,probe-memory-buffer,run,1432,1525400,0,0,0,4085,1000000,16777216,read,255
measured,probe-memory-buffer,run,1433,1525800,0,0,0,4086,1000000,16777216,read,255
measured,probe-memory-buffer,run,1434,1526200,0,0,0,4088,1000000,16777216,read,255
measured,probe-memory-buffer,run,1435,1526700,0,0,0,4089,1000000,16777216,read,255
measured,probe-memory-buffer,run,1436,1527100,0,0,0,4091,1000000,16777216,read,255
measured,probe-memory-buffer,run,1437,1527500,0,0,0,4093,1000000,16777216,read,255
measured,probe-memory-buffer,run,1438,1528000,0,0,0,4094,1000000,16777216,read,255
measured,probe-memory-buffer,run,1439,1528400,0,0,0,4096,1000000,16777216,read,256
measured,probe-memory-buffer,run,1440,1528800,0,0,0,4098,1000000,16777216,read,256
measured,probe-memory-buffer,run,1441,1529200,0,0,0,4100,1000000,16777216,read,256
measured,probe-memory-buffer,run,1442,1529700,0,0,0,4101,1000000,16777216,read,256
measured,probe-memory-buffer,run,1443,1530100,0,0,0,4103,1000000,16777216,read,256
measured,probe-memory-buffer,run,1444,1530500,0,0,0,4105,1000000,16777216,read,256
measured,probe-memory-buffer,run,1445,1531000,0,0,0,4106,1000000,16777216,read,256
measured,probe-memory-buffer,run,1446,1531400,0,0,0,4108,1000000,16777216,read,256
measured,probe-memory-buffer,run,1447,1531800,0,0,0,4110,1000000,16777216,read,256
measured,probe-memory-buffer,run,1448,1533100,0,0,0,4115,1000000,16777216,read,257
measured,probe-memory-buffer,run,1449,1533500,0,0,0,4116,1000000,16777216,read,257
measured,probe-memory-buffer,run,1450,1534000,0,0,0,4118,1000000,16777216,read,257
measured,probe-memory-buffer,run,1451,1534400,0,0,0,4120,1000000,16777216,read,257
measured,probe-memory-buffer,run,1452,1534800,0,0,0,4121,1000000,16777216,read,257
measured,probe-memory-buffer,run,1453,1535300,0,0,0,4123,1000000,16777216,read,257
measured,probe-memory-buffer,run,1454,1535700,0,0,0,4125,1000000,16777216,read,257
measured,probe-memory-buffer,run,1455,1536100,0,0,0,4126,1000000,16777216,read,257
measured,probe-memory-buffer,run,1456,1536600,0,0,0,4128,1000000,16777216,read,258
measured,probe-memory-buffer,run,1457,1537000,0,0,0,4130,1000000,16777216,read,258
measured,probe-memory-buffer,run,1458,1537400,0,0,0,4132,1000000,16777216,read,258
measured,probe-memory-buffer,run,1459,1537800,0,0,0,4133,1000000,16777216,read,258
measured,probe-memory-buffer,run,1460,1538300,0,0,0,4135,1000000,16777216,read,258
measured,probe-memory-buffer,run,1461,1538700,0,0,0,4137,1000000,16777216,read,258
measured,probe-memory-buffer,run,1462,1539100,0,0,0,4138,1000000,16777216,read,258
measured,probe-memory-buffer,run,1463,1539600,0,0,0,4140,1000000,16777216,read,258
measured,probe-memory-buffer,run,1464,1540000,0,0,0,4142,1000000,16777216,read,258
measured,probe-memory-buffer,run,1465,1540400,0,0,0,4143,1000000,16777216,read,258
measured,probe-memory-buffer,run,1466,1540800,0,0,0,4145,1000000,16777216,read,259
measured,probe-memory-buffer,run,1467,1541300,0,0,0,4146,1000000,16777216,read,259
measured,probe-memory-buffer,run,1468,1541700,0,0,0,4148,1000000,16777216,read,259
measured,probe-memory-buffer,run,1469,1542100,0,0,0,4150,1000000,16777216,read,259
measured,probe-memory-buffer,run,1470,1542600,0,0,0,4151,1000000,16777216,read,259
measured,probe-memory-buffer,run,1471,1543000,0,0,0,4153,1000000,16777216,read,259
measured,probe-memory-buffer,run,1472,1543400,0,0,0,4155,1000000,16777216,read,259
measured,probe-memory-buffer,run,1473,1543800,0,0,0,4157,1000000,16777216,read,259
measured,probe-memory-buffer,run,1474,1544300,0,0,0,4158,1000000,16777216,read,259
measured,probe-memory-buffer,run,1475,1544700,0,0,0,4160,1000000,16777216,read,260
measured,probe-memory-buffer,run,1476,1545100,0,0,0,4162,1000000,16777216,read,260
measured,probe-memory-buffer,run,1477,1545600,0,0,0,4163,1000000,16777216,read,260
measured,probe-memory-buffer,run,1478,1546000,0,0,0,4165,1000000,16777216,read,260
measured,probe-memory-buffer,run,1479,1546400,0,0,0,4167,1000000,16777216,read,260
measured,probe-memory-buffer,run,1480,1546800,0,0,0,4168,1000000,16777216,read,260
measured,probe-memory-buffer,run,1481,1547300,0,0,0,4170,1000000,16777216,read,260
measured,probe-memory-buffer,run,1482,1547700,0,0,0,4172,1000000,16777216,read,260
measured,probe-memory-buffer,run,1483,1548100,0,0,0,4173,1000000,16777216,read,260
measured,probe-memory-buffer,run,1484,1548600,0,0,0,4175,1000000,16777216,read,260
measured,probe-memory-buffer,run,1485,1549000,0,0,0,4177,1000000,16777216,read,261
measured,probe-memory-buffer,run,1486,1549400,0,0,0,4178,1000000,16777216,read,261
measured,probe-memory-buffer,run,1487,1549800,0,0,0,4180,1000000,16777216,read,261
measured,probe-memory-buffer,run,1488,1550300,0,0,0,4182,1000000,16777216,read,261
measured,probe-memory-buffer,run,1489,1550700,0,0,0,4183,1000000,16777216,read,261
measured,probe-memory-buffer,run,1490,1551100,0,0,0,4185,1000000,16777216,read,261
measured,probe-memory-buffer,run,1491,1551500,0,0,0,4187,1000000,16777216,read,261
measured,probe-memory-buffer,run,1492,1552000,0,0,0,4189,1000000,16777216,read,261
measured,probe-memory-buffer,run,1493,1552400,0,0,0,4190,1000000,16777216,read,261
measured,probe-memory-buffer,run,1494,1552800,0,0,0,4192,1000000,16777216,read,262
measured,probe-memory-buffer,run,1495,1553300,0,0,0,4193,1000000,16777216,read,262
measured,probe-memory-buffer,run,1496,1553700,0,0,0,4195,1000000,16777216,read,262
measured,probe-memory-buffer,run,1497,1554100,0,0,0,4197,1000000,16777216,read,262
measured,probe-memory-buffer,run,1498,1554500,0,0,0,4198,1000000,16777216,read,262
measured,probe-memory-buffer,run,1499,1555000,0,0,0,4200,1000000,16777216,read,262
measured,probe-memory-buffer,run,1500,1555400,0,0,0,4202,1000000,16777216,read,262
measured,probe-memory-buffer,run,1501,1555800,0,0,0,4203,1000000,16777216,read,262
measured,probe-memory-buffer,run,1502,1556200,0,0,0,4205,1000000,16777216,read,262
measured,probe-memory-buffer,run,1503,1556700,0,0,0,4207,1000000,16777216,read,262
measured,probe-memory-buffer,run,1504,1557100,0,0,0,4208,1000000,16777216,read,263
measured,probe-memory-buffer,run,1505,1558600,0,0,0,4214,1000000,16777216,read,263
measured,probe-memory-buffer,run,1506,1559100,0,0,0,4216,1000000,16777216,read,263
measured,probe-memory-buffer,run,1507,1559500,0,0,0,4218,1000000,16777216,read,263
measured,probe-memory-buffer,run,1508,1559900,0,0,0,4219,1000000,16777216,read,263
measured,probe-memory-buffer,run,1509,1560300,0,0,0,4221,1000000,16777216,read,263
measured,probe-memory-buffer,run,1510,1560800,0,0,0,4223,1000000,16777216,read,263
measured,probe-memory-buffer,run,1511,1561200,0,0,0,4225,1000000,16777216,read,264
measured,probe-memory-buffer,run,1512,1561600,0,0,0,4226,1000000,16777216,read,264
measured,probe-memory-buffer,run,1513,1562100,0,0,0,4228,1000000,16777216,read,264
measured,probe-memory-buffer,run,1514,1562500,0,0,0,4230,1000000,16777216,read,264
measured,probe-memory-buffer,run,1515,1562900,0,0,0,4231,1000000,16777216,read,264
measured,probe-memory-buffer,run,1516,1563300,0,0,0,4233,1000000,16777216,read,264
measured,probe-memory-buffer,run,1517,1563800,0,0,0,4234,1000000,16777216,read,264
measured,probe-memory-buffer,run,1518,1564200,0,0,0,4236,1000000,16777216,read,264
measured,probe-memory-buffer,run,1519,1564600,0,0,0,4238,1000000,16777216,read,264
measured,probe-memory-buffer,run,1520,1565100,0,0,0,4239,1000000,16777216,read,264
measured,probe-memory-buffer,run,1521,1565500,0,0,0,4241,1000000,16777216,read,265
measured,probe-memory-buffer,run,1522,1565900,0,0,0,4243,1000000,16777216,read,265
measured,probe-memory-buffer,run,1523,1566300,0,0,0,4244,1000000,16777216,read,265
measured,probe-memory-buffer,run,1524,1566800,0,0,0,4246,1000000,16777216,read,265
measured,probe-memory-buffer,run,1525,1567200,0,0,0,4248,1000000,16777216,read,265
measured,probe-memory-buffer,run,1526,1567600,0,0,0,4250,1000000,16777216,read,265
measured,probe-memory-buffer,run,1527,1568100,0,0,0,4251,1000000,16777216,read,265
measured,probe-memory-buffer,run,1528,1568500,0,0,0,4253,1000000,16777216,read,265
measured,probe-memory-buffer,run,1529,1568900,0,0,0,4255,1000000,16777216,read,265
measured,probe-memory-buffer,run,1530,1569300,0,0,0,4256,1000000,16777216,read,266
measured,probe-memory-buffer,run,1531,1569800,0,0,0,4258,1000000,16777216,read,266
measured,probe-memory-buffer,run,1532,1570200,0,0,0,4260,1000000,16777216,read,266
measured,probe-memory-buffer,run,1533,1570600,0,0,0,4261,1000000,16777216,read,266
measured,probe-memory-buffer,run,1534,1571100,0,0,0,4263,1000000,16777216,read,266
measured,probe-memory-buffer,run,1535,1571500,0,0,0,4265,1000000,16777216,read,266
measured,probe-memory-buffer,run,1536,1571900,0,0,0,4266,1000000,16777216,read,266
measured,probe-memory-buffer,run,1537,1572400,0,0,0,4268,1000000,16777216,read,266
measured,probe-memory-buffer,run,1538,1572800,0,0,0,4270,1000000,16777216,read,266
measured,probe-memory-buffer,run,1539,1573200,0,0,0,4271,1000000,16777216,read,266
measured,probe-memory-buffer,run,1540,1573600,0,0,0,4273,1000000,16777216,read,267
measured,probe-memory-buffer,run,1541,1574100,0,0,0,4275,1000000,16777216,read,267
measured,probe-memory-buffer,run,1542,1574500,0,0,0,4276,1000000,16777216,read,267
measured,probe-memory-buffer,run,1543,1574900,0,0,0,4278,1000000,16777216,read,267
measured,probe-memory-buffer,run,1544,1575400,0,0,0,4280,1000000,16777216,read,267
measured,probe-memory-buffer,run,1545,1575800,0,0,0,4282,1000000,16777216,read,267
measured,probe-memory-buffer,run,1546,1576200,0,0,0,4283,1000000,16777216,read,267
measured,probe-memory-buffer,run,1547,1576600,0,0,0,4285,1000000,16777216,read,267
measured,probe-memory-buffer,run,1548,1577100,0,0,0,4286,1000000,16777216,read,267
measured,probe-memory-buffer,run,1549,1577500,0,0,0,4288,1000000,16777216,read,268
measured,probe-memory-buffer,run,1550,1577900,0,0,0,4290,1000000,16777216,read,268
measured,probe-memory-buffer,run,1551,1578400,0,0,0,4291,1000000,16777216,read,268
measured,probe-memory-buffer,run,1552,1578800,0,0,0,4293,1000000,16777216,read,268
measured,probe-memory-buffer,run,1553,1579200,0,0,0,4295,1000000,16777216,read,268
measured,probe-memory-buffer,run,1554,1579600,0,0,0,4296,1000000,16777216,read,268
measured,probe-memory-buffer,run,1555,1580100,0,0,0,4298,1000000,16777216,read,268
measured,probe-memory-buffer,run,1556,1580500,0,0,0,4300,1000000,16777216,read,268
measured,probe-memory-buffer,run,1557,1580900,0,0,0,4301,1000000,16777216,read,268
measured,probe-memory-buffer,run,1558,1581400,0,0,0,4303,1000000,16777216,read,268
measured,probe-memory-buffer,run,1559,1581800,0,0,0,4305,1000000,16777216,read,269
measured,probe-memory-buffer,run,1560,1582200,0,0,0,4307,1000000,16777216,read,269
measured,probe-memory-buffer,run,1561,1582600,0,0,0,4308,1000000,16777216,read,269
measured,probe-memory-buffer,run,1562,1583900,0,0,0,4313,1000000,16777216,read,269
measured,probe-memory-buffer,run,1563,1584400,0,0,0,4315,1000000,16777216,read,269
measured,probe-memory-buffer,run,1564,1584800,0,0,0,4317,1000000,16777216,read,269
measured,probe-memory-buffer,run,1565,1585200,0,0,0,4318,1000000,16777216,read,269
measured,probe-memory-buffer,run,1566,1585700,0,0,0,4320,1000000,16777216,read,270
measured,probe-memory-buffer,run,1567,1586100,0,0,0,4322,1000000,16777216,read,270
measured,probe-memory-buffer,run,1568,1586500,0,0,0,4323,1000000,16777216,read,270
measured,probe-memory-buffer,run,1569,1586900,0,0,0,4325,1000000,16777216,read,270
measured,probe-memory-buffer,run,1570,1587400,0,0,0,4327,1000000,16777216,read,270
measured,probe-memory-buffer,run,1571,1587800,0,0,0,4328,1000000,16777216,read,270
measured,probe-memory-buffer,run,1572,1588200,0,0,0,4330,1000000,16777216,read,270
measured,probe-memory-buffer,run,1573,1588700,0,0,0,4332,1000000,16777216,read,270
measured,probe-memory-buffer,run,1574,1589100,0,0,0,4333,1000000,16777216,read,270
measured,probe-memory-buffer,run,1575,1589500,0,0,0,4335,1000000,16777216,read,270
measured,probe-memory-buffer,run,1576,1590000,0,0,0,4337,1000000,16777216,read,271
measured,probe-memory-buffer,run,1577,1590700,0,0,0,4340,1000000,16777216,read,271
measured,probe-memory-buffer,run,1578,1591100,0,0,0,4341,1000000,16777216,read,271
measured,probe-memory-buffer,run,1579,1591600,0,0,0,4343,1000000,16777216,read,271
measured,probe-memory-buffer,run,1580,1592000,0,0,0,4345,1000000,16777216,read,271
measured,probe-memory-buffer,run,1581,1592400,0,0,0,4346,1000000,16777216,read,271
measured,probe-memory-buffer,run,1582,1592900,0,0,0,4348,1000000,16777216,read,271
measured,probe-memory-buffer,run,1583,1593300,0,0,0,4350,1000000,16777216,read,271
measured,probe-memory-buffer,run,1584,1593700,0,0,0,4351,1000000,16777216,read,271
measured,probe-memory-buffer,run,1585,1594100,0,0,0,4353,1000000,16777216,read,272
measured,probe-memory-buffer,run,1586,1594600,0,0,0,4355,1000000,16777216,read,272
measured,probe-memory-buffer,run,1587,1595000,0,0,0,4357,1000000,16777216,read,272
measured,probe-memory-buffer,run,1588,1595400,0,0,0,4358,1000000,16777216,read,272
measured,probe-memory-buffer,run,1589,1595800,0,0,0,4360,1000000,16777216,read,272
measured,probe-memory-buffer,run,1590,1596300,0,0,0,4361,1000000,16777216,read,272
measured,probe-memory-buffer,run,1591,1596700,0,0,0,4363,1000000,16777216,read,272
measured,probe-memory-buffer,run,1592,1597100,0,0,0,4365,1000000,16777216,read,272
measured,probe-memory-buffer,run,1593,1597500,0,0,0,4366,1000000,16777216,read,272
measured,probe-memory-buffer,run,1594,1598000,0,0,0,4368,1000000,16777216,read,273
measured,probe-memory-buffer,run,1595,1598400,0,0,0,4370,1000000,16777216,read,273
measured,probe-memory-buffer,run,1596,1598800,0,0,0,4371,1000000,16777216,read,273
measured,probe-memory-buffer,run,1597,1599300,0,0,0,4373,1000000,16777216,read,273
measured,probe-memory-buffer,run,1598,1599700,0,0,0,4375,1000000,16777216,read,273
measured,probe-memory-buffer,run,1599,1600100,0,0,0,4376,1000000,16777216,read,273
measured,probe-memory-buffer,run,1600,1600500,0,0,0,4378,1000000,16777216,read,273
measured,probe-memory-buffer,run,1601,1601000,0,0,0,4380,1000000,16777216,read,273
measured,probe-memory-buffer,run,1602,1601400,0,0,0,4382,1000000,16777216,read,273
measured,probe-memory-buffer,run,1603,1601800,0,0,0,4383,1000000,16777216,read,273
measured,probe-memory-buffer,run,1604,1602300,0,0,0,4385,1000000,16777216,read,274
measured,probe-memory-buffer,run,1605,1602700,0,0,0,4387,1000000,16777216,read,274
measured,probe-memory-buffer,run,1606,1603100,0,0,0,4388,1000000,16777216,read,274
measured,probe-memory-buffer,run,1607,1603600,0,0,0,4390,1000000,16777216,read,274
measured,probe-memory-buffer,run,1608,1604000,0,0,0,4392,1000000,16777216,read,274
measured,probe-memory-buffer,run,1609,1604400,0,0,0,4393,1000000,16777216,read,274
measured,probe-memory-buffer,run,1610,1604800,0,0,0,4395,1000000,16777216,read,274
measured,probe-memory-buffer,run,1611,1605300,0,0,0,4396,1000000,16777216,read,274
measured,probe-memory-buffer,run,1612,1605700,0,0,0,4398,1000000,16777216,read,274
measured,probe-memory-buffer,run,1613,1606100,0,0,0,4400,1000000,16777216,read,275
measured,probe-memory-buffer,run,1614,1606600,0,0,0,4401,1000000,16777216,read,275
measured,probe-memory-buffer,run,1615,1607000,0,0,0,4403,1000000,16777216,read,275
measured,probe-memory-buffer,run,1616,1607400,0,0,0,4405,1000000,16777216,read,275
measured,probe-memory-buffer,run,1617,1607900,0,0,0,4407,1000000,16777216,read,275
measured,probe-memory-buffer,run,1618,1608300,0,0,0,4408,1000000,16777216,read,275
measured,probe-memory-buffer,run,1619,1609600,0,0,0,4413,1000000,16777216,read,275
measured,probe-memory-buffer,run,1620,1610000,0,0,0,4415,1000000,16777216,read,275
measured,probe-memory-buffer,run,1621,1610400,0,0,0,4417,1000000,16777216,read,276
measured,probe-memory-buffer,run,1622,1610900,0,0,0,4418,1000000,16777216,read,276
measured,probe-memory-buffer,run,1623,1611300,0,0,0,4420,1000000,16777216,read,276
measured,probe-memory-buffer,run,1624,1611700,0,0,0,4422,1000000,16777216,read,276
measured,probe-memory-buffer,run,1625,1612200,0,0,0,4423,1000000,16777216,read,276
measured,probe-memory-buffer,run,1626,1612600,0,0,0,4425,1000000,16777216,read,276
measured,probe-memory-buffer,run,1627,1613000,0,0,0,4427,1000000,16777216,read,276
measured,probe-memory-buffer,run,1628,1613400,0,0,0,4428,1000000,16777216,read,276
measured,probe-memory-buffer,run,1629,1613900,0,0,0,4430,1000000,16777216,read,276
measured,probe-memory-buffer,run,1630,1614300,0,0,0,4432,1000000,16777216,read,277
measured,probe-memory-buffer,run,1631,1614700,0,0,0,4433,1000000,16777216,read,277
measured,probe-memory-buffer,run,1632,1615200,0,0,0,4435,1000000,16777216,read,277
measured,probe-memory-buffer,run,1633,1615600,0,0,0,4437,1000000,16777216,read,277
measured,probe-memory-buffer,run,1634,1616000,0,0,0,4439,1000000,16777216,read,277
measured,probe-memory-buffer,run,1635,1616500,0,0,0,4440,1000000,16777216,read,277
measured,probe-memory-buffer,run,1636,1616900,0,0,0,4442,1000000,16777216,read,277
measured,probe-memory-buffer,run,1637,1617300,0,0,0,4444,1000000,16777216,read,277
measured,probe-memory-buffer,run,1638,1617700,0,0,0,4445,1000000,16777216,read,277
measured,probe-memory-buffer,run,1639,1618200,0,0,0,4447,1000000,16777216,read,277
measured,probe-memory-buffer,run,1640,1618600,0,0,0,4449,1000000,16777216,read,278
measured,probe-memory-buffer,run,1641,1619000,0,0,0,4450,1000000,16777216,read,278
measured,probe-memory-buffer,run,1642,1619500,0,0,0,4452,1000000,16777216,read,278
measured,probe-memory-buffer,run,1643,1619900,0,0,0,4454,1000000,16777216,read,278
measured,probe-memory-buffer,run,1644,1620300,0,0,0,4455,1000000,16777216,read,278
measured,probe-memory-buffer,run,1645,1620700,0,0,0,4457,1000000,16777216,read,278
measured,probe-memory-buffer,run,1646,1621200,0,0,0,4459,1000000,16777216,read,278
measured,probe-memory-buffer,run,1647,1621600,0,0,0,4460,1000000,16777216,read,278
measured,probe-memory-buffer,run,1648,1622000,0,0,0,4462,1000000,16777216,read,278
measured,probe-memory-buffer,run,1649,1622500,0,0,0,4464,1000000,16777216,read,279
measured,probe-memory-buffer,run,1650,1622900,0,0,0,4466,1000000,16777216,read,279
measured,probe-memory-buffer,run,1651,1623300,0,0,0,4467,1000000,16777216,read,279
measured,probe-memory-buffer,run,1652,1623800,0,0,0,4469,1000000,16777216,read,279
measured,probe-memory-buffer,run,1653,1624200,0,0,0,4471,1000000,16777216,read,279
measured,probe-memory-buffer,run,1654,1624600,0,0,0,4472,1000000,16777216,read,279
measured,probe-memory-buffer,run,1655,1625000,0,0,0,4474,1000000,16777216,read,279
measured,probe-memory-buffer,run,1656,1625500,0,0,0,4476,1000000,16777216,read,279
measured,probe-memory-buffer,run,1657,1625900,0,0,0,4477,1000000,16777216,read,279
measured,probe-memory-buffer,run,1658,1626300,0,0,0,4479,1000000,16777216,read,279
measured,probe-memory-buffer,run,1659,1626800,0,0,0,4480,1000000,16777216,read,280
measured,probe-memory-buffer,run,1660,1627200,0,0,0,4482,1000000,16777216,read,280
measured,probe-memory-buffer,run,1661,1627600,0,0,0,4484,1000000,16777216,read,280
measured,probe-memory-buffer,run,1662,1628000,0,0,0,4485,1000000,16777216,read,280
measured,probe-memory-buffer,run,1663,1628500,0,0,0,4487,1000000,16777216,read,280
measured,probe-memory-buffer,run,1664,1628900,0,0,0,4489,1000000,16777216,read,280
measured,probe-memory-buffer,run,1665,1629300,0,0,0,4491,1000000,16777216,read,280
measured,probe-memory-buffer,run,1666,1629800,0,0,0,4492,1000000,16777216,read,280
measured,probe-memory-buffer,run,1667,1630200,0,0,0,4494,1000000,16777216,read,280
measured,probe-memory-buffer,run,1668,1630600,0,0,0,4496,1000000,16777216,read,281
measured,probe-memory-buffer,run,1669,1631100,0,0,0,4497,1000000,16777216,read,281
measured,probe-memory-buffer,run,1670,1631500,0,0,0,4499,1000000,16777216,read,281
measured,probe-memory-buffer,run,1671,1631900,0,0,0,4501,1000000,16777216,read,281
measured,probe-memory-buffer,run,1672,1632300,0,0,0,4502,1000000,16777216,read,281
measured,probe-memory-buffer,run,1673,1632800,0,0,0,4504,1000000,16777216,read,281
measured,probe-memory-buffer,run,1674,1633200,0,0,0,4506,1000000,16777216,read,281
measured,probe-memory-buffer,run,1675,1633600,0,0,0,4507,1000000,16777216,read,281
measured,probe-memory-buffer,run,1676,1636400,0,0,0,4518,1000000,16777216,read,282
measured,probe-memory-buffer,run,1677,1636900,0,0,0,4520,1000000,16777216,read,282
measured,probe-memory-buffer,run,1678,1637300,0,0,0,4522,1000000,16777216,read,282
measured,probe-memory-buffer,run,1679,1637700,0,0,0,4523,1000000,16777216,read,282
measured,probe-memory-buffer,run,1680,1638200,0,0,0,4525,1000000,16777216,read,282
measured,probe-memory-buffer,run,1681,1638600,0,0,0,4527,1000000,16777216,read,282
measured,probe-memory-buffer,run,1682,1639000,0,0,0,4528,1000000,16777216,read,283
measured,probe-memory-buffer,run,1683,1639500,0,0,0,4530,1000000,16777216,read,283
measured,probe-memory-buffer,run,1684,1639900,0,0,0,4532,1000000,16777216,read,283
measured,probe-memory-buffer,run,1685,1640300,0,0,0,4533,1000000,16777216,read,283
measured,probe-memory-buffer,run,1686,1640800,0,0,0,4535,1000000,16777216,read,283
measured,probe-memory-buffer,run,1687,1641200,0,0,0,4537,1000000,16777216,read,283
measured,probe-memory-buffer,run,1688,1641600,0,0,0,4539,1000000,16777216,read,283
measured,probe-memory-buffer,run,1689,1642100,0,0,0,4540,1000000,16777216,read,283
measured,probe-memory-buffer,run,1690,1642500,0,0,0,4542,1000000,16777216,read,283
measured,probe-memory-buffer,run,1691,1642900,0,0,0,4544,1000000,16777216,read,284
measured,probe-memory-buffer,run,1692,1643400,0,0,0,4545,1000000,16777216,read,284
measured,probe-memory-buffer,run,1693,1643800,0,0,0,4547,1000000,16777216,read,284
measured,probe-memory-buffer,run,1694,1644200,0,0,0,4549,1000000,16777216,read,284
measured,probe-memory-buffer,run,1695,1644600,0,0,0,4550,1000000,16777216,read,284
measured,probe-memory-buffer,run,1696,1645100,0,0,0,4552,1000000,16777216,read,284
measured,probe-memory-buffer,run,1697,1645500,0,0,0,4554,1000000,16777216,read,284
measured,probe-memory-buffer,run,1698,1645900,0,0,0,4555,1000000,16777216,read,284
measured,probe-memory-buffer,run,1699,1646400,0,0,0,4557,1000000,16777216,read,284
measured,probe-memory-buffer,run,1700,1646800,0,0,0,4559,1000000,16777216,read,284
measured,probe-memory-buffer,run,1701,1647200,0,0,0,4560,1000000,16777216,read,285
measured,probe-memory-buffer,run,1702,1647600,0,0,0,4562,1000000,16777216,read,285
measured,probe-memory-buffer,run,1703,1648100,0,0,0,4564,1000000,16777216,read,285
measured,probe-memory-buffer,run,1704,1648500,0,0,0,4566,1000000,16777216,read,285
measured,probe-memory-buffer,run,1705,1648900,0,0,0,4567,1000000,16777216,read,285
measured,probe-memory-buffer,run,1706,1649400,0,0,0,4569,1000000,16777216,read,285
measured,probe-memory-buffer,run,1707,1649800,0,0,0,4571,1000000,16777216,read,285
measured,probe-memory-buffer,run,1708,1650200,0,0,0,4572,1000000,16777216,read,285
measured,probe-memory-buffer,run,1709,1650700,0,0,0,4574,1000000,16777216,read,285
measured,probe-memory-buffer,run,1710,1651100,0,0,0,4576,1000000,16777216,read,286
measured,probe-memory-buffer,run,1711,1651500,0,0,0,4577,1000000,16777216,read,286
measured,probe-memory-buffer,run,1712,1651900,0,0,0,4579,1000000,16777216,read,286
measured,probe-memory-buffer,run,1713,1652400,0,0,0,4580,1000000,16777216,read,286
measured,probe-memory-buffer,run,1714,1652800,0,0,0,4582,1000000,16777216,read,286
measured,probe-memory-buffer,run,1715,1653200,0,0,0,4584,1000000,16777216,read,286
measured,probe-memory-buffer,run,1716,1653600,0,0,0,4585,1000000,16777216,read,286
measured,probe-memory-buffer,run,1717,1654100,0,0,0,4587,1000000,16777216,read,286
measured,probe-memory-buffer,run,1718,1654500,0,0,0,4589,1000000,16777216,read,286
measured,probe-memory-buffer,run,1719,1654900,0,0,0,4591,1000000,16777216,read,286
measured,probe-memory-buffer,run,1720,1655400,0,0,0,4592,1000000,16777216,read,287
measured,probe-memory-buffer,run,1721,1655800,0,0,0,4594,1000000,16777216,read,287
measured,probe-memory-buffer,run,1722,1656200,0,0,0,4596,1000000,16777216,read,287
measured,probe-memory-buffer,run,1723,1656700,0,0,0,4597,1000000,16777216,read,287
measured,probe-memory-buffer,run,1724,1657100,0,0,0,4599,1000000,16777216,read,287
measured,probe-memory-buffer,run,1725,1657500,0,0,0,4601,1000000,16777216,read,287
measured,probe-memory-buffer,run,1726,1657900,0,0,0,4602,1000000,16777216,read,287
measured,probe-memory-buffer,run,1727,1658400,0,0,0,4604,1000000,16777216,read,287
measured,probe-memory-buffer,run,1728,1658800,0,0,0,4606,1000000,16777216,read,287
measured,probe-memory-buffer,run,1729,1659200,0,0,0,4607,1000000,16777216,read,287
measured,probe-memory-buffer,run,1730,1659700,0,0,0,4609,1000000,16777216,read,288
measured,probe-memory-buffer,run,1731,1660100,0,0,0,4611,1000000,16777216,read,288
measured,probe-memory-buffer,run,1732,1660500,0,0,0,4612,1000000,16777216,read,288
measured,probe-memory-buffer,run,1733,1661800,0,0,0,4617,1000000,16777216,read,288
measured,probe-memory-buffer,run,1734,1662300,0,0,0,4619,1000000,16777216,read,288
measured,probe-memory-buffer,run,1735,1662700,0,0,0,4621,1000000,16777216,read,288
measured,probe-memory-buffer,run,1736,1663100,0,0,0,4623,1000000,16777216,read,288
measured,probe-memory-buffer,run,1737,1663600,0,0,0,4624,1000000,16777216,read,289
measured,probe-memory-buffer,run,1738,1664000,0,0,0,4626,1000000,16777216,read,289
measured,probe-memory-buffer,run,1739,1664400,0,0,0,4628,1000000,16777216,read,289
measured,probe-memory-buffer,run,1740,1664900,0,0,0,4629,1000000,16777216,read,289
measured,probe-memory-buffer,run,1741,1665300,0,0,0,4631,1000000,16777216,read,289
measured,probe-memory-buffer,run,1742,1665700,0,0,0,4633,1000000,16777216,read,289
measured,probe-memory-buffer,run,1743,1666100,0,0,0,4634,1000000,16777216,read,289
measured,probe-memory-buffer,run,1744,1666600,0,0,0,4636,1000000,16777216,read,289
measured,probe-memory-buffer,run,1745,1667000,0,0,0,4638,1000000,16777216,read,289
measured,probe-memory-buffer,run,1746,1667400,0,0,0,4639,1000000,16777216,read,289
measured,probe-memory-buffer,run,1747,1667900,0,0,0,4641,1000000,16777216,read,290
measured,probe-memory-buffer,run,1748,1668300,0,0,0,4643,1000000,16777216,read,290
measured,probe-memory-buffer,run,1749,1668700,0,0,0,4644,1000000,16777216,read,290
measured,probe-memory-buffer,run,1750,1669100,0,0,0,4646,1000000,16777216,read,290
measured,probe-memory-buffer,run,1751,1669600,0,0,0,4648,1000000,16777216,read,290
measured,probe-memory-buffer,run,1752,1670000,0,0,0,4650,1000000,16777216,read,290
measured,probe-memory-buffer,run,1753,1670400,0,0,0,4651,1000000,16777216,read,290
measured,probe-memory-buffer,run,1754,1670900,0,0,0,4653,1000000,16777216,read,290
measured,probe-memory-buffer,run,1755,1671300,0,0,0,4655,1000000,16777216,read,290
measured,probe-memory-buffer,run,1756,1671700,0,0,0,4656,1000000,16777216,read,291
measured,probe-memory-buffer,run,1757,1672200,0,0,0,4658,1000000,16777216,read,291
measured,probe-memory-buffer,run,1758,1672600,0,0,0,4660,1000000,16777216,read,291
measured,probe-memory-buffer,run,1759,1673000,0,0,0,4661,1000000,16777216,read,291
measured,probe-memory-buffer,run,1760,1673500,0,0,0,4663,1000000,16777216,read,291
measured,probe-memory-buffer,run,1761,1673900,0,0,0,4665,1000000,16777216,read,291
measured,probe-memory-buffer,run,1762,1674300,0,0,0,4666,1000000,16777216,read,291
measured,probe-memory-buffer,run,1763,1674700,0,0,0,4668,1000000,16777216,read,291
measured,probe-memory-buffer,run,1764,1675200,0,0,0,4670,1000000,16777216,read,291
measured,probe-memory-buffer,run,1765,1675600,0,0,0,4671,1000000,16777216,read,291
measured,probe-memory-buffer,run,1766,1676000,0,0,0,4673,1000000,16777216,read,292
measured,probe-memory-buffer,run,1767,1676500,0,0,0,4675,1000000,16777216,read,292
measured,probe-memory-buffer,run,1768,1676900,0,0,0,4676,1000000,16777216,read,292
measured,probe-memory-buffer,run,1769,1677300,0,0,0,4678,1000000,16777216,read,292
measured,probe-memory-buffer,run,1770,1677800,0,0,0,4680,1000000,16777216,read,292
measured,probe-memory-buffer,run,1771,1678200,0,0,0,4682,1000000,16777216,read,292
measured,probe-memory-buffer,run,1772,1678600,0,0,0,4683,1000000,16777216,read,292
measured,probe-memory-buffer,run,1773,1679100,0,0,0,4685,1000000,16777216,read,292
measured,probe-memory-buffer,run,1774,1679500,0,0,0,4687,1000000,16777216,read,292
measured,probe-memory-buffer,run,1775,1679900,0,0,0,4688,1000000,16777216,read,293
measured,probe-memory-buffer,run,1776,1680300,0,0,0,4690,1000000,16777216,read,293
measured,probe-memory-buffer,run,1777,1680800,0,0,0,4691,1000000,16777216,read,293
measured,probe-memory-buffer,run,1778,1681200,0,0,0,4693,1000000,16777216,read,293
measured,probe-memory-buffer,run,1779,1681600,0,0,0,4695,1000000,16777216,read,293
measured,probe-memory-buffer,run,1780,1682100,0,0,0,4696,1000000,16777216,read,293
measured,probe-memory-buffer,run,1781,1682500,0,0,0,4698,1000000,16777216,read,293
measured,probe-memory-buffer,run,1782,1682900,0,0,0,4700,1000000,16777216,read,293
measured,probe-memory-buffer,run,1783,1683400,0,0,0,4701,1000000,16777216,read,293
measured,probe-memory-buffer,run,1784,1683800,0,0,0,4703,1000000,16777216,read,293
measured,probe-memory-buffer,run,1785,1684200,0,0,0,4705,1000000,16777216,read,294
measured,probe-memory-buffer,run,1786,1684700,0,0,0,4707,1000000,16777216,read,294
measured,probe-memory-buffer,run,1787,1685100,0,0,0,4708,1000000,16777216,read,294
measured,probe-memory-buffer,run,1788,1685500,0,0,0,4710,1000000,16777216,read,294
measured,probe-memory-buffer,run,1789,1686900,0,0,0,4715,1000000,16777216,read,294
measured,probe-memory-buffer,run,1790,1687300,0,0,0,4717,1000000,16777216,read,294
measured,probe-memory-buffer,run,1791,1687700,0,0,0,4719,1000000,16777216,read,294
measured,probe-memory-buffer,run,1792,1688100,0,0,0,4720,1000000,16777216,read,295
measured,probe-memory-buffer,run,1793,1688600,0,0,0,4722,1000000,16777216,read,295
measured,probe-memory-buffer,run,1794,1689000,0,0,0,4724,1000000,16777216,read,295
measured,probe-memory-buffer,run,1795,1689400,0,0,0,4725,1000000,16777216,read,295
measured,probe-memory-buffer,run,1796,1689900,0,0,0,4727,1000000,16777216,read,295
measured,probe-memory-buffer,run,1797,1690300,0,0,0,4729,1000000,16777216,read,295
measured,probe-memory-buffer,run,1798,1690700,0,0,0,4730,1000000,16777216,read,295
measured,probe-memory-buffer,run,1799,1691200,0,0,0,4732,1000000,16777216,read,295
measured,probe-memory-buffer,run,1800,1691600,0,0,0,4734,1000000,16777216,read,295
measured,probe-memory-buffer,run,1801,1692000,0,0,0,4735,1000000,16777216,read,295
measured,probe-memory-buffer,run,1802,1692400,0,0,0,4737,1000000,16777216,read,296
measured,probe-memory-buffer,run,1803,1692900,0,0,0,4739,1000000,16777216,read,296
measured,probe-memory-buffer,run,1804,1693300,0,0,0,4741,1000000,16777216,read,296
measured,probe-memory-buffer,run,1805,1693700,0,0,0,4742,1000000,16777216,read,296
measured,probe-memory-buffer,run,1806,1694200,0,0,0,4744,1000000,16777216,read,296
measured,probe-memory-buffer,run,1807,1694600,0,0,0,4746,1000000,16777216,read,296
measured,probe-memory-buffer,run,1808,1695000,0,0,0,4747,1000000,16777216,read,296
measured,probe-memory-buffer,run,1809,1695500,0,0,0,4749,1000000,16777216,read,296
measured,probe-memory-buffer,run,1810,1695900,0,0,0,4751,1000000,16777216,read,296
measured,probe-memory-buffer,run,1811,1696300,0,0,0,4752,1000000,16777216,read,297
measured,probe-memory-buffer,run,1812,1696800,0,0,0,4754,1000000,16777216,read,297
measured,probe-memory-buffer,run,1813,1697200,0,0,0,4756,1000000,16777216,read,297
measured,probe-memory-buffer,run,1814,1697600,0,0,0,4757,1000000,16777216,read,297
measured,probe-memory-buffer,run,1815,1698000,0,0,0,4759,1000000,16777216,read,297
measured,probe-memory-buffer,run,1816,1698500,0,0,0,4760,1000000,16777216,read,297
measured,probe-memory-buffer,run,1817,1698900,0,0,0,4762,1000000,16777216,read,297
measured,probe-memory-buffer,run,1818,1699300,0,0,0,4764,1000000,16777216,read,297
measured,probe-memory-buffer,run,1819,1699800,0,0,0,4766,1000000,16777216,read,297
measured,probe-memory-buffer,run,1820,1700200,0,0,0,4767,1000000,16777216,read,297
measured,probe-memory-buffer,run,1821,1700600,0,0,0,4769,1000000,16777216,read,298
measured,probe-memory-buffer,run,1822,1701100,0,0,0,4771,1000000,16777216,read,298
measured,probe-memory-buffer,run,1823,1701500,0,0,0,4773,1000000,16777216,read,298
measured,probe-memory-buffer,run,1824,1701900,0,0,0,4774,1000000,16777216,read,298
measured,probe-memory-buffer,run,1825,1702400,0,0,0,4776,1000000,16777216,read,298
measured,probe-memory-buffer,run,1826,1702800,0,0,0,4778,1000000,16777216,read,298
measured,probe-memory-buffer,run,1827,1703200,0,0,0,4779,1000000,16777216,read,298
measured,probe-memory-buffer,run,1828,1703600,0,0,0,4781,1000000,16777216,read,298
measured,probe-memory-buffer,run,1829,1704100,0,0,0,4783,1000000,16777216,read,298
measured,probe-memory-buffer,run,1830,1704500,0,0,0,4784,1000000,16777216,read,299
measured,probe-memory-buffer,run,1831,1704900,0,0,0,4786,1000000,16777216,read,299
measured,probe-memory-buffer,run,1832,1705400,0,0,0,4787,1000000,16777216,read,299
measured,probe-memory-buffer,run,1833,1705800,0,0,0,4789,1000000,16777216,read,299
measured,probe-memory-buffer,run,1834,1706200,0,0,0,4791,1000000,16777216,read,299
measured,probe-memory-buffer,run,1835,1706700,0,0,0,4792,1000000,16777216,read,299
measured,probe-memory-buffer,run,1836,1707100,0,0,0,4794,1000000,16777216,read,299
measured,probe-memory-buffer,run,1837,1707500,0,0,0,4796,1000000,16777216,read,299
measured,probe-memory-buffer,run,1838,1707900,0,0,0,4798,1000000,16777216,read,299
measured,probe-memory-buffer,run,1839,1708400,0,0,0,4800,1000000,16777216,read,300
measured,probe-memory-buffer,run,1840,1708800,0,0,0,4801,1000000,16777216,read,300
measured,probe-memory-buffer,run,1841,1709200,0,0,0,4803,1000000,16777216,read,300
measured,probe-memory-buffer,run,1842,1709700,0,0,0,4804,1000000,16777216,read,300
measured,probe-memory-buffer,run,1843,1710100,0,0,0,4806,1000000,16777216,read,300
measured,probe-memory-buffer,run,1844,1710500,0,0,0,4808,1000000,16777216,read,300
measured,probe-memory-buffer,run,1845,1711000,0,0,0,4809,1000000,16777216,read,300
measured,probe-memory-buffer,run,1846,1712200,0,0,0,4814,1000000,16777216,read,300
measured,probe-memory-buffer,run,1847,1712700,0,0,0,4816,1000000,16777216,read,301
measured,probe-memory-buffer,run,1848,1713100,0,0,0,4818,1000000,16777216,read,301
measured,probe-memory-buffer,run,1849,1713500,0,0,0,4819,1000000,16777216,read,301
measured,probe-memory-buffer,run,1850,1713900,0,0,0,4821,1000000,16777216,read,301
measured,probe-memory-buffer,run,1851,1714400,0,0,0,4823,1000000,16777216,read,301
measured,probe-memory-buffer,run,1852,1714800,0,0,0,4825,1000000,16777216,read,301
measured,probe-memory-buffer,run,1853,1715200,0,0,0,4826,1000000,16777216,read,301
measured,probe-memory-buffer,run,1854,1715700,0,0,0,4828,1000000,16777216,read,301
measured,probe-memory-buffer,run,1855,1716100,0,0,0,4830,1000000,16777216,read,301
measured,probe-memory-buffer,run,1856,1716500,0,0,0,4831,1000000,16777216,read,301
measured,probe-memory-buffer,run,1857,1716900,0,0,0,4833,1000000,16777216,read,302
measured,probe-memory-buffer,run,1858,1717400,0,0,0,4834,1000000,16777216,read,302
measured,probe-memory-buffer,run,1859,1717800,0,0,0,4836,1000000,16777216,read,302
measured,probe-memory-buffer,run,1860,1718200,0,0,0,4838,1000000,16777216,read,302
measured,probe-memory-buffer,run,1861,1718600,0,0,0,4839,1000000,16777216,read,302
measured,probe-memory-buffer,run,1862,1719100,0,0,0,4841,1000000,16777216,read,302
measured,probe-memory-buffer,run,1863,1719500,0,0,0,4843,1000000,16777216,read,302
measured,probe-memory-buffer,run,1864,1719900,0,0,0,4844,1000000,16777216,read,302
measured,probe-memory-buffer,run,1865,1720300,0,0,0,4846,1000000,16777216,read,302
measured,probe-memory-buffer,run,1866,1720800,0,0,0,4848,1000000,16777216,read,303
measured,probe-memory-buffer,run,1867,1721200,0,0,0,4850,1000000,16777216,read,303
measured,probe-memory-buffer,run,1868,1721600,0,0,0,4851,1000000,16777216,read,303
measured,probe-memory-buffer,run,1869,1722100,0,0,0,4853,1000000,16777216,read,303
measured,probe-memory-buffer,run,1870,1722500,0,0,0,4855,1000000,16777216,read,303
measured,probe-memory-buffer,run,1871,1722900,0,0,0,4856,1000000,16777216,read,303
measured,probe-memory-buffer,run,1872,1723300,0,0,0,4858,1000000,16777216,read,303
measured,probe-memory-buffer,run,1873,1723800,0,0,0,4859,1000000,16777216,read,303
measured,probe-memory-buffer,run,1874,1724200,0,0,0,4861,1000000,16777216,read,303
measured,probe-memory-buffer,run,1875,1724600,0,0,0,4863,1000000,16777216,read,303
measured,probe-memory-buffer,run,1876,1725000,0,0,0,4864,1000000,16777216,read,304
measured,probe-memory-buffer,run,1877,1725500,0,0,0,4866,1000000,16777216,read,304
measured,probe-memory-buffer,run,1878,1725900,0,0,0,4868,1000000,16777216,read,304
measured,probe-memory-buffer,run,1879,1726300,0,0,0,4869,1000000,16777216,read,304
measured,probe-memory-buffer,run,1880,1726800,0,0,0,4871,1000000,16777216,read,304
measured,probe-memory-buffer,run,1881,1727200,0,0,0,4873,1000000,16777216,read,304
measured,probe-memory-buffer,run,1882,1727600,0,0,0,4875,1000000,16777216,read,304
measured,probe-memory-buffer,run,1883,1728000,0,0,0,4876,1000000,16777216,read,304
measured,probe-memory-buffer,run,1884,1728500,0,0,0,4878,1000000,16777216,read,304
measured,probe-memory-buffer,run,1885,1728900,0,0,0,4880,1000000,16777216,read,305
measured,probe-memory-buffer,run,1886,1729300,0,0,0,4881,1000000,16777216,read,305
measured,probe-memory-buffer,run,1887,1729800,0,0,0,4883,1000000,16777216,read,305
measured,probe-memory-buffer,run,1888,1730200,0,0,0,4885,1000000,16777216,read,305
measured,probe-memory-buffer,run,1889,1730600,0,0,0,4886,1000000,16777216,read,305
measured,probe-memory-buffer,run,1890,1731000,0,0,0,4888,1000000,16777216,read,305
measured,probe-memory-buffer,run,1891,1731500,0,0,0,4889,1000000,16777216,read,305
measured,probe-memory-buffer,run,1892,1732300,0,0,0,4892,1000000,16777216,read,305
measured,probe-memory-buffer,run,1893,1732700,0,0,0,4894,1000000,16777216,read,305
measured,probe-memory-buffer,run,1894,1733100,0,0,0,4896,1000000,16777216,read,306
measured,probe-memory-buffer,run,1895,1733500,0,0,0,4898,1000000,16777216,read,306
measured,probe-memory-buffer,run,1896,1734000,0,0,0,4899,1000000,16777216,read,306
measured,probe-memory-buffer,run,1897,1734400,0,0,0,4901,1000000,16777216,read,306
measured,probe-memory-buffer,run,1898,1734800,0,0,0,4903,1000000,16777216,read,306
measured,probe-memory-buffer,run,1899,1735300,0,0,0,4904,1000000,16777216,read,306
measured,probe-memory-buffer,run,1900,1735700,0,0,0,4906,1000000,16777216,read,306
measured,probe-memory-buffer,run,1901,1736100,0,0,0,4908,1000000,16777216,read,306
measured,probe-memory-buffer,run,1902,1736500,0,0,0,4909,1000000,16777216,read,306
measured,probe-memory-buffer,run,1903,1737800,0,0,0,4914,1000000,16777216,read,307
measured,probe-memory-buffer,run,1904,1738200,0,0,0,4916,1000000,16777216,read,307
measured,probe-memory-buffer,run,1905,1738600,0,0,0,4917,1000000,16777216,read,307
measured,probe-memory-buffer,run,1906,1739100,0,0,0,4919,1000000,16777216,read,307
measured,probe-memory-buffer,run,1907,1739500,0,0,0,4921,1000000,16777216,read,307
measured,probe-memory-buffer,run,1908,1739900,0,0,0,4923,1000000,16777216,read,307
measured,probe-memory-buffer,run,1909,1740400,0,0,0,4924,1000000,16777216,read,307
measured,probe-memory-buffer,run,1910,1740800,0,0,0,4926,1000000,16777216,read,307
measured,probe-memory-buffer,run,1911,1741200,0,0,0,4928,1000000,16777216,read,308
measured,probe-memory-buffer,run,1912,1741600,0,0,0,4929,1000000,16777216,read,308
measured,probe-memory-buffer,run,1913,1742100,0,0,0,4931,1000000,16777216,read,308
measured,probe-memory-buffer,run,1914,1742500,0,0,0,4933,1000000,16777216,read,308
measured,probe-memory-buffer,run,1915,1742900,0,0,0,4934,1000000,16777216,read,308
measured,probe-memory-buffer,run,1916,1743400,0,0,0,4936,1000000,16777216,read,308
measured,probe-memory-buffer,run,1917,1743800,0,0,0,4938,1000000,16777216,read,308
measured,probe-memory-buffer,run,1918,1744200,0,0,0,4939,1000000,16777216,read,308
measured,probe-memory-buffer,run,1919,1744600,0,0,0,4941,1000000,16777216,read,308
measured,probe-memory-buffer,run,1920,1745100,0,0,0,4942,1000000,16777216,read,308
measured,probe-memory-buffer,run,1921,1745500,0,0,0,4944,1000000,16777216,read,309
measured,probe-memory-buffer,run,1922,1745900,0,0,0,4946,1000000,16777216,read,309
measured,probe-memory-buffer,run,1923,1746400,0,0,0,4948,1000000,16777216,read,309
measured,probe-memory-buffer,run,1924,1746800,0,0,0,4950,1000000,16777216,read,309
measured,probe-memory-buffer,run,1925,1747200,0,0,0,4951,1000000,16777216,read,309
measured,probe-memory-buffer,run,1926,1747600,0,0,0,4953,1000000,16777216,read,309
measured,probe-memory-buffer,run,1927,1748100,0,0,0,4954,1000000,16777216,read,309
measured,probe-memory-buffer,run,1928,1748500,0,0,0,4956,1000000,16777216,read,309
measured,probe-memory-buffer,run,1929,1748900,0,0,0,4958,1000000,16777216,read,309
measured,probe-memory-buffer,run,1930,1749400,0,0,0,4959,1000000,16777216,read,309
measured,probe-memory-buffer,run,1931,1749800,0,0,0,4961,1000000,16777216,read,310
measured,probe-memory-buffer,run,1932,1750200,0,0,0,4963,1000000,16777216,read,310
measured,probe-memory-buffer,run,1933,1750600,0,0,0,4964,1000000,16777216,read,310
measured,probe-memory-buffer,run,1934,1751100,0,0,0,4966,1000000,16777216,read,310
measured,probe-memory-buffer,run,1935,1751500,0,0,0,4968,1000000,16777216,read,310
measured,probe-memory-buffer,run,1936,1751900,0,0,0,4969,1000000,16777216,read,310
measured,probe-memory-buffer,run,1937,1752400,0,0,0,4971,1000000,16777216,read,310
measured,probe-memory-buffer,run,1938,1752800,0,0,0,4973,1000000,16777216,read,310
measured,probe-memory-buffer,run,1939,1753200,0,0,0,4975,1000000,16777216,read,310
measured,probe-memory-buffer,run,1940,1753700,0,0,0,4976,1000000,16777216,read,311
measured,probe-memory-buffer,run,1941,1754100,0,0,0,4978,1000000,16777216,read,311
measured,probe-memory-buffer,run,1942,1754500,0,0,0,4980,1000000,16777216,read,311
measured,probe-memory-buffer,run,1943,1754900,0,0,0,4981,1000000,16777216,read,311
measured,probe-memory-buffer,run,1944,1755400,0,0,0,4983,1000000,16777216,read,311
measured,probe-memory-buffer,run,1945,1755800,0,0,0,4985,1000000,16777216,read,311
measured,probe-memory-buffer,run,1946,1756200,0,0,0,4986,1000000,16777216,read,311
measured,probe-memory-buffer,run,1947,1756600,0,0,0,4988,1000000,16777216,read,311
measured,probe-memory-buffer,run,1948,1757100,0,0,0,4990,1000000,16777216,read,311
measured,probe-memory-buffer,run,1949,1757500,0,0,0,4991,1000000,16777216,read,311
measured,probe-memory-buffer,run,1950,1757900,0,0,0,4993,1000000,16777216,read,312
measured,probe-memory-buffer,run,1951,1758400,0,0,0,4994,1000000,16777216,read,312
measured,probe-memory-buffer,run,1952,1758800,0,0,0,4996,1000000,16777216,read,312
measured,probe-memory-buffer,run,1953,1759200,0,0,0,4998,1000000,16777216,read,312
measured,probe-memory-buffer,run,1954,1759700,0,0,0,5000,1000000,16777216,read,312
measured,probe-memory-buffer,run,1955,1760100,0,0,0,5001,1000000,16777216,read,312
measured,probe-memory-buffer,run,1956,1760500,0,0,0,5003,1000000,16777216,read,312
measured,probe-memory-buffer,run,1957,1760900,0,0,0,5005,1000000,16777216,read,312
measured,probe-memory-buffer,run,1958,1761400,0,0,0,5006,1000000,16777216,read,312
measured,probe-memory-buffer,run,1959,1761800,0,0,0,5008,1000000,16777216,read,313
measured,probe-memory-buffer,run,1960,1763200,0,0,0,5013,1000000,16777216,read,313
measured,probe-memory-buffer,run,1961,1763600,0,0,0,5015,1000000,16777216,read,313
measured,probe-memory-buffer,run,1962,1764000,0,0,0,5017,1000000,16777216,read,313
measured,probe-memory-buffer,run,1963,1764400,0,0,0,5018,1000000,16777216,read,313
measured,probe-memory-buffer,run,1964,1764900,0,0,0,5020,1000000,16777216,read,313
measured,probe-memory-buffer,run,1965,1765300,0,0,0,5022,1000000,16777216,read,313
measured,probe-memory-buffer,run,1966,1765700,0,0,0,5023,1000000,16777216,read,313
measured,probe-memory-buffer,run,1967,1766200,0,0,0,5025,1000000,16777216,read,314
measured,probe-memory-buffer,run,1968,1766600,0,0,0,5027,1000000,16777216,read,314
measured,probe-memory-buffer,run,1969,1767000,0,0,0,5028,1000000,16777216,read,314
measured,probe-memory-buffer,run,1970,1767500,0,0,0,5030,1000000,16777216,read,314
measured,probe-memory-buffer,run,1971,1767900,0,0,0,5032,1000000,16777216,read,314
measured,probe-memory-buffer,run,1972,1768300,0,0,0,5033,1000000,16777216,read,314
measured,probe-memory-buffer,run,1973,1768700,0,0,0,5035,1000000,16777216,read,314
measured,probe-memory-buffer,run,1974,1769200,0,0,0,5037,1000000,16777216,read,314
measured,probe-memory-buffer,run,1975,1769600,0,0,0,5039,1000000,16777216,read,314
measured,probe-memory-buffer,run,1976,1770000,0,0,0,5040,1000000,16777216,read,315
measured,probe-memory-buffer,run,1977,1770400,0,0,0,5042,1000000,16777216,read,315
measured,probe-memory-buffer,run,1978,1770900,0,0,0,5044,1000000,16777216,read,315
measured,probe-memory-buffer,run,1979,1771300,0,0,0,5045,1000000,16777216,read,315
measured,probe-memory-buffer,run,1980,1771700,0,0,0,5047,1000000,16777216,read,315
measured,probe-memory-buffer,run,1981,1772200,0,0,0,5048,1000000,16777216,read,315
measured,probe-memory-buffer,run,1982,1772600,0,0,0,5050,1000000,16777216,read,315
measured,probe-memory-buffer,run,1983,1773000,0,0,0,5052,1000000,16777216,read,315
measured,probe-memory-buffer,run,1984,1773400,0,0,0,5053,1000000,16777216,read,315
measured,probe-memory-buffer,run,1985,1773900,0,0,0,5055,1000000,16777216,read,315
measured,probe-memory-buffer,run,1986,1774300,0,0,0,5057,1000000,16777216,read,316
measured,probe-memory-buffer,run,1987,1774700,0,0,0,5058,1000000,16777216,read,316
measured,probe-memory-buffer,run,1988,1775200,0,0,0,5060,1000000,16777216,read,316
measured,probe-memory-buffer,run,1989,1775600,0,0,0,5062,1000000,16777216,read,316
measured,probe-memory-buffer,run,1990,1776000,0,0,0,5064,1000000,16777216,read,316
measured,probe-memory-buffer,run,1991,1776400,0,0,0,5065,1000000,16777216,read,316
measured,probe-memory-buffer,run,1992,1776900,0,0,0,5067,1000000,16777216,read,316
measured,probe-memory-buffer,run,1993,1777300,0,0,0,5069,1000000,16777216,read,316
measured,probe-memory-buffer,run,1994,1777700,0,0,0,5070,1000000,16777216,read,316
measured,probe-memory-buffer,run,1995,1778100,0,0,0,5072,1000000,16777216,read,317
measured,probe-memory-buffer,run,1996,1778600,0,0,0,5074,1000000,16777216,read,317
measured,probe-memory-buffer,run,1997,1779000,0,0,0,5075,1000000,16777216,read,317
measured,probe-memory-buffer,run,1998,1779400,0,0,0,5077,1000000,16777216,read,317
measured,probe-memory-buffer,run,1999,1779900,0,0,0,5078,1000000,16777216,read,317
measured,probe-memory-buffer,run,2000,1780300,0,0,0,5080,1000000,16777216,read,317
measured,probe-memory-buffer,run,2001,1780700,0,0,0,5082,1000000,16777216,read,317
measured,probe-memory-buffer,run,2002,1781100,0,0,0,5083,1000000,16777216,read,317
measured,probe-memory-buffer,run,2003,1781600,0,0,0,5085,1000000,16777216,read,317
measured,probe-memory-buffer,run,2004,1782000,0,0,0,5087,1000000,16777216,read,317
measured,probe-memory-buffer,run,2005,1782400,0,0,0,5089,1000000,16777216,read,318
measured,probe-memory-buffer,run,2006,1782900,0,0,0,5090,1000000,16777216,read,318
measured,probe-memory-buffer,run,2007,1783300,0,0,0,5092,1000000,16777216,read,318
measured,probe-memory-buffer,run,2008,1783700,0,0,0,5094,1000000,16777216,read,318
measured,probe-memory-buffer,run,2009,1784100,0,0,0,5095,1000000,16777216,read,318
measured,probe-memory-buffer,run,2010,1784600,0,0,0,5097,1000000,16777216,read,318
measured,probe-memory-buffer,run,2011,1785000,0,0,0,5099,1000000,16777216,read,318
measured,probe-memory-buffer,run,2012,1785400,0,0,0,5100,1000000,16777216,read,318
measured,probe-memory-buffer,run,2013,1785800,0,0,0,5102,1000000,16777216,read,318
measured,probe-memory-buffer,run,2014,1786300,0,0,0,5104,1000000,16777216,read,319
measured,probe-memory-buffer,run,2015,1786700,0,0,0,5105,1000000,16777216,read,319
measured,probe-memory-buffer,run,2016,1787100,0,0,0,5107,1000000,16777216,read,319
measured,probe-memory-buffer,run,2017,1788500,0,0,0,5112,1000000,16777216,read,319
measured,probe-memory-buffer,run,2018,1788900,0,0,0,5114,1000000,16777216,read,319
measured,probe-memory-buffer,run,2019,1789300,0,0,0,5116,1000000,16777216,read,319
measured,probe-memory-buffer,run,2020,1789800,0,0,0,5117,1000000,16777216,read,319
measured,probe-memory-buffer,run,2021,1790200,0,0,0,5119,1000000,16777216,read,319
measured,probe-memory-buffer,run,2022,1790600,0,0,0,5121,1000000,16777216,read,320
measured,probe-memory-buffer,run,2023,1791100,0,0,0,5122,1000000,16777216,read,320
measured,probe-memory-buffer,run,2024,1791500,0,0,0,5124,1000000,16777216,read,320
measured,probe-memory-buffer,run,2025,1791900,0,0,0,5126,1000000,16777216,read,320
measured,probe-memory-buffer,run,2026,1792400,0,0,0,5127,1000000,16777216,read,320
measured,probe-memory-buffer,run,2027,1792800,0,0,0,5129,1000000,16777216,read,320
measured,probe-memory-buffer,run,2028,1793200,0,0,0,5131,1000000,16777216,read,320
measured,probe-memory-buffer,run,2029,1793600,0,0,0,5132,1000000,16777216,read,320
measured,probe-memory-buffer,run,2030,1794100,0,0,0,5134,1000000,16777216,read,320
measured,probe-memory-buffer,run,2031,1794500,0,0,0,5136,1000000,16777216,read,321
measured,probe-memory-buffer,run,2032,1794900,0,0,0,5137,1000000,16777216,read,321
measured,probe-memory-buffer,run,2033,1795400,0,0,0,5139,1000000,16777216,read,321
measured,probe-memory-buffer,run,2034,1795800,0,0,0,5141,1000000,16777216,read,321
measured,probe-memory-buffer,run,2035,1796200,0,0,0,5142,1000000,16777216,read,321
measured,probe-memory-buffer,run,2036,1796600,0,0,0,5144,1000000,16777216,read,321
measured,probe-memory-buffer,run,2037,1797100,0,0,0,5146,1000000,16777216,read,321
measured,probe-memory-buffer,run,2038,1797500,0,0,0,5148,1000000,16777216,read,321
measured,probe-memory-buffer,run,2039,1797900,0,0,0,5149,1000000,16777216,read,321
measured,probe-memory-buffer,run,2040,1798400,0,0,0,5151,1000000,16777216,read,321
measured,probe-memory-buffer,run,2041,1798800,0,0,0,5153,1000000,16777216,read,322
measured,probe-memory-buffer,run,2042,1799200,0,0,0,5154,1000000,16777216,read,322
measured,probe-memory-buffer,run,2043,1799600,0,0,0,5156,1000000,16777216,read,322
measured,probe-memory-buffer,run,2044,1800100,0,0,0,5157,1000000,16777216,read,322
measured,probe-memory-buffer,run,2045,1800500,0,0,0,5159,1000000,16777216,read,322
measured,probe-memory-buffer,run,2046,1800900,0,0,0,5161,1000000,16777216,read,322
measured,probe-memory-buffer,run,2047,1801400,0,0,0,5162,1000000,16777216,read,322
measured,probe-memory-buffer,run,2048,1801800,0,0,0,5164,1000000,16777216,read,322
measured,probe-memory-buffer,run,2049,1802200,0,0,0,5166,1000000,16777216,read,322
measured,probe-memory-buffer,run,2050,1802600,0,0,0,5167,1000000,16777216,read,322
measured,probe-memory-buffer,run,2051,1803100,0,0,0,5169,1000000,16777216,read,323
measured,probe-memory-buffer,run,2052,1803500,0,0,0,5171,1000000,16777216,read,323
measured,probe-memory-buffer,run,2053,1803900,0,0,0,5173,1000000,16777216,read,323
measured,probe-memory-buffer,run,2054,1804400,0,0,0,5174,1000000,16777216,read,323
measured,probe-memory-buffer,run,2055,1804800,0,0,0,5176,1000000,16777216,read,323
measured,probe-memory-buffer,run,2056,1805200,0,0,0,5178,1000000,16777216,read,323
measured,probe-memory-buffer,run,2057,1805600,0,0,0,5179,1000000,16777216,read,323
measured,probe-memory-buffer,run,2058,1806100,0,0,0,5181,1000000,16777216,read,323
measured,probe-memory-buffer,run,2059,1806500,0,0,0,5183,1000000,16777216,read,323
measured,probe-memory-buffer,run,2060,1806900,0,0,0,5184,1000000,16777216,read,324
measured,probe-memory-buffer,run,2061,1807400,0,0,0,5186,1000000,16777216,read,324
measured,probe-memory-buffer,run,2062,1807800,0,0,0,5188,1000000,16777216,read,324
measured,probe-memory-buffer,run,2063,1808200,0,0,0,5189,1000000,16777216,read,324
measured,probe-memory-buffer,run,2064,1808700,0,0,0,5191,1000000,16777216,read,324
measured,probe-memory-buffer,run,2065,1809100,0,0,0,5193,1000000,16777216,read,324
measured,probe-memory-buffer,run,2066,1809500,0,0,0,5194,1000000,16777216,read,324
measured,probe-memory-buffer,run,2067,1809900,0,0,0,5196,1000000,16777216,read,324
measured,probe-memory-buffer,run,2068,1810400,0,0,0,5198,1000000,16777216,read,324
measured,probe-memory-buffer,run,2069,1810800,0,0,0,5200,1000000,16777216,read,325
measured,probe-memory-buffer,run,2070,1811200,0,0,0,5201,1000000,16777216,read,325
measured,probe-memory-buffer,run,2071,1811700,0,0,0,5203,1000000,16777216,read,325
measured,probe-memory-buffer,run,2072,1812100,0,0,0,5205,1000000,16777216,read,325
measured,probe-memory-buffer,run,2073,1812500,0,0,0,5206,1000000,16777216,read,325
measured,probe-memory-buffer,run,2074,1813800,0,0,0,5211,1000000,16777216,read,325
measured,probe-memory-buffer,run,2075,1814300,0,0,0,5213,1000000,16777216,read,325
measured,probe-memory-buffer,run,2076,1814700,0,0,0,5215,1000000,16777216,read,325
measured,probe-memory-buffer,run,2077,1815100,0,0,0,5216,1000000,16777216,read,326
measured,probe-memory-buffer,run,2078,1815600,0,0,0,5218,1000000,16777216,read,326
measured,probe-memory-buffer,run,2079,1816000,0,0,0,5220,1000000,16777216,read,326
measured,probe-memory-buffer,run,2080,1816400,0,0,0,5221,1000000,16777216,read,326
measured,probe-memory-buffer,run,2081,1816800,0,0,0,5223,1000000,16777216,read,326
measured,probe-memory-buffer,run,2082,1817300,0,0,0,5225,1000000,16777216,read,326
measured,probe-memory-buffer,run,2083,1817700,0,0,0,5226,1000000,16777216,read,326
measured,probe-memory-buffer,run,2084,1818100,0,0,0,5228,1000000,16777216,read,326
measured,probe-memory-buffer,run,2085,1818500,0,0,0,5230,1000000,16777216,read,326
measured,probe-memory-buffer,run,2086,1819000,0,0,0,5231,1000000,16777216,read,326
measured,probe-memory-buffer,run,2087,1819400,0,0,0,5233,1000000,16777216,read,327
measured,probe-memory-buffer,run,2088,1819800,0,0,0,5235,1000000,16777216,read,327
measured,probe-memory-buffer,run,2089,1820300,0,0,0,5236,1000000,16777216,read,327
measured,probe-memory-buffer,run,2090,1820700,0,0,0,5238,1000000,16777216,read,327
measured,probe-memory-buffer,run,2091,1821100,0,0,0,5240,1000000,16777216,read,327
measured,probe-memory-buffer,run,2092,1821500,0,0,0,5241,1000000,16777216,read,327
measured,probe-memory-buffer,run,2093,1822000,0,0,0,5243,1000000,16777216,read,327
measured,probe-memory-buffer,run,2094,1822400,0,0,0,5245,1000000,16777216,read,327
measured,probe-memory-buffer,run,2095,1822800,0,0,0,5246,1000000,16777216,read,327
measured,probe-memory-buffer,run,2096,1823200,0,0,0,5248,1000000,16777216,read,328
measured,probe-memory-buffer,run,2097,1823700,0,0,0,5250,1000000,16777216,read,328
measured,probe-memory-buffer,run,2098,1824100,0,0,0,5251,1000000,16777216,read,328
measured,probe-memory-buffer,run,2099,1824500,0,0,0,5253,1000000,16777216,read,328
measured,probe-memory-buffer,run,2100,1825000,0,0,0,5255,1000000,16777216,read,328
measured,probe-memory-buffer,run,2101,1825400,0,0,0,5257,1000000,16777216,read,328
measured,probe-memory-buffer,run,2102,1825800,0,0,0,5258,1000000,16777216,read,328
measured,probe-memory-buffer,run,2103,1826200,0,0,0,5260,1000000,16777216,read,328
measured,probe-memory-buffer,run,2104,1826700,0,0,0,5261,1000000,16777216,read,328
measured,probe-memory-buffer,run,2105,1827100,0,0,0,5263,1000000,16777216,read,328
measured,probe-memory-buffer,run,2106,1827500,0,0,0,5265,1000000,16777216,read,329
measured,probe-memory-buffer,run,2107,1828000,0,0,0,5266,1000000,16777216,read,329
measured,probe-memory-buffer,run,2108,1828400,0,0,0,5268,1000000,16777216,read,329
measured,probe-memory-buffer,run,2109,1828800,0,0,0,5270,1000000,16777216,read,329
measured,probe-memory-buffer,run,2110,1829200,0,0,0,5271,1000000,16777216,read,329
measured,probe-memory-buffer,run,2111,1829700,0,0,0,5273,1000000,16777216,read,329
measured,probe-memory-buffer,run,2112,1830100,0,0,0,5275,1000000,16777216,read,329
measured,probe-memory-buffer,run,2113,1830500,0,0,0,5276,1000000,16777216,read,329
measured,probe-memory-buffer,run,2114,1831000,0,0,0,5278,1000000,16777216,read,329
measured,probe-memory-buffer,run,2115,1831400,0,0,0,5280,1000000,16777216,read,330
measured,probe-memory-buffer,run,2116,1831800,0,0,0,5282,1000000,16777216,read,330
measured,probe-memory-buffer,run,2117,1832200,0,0,0,5283,1000000,16777216,read,330
measured,probe-memory-buffer,run,2118,1832700,0,0,0,5285,1000000,16777216,read,330
measured,probe-memory-buffer,run,2119,1833100,0,0,0,5287,1000000,16777216,read,330
measured,probe-memory-buffer,run,2120,1833500,0,0,0,5288,1000000,16777216,read,330
measured,probe-memory-buffer,run,2121,1834000,0,0,0,5290,1000000,16777216,read,330
measured,probe-memory-buffer,run,2122,1834400,0,0,0,5292,1000000,16777216,read,330
measured,probe-memory-buffer,run,2123,1834800,0,0,0,5293,1000000,16777216,read,330
measured,probe-memory-buffer,run,2124,1835200,0,0,0,5295,1000000,16777216,read,330
measured,probe-memory-buffer,run,2125,1835700,0,0,0,5296,1000000,16777216,read,331
measured,probe-memory-buffer,run,2126,1836100,0,0,0,5298,1000000,16777216,read,331
measured,probe-memory-buffer,run,2127,1836500,0,0,0,5300,1000000,16777216,read,331
measured,probe-memory-buffer,run,2128,1837000,0,0,0,5301,1000000,16777216,read,331
measured,probe-memory-buffer,run,2129,1837400,0,0,0,5303,1000000,16777216,read,331
measured,probe-memory-buffer,run,2130,1837800,0,0,0,5305,1000000,16777216,read,331
measured,probe-memory-buffer,run,2131,1839200,0,0,0,5310,1000000,16777216,read,331
measured,probe-memory-buffer,run,2132,1839700,0,0,0,5312,1000000,16777216,read,332
measured,probe-memory-buffer,run,2133,1840100,0,0,0,5314,1000000,16777216,read,332
measured,probe-memory-buffer,run,2134,1840500,0,0,0,5316,1000000,16777216,read,332
measured,probe-memory-buffer,run,2135,1841000,0,0,0,5317,1000000,16777216,read,332
measured,probe-memory-buffer,run,2136,1841400,0,0,0,5319,1000000,16777216,read,332
measured,probe-memory-buffer,run,2137,1841800,0,0,0,5321,1000000,16777216,read,332
measured,probe-memory-buffer,run,2138,1842200,0,0,0,5322,1000000,16777216,read,332
measured,probe-memory-buffer,run,2139,1842700,0,0,0,5324,1000000,16777216,read,332
measured,probe-memory-buffer,run,2140,1843100,0,0,0,5326,1000000,16777216,read,332
measured,probe-memory-buffer,run,2141,1843500,0,0,0,5327,1000000,16777216,read,332
measured,probe-memory-buffer,run,2142,1844000,0,0,0,5329,1000000,16777216,read,333
measured,probe-memory-buffer,run,2143,1844400,0,0,0,5331,1000000,16777216,read,333
measured,probe-memory-buffer,run,2144,1844800,0,0,0,5332,1000000,16777216,read,333
measured,probe-memory-buffer,run,2145,1845300,0,0,0,5334,1000000,16777216,read,333
measured,probe-memory-buffer,run,2146,1845700,0,0,0,5336,1000000,16777216,read,333
measured,probe-memory-buffer,run,2147,1846100,0,0,0,5337,1000000,16777216,read,333
measured,probe-memory-buffer,run,2148,1846500,0,0,0,5339,1000000,16777216,read,333
measured,probe-memory-buffer,run,2149,1847000,0,0,0,5341,1000000,16777216,read,333
measured,probe-memory-buffer,run,2150,1847400,0,0,0,5342,1000000,16777216,read,333
measured,probe-memory-buffer,run,2151,1847800,0,0,0,5344,1000000,16777216,read,334
measured,probe-memory-buffer,run,2152,1848300,0,0,0,5346,1000000,16777216,read,334
measured,probe-memory-buffer,run,2153,1848700,0,0,0,5348,1000000,16777216,read,334
measured,probe-memory-buffer,run,2154,1849100,0,0,0,5349,1000000,16777216,read,334
measured,probe-memory-buffer,run,2155,1849500,0,0,0,5351,1000000,16777216,read,334
measured,probe-memory-buffer,run,2156,1850000,0,0,0,5352,1000000,16777216,read,334
measured,probe-memory-buffer,run,2157,1850400,0,0,0,5354,1000000,16777216,read,334
measured,probe-memory-buffer,run,2158,1850800,0,0,0,5356,1000000,16777216,read,334
measured,probe-memory-buffer,run,2159,1851200,0,0,0,5357,1000000,16777216,read,334
measured,probe-memory-buffer,run,2160,1851700,0,0,0,5359,1000000,16777216,read,334
measured,probe-memory-buffer,run,2161,1852100,0,0,0,5361,1000000,16777216,read,335
measured,probe-memory-buffer,run,2162,1852500,0,0,0,5362,1000000,16777216,read,335
measured,probe-memory-buffer,run,2163,1852900,0,0,0,5364,1000000,16777216,read,335
measured,probe-memory-buffer,run,2164,1853400,0,0,0,5366,1000000,16777216,read,335
measured,probe-memory-buffer,run,2165,1853800,0,0,0,5367,1000000,16777216,read,335
measured,probe-memory-buffer,run,2166,1854200,0,0,0,5369,1000000,16777216,read,335
measured,probe-memory-buffer,run,2167,1854700,0,0,0,5371,1000000,16777216,read,335
measured,probe-memory-buffer,run,2168,1855100,0,0,0,5373,1000000,16777216,read,335
measured,probe-memory-buffer,run,2169,1855500,0,0,0,5374,1000000,16777216,read,335
measured,probe-memory-buffer,run,2170,1855900,0,0,0,5376,1000000,16777216,read,336
measured,probe-memory-buffer,run,2171,1856400,0,0,0,5378,1000000,16777216,read,336
measured,probe-memory-buffer,run,2172,1856800,0,0,0,5379,1000000,16777216,read,336
measured,probe-memory-buffer,run,2173,1857200,0,0,0,5381,1000000,16777216,read,336
measured,probe-memory-buffer,run,2174,1857700,0,0,0,5382,1000000,16777216,read,336
measured,probe-memory-buffer,run,2175,1858100,0,0,0,5384,1000000,16777216,read,336
measured,probe-memory-buffer,run,2176,1858500,0,0,0,5386,1000000,16777216,read,336
measured,probe-memory-buffer,run,2177,1859000,0,0,0,5387,1000000,16777216,read,336
measured,probe-memory-buffer,run,2178,1859400,0,0,0,5389,1000000,16777216,read,336
measured,probe-memory-buffer,run,2179,1859800,0,0,0,5391,1000000,16777216,read,336
measured,probe-memory-buffer,run,2180,1860200,0,0,0,5392,1000000,16777216,read,337
measured,probe-memory-buffer,run,2181,1860700,0,0,0,5394,1000000,16777216,read,337
measured,probe-memory-buffer,run,2182,1861100,0,0,0,5396,1000000,16777216,read,337
measured,probe-memory-buffer,run,2183,1861500,0,0,0,5398,1000000,16777216,read,337
measured,probe-memory-buffer,run,2184,1862000,0,0,0,5399,1000000,16777216,read,337
measured,probe-memory-buffer,run,2185,1862400,0,0,0,5401,1000000,16777216,read,337
measured,probe-memory-buffer,run,2186,1862800,0,0,0,5403,1000000,16777216,read,337
measured,probe-memory-buffer,run,2187,1863200,0,0,0,5404,1000000,16777216,read,337
measured,probe-memory-buffer,run,2188,1864600,0,0,0,5410,1000000,16777216,read,338
measured,probe-memory-buffer,run,2189,1865000,0,0,0,5411,1000000,16777216,read,338
measured,probe-memory-buffer,run,2190,1865500,0,0,0,5413,1000000,16777216,read,338
measured,probe-memory-buffer,run,2191,1865900,0,0,0,5415,1000000,16777216,read,338
measured,probe-memory-buffer,run,2192,1866300,0,0,0,5416,1000000,16777216,read,338
measured,probe-memory-buffer,run,2193,1866800,0,0,0,5418,1000000,16777216,read,338
measured,probe-memory-buffer,run,2194,1867200,0,0,0,5420,1000000,16777216,read,338
measured,probe-memory-buffer,run,2195,1867600,0,0,0,5421,1000000,16777216,read,338
measured,probe-memory-buffer,run,2196,1868000,0,0,0,5423,1000000,16777216,read,338
measured,probe-memory-buffer,run,2197,1868500,0,0,0,5425,1000000,16777216,read,339
measured,probe-memory-buffer,run,2198,1868900,0,0,0,5426,1000000,16777216,read,339
measured,probe-memory-buffer,run,2199,1869300,0,0,0,5428,1000000,16777216,read,339
measured,probe-memory-buffer,run,2200,1869800,0,0,0,5430,1000000,16777216,read,339
measured,probe-memory-buffer,run,2201,1870200,0,0,0,5432,1000000,16777216,read,339
measured,probe-memory-buffer,run,2202,1870600,0,0,0,5433,1000000,16777216,read,339
measured,probe-memory-buffer,run,2203,1871100,0,0,0,5435,1000000,16777216,read,339
measured,probe-memory-buffer,run,2204,1871500,0,0,0,5437,1000000,16777216,read,339
measured,probe-memory-buffer,run,2205,1871900,0,0,0,5438,1000000,16777216,read,339
measured,probe-memory-buffer,run,2206,1872400,0,0,0,5440,1000000,16777216,read,340
measured,probe-memory-buffer,run,2207,1873100,0,0,0,5443,1000000,16777216,read,340
measured,probe-memory-buffer,run,2208,1873600,0,0,0,5444,1000000,16777216,read,340
measured,probe-memory-buffer,run,2209,1874000,0,0,0,5446,1000000,16777216,read,340
measured,probe-memory-buffer,run,2210,1874400,0,0,0,5448,1000000,16777216,read,340
measured,probe-memory-buffer,run,2211,1874800,0,0,0,5450,1000000,16777216,read,340
measured,probe-memory-buffer,run,2212,1875300,0,0,0,5451,1000000,16777216,read,340
measured,probe-memory-buffer,run,2213,1875700,0,0,0,5453,1000000,16777216,read,340
measured,probe-memory-buffer,run,2214,1876100,0,0,0,5455,1000000,16777216,read,340
measured,probe-memory-buffer,run,2215,1876600,0,0,0,5456,1000000,16777216,read,341
measured,probe-memory-buffer,run,2216,1877000,0,0,0,5458,1000000,16777216,read,341
measured,probe-memory-buffer,run,2217,1877400,0,0,0,5460,1000000,16777216,read,341
measured,probe-memory-buffer,run,2218,1877800,0,0,0,5461,1000000,16777216,read,341
measured,probe-memory-buffer,run,2219,1878300,0,0,0,5463,1000000,16777216,read,341
measured,probe-memory-buffer,run,2220,1878700,0,0,0,5465,1000000,16777216,read,341
measured,probe-memory-buffer,run,2221,1879100,0,0,0,5466,1000000,16777216,read,341
measured,probe-memory-buffer,run,2222,1879600,0,0,0,5468,1000000,16777216,read,341
measured,probe-memory-buffer,run,2223,1880000,0,0,0,5470,1000000,16777216,read,341
measured,probe-memory-buffer,run,2224,1880400,0,0,0,5471,1000000,16777216,read,341
measured,probe-memory-buffer,run,2225,1880800,0,0,0,5473,1000000,16777216,read,342
measured,probe-memory-buffer,run,2226,1881300,0,0,0,5475,1000000,16777216,read,342
measured,probe-memory-buffer,run,2227,1881700,0,0,0,5476,1000000,16777216,read,342
measured,probe-memory-buffer,run,2228,1882100,0,0,0,5478,1000000,16777216,read,342
measured,probe-memory-buffer,run,2229,1882500,0,0,0,5480,1000000,16777216,read,342
measured,probe-memory-buffer,run,2230,1883000,0,0,0,5482,1000000,16777216,read,342
measured,probe-memory-buffer,run,2231,1883400,0,0,0,5483,1000000,16777216,read,342
measured,probe-memory-buffer,run,2232,1883800,0,0,0,5485,1000000,16777216,read,342
measured,probe-memory-buffer,run,2233,1884300,0,0,0,5486,1000000,16777216,read,342
measured,probe-memory-buffer,run,2234,1884700,0,0,0,5488,1000000,16777216,read,343
measured,probe-memory-buffer,run,2235,1885100,0,0,0,5490,1000000,16777216,read,343
measured,probe-memory-buffer,run,2236,1885500,0,0,0,5491,1000000,16777216,read,343
measured,probe-memory-buffer,run,2237,1886000,0,0,0,5493,1000000,16777216,read,343
measured,probe-memory-buffer,run,2238,1886400,0,0,0,5495,1000000,16777216,read,343
measured,probe-memory-buffer,run,2239,1886800,0,0,0,5496,1000000,16777216,read,343
measured,probe-memory-buffer,run,2240,1887300,0,0,0,5498,1000000,16777216,read,343
measured,probe-memory-buffer,run,2241,1887700,0,0,0,5500,1000000,16777216,read,343
measured,probe-memory-buffer,run,2242,1888100,0,0,0,5501,1000000,16777216,read,343
measured,probe-memory-buffer,run,2243,1888600,0,0,0,5503,1000000,16777216,read,343
measured,probe-memory-buffer,run,2244,1889000,0,0,0,5505,1000000,16777216,read,344
measured,probe-memory-buffer,run,2245,1890400,0,0,0,5510,1000000,16777216,read,344
measured,probe-memory-buffer,run,2246,1890800,0,0,0,5512,1000000,16777216,read,344
measured,probe-memory-buffer,run,2247,1891200,0,0,0,5514,1000000,16777216,read,344
measured,probe-memory-buffer,run,2248,1891600,0,0,0,5515,1000000,16777216,read,344
measured,probe-memory-buffer,run,2249,1892100,0,0,0,5517,1000000,16777216,read,344
measured,probe-memory-buffer,run,2250,1892500,0,0,0,5519,1000000,16777216,read,344
measured,probe-memory-buffer,run,2251,1892900,0,0,0,5520,1000000,16777216,read,345
measured,probe-memory-buffer,run,2252,1893400,0,0,0,5522,1000000,16777216,read,345
measured,probe-memory-buffer,run,2253,1893800,0,0,0,5524,1000000,16777216,read,345
measured,probe-memory-buffer,run,2254,1894200,0,0,0,5525,1000000,16777216,read,345
measured,probe-memory-buffer,run,2255,1894700,0,0,0,5527,1000000,16777216,read,345
measured,probe-memory-buffer,run,2256,1895100,0,0,0,5529,1000000,16777216,read,345
measured,probe-memory-buffer,run,2257,1895500,0,0,0,5530,1000000,16777216,read,345
measured,probe-memory-buffer,run,2258,1896000,0,0,0,5532,1000000,16777216,read,345
measured,probe-memory-buffer,run,2259,1896400,0,0,0,5534,1000000,16777216,read,345
measured,probe-memory-buffer,run,2260,1896800,0,0,0,5535,1000000,16777216,read,345
measured,probe-memory-buffer,run,2261,1897300,0,0,0,5537,1000000,16777216,read,346
measured,probe-memory-buffer,run,2262,1897700,0,0,0,5539,1000000,16777216,read,346
measured,probe-memory-buffer,run,2263,1898100,0,0,0,5541,1000000,16777216,read,346
measured,probe-memory-buffer,run,2264,1898500,0,0,0,5542,1000000,16777216,read,346
measured,probe-memory-buffer,run,2265,1899000,0,0,0,5544,1000000,16777216,read,346
measured,probe-memory-buffer,run,2266,1899400,0,0,0,5546,1000000,16777216,read,346
measured,probe-memory-buffer,run,2267,1899800,0,0,0,5547,1000000,16777216,read,346
measured,probe-memory-buffer,run,2268,1900300,0,0,0,5549,1000000,16777216,read,346
measured,probe-memory-buffer,run,2269,1900700,0,0,0,5551,1000000,16777216,read,346
measured,probe-memory-buffer,run,2270,1901100,0,0,0,5552,1000000,16777216,read,347
measured,probe-memory-buffer,run,2271,1901600,0,0,0,5554,1000000,16777216,read,347
measured,probe-memory-buffer,run,2272,1902000,0,0,0,5556,1000000,16777216,read,347
measured,probe-memory-buffer,run,2273,1902400,0,0,0,5557,1000000,16777216,read,347
measured,probe-memory-buffer,run,2274,1902800,0,0,0,5559,1000000,16777216,read,347
measured,probe-memory-buffer,run,2275,1903300,0,0,0,5560,1000000,16777216,read,347
measured,probe-memory-buffer,run,2276,1903700,0,0,0,5562,1000000,16777216,read,347
measured,probe-memory-buffer,run,2277,1904100,0,0,0,5564,1000000,16777216,read,347
measured,probe-memory-buffer,run,2278,1904600,0,0,0,5566,1000000,16777216,read,347
measured,probe-memory-buffer,run,2279,1905000,0,0,0,5567,1000000,16777216,read,347
measured,probe-memory-buffer,run,2280,1905400,0,0,0,5569,1000000,16777216,read,348
measured,probe-memory-buffer,run,2281,1905900,0,0,0,5571,1000000,16777216,read,348
measured,probe-memory-buffer,run,2282,1906300,0,0,0,5573,1000000,16777216,read,348
measured,probe-memory-buffer,run,2283,1906700,0,0,0,5574,1000000,16777216,read,348
measured,probe-memory-buffer,run,2284,1907100,0,0,0,5576,1000000,16777216,read,348
measured,probe-memory-buffer,run,2285,1907600,0,0,0,5577,1000000,16777216,read,348
measured,probe-memory-buffer,run,2286,1908000,0,0,0,5579,1000000,16777216,read,348
measured,probe-memory-buffer,run,2287,1908400,0,0,0,5581,1000000,16777216,read,348
measured,probe-memory-buffer,run,2288,1908900,0,0,0,5582,1000000,16777216,read,348
measured,probe-memory-buffer,run,2289,1909300,0,0,0,5584,1000000,16777216,read,349
measured,probe-memory-buffer,run,2290,1909700,0,0,0,5586,1000000,16777216,read,349
measured,probe-memory-buffer,run,2291,1910100,0,0,0,5587,1000000,16777216,read,349
measured,probe-memory-buffer,run,2292,1910600,0,0,0,5589,1000000,16777216,read,349
measured,probe-memory-buffer,run,2293,1911000,0,0,0,5591,1000000,16777216,read,349
measured,probe-memory-buffer,run,2294,1911400,0,0,0,5592,1000000,16777216,read,349
measured,probe-memory-buffer,run,2295,1911800,0,0,0,5594,1000000,16777216,read,349
measured,probe-memory-buffer,run,2296,1912300,0,0,0,5596,1000000,16777216,read,349
measured,probe-memory-buffer,run,2297,1912700,0,0,0,5598,1000000,16777216,read,349
measured,probe-memory-buffer,run,2298,1913100,0,0,0,5599,1000000,16777216,read,349
measured,probe-memory-buffer,run,2299,1913600,0,0,0,5601,1000000,16777216,read,350
measured,probe-memory-buffer,run,2300,1914000,0,0,0,5603,1000000,16777216,read,350
measured,probe-memory-buffer,run,2301,1915300,0,0,0,5607,1000000,16777216,read,350
measured,probe-memory-buffer,run,2302,1915700,0,0,0,5609,1000000,16777216,read,350
measured,probe-memory-buffer,run,2303,1916100,0,0,0,5611,1000000,16777216,read,350
measured,probe-memory-buffer,run,2304,1916500,0,0,0,5612,1000000,16777216,read,350
measured,probe-memory-buffer,run,2305,1917000,0,0,0,5614,1000000,16777216,read,350
measured,probe-memory-buffer,run,2306,1917400,0,0,0,5616,1000000,16777216,read,351
measured,probe-memory-buffer,run,2307,1917800,0,0,0,5617,1000000,16777216,read,351
measured,probe-memory-buffer,run,2308,1918300,0,0,0,5619,1000000,16777216,read,351
measured,probe-memory-buffer,run,2309,1918700,0,0,0,5621,1000000,16777216,read,351
measured,probe-memory-buffer,run,2310,1919100,0,0,0,5623,1000000,16777216,read,351
measured,probe-memory-buffer,run,2311,1919500,0,0,0,5624,1000000,16777216,read,351
measured,probe-memory-buffer,run,2312,1920000,0,0,0,5626,1000000,16777216,read,351
measured,probe-memory-buffer,run,2313,1920400,0,0,0,5628,1000000,16777216,read,351
measured,probe-memory-buffer,run,2314,1920800,0,0,0,5629,1000000,16777216,read,351
measured,probe-memory-buffer,run,2315,1921300,0,0,0,5631,1000000,16777216,read,351
measured,probe-memory-buffer,run,2316,1921700,0,0,0,5633,1000000,16777216,read,352
measured,probe-memory-buffer,run,2317,1922100,0,0,0,5634,1000000,16777216,read,352
measured,probe-memory-buffer,run,2318,1922500,0,0,0,5636,1000000,16777216,read,352
measured,probe-memory-buffer,run,2319,1923000,0,0,0,5637,1000000,16777216,read,352
measured,probe-memory-buffer,run,2320,1923400,0,0,0,5639,1000000,16777216,read,352
measured,probe-memory-buffer,run,2321,1923800,0,0,0,5641,1000000,16777216,read,352
measured,probe-memory-buffer,run,2322,1924300,0,0,0,5642,1000000,16777216,read,352
measured,probe-memory-buffer,run,2323,1924700,0,0,0,5644,1000000,16777216,read,352
measured,probe-memory-buffer,run,2324,1925100,0,0,0,5646,1000000,16777216,read,352
measured,probe-memory-buffer,run,2325,1925600,0,0,0,5648,1000000,16777216,read,353
measured,probe-memory-buffer,run,2326,1926000,0,0,0,5650,1000000,16777216,read,353
measured,probe-memory-buffer,run,2327,1926400,0,0,0,5651,1000000,16777216,read,353
measured,probe-memory-buffer,run,2328,1926800,0,0,0,5653,1000000,16777216,read,353
measured,probe-memory-buffer,run,2329,1927300,0,0,0,5654,1000000,16777216,read,353
measured,probe-memory-buffer,run,2330,1927700,0,0,0,5656,1000000,16777216,read,353
measured,probe-memory-buffer,run,2331,1928100,0,0,0,5658,1000000,16777216,read,353
measured,probe-memory-buffer,run,2332,1928600,0,0,0,5659,1000000,16777216,read,353
measured,probe-memory-buffer,run,2333,1929000,0,0,0,5661,1000000,16777216,read,353
measured,probe-memory-buffer,run,2334,1929400,0,0,0,5663,1000000,16777216,read,353
measured,probe-memory-buffer,run,2335,1929800,0,0,0,5664,1000000,16777216,read,354
measured,probe-memory-buffer,run,2336,1930300,0,0,0,5666,1000000,16777216,read,354
measured,probe-memory-buffer,run,2337,1930700,0,0,0,5668,1000000,16777216,read,354
measured,probe-memory-buffer,run,2338,1931100,0,0,0,5669,1000000,16777216,read,354
measured,probe-memory-buffer,run,2339,1931600,0,0,0,5671,1000000,16777216,read,354
measured,probe-memory-buffer,run,2340,1932000,0,0,0,5673,1000000,16777216,read,354
measured,probe-memory-buffer,run,2341,1932400,0,0,0,5675,1000000,16777216,read,354
measured,probe-memory-buffer,run,2342,1932800,0,0,0,5676,1000000,16777216,read,354
measured,probe-memory-buffer,run,2343,1933300,0,0,0,5678,1000000,16777216,read,354
measured,probe-memory-buffer,run,2344,1933700,0,0,0,5680,1000000,16777216,read,355
measured,probe-memory-buffer,run,2345,1934100,0,0,0,5681,1000000,16777216,read,355
measured,probe-memory-buffer,run,2346,1934600,0,0,0,5683,1000000,16777216,read,355
measured,probe-memory-buffer,run,2347,1935000,0,0,0,5685,1000000,16777216,read,355
measured,probe-memory-buffer,run,2348,1935400,0,0,0,5686,1000000,16777216,read,355
measured,probe-memory-buffer,run,2349,1935800,0,0,0,5688,1000000,16777216,read,355
measured,probe-memory-buffer,run,2350,1936300,0,0,0,5690,1000000,16777216,read,355
measured,probe-memory-buffer,run,2351,1936700,0,0,0,5691,1000000,16777216,read,355
measured,probe-memory-buffer,run,2352,1937100,0,0,0,5693,1000000,16777216,read,355
measured,probe-memory-buffer,run,2353,1937600,0,0,0,5694,1000000,16777216,read,355
measured,probe-memory-buffer,run,2354,1938000,0,0,0,5696,1000000,16777216,read,356
measured,probe-memory-buffer,run,2355,1938400,0,0,0,5698,1000000,16777216,read,356
measured,probe-memory-buffer,run,2356,1938800,0,0,0,5700,1000000,16777216,read,356
measured,probe-memory-buffer,run,2357,1939300,0,0,0,5701,1000000,16777216,read,356
measured,probe-memory-buffer,run,2358,1940600,0,0,0,5707,1000000,16777216,read,356
measured,probe-memory-buffer,run,2359,1941000,0,0,0,5708,1000000,16777216,read,356
measured,probe-memory-buffer,run,2360,1941500,0,0,0,5710,1000000,16777216,read,356
measured,probe-memory-buffer,run,2361,1941900,0,0,0,5712,1000000,16777216,read,357
measured,probe-memory-buffer,run,2362,1942300,0,0,0,5713,1000000,16777216,read,357
measured,probe-memory-buffer,run,2363,1942700,0,0,0,5715,1000000,16777216,read,357
measured,probe-memory-buffer,run,2364,1943200,0,0,0,5716,1000000,16777216,read,357
measured,probe-memory-buffer,run,2365,1943600,0,0,0,5718,1000000,16777216,read,357
measured,probe-memory-buffer,run,2366,1944000,0,0,0,5720,1000000,16777216,read,357
measured,probe-memory-buffer,run,2367,1944500,0,0,0,5721,1000000,16777216,read,357
measured,probe-memory-buffer,run,2368,1944900,0,0,0,5723,1000000,16777216,read,357
measured,probe-memory-buffer,run,2369,1945300,0,0,0,5725,1000000,16777216,read,357
measured,probe-memory-buffer,run,2370,1945700,0,0,0,5726,1000000,16777216,read,357
measured,probe-memory-buffer,run,2371,1946200,0,0,0,5728,1000000,16777216,read,358
measured,probe-memory-buffer,run,2372,1946600,0,0,0,5730,1000000,16777216,read,358
measured,probe-memory-buffer,run,2373,1947000,0,0,0,5732,1000000,16777216,read,358
measured,probe-memory-buffer,run,2374,1947500,0,0,0,5733,1000000,16777216,read,358
measured,probe-memory-buffer,run,2375,1947900,0,0,0,5735,1000000,16777216,read,358
measured,probe-memory-buffer,run,2376,1948300,0,0,0,5737,1000000,16777216,read,358
measured,probe-memory-buffer,run,2377,1948700,0,0,0,5738,1000000,16777216,read,358
measured,probe-memory-buffer,run,2378,1949200,0,0,0,5740,1000000,16777216,read,358
measured,probe-memory-buffer,run,2379,1949600,0,0,0,5742,1000000,16777216,read,358
measured,probe-memory-buffer,run,2380,1950000,0,0,0,5743,1000000,16777216,read,358
measured,probe-memory-buffer,run,2381,1950500,0,0,0,5745,1000000,16777216,read,359
measured,probe-memory-buffer,run,2382,1950900,0,0,0,5747,1000000,16777216,read,359
measured,probe-memory-buffer,run,2383,1951300,0,0,0,5748,1000000,16777216,read,359
measured,probe-memory-buffer,run,2384,1951700,0,0,0,5750,1000000,16777216,read,359
measured,probe-memory-buffer,run,2385,1952200,0,0,0,5751,1000000,16777216,read,359
measured,probe-memory-buffer,run,2386,1952600,0,0,0,5753,1000000,16777216,read,359
measured,probe-memory-buffer,run,2387,1953000,0,0,0,5755,1000000,16777216,read,359
measured,probe-memory-buffer,run,2388,1953500,0,0,0,5757,1000000,16777216,read,359
measured,probe-memory-buffer,run,2389,1953900,0,0,0,5758,1000000,16777216,read,359
measured,probe-memory-buffer,run,2390,1954300,0,0,0,5760,1000000,16777216,read,360
measured,probe-memory-buffer,run,2391,1954700,0,0,0,5762,1000000,16777216,read,360
measured,probe-memory-buffer,run,2392,1955200,0,0,0,5763,1000000,16777216,read,360
measured,probe-memory-buffer,run,2393,1955600,0,0,0,5765,1000000,16777216,read,360
measured,probe-memory-buffer,run,2394,1956000,0,0,0,5767,1000000,16777216,read,360
measured,probe-memory-buffer,run,2395,1956400,0,0,0,5768,1000000,16777216,read,360
measured,probe-memory-buffer,run,2396,1956900,0,0,0,5770,1000000,16777216,read,360
measured,probe-memory-buffer,run,2397,1957300,0,0,0,5772,1000000,16777216,read,360
measured,probe-memory-buffer,run,2398,1957700,0,0,0,5773,1000000,16777216,read,360
measured,probe-memory-buffer,run,2399,1958200,0,0,0,5775,1000000,16777216,read,360
measured,probe-memory-buffer,run,2400,1958600,0,0,0,5777,1000000,16777216,read,361
measured,probe-memory-buffer,run,2401,1959000,0,0,0,5778,1000000,16777216,read,361
measured,probe-memory-buffer,run,2402,1959500,0,0,0,5780,1000000,16777216,read,361
measured,probe-memory-buffer,run,2403,1959900,0,0,0,5782,1000000,16777216,read,361
measured,probe-memory-buffer,run,2404,1960300,0,0,0,5783,1000000,16777216,read,361
measured,probe-memory-buffer,run,2405,1960800,0,0,0,5785,1000000,16777216,read,361
measured,probe-memory-buffer,run,2406,1961200,0,0,0,5787,1000000,16777216,read,361
measured,probe-memory-buffer,run,2407,1961600,0,0,0,5789,1000000,16777216,read,361
measured,probe-memory-buffer,run,2408,1962000,0,0,0,5790,1000000,16777216,read,361
measured,probe-memory-buffer,run,2409,1962500,0,0,0,5792,1000000,16777216,read,362
measured,probe-memory-buffer,run,2410,1962900,0,0,0,5794,1000000,16777216,read,362
measured,probe-memory-buffer,run,2411,1963300,0,0,0,5795,1000000,16777216,read,362
measured,probe-memory-buffer,run,2412,1963800,0,0,0,5797,1000000,16777216,read,362
measured,probe-memory-buffer,run,2413,1964200,0,0,0,5799,1000000,16777216,read,362
measured,probe-memory-buffer,run,2414,1964600,0,0,0,5800,1000000,16777216,read,362
measured,probe-memory-buffer,run,2415,1965900,0,0,0,5805,1000000,16777216,read,362
measured,probe-memory-buffer,run,2416,1966400,0,0,0,5807,1000000,16777216,read,362
measured,probe-memory-buffer,run,2417,1966800,0,0,0,5809,1000000,16777216,read,363
measured,probe-memory-buffer,run,2418,1967200,0,0,0,5810,1000000,16777216,read,363
measured,probe-memory-buffer,run,2419,1967700,0,0,0,5812,1000000,16777216,read,363
measured,probe-memory-buffer,run,2420,1968100,0,0,0,5814,1000000,16777216,read,363
measured,probe-memory-buffer,run,2421,1968500,0,0,0,5816,1000000,16777216,read,363
measured,probe-memory-buffer,run,2422,1968900,0,0,0,5817,1000000,16777216,read,363
measured,probe-memory-buffer,run,2423,1969400,0,0,0,5819,1000000,16777216,read,363
measured,probe-memory-buffer,run,2424,1969800,0,0,0,5821,1000000,16777216,read,363
measured,probe-memory-buffer,run,2425,1970200,0,0,0,5822,1000000,16777216,read,363
measured,probe-memory-buffer,run,2426,1970700,0,0,0,5824,1000000,16777216,read,364
measured,probe-memory-buffer,run,2427,1971100,0,0,0,5826,1000000,16777216,read,364
measured,probe-memory-buffer,run,2428,1971500,0,0,0,5827,1000000,16777216,read,364
measured,probe-memory-buffer,run,2429,1972000,0,0,0,5829,1000000,16777216,read,364
measured,probe-memory-buffer,run,2430,1972400,0,0,0,5831,1000000,16777216,read,364
measured,probe-memory-buffer,run,2431,1972800,0,0,0,5832,1000000,16777216,read,364
measured,probe-memory-buffer,run,2432,1973300,0,0,0,5834,1000000,16777216,read,364
measured,probe-memory-buffer,run,2433,1973700,0,0,0,5836,1000000,16777216,read,364
measured,probe-memory-buffer,run,2434,1974100,0,0,0,5837,1000000,16777216,read,364
measured,probe-memory-buffer,run,2435,1974500,0,0,0,5839,1000000,16777216,read,364
measured,probe-memory-buffer,run,2436,1975000,0,0,0,5841,1000000,16777216,read,365
measured,probe-memory-buffer,run,2437,1975400,0,0,0,5842,1000000,16777216,read,365
measured,probe-memory-buffer,run,2438,1975800,0,0,0,5844,1000000,16777216,read,365
measured,probe-memory-buffer,run,2439,1976300,0,0,0,5846,1000000,16777216,read,365
measured,probe-memory-buffer,run,2440,1976700,0,0,0,5848,1000000,16777216,read,365
measured,probe-memory-buffer,run,2441,1977100,0,0,0,5849,1000000,16777216,read,365
measured,probe-memory-buffer,run,2442,1977500,0,0,0,5851,1000000,16777216,read,365
measured,probe-memory-buffer,run,2443,1978000,0,0,0,5852,1000000,16777216,read,365
measured,probe-memory-buffer,run,2444,1978400,0,0,0,5854,1000000,16777216,read,365
measured,probe-memory-buffer,run,2445,1978800,0,0,0,5856,1000000,16777216,read,366
measured,probe-memory-buffer,run,2446,1979200,0,0,0,5857,1000000,16777216,read,366
measured,probe-memory-buffer,run,2447,1979700,0,0,0,5859,1000000,16777216,read,366
measured,probe-memory-buffer,run,2448,1980100,0,0,0,5861,1000000,16777216,read,366
measured,probe-memory-buffer,run,2449,1980500,0,0,0,5862,1000000,16777216,read,366
measured,probe-memory-buffer,run,2450,1981000,0,0,0,5864,1000000,16777216,read,366
measured,probe-memory-buffer,run,2451,1981400,0,0,0,5866,1000000,16777216,read,366
measured,probe-memory-buffer,run,2452,1981800,0,0,0,5867,1000000,16777216,read,366
measured,probe-memory-buffer,run,2453,1982200,0,0,0,5869,1000000,16777216,read,366
measured,probe-memory-buffer,run,2454,1982700,0,0,0,5871,1000000,16777216,read,366
measured,probe-memory-buffer,run,2455,1983100,0,0,0,5873,1000000,16777216,read,367
measured,probe-memory-buffer,run,2456,1983500,0,0,0,5874,1000000,16777216,read,367
measured,probe-memory-buffer,run,2457,1984000,0,0,0,5876,1000000,16777216,read,367
measured,probe-memory-buffer,run,2458,1984400,0,0,0,5878,1000000,16777216,read,367
measured,probe-memory-buffer,run,2459,1984800,0,0,0,5879,1000000,16777216,read,367
measured,probe-memory-buffer,run,2460,1985300,0,0,0,5881,1000000,16777216,read,367
measured,probe-memory-buffer,run,2461,1985700,0,0,0,5883,1000000,16777216,read,367
measured,probe-memory-buffer,run,2462,1986100,0,0,0,5884,1000000,16777216,read,367
measured,probe-memory-buffer,run,2463,1986500,0,0,0,5886,1000000,16777216,read,367
measured,probe-memory-buffer,run,2464,1987000,0,0,0,5887,1000000,16777216,read,367
measured,probe-memory-buffer,run,2465,1987400,0,0,0,5889,1000000,16777216,read,368
measured,probe-memory-buffer,run,2466,1987800,0,0,0,5891,1000000,16777216,read,368
measured,probe-memory-buffer,run,2467,1988300,0,0,0,5892,1000000,16777216,read,368
measured,probe-memory-buffer,run,2468,1988700,0,0,0,5894,1000000,16777216,read,368
measured,probe-memory-buffer,run,2469,1989100,0,0,0,5896,1000000,16777216,read,368
measured,probe-memory-buffer,run,2470,1989500,0,0,0,5898,1000000,16777216,read,368
measured,probe-memory-buffer,run,2471,1990000,0,0,0,5899,1000000,16777216,read,368
measured,probe-memory-buffer,run,2472,1991300,0,0,0,5905,1000000,16777216,read,369
measured,probe-memory-buffer,run,2473,1991700,0,0,0,5906,1000000,16777216,read,369
measured,probe-memory-buffer,run,2474,1992100,0,0,0,5908,1000000,16777216,read,369
measured,probe-memory-buffer,run,2475,1992600,0,0,0,5909,1000000,16777216,read,369
measured,probe-memory-buffer,run,2476,1993000,0,0,0,5911,1000000,16777216,read,369
measured,probe-memory-buffer,run,2477,1993400,0,0,0,5913,1000000,16777216,read,369
measured,probe-memory-buffer,run,2478,1993900,0,0,0,5914,1000000,16777216,read,369
measured,probe-memory-buffer,run,2479,1994300,0,0,0,5916,1000000,16777216,read,369
measured,probe-memory-buffer,run,2480,1994700,0,0,0,5918,1000000,16777216,read,369
measured,probe-memory-buffer,run,2481,1995200,0,0,0,5919,1000000,16777216,read,369
measured,probe-memory-buffer,run,2482,1995600,0,0,0,5921,1000000,16777216,read,370
measured,probe-memory-buffer,run,2483,1996000,0,0,0,5923,1000000,16777216,read,370
measured,probe-memory-buffer,run,2484,1996400,0,0,0,5925,1000000,16777216,read,370
measured,probe-memory-buffer,run,2485,1996900,0,0,0,5926,1000000,16777216,read,370
measured,probe-memory-buffer,run,2486,1997300,0,0,0,5928,1000000,16777216,read,370
measured,probe-memory-buffer,run,2487,1997700,0,0,0,5930,1000000,16777216,read,370
measured,probe-memory-buffer,run,2488,1998200,0,0,0,5931,1000000,16777216,read,370
measured,probe-memory-buffer,run,2489,1998600,0,0,0,5933,1000000,16777216,read,370
measured,probe-memory-buffer,run,2490,1999000,0,0,0,5935,1000000,16777216,read,370
measured,probe-memory-buffer,run,2491,1999500,0,0,0,5936,1000000,16777216,read,371
measured,probe-memory-buffer,run,2492,1999900,0,0,0,5938,1000000,16777216,read,371
measured,probe-memory-buffer,run,2493,2000300,0,0,0,5940,1000000,16777216,read,371
measured,probe-memory-buffer,run,2494,2000700,0,0,0,5941,1000000,16777216,read,371
measured,probe-memory-buffer,run,2495,2001200,0,0,0,5943,1000000,16777216,read,371
measured,probe-memory-buffer,run,2496,2001600,0,0,0,5945,1000000,16777216,read,371
measured,probe-memory-buffer,run,2497,2002000,0,0,0,5946,1000000,16777216,read,371
measured,probe-memory-buffer,run,2498,2002400,0,0,0,5948,1000000,16777216,read,371
measured,probe-memory-buffer,run,2499,2002900,0,0,0,5950,1000000,16777216,read,371
measured,probe-memory-buffer,run,2500,2003300,0,0,0,5951,1000000,16777216,read,371
measured,probe-memory-buffer,run,2501,2003700,0,0,0,5953,1000000,16777216,read,372
measured,probe-memory-buffer,run,2502,2004200,0,0,0,5955,1000000,16777216,read,372
measured,probe-memory-buffer,run,2503,2004600,0,0,0,5957,1000000,16777216,read,372
measured,probe-memory-buffer,run,2504,2005000,0,0,0,5958,1000000,16777216,read,372
measured,probe-memory-buffer,run,2505,2005400,0,0,0,5960,1000000,16777216,read,372
measured,probe-memory-buffer,run,2506,2005900,0,0,0,5962,1000000,16777216,read,372
measured,probe-memory-buffer,run,2507,2006300,0,0,0,5963,1000000,16777216,read,372
measured,probe-memory-buffer,run,2508,2006700,0,0,0,5965,1000000,16777216,read,372
measured,probe-memory-buffer,run,2509,2007200,0,0,0,5966,1000000,16777216,read,372
measured,probe-memory-buffer,run,2510,2007600,0,0,0,5968,1000000,16777216,read,373
measured,probe-memory-buffer,run,2511,2008000,0,0,0,5970,1000000,16777216,read,373
measured,probe-memory-buffer,run,2512,2008500,0,0,0,5971,1000000,16777216,read,373
measured,probe-memory-buffer,run,2513,2008900,0,0,0,5973,1000000,16777216,read,373
measured,probe-memory-buffer,run,2514,2009300,0,0,0,5975,1000000,16777216,read,373
measured,probe-memory-buffer,run,2515,2009700,0,0,0,5976,1000000,16777216,read,373
measured,probe-memory-buffer,run,2516,2010200,0,0,0,5978,1000000,16777216,read,373
measured,probe-memory-buffer,run,2517,2010600,0,0,0,5980,1000000,16777216,read,373
measured,probe-memory-buffer,run,2518,2011000,0,0,0,5982,1000000,16777216,read,373
measured,probe-memory-buffer,run,2519,2011400,0,0,0,5983,1000000,16777216,read,373
measured,probe-memory-buffer,run,2520,2011900,0,0,0,5985,1000000,16777216,read,374
measured,probe-memory-buffer,run,2521,2012300,0,0,0,5987,1000000,16777216,read,374
measured,probe-memory-buffer,run,2522,2013000,0,0,0,5989,1000000,16777216,read,374
measured,probe-memory-buffer,run,2523,2013500,0,0,0,5991,1000000,16777216,read,374
measured,probe-memory-buffer,run,2524,2013900,0,0,0,5993,1000000,16777216,read,374
measured,probe-memory-buffer,run,2525,2014300,0,0,0,5994,1000000,16777216,read,374
measured,probe-memory-buffer,run,2526,2014800,0,0,0,5996,1000000,16777216,read,374
measured,probe-memory-buffer,run,2527,2015200,0,0,0,5998,1000000,16777216,read,374
measured,probe-memory-buffer,run,2528,2015600,0,0,0,6000,1000000,16777216,read,375
measured,probe-memory-buffer,run,2529,2016800,0,0,0,6004,1000000,16777216,read,375
measured,probe-memory-buffer,run,2530,2017300,0,0,0,6006,1000000,16777216,read,375
measured,probe-memory-buffer,run,2531,2017700,0,0,0,6008,1000000,16777216,read,375
measured,probe-memory-buffer,run,2532,2018100,0,0,0,6009,1000000,16777216,read,375
measured,probe-memory-buffer,run,2533,2018600,0,0,0,6011,1000000,16777216,read,375
measured,probe-memory-buffer,run,2534,2019000,0,0,0,6013,1000000,16777216,read,375
measured,probe-memory-buffer,run,2535,2019400,0,0,0,6014,1000000,16777216,read,375
measured,probe-memory-buffer,run,2536,2019900,0,0,0,6016,1000000,16777216,read,376
measured,probe-memory-buffer,run,2537,2020300,0,0,0,6018,1000000,16777216,read,376
measured,probe-memory-buffer,run,2538,2020700,0,0,0,6019,1000000,16777216,read,376
measured,probe-memory-buffer,run,2539,2021200,0,0,0,6021,1000000,16777216,read,376
measured,probe-memory-buffer,run,2540,2021600,0,0,0,6023,1000000,16777216,read,376
measured,probe-memory-buffer,run,2541,2022000,0,0,0,6025,1000000,16777216,read,376
measured,probe-memory-buffer,run,2542,2022500,0,0,0,6026,1000000,16777216,read,376
measured,probe-memory-buffer,run,2543,2022900,0,0,0,6028,1000000,16777216,read,376
measured,probe-memory-buffer,run,2544,2023300,0,0,0,6030,1000000,16777216,read,376
measured,probe-memory-buffer,run,2545,2023700,0,0,0,6031,1000000,16777216,read,376
measured,probe-memory-buffer,run,2546,2024200,0,0,0,6033,1000000,16777216,read,377
measured,probe-memory-buffer,run,2547,2024600,0,0,0,6035,1000000,16777216,read,377
measured,probe-memory-buffer,run,2548,2025000,0,0,0,6036,1000000,16777216,read,377
measured,probe-memory-buffer,run,2549,2025500,0,0,0,6038,1000000,16777216,read,377
measured,probe-memory-buffer,run,2550,2025900,0,0,0,6040,1000000,16777216,read,377
measured,probe-memory-buffer,run,2551,2026300,0,0,0,6041,1000000,16777216,read,377
measured,probe-memory-buffer,run,2552,2026800,0,0,0,6043,1000000,16777216,read,377
measured,probe-memory-buffer,run,2553,2027200,0,0,0,6045,1000000,16777216,read,377
measured,probe-memory-buffer,run,2554,2027600,0,0,0,6046,1000000,16777216,read,377
measured,probe-memory-buffer,run,2555,2028100,0,0,0,6048,1000000,16777216,read,378
measured,probe-memory-buffer,run,2556,2028500,0,0,0,6050,1000000,16777216,read,378
measured,probe-memory-buffer,run,2557,2028900,0,0,0,6051,1000000,16777216,read,378
measured,probe-memory-buffer,run,2558,2029300,0,0,0,6053,1000000,16777216,read,378
measured,probe-memory-buffer,run,2559,2029800,0,0,0,6055,1000000,16777216,read,378
measured,probe-memory-buffer,run,2560,2030200,0,0,0,6057,1000000,16777216,read,378
measured,probe-memory-buffer,run,2561,2030600,0,0,0,6058,1000000,16777216,read,378
measured,probe-memory-buffer,run,2562,2031100,0,0,0,6060,1000000,16777216,read,378
measured,probe-memory-buffer,run,2563,2031500,0,0,0,6062,1000000,16777216,read,378
measured,probe-memory-buffer,run,2564,2031900,0,0,0,6063,1000000,16777216,read,378
measured,probe-memory-buffer,run,2565,2032400,0,0,0,6065,1000000,16777216,read,379
measured,probe-memory-buffer,run,2566,2032800,0,0,0,6067,1000000,16777216,read,379
measured,probe-memory-buffer,run,2567,2033200,0,0,0,6068,1000000,16777216,read,379
measured,probe-memory-buffer,run,2568,2033700,0,0,0,6070,1000000,16777216,read,379
measured,probe-memory-buffer,run,2569,2034100,0,0,0,6072,1000000,16777216,read,379
measured,probe-memory-buffer,run,2570,2034500,0,0,0,6073,1000000,16777216,read,379
measured,probe-memory-buffer,run,2571,2034900,0,0,0,6075,1000000,16777216,read,379
measured,probe-memory-buffer,run,2572,2035400,0,0,0,6077,1000000,16777216,read,379
measured,probe-memory-buffer,run,2573,2035800,0,0,0,6078,1000000,16777216,read,379
measured,probe-memory-buffer,run,2574,2036200,0,0,0,6080,1000000,16777216,read,380
measured,probe-memory-buffer,run,2575,2036700,0,0,0,6082,1000000,16777216,read,380
measured,probe-memory-buffer,run,2576,2037100,0,0,0,6083,1000000,16777216,read,380
measured,probe-memory-buffer,run,2577,2037500,0,0,0,6085,1000000,16777216,read,380
measured,probe-memory-buffer,run,2578,2038000,0,0,0,6087,1000000,16777216,read,380
measured,probe-memory-buffer,run,2579,2038400,0,0,0,6089,1000000,16777216,read,380
measured,probe-memory-buffer,run,2580,2038800,0,0,0,6090,1000000,16777216,read,380
measured,probe-memory-buffer,run,2581,2039200,0,0,0,6092,1000000,16777216,read,380
measured,probe-memory-buffer,run,2582,2039700,0,0,0,6093,1000000,16777216,read,380
measured,probe-memory-buffer,run,2583,2040100,0,0,0,6095,1000000,16777216,read,380
measured,probe-memory-buffer,run,2584,2040500,0,0,0,6097,1000000,16777216,read,381
measured,probe-memory-buffer,run,2585,2041000,0,0,0,6098,1000000,16777216,read,381
measured,probe-memory-buffer,run,2586,2042400,0,0,0,6104,1000000,16777216,read,381
measured,probe-memory-buffer,run,2587,2042800,0,0,0,6106,1000000,16777216,read,381
measured,probe-memory-buffer,run,2588,2043200,0,0,0,6107,1000000,16777216,read,381
measured,probe-memory-buffer,run,2589,2043600,0,0,0,6109,1000000,16777216,read,381
measured,probe-memory-buffer,run,2590,2044100,0,0,0,6110,1000000,16777216,read,381
measured,probe-memory-buffer,run,2591,2044500,0,0,0,6112,1000000,16777216,read,382
measured,probe-memory-buffer,run,2592,2044900,0,0,0,6114,1000000,16777216,read,382
measured,probe-memory-buffer,run,2593,2045400,0,0,0,6116,1000000,16777216,read,382
measured,probe-memory-buffer,run,2594,2045800,0,0,0,6117,1000000,16777216,read,382
measured,probe-memory-buffer,run,2595,2046200,0,0,0,6119,1000000,16777216,read,382
measured,probe-memory-buffer,run,2596,2046600,0,0,0,6121,1000000,16777216,read,382
measured,probe-memory-buffer,run,2597,2047100,0,0,0,6122,1000000,16777216,read,382
measured,probe-memory-buffer,run,2598,2047500,0,0,0,6124,1000000,16777216,read,382
measured,probe-memory-buffer,run,2599,2047900,0,0,0,6126,1000000,16777216,read,382
measured,probe-memory-buffer,run,2600,2048400,0,0,0,6127,1000000,16777216,read,382
measured,probe-memory-buffer,run,2601,2048800,0,0,0,6129,1000000,16777216,read,383
measured,probe-memory-buffer,run,2602,2049200,0,0,0,6131,1000000,16777216,read,383
measured,probe-memory-buffer,run,2603,2049700,0,0,0,6132,1000000,16777216,read,383
measured,probe-memory-buffer,run,2604,2050100,0,0,0,6134,1000000,16777216,read,383
measured,probe-memory-buffer,run,2605,2050500,0,0,0,6136,1000000,16777216,read,383
measured,probe-memory-buffer,run,2606,2050900,0,0,0,6137,1000000,16777216,read,383
measured,probe-memory-buffer,run,2607,2051400,0,0,0,6139,1000000,16777216,read,383
measured,probe-memory-buffer,run,2608,2051800,0,0,0,6141,1000000,16777216,read,383
measured,probe-memory-buffer,run,2609,2052200,0,0,0,6142,1000000,16777216,read,383
measured,probe-memory-buffer,run,2610,2052700,0,0,0,6144,1000000,16777216,read,384
measured,probe-memory-buffer,run,2611,2053100,0,0,0,6146,1000000,16777216,read,384
measured,probe-memory-buffer,run,2612,2053500,0,0,0,6148,1000000,16777216,read,384
measured,probe-memory-buffer,run,2613,2054000,0,0,0,6149,1000000,16777216,read,384
measured,probe-memory-buffer,run,2614,2054400,0,0,0,6151,1000000,16777216,read,384
measured,probe-memory-buffer,run,2615,2054800,0,0,0,6153,1000000,16777216,read,384
measured,probe-memory-buffer,run,2616,2055300,0,0,0,6154,1000000,16777216,read,384
measured,probe-memory-buffer,run,2617,2055700,0,0,0,6156,1000000,16777216,read,384
measured,probe-memory-buffer,run,2618,2056100,0,0,0,6158,1000000,16777216,read,384
measured,probe-memory-buffer,run,2619,2056500,0,0,0,6159,1000000,16777216,read,384
measured,probe-memory-buffer,run,2620,2057000,0,0,0,6161,1000000,16777216,read,385
measured,probe-memory-buffer,run,2621,2057400,0,0,0,6163,1000000,16777216,read,385
measured,probe-memory-buffer,run,2622,2057800,0,0,0,6164,1000000,16777216,read,385
measured,probe-memory-buffer,run,2623,2058300,0,0,0,6166,1000000,16777216,read,385
measured,probe-memory-buffer,run,2624,2058700,0,0,0,6168,1000000,16777216,read,385
measured,probe-memory-buffer,run,2625,2059100,0,0,0,6169,1000000,16777216,read,385
measured,probe-memory-buffer,run,2626,2059600,0,0,0,6171,1000000,16777216,read,385
measured,probe-memory-buffer,run,2627,2060000,0,0,0,6173,1000000,16777216,read,385
measured,probe-memory-buffer,run,2628,2060400,0,0,0,6175,1000000,16777216,read,385
measured,probe-memory-buffer,run,2629,2060800,0,0,0,6176,1000000,16777216,read,386
measured,probe-memory-buffer,run,2630,2061300,0,0,0,6178,1000000,16777216,read,386
measured,probe-memory-buffer,run,2631,2061700,0,0,0,6180,1000000,16777216,read,386
measured,probe-memory-buffer,run,2632,2062100,0,0,0,6181,1000000,16777216,read,386
measured,probe-memory-buffer,run,2633,2062600,0,0,0,6183,1000000,16777216,read,386
measured,probe-memory-buffer,run,2634,2063000,0,0,0,6185,1000000,16777216,read,386
measured,probe-memory-buffer,run,2635,2063400,0,0,0,6186,1000000,16777216,read,386
measured,probe-memory-buffer,run,2636,2063900,0,0,0,6188,1000000,16777216,read,386
measured,probe-memory-buffer,run,2637,2064300,0,0,0,6190,1000000,16777216,read,386
measured,probe-memory-buffer,run,2638,2064700,0,0,0,6191,1000000,16777216,read,386
measured,probe-memory-buffer,run,2639,2065100,0,0,0,6193,1000000,16777216,read,387
measured,probe-memory-buffer,run,2640,2065600,0,0,0,6194,1000000,16777216,read,387
measured,probe-memory-buffer,run,2641,2066000,0,0,0,6196,1000000,16777216,read,387
measured,probe-memory-buffer,run,2642,2066400,0,0,0,6198,1000000,16777216,read,387
measured,probe-memory-buffer,run,2643,2067700,0,0,0,6203,1000000,16777216,read,387
measured,probe-memory-buffer,run,2644,2068100,0,0,0,6205,1000000,16777216,read,387
measured,probe-memory-buffer,run,2645,2068600,0,0,0,6206,1000000,16777216,read,387
measured,probe-memory-buffer,run,2646,2069000,0,0,0,6208,1000000,16777216,read,388
measured,probe-memory-buffer,run,2647,2069400,0,0,0,6210,1000000,16777216,read,388
measured,probe-memory-buffer,run,2648,2069800,0,0,0,6211,1000000,16777216,read,388
measured,probe-memory-buffer,run,2649,2070300,0,0,0,6213,1000000,16777216,read,388
measured,probe-memory-buffer,run,2650,2070700,0,0,0,6215,1000000,16777216,read,388
measured,probe-memory-buffer,run,2651,2071100,0,0,0,6216,1000000,16777216,read,388
measured,probe-memory-buffer,run,2652,2071600,0,0,0,6218,1000000,16777216,read,388
measured,probe-memory-buffer,run,2653,2072000,0,0,0,6220,1000000,16777216,read,388
measured,probe-memory-buffer,run,2654,2072400,0,0,0,6221,1000000,16777216,read,388
measured,probe-memory-buffer,run,2655,2072900,0,0,0,6223,1000000,16777216,read,388
measured,probe-memory-buffer,run,2656,2073300,0,0,0,6225,1000000,16777216,read,389
measured,probe-memory-buffer,run,2657,2073700,0,0,0,6226,1000000,16777216,read,389
measured,probe-memory-buffer,run,2658,2074100,0,0,0,6228,1000000,16777216,read,389
measured,probe-memory-buffer,run,2659,2074600,0,0,0,6230,1000000,16777216,read,389
measured,probe-memory-buffer,run,2660,2075000,0,0,0,6232,1000000,16777216,read,389
measured,probe-memory-buffer,run,2661,2075400,0,0,0,6233,1000000,16777216,read,389
measured,probe-memory-buffer,run,2662,2075800,0,0,0,6235,1000000,16777216,read,389
measured,probe-memory-buffer,run,2663,2076300,0,0,0,6236,1000000,16777216,read,389
measured,probe-memory-buffer,run,2664,2076700,0,0,0,6238,1000000,16777216,read,389
measured,probe-memory-buffer,run,2665,2077100,0,0,0,6240,1000000,16777216,read,390
measured,probe-memory-buffer,run,2666,2077500,0,0,0,6241,1000000,16777216,read,390
measured,probe-memory-buffer,run,2667,2078000,0,0,0,6243,1000000,16777216,read,390
measured,probe-memory-buffer,run,2668,2078400,0,0,0,6245,1000000,16777216,read,390
measured,probe-memory-buffer,run,2669,2078800,0,0,0,6246,1000000,16777216,read,390
measured,probe-memory-buffer,run,2670,2079200,0,0,0,6248,1000000,16777216,read,390
measured,probe-memory-buffer,run,2671,2079700,0,0,0,6250,1000000,16777216,read,390
measured,probe-memory-buffer,run,2672,2080100,0,0,0,6251,1000000,16777216,read,390
measured,probe-memory-buffer,run,2673,2080500,0,0,0,6253,1000000,16777216,read,390
measured,probe-memory-buffer,run,2674,2081000,0,0,0,6255,1000000,16777216,read,390
measured,probe-memory-buffer,run,2675,2081400,0,0,0,6257,1000000,16777216,read,391
measured,probe-memory-buffer,run,2676,2081800,0,0,0,6258,1000000,16777216,read,391
measured,probe-memory-buffer,run,2677,2082200,0,0,0,6260,1000000,16777216,read,391
measured,probe-memory-buffer,run,2678,2082700,0,0,0,6262,1000000,16777216,read,391
measured,probe-memory-buffer,run,2679,2083100,0,0,0,6263,1000000,16777216,read,391
measured,probe-memory-buffer,run,2680,2083500,0,0,0,6265,1000000,16777216,read,391
measured,probe-memory-buffer,run,2681,2084000,0,0,0,6266,1000000,16777216,read,391
measured,probe-memory-buffer,run,2682,2084400,0,0,0,6268,1000000,16777216,read,391
measured,probe-memory-buffer,run,2683,2084800,0,0,0,6270,1000000,16777216,read,391
measured,probe-memory-buffer,run,2684,2085200,0,0,0,6271,1000000,16777216,read,391
measured,probe-memory-buffer,run,2685,2085700,0,0,0,6273,1000000,16777216,read,392
measured,probe-memory-buffer,run,2686,2086100,0,0,0,6275,1000000,16777216,read,392
measured,probe-memory-buffer,run,2687,2086500,0,0,0,6276,1000000,16777216,read,392
measured,probe-memory-buffer,run,2688,2087000,0,0,0,6278,1000000,16777216,read,392
measured,probe-memory-buffer,run,2689,2087400,0,0,0,6280,1000000,16777216,read,392
measured,probe-memory-buffer,run,2690,2087800,0,0,0,6282,1000000,16777216,read,392
measured,probe-memory-buffer,run,2691,2088200,0,0,0,6283,1000000,16777216,read,392
measured,probe-memory-buffer,run,2692,2088700,0,0,0,6285,1000000,16777216,read,392
measured,probe-memory-buffer,run,2693,2089100,0,0,0,6287,1000000,16777216,read,392
measured,probe-memory-buffer,run,2694,2089500,0,0,0,6288,1000000,16777216,read,393
measured,probe-memory-buffer,run,2695,2090000,0,0,0,6290,1000000,16777216,read,393
measured,probe-memory-buffer,run,2696,2090400,0,0,0,6292,1000000,16777216,read,393
measured,probe-memory-buffer,run,2697,2090800,0,0,0,6293,1000000,16777216,read,393
measured,probe-memory-buffer,run,2698,2091200,0,0,0,6295,1000000,16777216,read,393
measured,probe-memory-buffer,run,2699,2091700,0,0,0,6297,1000000,16777216,read,393
measured,probe-memory-buffer,run,2700,2093000,0,0,0,6302,1000000,16777216,read,393
measured,probe-memory-buffer,run,2701,2093500,0,0,0,6304,1000000,16777216,read,394
measured,probe-memory-buffer,run,2702,2093900,0,0,0,6305,1000000,16777216,read,394
measured,probe-memory-buffer,run,2703,2094300,0,0,0,6307,1000000,16777216,read,394
measured,probe-memory-buffer,run,2704,2094800,0,0,0,6308,1000000,16777216,read,394
measured,probe-memory-buffer,run,2705,2095200,0,0,0,6310,1000000,16777216,read,394
measured,probe-memory-buffer,run,2706,2095600,0,0,0,6312,1000000,16777216,read,394
measured,probe-memory-buffer,run,2707,2096000,0,0,0,6314,1000000,16777216,read,394
measured,probe-memory-buffer,run,2708,2096500,0,0,0,6316,1000000,16777216,read,394
measured,probe-memory-buffer,run,2709,2096900,0,0,0,6317,1000000,16777216,read,394
measured,probe-memory-buffer,run,2710,2097300,0,0,0,6319,1000000,16777216,read,394
measured,probe-memory-buffer,run,2711,2097800,0,0,0,6320,1000000,16777216,read,395
measured,probe-memory-buffer,run,2712,2098200,0,0,0,6322,1000000,16777216,read,395
measured,probe-memory-buffer,run,2713,2098600,0,0,0,6324,1000000,16777216,read,395
measured,probe-memory-buffer,run,2714,2099100,0,0,0,6325,1000000,16777216,read,395
measured,probe-memory-buffer,run,2715,2099500,0,0,0,6327,1000000,16777216,read,395
measured,probe-memory-buffer,run,2716,2099900,0,0,0,6329,1000000,16777216,read,395
measured,probe-memory-buffer,run,2717,2100300,0,0,0,6330,1000000,16777216,read,395
measured,probe-memory-buffer,run,2718,2100800,0,0,0,6332,1000000,16777216,read,395
measured,probe-memory-buffer,run,2719,2101200,0,0,0,6334,1000000,16777216,read,395
measured,probe-memory-buffer,run,2720,2101600,0,0,0,6335,1000000,16777216,read,395
measured,probe-memory-buffer,run,2721,2102100,0,0,0,6337,1000000,16777216,read,396
measured,probe-memory-buffer,run,2722,2102500,0,0,0,6339,1000000,16777216,read,396
measured,probe-memory-buffer,run,2723,2102900,0,0,0,6341,1000000,16777216,read,396
measured,probe-memory-buffer,run,2724,2103300,0,0,0,6342,1000000,16777216,read,396
measured,probe-memory-buffer,run,2725,2103800,0,0,0,6344,1000000,16777216,read,396
measured,probe-memory-buffer,run,2726,2104200,0,0,0,6346,1000000,16777216,read,396
measured,probe-memory-buffer,run,2727,2104600,0,0,0,6347,1000000,16777216,read,396
measured,probe-memory-buffer,run,2728,2105100,0,0,0,6349,1000000,16777216,read,396
measured,probe-memory-buffer,run,2729,2105500,0,0,0,6351,1000000,16777216,read,396
measured,probe-memory-buffer,run,2730,2105900,0,0,0,6352,1000000,16777216,read,397
measured,probe-memory-buffer,run,2731,2106300,0,0,0,6354,1000000,16777216,read,397
measured,probe-memory-buffer,run,2732,2106800,0,0,0,6356,1000000,16777216,read,397
measured,probe-memory-buffer,run,2733,2107200,0,0,0,6357,1000000,16777216,read,397
measured,probe-memory-buffer,run,2734,2107600,0,0,0,6359,1000000,16777216,read,397
measured,probe-memory-buffer,run,2735,2108100,0,0,0,6360,1000000,16777216,read,397
measured,probe-memory-buffer,run,2736,2108500,0,0,0,6362,1000000,16777216,read,397
measured,probe-memory-buffer,run,2737,2108900,0,0,0,6364,1000000,16777216,read,397
measured,probe-memory-buffer,run,2738,2109300,0,0,0,6366,1000000,16777216,read,397
measured,probe-memory-buffer,run,2739,2109800,0,0,0,6367,1000000,16777216,read,397
measured,probe-memory-buffer,run,2740,2110200,0,0,0,6369,1000000,16777216,read,398
measured,probe-memory-buffer,run,2741,2110600,0,0,0,6371,1000000,16777216,read,398
measured,probe-memory-buffer,run,2742,2111100,0,0,0,6372,1000000,16777216,read,398
measured,probe-memory-buffer,run,2743,2111500,0,0,0,6374,1000000,16777216,read,398
measured,probe-memory-buffer,run,2744,2111900,0,0,0,6376,1000000,16777216,read,398
measured,probe-memory-buffer,run,2745,2112300,0,0,0,6377,1000000,16777216,read,398
measured,probe-memory-buffer,run,2746,2112800,0,0,0,6379,1000000,16777216,read,398
measured,probe-memory-buffer,run,2747,2113200,0,0,0,6381,1000000,16777216,read,398
measured,probe-memory-buffer,run,2748,2113600,0,0,0,6382,1000000,16777216,read,398
measured,probe-memory-buffer,run,2749,2114000,0,0,0,6384,1000000,16777216,read,399
measured,probe-memory-buffer,run,2750,2114500,0,0,0,6385,1000000,16777216,read,399
measured,probe-memory-buffer,run,2751,2114900,0,0,0,6387,1000000,16777216,read,399
measured,probe-memory-buffer,run,2752,2115300,0,0,0,6389,1000000,16777216,read,399
measured,probe-memory-buffer,run,2753,2115800,0,0,0,6391,1000000,16777216,read,399
measured,probe-memory-buffer,run,2754,2116200,0,0,0,6392,1000000,16777216,read,399
measured,probe-memory-buffer,run,2755,2116600,0,0,0,6394,1000000,16777216,read,399
measured,probe-memory-buffer,run,2756,2117000,0,0,0,6396,1000000,16777216,read,399
measured,probe-memory-buffer,run,2757,2118400,0,0,0,6401,1000000,16777216,read,400
measured,probe-memory-buffer,run,2758,2118800,0,0,0,6403,1000000,16777216,read,400
measured,probe-memory-buffer,run,2759,2119200,0,0,0,6404,1000000,16777216,read,400
measured,probe-memory-buffer,run,2760,2119700,0,0,0,6406,1000000,16777216,read,400
measured,probe-memory-buffer,run,2761,2120100,0,0,0,6408,1000000,16777216,read,400
measured,probe-memory-buffer,run,2762,2120500,0,0,0,6409,1000000,16777216,read,400
measured,probe-memory-buffer,run,2763,2121000,0,0,0,6411,1000000,16777216,read,400
measured,probe-memory-buffer,run,2764,2121400,0,0,0,6413,1000000,16777216,read,400
measured,probe-memory-buffer,run,2765,2121800,0,0,0,6414,1000000,16777216,read,400
measured,probe-memory-buffer,run,2766,2122300,0,0,0,6416,1000000,16777216,read,401
measured,probe-memory-buffer,run,2767,2122700,0,0,0,6418,1000000,16777216,read,401
measured,probe-memory-buffer,run,2768,2123100,0,0,0,6419,1000000,16777216,read,401
measured,probe-memory-buffer,run,2769,2123600,0,0,0,6421,1000000,16777216,read,401
measured,probe-memory-buffer,run,2770,2124000,0,0,0,6423,1000000,16777216,read,401
measured,probe-memory-buffer,run,2771,2124400,0,0,0,6425,1000000,16777216,read,401
measured,probe-memory-buffer,run,2772,2124800,0,0,0,6426,1000000,16777216,read,401
measured,probe-memory-buffer,run,2773,2125300,0,0,0,6428,1000000,16777216,read,401
measured,probe-memory-buffer,run,2774,2125700,0,0,0,6430,1000000,16777216,read,401
measured,probe-memory-buffer,run,2775,2126100,0,0,0,6431,1000000,16777216,read,401
measured,probe-memory-buffer,run,2776,2126600,0,0,0,6433,1000000,16777216,read,402
measured,probe-memory-buffer,run,2777,2127000,0,0,0,6435,1000000,16777216,read,402
measured,probe-memory-buffer,run,2778,2127400,0,0,0,6436,1000000,16777216,read,402
measured,probe-memory-buffer,run,2779,2127800,0,0,0,6438,1000000,16777216,read,402
measured,probe-memory-buffer,run,2780,2128300,0,0,0,6439,1000000,16777216,read,402
measured,probe-memory-buffer,run,2781,2128700,0,0,0,6441,1000000,16777216,read,402
measured,probe-memory-buffer,run,2782,2129100,0,0,0,6443,1000000,16777216,read,402
measured,probe-memory-buffer,run,2783,2129600,0,0,0,6444,1000000,16777216,read,402
measured,probe-memory-buffer,run,2784,2130000,0,0,0,6446,1000000,16777216,read,402
measured,probe-memory-buffer,run,2785,2130400,0,0,0,6448,1000000,16777216,read,403
measured,probe-memory-buffer,run,2786,2130800,0,0,0,6450,1000000,16777216,read,403
measured,probe-memory-buffer,run,2787,2131300,0,0,0,6451,1000000,16777216,read,403
measured,probe-memory-buffer,run,2788,2131700,0,0,0,6453,1000000,16777216,read,403
measured,probe-memory-buffer,run,2789,2132100,0,0,0,6455,1000000,16777216,read,403
measured,probe-memory-buffer,run,2790,2132600,0,0,0,6456,1000000,16777216,read,403
measured,probe-memory-buffer,run,2791,2133000,0,0,0,6458,1000000,16777216,read,403
measured,probe-memory-buffer,run,2792,2133400,0,0,0,6460,1000000,16777216,read,403
measured,probe-memory-buffer,run,2793,2133800,0,0,0,6461,1000000,16777216,read,403
measured,probe-memory-buffer,run,2794,2134300,0,0,0,6463,1000000,16777216,read,403
measured,probe-memory-buffer,run,2795,2134700,0,0,0,6465,1000000,16777216,read,404
measured,probe-memory-buffer,run,2796,2135100,0,0,0,6466,1000000,16777216,read,404
measured,probe-memory-buffer,run,2797,2135600,0,0,0,6468,1000000,16777216,read,404
measured,probe-memory-buffer,run,2798,2136000,0,0,0,6470,1000000,16777216,read,404
measured,probe-memory-buffer,run,2799,2136400,0,0,0,6471,1000000,16777216,read,404
measured,probe-memory-buffer,run,2800,2136900,0,0,0,6473,1000000,16777216,read,404
measured,probe-memory-buffer,run,2801,2137300,0,0,0,6475,1000000,16777216,read,404
measured,probe-memory-buffer,run,2802,2137700,0,0,0,6476,1000000,16777216,read,404
measured,probe-memory-buffer,run,2803,2138100,0,0,0,6478,1000000,16777216,read,404
measured,probe-memory-buffer,run,2804,2138600,0,0,0,6480,1000000,16777216,read,405
measured,probe-memory-buffer,run,2805,2139000,0,0,0,6482,1000000,16777216,read,405
measured,probe-memory-buffer,run,2806,2139400,0,0,0,6483,1000000,16777216,read,405
measured,probe-memory-buffer,run,2807,2139900,0,0,0,6485,1000000,16777216,read,405
measured,probe-memory-buffer,run,2808,2140300,0,0,0,6487,1000000,16777216,read,405
measured,probe-memory-buffer,run,2809,2140700,0,0,0,6488,1000000,16777216,read,405
measured,probe-memory-buffer,run,2810,2141200,0,0,0,6490,1000000,16777216,read,405
measured,probe-memory-buffer,run,2811,2141600,0,0,0,6492,1000000,16777216,read,405
measured,probe-memory-buffer,run,2812,2142000,0,0,0,6493,1000000,16777216,read,405
measured,probe-memory-buffer,run,2813,2143400,0,0,0,6498,1000000,16777216,read,406
measured,probe-memory-buffer,run,2814,2143800,0,0,0,6500,1000000,16777216,read,406
measured,probe-memory-buffer,run,2815,2144200,0,0,0,6502,1000000,16777216,read,406
measured,probe-memory-buffer,run,2816,2144600,0,0,0,6503,1000000,16777216,read,406
measured,probe-memory-buffer,run,2817,2145100,0,0,0,6505,1000000,16777216,read,406
measured,probe-memory-buffer,run,2818,2145500,0,0,0,6507,1000000,16777216,read,406
measured,probe-memory-buffer,run,2819,2145900,0,0,0,6508,1000000,16777216,read,406
measured,probe-memory-buffer,run,2820,2146400,0,0,0,6510,1000000,16777216,read,406
measured,probe-memory-buffer,run,2821,2146800,0,0,0,6512,1000000,16777216,read,407
measured,probe-memory-buffer,run,2822,2147200,0,0,0,6514,1000000,16777216,read,407
measured,probe-memory-buffer,run,2823,2147700,0,0,0,6515,1000000,16777216,read,407
measured,probe-memory-buffer,run,2824,2148100,0,0,0,6517,1000000,16777216,read,407
measured,probe-memory-buffer,run,2825,2148500,0,0,0,6519,1000000,16777216,read,407
measured,probe-memory-buffer,run,2826,2148900,0,0,0,6520,1000000,16777216,read,407
measured,probe-memory-buffer,run,2827,2149400,0,0,0,6522,1000000,16777216,read,407
measured,probe-memory-buffer,run,2828,2149800,0,0,0,6524,1000000,16777216,read,407
measured,probe-memory-buffer,run,2829,2150200,0,0,0,6525,1000000,16777216,read,407
measured,probe-memory-buffer,run,2830,2150700,0,0,0,6527,1000000,16777216,read,407
measured,probe-memory-buffer,run,2831,2151100,0,0,0,6529,1000000,16777216,read,408
measured,probe-memory-buffer,run,2832,2151500,0,0,0,6530,1000000,16777216,read,408
measured,probe-memory-buffer,run,2833,2152000,0,0,0,6532,1000000,16777216,read,408
measured,probe-memory-buffer,run,2834,2152400,0,0,0,6534,1000000,16777216,read,408
measured,probe-memory-buffer,run,2835,2152800,0,0,0,6535,1000000,16777216,read,408
measured,probe-memory-buffer,run,2836,2153200,0,0,0,6537,1000000,16777216,read,408
measured,probe-memory-buffer,run,2837,2154000,0,0,0,6540,1000000,16777216,read,408
measured,probe-memory-buffer,run,2838,2154400,0,0,0,6542,1000000,16777216,read,408
measured,probe-memory-buffer,run,2839,2154800,0,0,0,6543,1000000,16777216,read,408
measured,probe-memory-buffer,run,2840,2155300,0,0,0,6545,1000000,16777216,read,409
measured,probe-memory-buffer,run,2841,2155700,0,0,0,6547,1000000,16777216,read,409
measured,probe-memory-buffer,run,2842,2156100,0,0,0,6548,1000000,16777216,read,409
measured,probe-memory-buffer,run,2843,2156600,0,0,0,6550,1000000,16777216,read,409
measured,probe-memory-buffer,run,2844,2157000,0,0,0,6552,1000000,16777216,read,409
measured,probe-memory-buffer,run,2845,2157400,0,0,0,6553,1000000,16777216,read,409
measured,probe-memory-buffer,run,2846,2157800,0,0,0,6555,1000000,16777216,read,409
measured,probe-memory-buffer,run,2847,2158300,0,0,0,6557,1000000,16777216,read,409
measured,probe-memory-buffer,run,2848,2158700,0,0,0,6558,1000000,16777216,read,409
measured,probe-memory-buffer,run,2849,2159100,0,0,0,6560,1000000,16777216,read,410
measured,probe-memory-buffer,run,2850,2159600,0,0,0,6562,1000000,16777216,read,410
measured,probe-memory-buffer,run,2851,2160000,0,0,0,6564,1000000,16777216,read,410
measured,probe-memory-buffer,run,2852,2160400,0,0,0,6565,1000000,16777216,read,410
measured,probe-memory-buffer,run,2853,2160900,0,0,0,6567,1000000,16777216,read,410
measured,probe-memory-buffer,run,2854,2161300,0,0,0,6569,1000000,16777216,read,410
measured,probe-memory-buffer,run,2855,2161700,0,0,0,6570,1000000,16777216,read,410
measured,probe-memory-buffer,run,2856,2162100,0,0,0,6572,1000000,16777216,read,410
measured,probe-memory-buffer,run,2857,2162600,0,0,0,6573,1000000,16777216,read,410
measured,probe-memory-buffer,run,2858,2163000,0,0,0,6575,1000000,16777216,read,410
measured,probe-memory-buffer,run,2859,2163400,0,0,0,6577,1000000,16777216,read,411
measured,probe-memory-buffer,run,2860,2163900,0,0,0,6578,1000000,16777216,read,411
measured,probe-memory-buffer,run,2861,2164300,0,0,0,6580,1000000,16777216,read,411
measured,probe-memory-buffer,run,2862,2164700,0,0,0,6582,1000000,16777216,read,411
measured,probe-memory-buffer,run,2863,2165100,0,0,0,6583,1000000,16777216,read,411
measured,probe-memory-buffer,run,2864,2165600,0,0,0,6585,1000000,16777216,read,411
measured,probe-memory-buffer,run,2865,2166000,0,0,0,6587,1000000,16777216,read,411
measured,probe-memory-buffer,run,2866,2166400,0,0,0,6589,1000000,16777216,read,411
measured,probe-memory-buffer,run,2867,2166900,0,0,0,6590,1000000,16777216,read,411
measured,probe-memory-buffer,run,2868,2167300,0,0,0,6592,1000000,16777216,read,412
measured,probe-memory-buffer,run,2869,2167700,0,0,0,6594,1000000,16777216,read,412
measured,probe-memory-buffer,run,2870,2169300,0,0,0,6600,1000000,16777216,read,412
measured,probe-memory-buffer,run,2871,2169800,0,0,0,6601,1000000,16777216,read,412
measured,probe-memory-buffer,run,2872,2170200,0,0,0,6603,1000000,16777216,read,412
measured,probe-memory-buffer,run,2873,2170600,0,0,0,6605,1000000,16777216,read,412
measured,probe-memory-buffer,run,2874,2171000,0,0,0,6607,1000000,16777216,read,412
measured,probe-memory-buffer,run,2875,2171500,0,0,0,6608,1000000,16777216,read,413
measured,probe-memory-buffer,run,2876,2171900,0,0,0,6610,1000000,16777216,read,413
measured,probe-memory-buffer,run,2877,2172300,0,0,0,6612,1000000,16777216,read,413
measured,probe-memory-buffer,run,2878,2172800,0,0,0,6613,1000000,16777216,read,413
measured,probe-memory-buffer,run,2879,2173200,0,0,0,6615,1000000,16777216,read,413
measured,probe-memory-buffer,run,2880,2173600,0,0,0,6617,1000000,16777216,read,413
measured,probe-memory-buffer,run,2881,2174100,0,0,0,6618,1000000,16777216,read,413
measured,probe-memory-buffer,run,2882,2174500,0,0,0,6620,1000000,16777216,read,413
measured,probe-memory-buffer,run,2883,2174900,0,0,0,6622,1000000,16777216,read,413
measured,probe-memory-buffer,run,2884,2175300,0,0,0,6623,1000000,16777216,read,413
measured,probe-memory-buffer,run,2885,2175800,0,0,0,6625,1000000,16777216,read,414
measured,probe-memory-buffer,run,2886,2176200,0,0,0,6627,1000000,16777216,read,414
measured,probe-memory-buffer,run,2887,2176600,0,0,0,6628,1000000,16777216,read,414
measured,probe-memory-buffer,run,2888,2177100,0,0,0,6630,1000000,16777216,read,414
measured,probe-memory-buffer,run,2889,2177500,0,0,0,6632,1000000,16777216,read,414
measured,probe-memory-buffer,run,2890,2177900,0,0,0,6633,1000000,16777216,read,414
measured,probe-memory-buffer,run,2891,2178400,0,0,0,6635,1000000,16777216,read,414
measured,probe-memory-buffer,run,2892,2178800,0,0,0,6637,1000000,16777216,read,414
measured,probe-memory-buffer,run,2893,2179200,0,0,0,6639,1000000,16777216,read,414
measured,probe-memory-buffer,run,2894,2179700,0,0,0,6640,1000000,16777216,read,415
measured,probe-memory-buffer,run,2895,2180100,0,0,0,6642,1000000,16777216,read,415
measured,probe-memory-buffer,run,2896,2180500,0,0,0,6644,1000000,16777216,read,415
measured,probe-memory-buffer,run,2897,2180900,0,0,0,6645,1000000,16777216,read,415
measured,probe-memory-buffer,run,2898,2181400,0,0,0,6647,1000000,16777216,read,415
measured,probe-memory-buffer,run,2899,2181800,0,0,0,6649,1000000,16777216,read,415
measured,probe-memory-buffer,run,2900,2182200,0,0,0,6650,1000000,16777216,read,415
measured,probe-memory-buffer,run,2901,2182700,0,0,0,6652,1000000,16777216,read,415
measured,probe-memory-buffer,run,2902,2183100,0,0,0,6654,1000000,16777216,read,415
measured,probe-memory-buffer,run,2903,2183500,0,0,0,6655,1000000,16777216,read,415
measured,probe-memory-buffer,run,2904,2183900,0,0,0,6657,1000000,16777216,read,416
measured,probe-memory-buffer,run,2905,2184400,0,0,0,6659,1000000,16777216,read,416
measured,probe-memory-buffer,run,2906,2184800,0,0,0,6660,1000000,16777216,read,416
measured,probe-memory-buffer,run,2907,2185200,0,0,0,6662,1000000,16777216,read,416
measured,probe-memory-buffer,run,2908,2185700,0,0,0,6664,1000000,16777216,read,416
measured,probe-memory-buffer,run,2909,2186100,0,0,0,6666,1000000,16777216,read,416
measured,probe-memory-buffer,run,2910,2186500,0,0,0,6667,1000000,16777216,read,416
measured,probe-memory-buffer,run,2911,2186900,0,0,0,6669,1000000,16777216,read,416
measured,probe-memory-buffer,run,2912,2187400,0,0,0,6671,1000000,16777216,read,416
measured,probe-memory-buffer,run,2913,2187800,0,0,0,6672,1000000,16777216,read,417
measured,probe-memory-buffer,run,2914,2188200,0,0,0,6674,1000000,16777216,read,417
measured,probe-memory-buffer,run,2915,2188700,0,0,0,6675,1000000,16777216,read,417
measured,probe-memory-buffer,run,2916,2189100,0,0,0,6677,1000000,16777216,read,417
measured,probe-memory-buffer,run,2917,2189500,0,0,0,6679,1000000,16777216,read,417
measured,probe-memory-buffer,run,2918,2190000,0,0,0,6680,1000000,16777216,read,417
measured,probe-memory-buffer,run,2919,2190400,0,0,0,6682,1000000,16777216,read,417
measured,probe-memory-buffer,run,2920,2190800,0,0,0,6684,1000000,16777216,read,417
measured,probe-memory-buffer,run,2921,2191200,0,0,0,6685,1000000,16777216,read,417
measured,probe-memory-buffer,run,2922,2191700,0,0,0,6687,1000000,16777216,read,417
measured,probe-memory-buffer,run,2923,2192100,0,0,0,6689,1000000,16777216,read,418
measured,probe-memory-buffer,run,2924,2192500,0,0,0,6691,1000000,16777216,read,418
measured,probe-memory-buffer,run,2925,2193000,0,0,0,6692,1000000,16777216,read,418
measured,probe-memory-buffer,run,2926,2193400,0,0,0,6694,1000000,16777216,read,418
measured,probe-memory-buffer,run,2927,2194800,0,0,0,6699,1000000,16777216,read,418
measured,probe-memory-buffer,run,2928,2195200,0,0,0,6701,1000000,16777216,read,418
measured,probe-memory-buffer,run,2929,2195600,0,0,0,6703,1000000,16777216,read,418
measured,probe-memory-buffer,run,2930,2196100,0,0,0,6704,1000000,16777216,read,419
measured,probe-memory-buffer,run,2931,2196500,0,0,0,6706,1000000,16777216,read,419
measured,probe-memory-buffer,run,2932,2196900,0,0,0,6708,1000000,16777216,read,419
measured,probe-memory-buffer,run,2933,2197300,0,0,0,6709,1000000,16777216,read,419
measured,probe-memory-buffer,run,2934,2197800,0,0,0,6711,1000000,16777216,read,419
measured,probe-memory-buffer,run,2935,2198200,0,0,0,6713,1000000,16777216,read,419
measured,probe-memory-buffer,run,2936,2198600,0,0,0,6714,1000000,16777216,read,419
measured,probe-memory-buffer,run,2937,2199100,0,0,0,6716,1000000,16777216,read,419
measured,probe-memory-buffer,run,2938,2199500,0,0,0,6718,1000000,16777216,read,419
measured,probe-memory-buffer,run,2939,2199900,0,0,0,6719,1000000,16777216,read,419
measured,probe-memory-buffer,run,2940,2200300,0,0,0,6721,1000000,16777216,read,420
measured,probe-memory-buffer,run,2941,2200800,0,0,0,6723,1000000,16777216,read,420
measured,probe-memory-buffer,run,2942,2201200,0,0,0,6725,1000000,16777216,read,420
measured,probe-memory-buffer,run,2943,2201600,0,0,0,6726,1000000,16777216,read,420
measured,probe-memory-buffer,run,2944,2202100,0,0,0,6728,1000000,16777216,read,420
measured,probe-memory-buffer,run,2945,2202500,0,0,0,6730,1000000,16777216,read,420
measured,probe-memory-buffer,run,2946,2202900,0,0,0,6731,1000000,16777216,read,420
measured,probe-memory-buffer,run,2947,2203400,0,0,0,6733,1000000,16777216,read,420
measured,probe-memory-buffer,run,2948,2203800,0,0,0,6735,1000000,16777216,read,420
measured,probe-memory-buffer,run,2949,2204200,0,0,0,6736,1000000,16777216,read,421
measured,probe-memory-buffer,run,2950,2204600,0,0,0,6738,1000000,16777216,read,421
measured,probe-memory-buffer,run,2951,2205100,0,0,0,6739,1000000,16777216,read,421
measured,probe-memory-buffer,run,2952,2205500,0,0,0,6741,1000000,16777216,read,421
measured,probe-memory-buffer,run,2953,2205900,0,0,0,6743,1000000,16777216,read,421
measured,probe-memory-buffer,run,2954,2206300,0,0,0,6744,1000000,16777216,read,421
measured,probe-memory-buffer,run,2955,2206800,0,0,0,6746,1000000,16777216,read,421
measured,probe-memory-buffer,run,2956,2207200,0,0,0,6748,1000000,16777216,read,421
measured,probe-memory-buffer,run,2957,2207600,0,0,0,6750,1000000,16777216,read,421
measured,probe-memory-buffer,run,2958,2208100,0,0,0,6751,1000000,16777216,read,421
measured,probe-memory-buffer,run,2959,2208500,0,0,0,6753,1000000,16777216,read,422
measured,probe-memory-buffer,run,2960,2208900,0,0,0,6755,1000000,16777216,read,422
measured,probe-memory-buffer,run,2961,2209400,0,0,0,6756,1000000,16777216,read,422
measured,probe-memory-buffer,run,2962,2209800,0,0,0,6758,1000000,16777216,read,422
measured,probe-memory-buffer,run,2963,2210200,0,0,0,6760,1000000,16777216,read,422
measured,probe-memory-buffer,run,2964,2210600,0,0,0,6761,1000000,16777216,read,422
measured,probe-memory-buffer,run,2965,2211100,0,0,0,6763,1000000,16777216,read,422
measured,probe-memory-buffer,run,2966,2211500,0,0,0,6765,1000000,16777216,read,422
measured,probe-memory-buffer,run,2967,2211900,0,0,0,6766,1000000,16777216,read,422
measured,probe-memory-buffer,run,2968,2212400,0,0,0,6768,1000000,16777216,read,423
measured,probe-memory-buffer,run,2969,2212800,0,0,0,6770,1000000,16777216,read,423
measured,probe-memory-buffer,run,2970,2213200,0,0,0,6771,1000000,16777216,read,423
measured,probe-memory-buffer,run,2971,2213700,0,0,0,6773,1000000,16777216,read,423
measured,probe-memory-buffer,run,2972,2214100,0,0,0,6775,1000000,16777216,read,423
measured,probe-memory-buffer,run,2973,2214500,0,0,0,6776,1000000,16777216,read,423
measured,probe-memory-buffer,run,2974,2214900,0,0,0,6778,1000000,16777216,read,423
measured,probe-memory-buffer,run,2975,2215400,0,0,0,6780,1000000,16777216,read,423
measured,probe-memory-buffer,run,2976,2215800,0,0,0,6782,1000000,16777216,read,423
measured,probe-memory-buffer,run,2977,2216200,0,0,0,6783,1000000,16777216,read,423
measured,probe-memory-buffer,run,2978,2216700,0,0,0,6785,1000000,16777216,read,424
measured,probe-memory-buffer,run,2979,2217100,0,0,0,6787,1000000,16777216,read,424
measured,probe-memory-buffer,run,2980,2217500,0,0,0,6788,1000000,16777216,read,424
measured,probe-memory-buffer,run,2981,2217900,0,0,0,6790,1000000,16777216,read,424
measured,probe-memory-buffer,run,2982,2218400,0,0,0,6791,1000000,16777216,read,424
measured,probe-memory-buffer,run,2983,2218800,0,0,0,6793,1000000,16777216,read,424
measured,probe-memory-buffer,run,2984,2220100,0,0,0,6798,1000000,16777216,read,424
measured,probe-memory-buffer,run,2985,2220600,0,0,0,6800,1000000,16777216,read,425
measured,probe-memory-buffer,run,2986,2221000,0,0,0,6802,1000000,16777216,read,425
measured,probe-memory-buffer,run,2987,2221400,0,0,0,6803,1000000,16777216,read,425
measured,probe-memory-buffer,run,2988,2221900,0,0,0,6805,1000000,16777216,read,425
measured,probe-memory-buffer,run,2989,2222300,0,0,0,6807,1000000,16777216,read,425
measured,probe-memory-buffer,run,2990,2222700,0,0,0,6808,1000000,16777216,read,425
measured,probe-memory-buffer,run,2991,2223200,0,0,0,6810,1000000,16777216,read,425
measured,probe-memory-buffer,run,2992,2223600,0,0,0,6812,1000000,16777216,read,425
measured,probe-memory-buffer,run,2993,2224000,0,0,0,6814,1000000,16777216,read,425
measured,probe-memory-buffer,run,2994,2224400,0,0,0,6815,1000000,16777216,read,425
measured,probe-memory-buffer,run,2995,2224900,0,0,0,6817,1000000,16777216,read,426
measured,probe-memory-buffer,run,2996,2225300,0,0,0,6819,1000000,16777216,read,426
measured,probe-memory-buffer,run,2997,2225700,0,0,0,6820,1000000,16777216,read,426
measured,probe-memory-buffer,run,2998,2226200,0,0,0,6822,1000000,16777216,read,426
measured,probe-memory-buffer,run,2999,2226600,0,0,0,6824,1000000,16777216,read,426
measured,probe-memory-buffer,run,3000,2227000,0,0,0,6825,1000000,16777216,read,426
measured,probe-memory-buffer,run,3001,2227500,0,0,0,6827,1000000,16777216,read,426
measured,probe-memory-buffer,run,3002,2227900,0,0,0,6829,1000000,16777216,read,426
measured,probe-memory-buffer,run,3003,2228300,0,0,0,6830,1000000,16777216,read,426
measured,probe-memory-buffer,run,3004,2228700,0,0,0,6832,1000000,16777216,read,427
measured,probe-memory-buffer,run,3005,2229200,0,0,0,6834,1000000,16777216,read,427
measured,probe-memory-buffer,run,3006,2229600,0,0,0,6835,1000000,16777216,read,427
measured,probe-memory-buffer,run,3007,2230000,0,0,0,6837,1000000,16777216,read,427
measured,probe-memory-buffer,run,3008,2230500,0,0,0,6839,1000000,16777216,read,427
measured,probe-memory-buffer,run,3009,2230900,0,0,0,6841,1000000,16777216,read,427
measured,probe-memory-buffer,run,3010,2231300,0,0,0,6842,1000000,16777216,read,427
measured,probe-memory-buffer,run,3011,2231700,0,0,0,6844,1000000,16777216,read,427
measured,probe-memory-buffer,run,3012,2232200,0,0,0,6846,1000000,16777216,read,427
measured,probe-memory-buffer,run,3013,2232600,0,0,0,6847,1000000,16777216,read,427
measured,probe-memory-buffer,run,3014,2233000,0,0,0,6849,1000000,16777216,read,428
measured,probe-memory-buffer,run,3015,2233500,0,0,0,6850,1000000,16777216,read,428
measured,probe-memory-buffer,run,3016,2233900,0,0,0,6852,1000000,16777216,read,428
measured,probe-memory-buffer,run,3017,2234300,0,0,0,6854,1000000,16777216,read,428
measured,probe-memory-buffer,run,3018,2234700,0,0,0,6855,1000000,16777216,read,428
measured,probe-memory-buffer,run,3019,2235200,0,0,0,6857,1000000,16777216,read,428
measured,probe-memory-buffer,run,3020,2235600,0,0,0,6859,1000000,16777216,read,428
measured,probe-memory-buffer,run,3021,2236000,0,0,0,6860,1000000,16777216,read,428
measured,probe-memory-buffer,run,3022,2236500,0,0,0,6862,1000000,16777216,read,428
measured,probe-memory-buffer,run,3023,2236900,0,0,0,6864,1000000,16777216,read,429
measured,probe-memory-buffer,run,3024,2237300,0,0,0,6866,1000000,16777216,read,429
measured,probe-memory-buffer,run,3025,2237700,0,0,0,6867,1000000,16777216,read,429
measured,probe-memory-buffer,run,3026,2238200,0,0,0,6869,1000000,16777216,read,429
measured,probe-memory-buffer,run,3027,2238600,0,0,0,6871,1000000,16777216,read,429
measured,probe-memory-buffer,run,3028,2239000,0,0,0,6872,1000000,16777216,read,429
measured,probe-memory-buffer,run,3029,2239500,0,0,0,6874,1000000,16777216,read,429
measured,probe-memory-buffer,run,3030,2239900,0,0,0,6876,1000000,16777216,read,429
measured,probe-memory-buffer,run,3031,2240300,0,0,0,6877,1000000,16777216,read,429
measured,probe-memory-buffer,run,3032,2240800,0,0,0,6879,1000000,16777216,read,429
measured,probe-memory-buffer,run,3033,2241200,0,0,0,6881,1000000,16777216,read,430
measured,probe-memory-buffer,run,3034,2241600,0,0,0,6882,1000000,16777216,read,430
measured,probe-memory-buffer,run,3035,2242100,0,0,0,6884,1000000,16777216,read,430
measured,probe-memory-buffer,run,3036,2242500,0,0,0,6886,1000000,16777216,read,430
measured,probe-memory-buffer,run,3037,2242900,0,0,0,6887,1000000,16777216,read,430
measured,probe-memory-buffer,run,3038,2243300,0,0,0,6889,1000000,16777216,read,430
measured,probe-memory-buffer,run,3039,2243800,0,0,0,6891,1000000,16777216,read,430
measured,probe-memory-buffer,run,3040,2244200,0,0,0,6892,1000000,16777216,read,430
measured,probe-memory-buffer,run,3041,2245600,0,0,0,6898,1000000,16777216,read,431
measured,probe-memory-buffer,run,3042,2246000,0,0,0,6900,1000000,16777216,read,431
measured,probe-memory-buffer,run,3043,2246400,0,0,0,6901,1000000,16777216,read,431
measured,probe-memory-buffer,run,3044,2246900,0,0,0,6903,1000000,16777216,read,431
measured,probe-memory-buffer,run,3045,2247300,0,0,0,6905,1000000,16777216,read,431
measured,probe-memory-buffer,run,3046,2247700,0,0,0,6906,1000000,16777216,read,431
measured,probe-memory-buffer,run,3047,2248200,0,0,0,6908,1000000,16777216,read,431
measured,probe-memory-buffer,run,3048,2248600,0,0,0,6910,1000000,16777216,read,431
measured,probe-memory-buffer,run,3049,2249000,0,0,0,6911,1000000,16777216,read,431
measured,probe-memory-buffer,run,3050,2249400,0,0,0,6913,1000000,16777216,read,432
measured,probe-memory-buffer,run,3051,2249900,0,0,0,6914,1000000,16777216,read,432
measured,probe-memory-buffer,run,3052,2250300,0,0,0,6916,1000000,16777216,read,432
measured,probe-memory-buffer,run,3053,2250700,0,0,0,6918,1000000,16777216,read,432
measured,probe-memory-buffer,run,3054,2251200,0,0,0,6919,1000000,16777216,read,432
measured,probe-memory-buffer,run,3055,2251600,0,0,0,6921,1000000,16777216,read,432
measured,probe-memory-buffer,run,3056,2252000,0,0,0,6923,1000000,16777216,read,432
measured,probe-memory-buffer,run,3057,2252400,0,0,0,6925,1000000,16777216,read,432
measured,probe-memory-buffer,run,3058,2252900,0,0,0,6926,1000000,16777216,read,432
measured,probe-memory-buffer,run,3059,2253300,0,0,0,6928,1000000,16777216,read,433
measured,probe-memory-buffer,run,3060,2253700,0,0,0,6930,1000000,16777216,read,433
measured,probe-memory-buffer,run,3061,2254200,0,0,0,6931,1000000,16777216,read,433
measured,probe-memory-buffer,run,3062,2254600,0,0,0,6933,1000000,16777216,read,433
measured,probe-memory-buffer,run,3063,2255000,0,0,0,6935,1000000,16777216,read,433
measured,probe-memory-buffer,run,3064,2255500,0,0,0,6936,1000000,16777216,read,433
measured,probe-memory-buffer,run,3065,2255900,0,0,0,6938,1000000,16777216,read,433
measured,probe-memory-buffer,run,3066,2256300,0,0,0,6940,1000000,16777216,read,433
measured,probe-memory-buffer,run,3067,2256700,0,0,0,6941,1000000,16777216,read,433
measured,probe-memory-buffer,run,3068,2257200,0,0,0,6943,1000000,16777216,read,433
measured,probe-memory-buffer,run,3069,2257600,0,0,0,6945,1000000,16777216,read,434
measured,probe-memory-buffer,run,3070,2258000,0,0,0,6946,1000000,16777216,read,434
measured,probe-memory-buffer,run,3071,2258500,0,0,0,6948,1000000,16777216,read,434
measured,probe-memory-buffer,run,3072,2258900,0,0,0,6950,1000000,16777216,read,434
measured,probe-memory-buffer,run,3073,2259300,0,0,0,6951,1000000,16777216,read,434
measured,probe-memory-buffer,run,3074,2259700,0,0,0,6953,1000000,16777216,read,434
measured,probe-memory-buffer,run,3075,2260200,0,0,0,6955,1000000,16777216,read,434
measured,probe-memory-buffer,run,3076,2260600,0,0,0,6957,1000000,16777216,read,434
measured,probe-memory-buffer,run,3077,2261000,0,0,0,6958,1000000,16777216,read,434
measured,probe-memory-buffer,run,3078,2261500,0,0,0,6960,1000000,16777216,read,435
measured,probe-memory-buffer,run,3079,2261900,0,0,0,6962,1000000,16777216,read,435
measured,probe-memory-buffer,run,3080,2262300,0,0,0,6963,1000000,16777216,read,435
measured,probe-memory-buffer,run,3081,2262700,0,0,0,6965,1000000,16777216,read,435
measured,probe-memory-buffer,run,3082,2263200,0,0,0,6966,1000000,16777216,read,435
measured,probe-memory-buffer,run,3083,2263600,0,0,0,6968,1000000,16777216,read,435
measured,probe-memory-buffer,run,3084,2264000,0,0,0,6970,1000000,16777216,read,435
measured,probe-memory-buffer,run,3085,2264500,0,0,0,6971,1000000,16777216,read,435
measured,probe-memory-buffer,run,3086,2264900,0,0,0,6973,1000000,16777216,read,435
measured,probe-memory-buffer,run,3087,2265300,0,0,0,6975,1000000,16777216,read,435
measured,probe-memory-buffer,run,3088,2265800,0,0,0,6976,1000000,16777216,read,436
measured,probe-memory-buffer,run,3089,2266200,0,0,0,6978,1000000,16777216,read,436
measured,probe-memory-buffer,run,3090,2266600,0,0,0,6980,1000000,16777216,read,436
measured,probe-memory-buffer,run,3091,2267000,0,0,0,6982,1000000,16777216,read,436
measured,probe-memory-buffer,run,3092,2267500,0,0,0,6983,1000000,16777216,read,436
measured,probe-memory-buffer,run,3093,2267900,0,0,0,6985,1000000,16777216,read,436
measured,probe-memory-buffer,run,3094,2268300,0,0,0,6987,1000000,16777216,read,436
measured,probe-memory-buffer,run,3095,2268800,0,0,0,6988,1000000,16777216,read,436
measured,probe-memory-buffer,run,3096,2269200,0,0,0,6990,1000000,16777216,read,436
measured,probe-memory-buffer,run,3097,2269600,0,0,0,6992,1000000,16777216,read,437
measured,probe-memory-buffer,run,3098,2271100,0,0,0,6998,1000000,16777216,read,437
measured,probe-memory-buffer,run,3099,2271500,0,0,0,6999,1000000,16777216,read,437
measured,probe-memory-buffer,run,3100,2272000,0,0,0,7001,1000000,16777216,read,437
measured,probe-memory-buffer,run,3101,2272400,0,0,0,7003,1000000,16777216,read,437
measured,probe-memory-buffer,run,3102,2272800,0,0,0,7004,1000000,16777216,read,437
measured,probe-memory-buffer,run,3103,2273300,0,0,0,7006,1000000,16777216,read,437
measured,probe-memory-buffer,run,3104,2273700,0,0,0,7008,1000000,16777216,read,438
measured,probe-memory-buffer,run,3105,2274100,0,0,0,7009,1000000,16777216,read,438
measured,probe-memory-buffer,run,3106,2274600,0,0,0,7011,1000000,16777216,read,438
measured,probe-memory-buffer,run,3107,2275000,0,0,0,7013,1000000,16777216,read,438
measured,probe-memory-buffer,run,3108,2275400,0,0,0,7014,1000000,16777216,read,438
measured,probe-memory-buffer,run,3109,2275900,0,0,0,7016,1000000,16777216,read,438
measured,probe-memory-buffer,run,3110,2276300,0,0,0,7018,1000000,16777216,read,438
measured,probe-memory-buffer,run,3111,2276700,0,0,0,7019,1000000,16777216,read,438
measured,probe-memory-buffer,run,3112,2277100,0,0,0,7021,1000000,16777216,read,438
measured,probe-memory-buffer,run,3113,2277600,0,0,0,7023,1000000,16777216,read,438
measured,probe-memory-buffer,run,3114,2278000,0,0,0,7025,1000000,16777216,read,439
measured,probe-memory-buffer,run,3115,2278400,0,0,0,7026,1000000,16777216,read,439
measured,probe-memory-buffer,run,3116,2278900,0,0,0,7028,1000000,16777216,read,439
measured,probe-memory-buffer,run,3117,2279300,0,0,0,7030,1000000,16777216,read,439
measured,probe-memory-buffer,run,3118,2279700,0,0,0,7031,1000000,16777216,read,439
measured,probe-memory-buffer,run,3119,2280100,0,0,0,7033,1000000,16777216,read,439
measured,probe-memory-buffer,run,3120,2280600,0,0,0,7034,1000000,16777216,read,439
measured,probe-memory-buffer,run,3121,2281000,0,0,0,7036,1000000,16777216,read,439
measured,probe-memory-buffer,run,3122,2281400,0,0,0,7038,1000000,16777216,read,439
measured,probe-memory-buffer,run,3123,2281900,0,0,0,7039,1000000,16777216,read,439
measured,probe-memory-buffer,run,3124,2282300,0,0,0,7041,1000000,16777216,read,440
measured,probe-memory-buffer,run,3125,2282700,0,0,0,7043,1000000,16777216,read,440
measured,probe-memory-buffer,run,3126,2283100,0,0,0,7044,1000000,16777216,read,440
measured,probe-memory-buffer,run,3127,2283600,0,0,0,7046,1000000,16777216,read,440
measured,probe-memory-buffer,run,3128,2284000,0,0,0,7048,1000000,16777216,read,440
measured,probe-memory-buffer,run,3129,2284400,0,0,0,7050,1000000,16777216,read,440
measured,probe-memory-buffer,run,3130,2284900,0,0,0,7051,1000000,16777216,read,440
measured,probe-memory-buffer,run,3131,2285300,0,0,0,7053,1000000,16777216,read,440
measured,probe-memory-buffer,run,3132,2285700,0,0,0,7055,1000000,16777216,read,440
measured,probe-memory-buffer,run,3133,2286200,0,0,0,7056,1000000,16777216,read,441
measured,probe-memory-buffer,run,3134,2286600,0,0,0,7058,1000000,16777216,read,441
measured,probe-memory-buffer,run,3135,2287000,0,0,0,7060,1000000,16777216,read,441
measured,probe-memory-buffer,run,3136,2287400,0,0,0,7061,1000000,16777216,read,441
measured,probe-memory-buffer,run,3137,2287900,0,0,0,7063,1000000,16777216,read,441
measured,probe-memory-buffer,run,3138,2288300,0,0,0,7065,1000000,16777216,read,441
measured,probe-memory-buffer,run,3139,2288700,0,0,0,7066,1000000,16777216,read,441
measured,probe-memory-buffer,run,3140,2289100,0,0,0,7068,1000000,16777216,read,441
measured,probe-memory-buffer,run,3141,2289600,0,0,0,7069,1000000,16777216,read,441
measured,probe-memory-buffer,run,3142,2290000,0,0,0,7071,1000000,16777216,read,441
measured,probe-memory-buffer,run,3143,2290400,0,0,0,7073,1000000,16777216,read,442
measured,probe-memory-buffer,run,3144,2290900,0,0,0,7075,1000000,16777216,read,442
measured,probe-memory-buffer,run,3145,2291300,0,0,0,7076,1000000,16777216,read,442
measured,probe-memory-buffer,run,3146,2291700,0,0,0,7078,1000000,16777216,read,442
measured,probe-memory-buffer,run,3147,2292100,0,0,0,7080,1000000,16777216,read,442
measured,probe-memory-buffer,run,3148,2292600,0,0,0,7081,1000000,16777216,read,442
measured,probe-memory-buffer,run,3149,2293000,0,0,0,7083,1000000,16777216,read,442
measured,probe-memory-buffer,run,3150,2293400,0,0,0,7085,1000000,16777216,read,442
measured,probe-memory-buffer,run,3151,2293800,0,0,0,7086,1000000,16777216,read,442
measured,probe-memory-buffer,run,3152,2294600,0,0,0,7089,1000000,16777216,read,443
measured,probe-memory-buffer,run,3153,2295000,0,0,0,7091,1000000,16777216,read,443
measured,probe-memory-buffer,run,3154,2295500,0,0,0,7092,1000000,16777216,read,443
measured,probe-memory-buffer,run,3155,2296800,0,0,0,7098,1000000,16777216,read,443
measured,probe-memory-buffer,run,3156,2297200,0,0,0,7100,1000000,16777216,read,443
measured,probe-memory-buffer,run,3157,2297700,0,0,0,7101,1000000,16777216,read,443
measured,probe-memory-buffer,run,3158,2298100,0,0,0,7103,1000000,16777216,read,443
measured,probe-memory-buffer,run,3159,2298500,0,0,0,7105,1000000,16777216,read,444
measured,probe-memory-buffer,run,3160,2299000,0,0,0,7106,1000000,16777216,read,444
measured,probe-memory-buffer,run,3161,2299400,0,0,0,7108,1000000,16777216,read,444
measured,probe-memory-buffer,run,3162,2299800,0,0,0,7110,1000000,16777216,read,444
measured,probe-memory-buffer,run,3163,2300200,0,0,0,7111,1000000,16777216,read,444
measured,probe-memory-buffer,run,3164,2300700,0,0,0,7113,1000000,16777216,read,444
measured,probe-memory-buffer,run,3165,2301100,0,0,0,7115,1000000,16777216,read,444
measured,probe-memory-buffer,run,3166,2301500,0,0,0,7116,1000000,16777216,read,444
measured,probe-memory-buffer,run,3167,2301900,0,0,0,7118,1000000,16777216,read,444
measured,probe-memory-buffer,run,3168,2302400,0,0,0,7119,1000000,16777216,read,444
measured,probe-memory-buffer,run,3169,2302800,0,0,0,7121,1000000,16777216,read,445
measured,probe-memory-buffer,run,3170,2303200,0,0,0,7123,1000000,16777216,read,445
measured,probe-memory-buffer,run,3171,2303700,0,0,0,7125,1000000,16777216,read,445
measured,probe-memory-buffer,run,3172,2304100,0,0,0,7126,1000000,16777216,read,445
measured,probe-memory-buffer,run,3173,2304500,0,0,0,7128,1000000,16777216,read,445
measured,probe-memory-buffer,run,3174,2304900,0,0,0,7130,1000000,16777216,read,445
measured,probe-memory-buffer,run,3175,2305400,0,0,0,7132,1000000,16777216,read,445
measured,probe-memory-buffer,run,3176,2305800,0,0,0,7133,1000000,16777216,read,445
measured,probe-memory-buffer,run,3177,2306200,0,0,0,7135,1000000,16777216,read,445
measured,probe-memory-buffer,run,3178,2306700,0,0,0,7136,1000000,16777216,read,446
measured,probe-memory-buffer,run,3179,2307100,0,0,0,7138,1000000,16777216,read,446
measured,probe-memory-buffer,run,3180,2307500,0,0,0,7140,1000000,16777216,read,446
measured,probe-memory-buffer,run,3181,2308000,0,0,0,7141,1000000,16777216,read,446
measured,probe-memory-buffer,run,3182,2308400,0,0,0,7143,1000000,16777216,read,446
measured,probe-memory-buffer,run,3183,2308800,0,0,0,7145,1000000,16777216,read,446
measured,probe-memory-buffer,run,3184,2309200,0,0,0,7146,1000000,16777216,read,446
measured,probe-memory-buffer,run,3185,2309700,0,0,0,7148,1000000,16777216,read,446
measured,probe-memory-buffer,run,3186,2310100,0,0,0,7150,1000000,16777216,read,446
measured,probe-memory-buffer,run,3187,2310500,0,0,0,7151,1000000,16777216,read,446
measured,probe-memory-buffer,run,3188,2311000,0,0,0,7153,1000000,16777216,read,447
measured,probe-memory-buffer,run,3189,2311400,0,0,0,7155,1000000,16777216,read,447
measured,probe-memory-buffer,run,3190,2311800,0,0,0,7157,1000000,16777216,read,447
measured,probe-memory-buffer,run,3191,2312300,0,0,0,7158,1000000,16777216,read,447
measured,probe-memory-buffer,run,3192,2312700,0,0,0,7160,1000000,16777216,read,447
measured,probe-memory-buffer,run,3193,2313100,0,0,0,7162,1000000,16777216,read,447
measured,probe-memory-buffer,run,3194,2313500,0,0,0,7163,1000000,16777216,read,447
measured,probe-memory-buffer,run,3195,2314000,0,0,0,7165,1000000,16777216,read,447
measured,probe-memory-buffer,run,3196,2314400,0,0,0,7167,1000000,16777216,read,447
measured,probe-memory-buffer,run,3197,2314800,0,0,0,7168,1000000,16777216,read,448
measured,probe-memory-buffer,run,3198,2315300,0,0,0,7170,1000000,16777216,read,448
measured,probe-memory-buffer,run,3199,2315700,0,0,0,7172,1000000,16777216,read,448
measured,probe-memory-buffer,run,3200,2316100,0,0,0,7173,1000000,16777216,read,448
measured,probe-memory-buffer,run,3201,2316600,0,0,0,7175,1000000,16777216,read,448
measured,probe-memory-buffer,run,3202,2317000,0,0,0,7177,1000000,16777216,read,448
measured,probe-memory-buffer,run,3203,2317400,0,0,0,7178,1000000,16777216,read,448
measured,probe-memory-buffer,run,3204,2317800,0,0,0,7180,1000000,16777216,read,448
measured,probe-memory-buffer,run,3205,2318300,0,0,0,7182,1000000,16777216,read,448
measured,probe-memory-buffer,run,3206,2318700,0,0,0,7183,1000000,16777216,read,448
measured,probe-memory-buffer,run,3207,2319100,0,0,0,7185,1000000,16777216,read,449
measured,probe-memory-buffer,run,3208,2319600,0,0,0,7187,1000000,16777216,read,449
measured,probe-memory-buffer,run,3209,2320000,0,0,0,7189,1000000,16777216,read,449
measured,probe-memory-buffer,run,3210,2320400,0,0,0,7190,1000000,16777216,read,449
measured,probe-memory-buffer,run,3211,2320800,0,0,0,7192,1000000,16777216,read,449
measured,probe-memory-buffer,run,3212,2322100,0,0,0,7197,1000000,16777216,read,449
measured,probe-memory-buffer,run,3213,2322600,0,0,0,7198,1000000,16777216,read,449
measured,probe-memory-buffer,run,3214,2323000,0,0,0,7200,1000000,16777216,read,450
measured,probe-memory-buffer,run,3215,2323400,0,0,0,7202,1000000,16777216,read,450
measured,probe-memory-buffer,run,3216,2323900,0,0,0,7203,1000000,16777216,read,450
measured,probe-memory-buffer,run,3217,2324300,0,0,0,7205,1000000,16777216,read,450
measured,probe-memory-buffer,run,3218,2324700,0,0,0,7207,1000000,16777216,read,450
measured,probe-memory-buffer,run,3219,2325100,0,0,0,7208,1000000,16777216,read,450
measured,probe-memory-buffer,run,3220,2325600,0,0,0,7210,1000000,16777216,read,450
measured,probe-memory-buffer,run,3221,2326000,0,0,0,7212,1000000,16777216,read,450
measured,probe-memory-buffer,run,3222,2326400,0,0,0,7214,1000000,16777216,read,450
measured,probe-memory-buffer,run,3223,2326800,0,0,0,7215,1000000,16777216,read,450
measured,probe-memory-buffer,run,3224,2327300,0,0,0,7217,1000000,16777216,read,451
measured,probe-memory-buffer,run,3225,2327700,0,0,0,7219,1000000,16777216,read,451
measured,probe-memory-buffer,run,3226,2328100,0,0,0,7220,1000000,16777216,read,451
measured,probe-memory-buffer,run,3227,2328600,0,0,0,7222,1000000,16777216,read,451
measured,probe-memory-buffer,run,3228,2329000,0,0,0,7224,1000000,16777216,read,451
measured,probe-memory-buffer,run,3229,2329400,0,0,0,7225,1000000,16777216,read,451
measured,probe-memory-buffer,run,3230,2329800,0,0,0,7227,1000000,16777216,read,451
measured,probe-memory-buffer,run,3231,2330300,0,0,0,7228,1000000,16777216,read,451
measured,probe-memory-buffer,run,3232,2330700,0,0,0,7230,1000000,16777216,read,451
measured,probe-memory-buffer,run,3233,2331100,0,0,0,7232,1000000,16777216,read,452
measured,probe-memory-buffer,run,3234,2331500,0,0,0,7233,1000000,16777216,read,452
measured,probe-memory-buffer,run,3235,2332000,0,0,0,7235,1000000,16777216,read,452
measured,probe-memory-buffer,run,3236,2332400,0,0,0,7237,1000000,16777216,read,452
measured,probe-memory-buffer,run,3237,2332800,0,0,0,7239,1000000,16777216,read,452
measured,probe-memory-buffer,run,3238,2333300,0,0,0,7240,1000000,16777216,read,452
measured,probe-memory-buffer,run,3239,2333700,0,0,0,7242,1000000,16777216,read,452
measured,probe-memory-buffer,run,3240,2334100,0,0,0,7244,1000000,16777216,read,452
measured,probe-memory-buffer,run,3241,2334500,0,0,0,7245,1000000,16777216,read,452
measured,probe-memory-buffer,run,3242,2335000,0,0,0,7247,1000000,16777216,read,452
measured,probe-memory-buffer,run,3243,2335400,0,0,0,7249,1000000,16777216,read,453
measured,probe-memory-buffer,run,3244,2335800,0,0,0,7250,1000000,16777216,read,453
measured,probe-memory-buffer,run,3245,2336300,0,0,0,7252,1000000,16777216,read,453
measured,probe-memory-buffer,run,3246,2336700,0,0,0,7254,1000000,16777216,read,453
measured,probe-memory-buffer,run,3247,2337100,0,0,0,7255,1000000,16777216,read,453
measured,probe-memory-buffer,run,3248,2337500,0,0,0,7257,1000000,16777216,read,453
measured,probe-memory-buffer,run,3249,2338000,0,0,0,7258,1000000,16777216,read,453
measured,probe-memory-buffer,run,3250,2338400,0,0,0,7260,1000000,16777216,read,453
measured,probe-memory-buffer,run,3251,2338800,0,0,0,7262,1000000,16777216,read,453
measured,probe-memory-buffer,run,3252,2339300,0,0,0,7264,1000000,16777216,read,454
measured,probe-memory-buffer,run,3253,2339700,0,0,0,7266,1000000,16777216,read,454
measured,probe-memory-buffer,run,3254,2340100,0,0,0,7267,1000000,16777216,read,454
measured,probe-memory-buffer,run,3255,2340500,0,0,0,7269,1000000,16777216,read,454
measured,probe-memory-buffer,run,3256,2341000,0,0,0,7270,1000000,16777216,read,454
measured,probe-memory-buffer,run,3257,2341400,0,0,0,7272,1000000,16777216,read,454
measured,probe-memory-buffer,run,3258,2341800,0,0,0,7274,1000000,16777216,read,454
measured,probe-memory-buffer,run,3259,2342300,0,0,0,7275,1000000,16777216,read,454
measured,probe-memory-buffer,run,3260,2342700,0,0,0,7277,1000000,16777216,read,454
measured,probe-memory-buffer,run,3261,2343100,0,0,0,7279,1000000,16777216,read,454
measured,probe-memory-buffer,run,3262,2343500,0,0,0,7280,1000000,16777216,read,455
measured,probe-memory-buffer,run,3263,2344000,0,0,0,7282,1000000,16777216,read,455
measured,probe-memory-buffer,run,3264,2344400,0,0,0,7284,1000000,16777216,read,455
measured,probe-memory-buffer,run,3265,2344800,0,0,0,7285,1000000,16777216,read,455
measured,probe-memory-buffer,run,3266,2345300,0,0,0,7287,1000000,16777216,read,455
measured,probe-memory-buffer,run,3267,2345700,0,0,0,7289,1000000,16777216,read,455
measured,probe-memory-buffer,run,3268,2346100,0,0,0,7291,1000000,16777216,read,455
measured,probe-memory-buffer,run,3269,2347500,0,0,0,7296,1000000,16777216,read,456
measured,probe-memory-buffer,run,3270,2347900,0,0,0,7298,1000000,16777216,read,456
measured,probe-memory-buffer,run,3271,2348300,0,0,0,7299,1000000,16777216,read,456
measured,probe-memory-buffer,run,3272,2348800,0,0,0,7301,1000000,16777216,read,456
measured,probe-memory-buffer,run,3273,2349200,0,0,0,7303,1000000,16777216,read,456
measured,probe-memory-buffer,run,3274,2349600,0,0,0,7304,1000000,16777216,read,456
measured,probe-memory-buffer,run,3275,2350100,0,0,0,7306,1000000,16777216,read,456
measured,probe-memory-buffer,run,3276,2350500,0,0,0,7308,1000000,16777216,read,456
measured,probe-memory-buffer,run,3277,2350900,0,0,0,7309,1000000,16777216,read,456
measured,probe-memory-buffer,run,3278,2351400,0,0,0,7311,1000000,16777216,read,456
measured,probe-memory-buffer,run,3279,2351800,0,0,0,7313,1000000,16777216,read,457
measured,probe-memory-buffer,run,3280,2352200,0,0,0,7314,1000000,16777216,read,457
measured,probe-memory-buffer,run,3281,2352600,0,0,0,7316,1000000,16777216,read,457
measured,probe-memory-buffer,run,3282,2353100,0,0,0,7318,1000000,16777216,read,457
measured,probe-memory-buffer,run,3283,2353500,0,0,0,7319,1000000,16777216,read,457
measured,probe-memory-buffer,run,3284,2353900,0,0,0,7321,1000000,16777216,read,457
measured,probe-memory-buffer,run,3285,2354400,0,0,0,7323,1000000,16777216,read,457
measured,probe-memory-buffer,run,3286,2354800,0,0,0,7325,1000000,16777216,read,457
measured,probe-memory-buffer,run,3287,2355200,0,0,0,7326,1000000,16777216,read,457
measured,probe-memory-buffer,run,3288,2355700,0,0,0,7328,1000000,16777216,read,458
measured,probe-memory-buffer,run,3289,2356100,0,0,0,7330,1000000,16777216,read,458
measured,probe-memory-buffer,run,3290,2356500,0,0,0,7331,1000000,16777216,read,458
measured,probe-memory-buffer,run,3291,2356900,0,0,0,7333,1000000,16777216,read,458
measured,probe-memory-buffer,run,3292,2357400,0,0,0,7335,1000000,16777216,read,458
measured,probe-memory-buffer,run,3293,2357800,0,0,0,7336,1000000,16777216,read,458
measured,probe-memory-buffer,run,3294,2358200,0,0,0,7338,1000000,16777216,read,458
measured,probe-memory-buffer,run,3295,2358700,0,0,0,7339,1000000,16777216,read,458
measured,probe-memory-buffer,run,3296,2359100,0,0,0,7341,1000000,16777216,read,458
measured,probe-memory-buffer,run,3297,2359500,0,0,0,7343,1000000,16777216,read,458
measured,probe-memory-buffer,run,3298,2359900,0,0,0,7344,1000000,16777216,read,459
measured,probe-memory-buffer,run,3299,2360400,0,0,0,7346,1000000,16777216,read,459
measured,probe-memory-buffer,run,3300,2360800,0,0,0,7348,1000000,16777216,read,459
measured,probe-memory-buffer,run,3301,2361200,0,0,0,7350,1000000,16777216,read,459
measured,probe-memory-buffer,run,3302,2361700,0,0,0,7351,1000000,16777216,read,459
measured,probe-memory-buffer,run,3303,2362100,0,0,0,7353,1000000,16777216,read,459
measured,probe-memory-buffer,run,3304,2362500,0,0,0,7355,1000000,16777216,read,459
measured,probe-memory-buffer,run,3305,2363000,0,0,0,7356,1000000,16777216,read,459
measured,probe-memory-buffer,run,3306,2363400,0,0,0,7358,1000000,16777216,read,459
measured,probe-memory-buffer,run,3307,2363800,0,0,0,7360,1000000,16777216,read,460
measured,probe-memory-buffer,run,3308,2364200,0,0,0,7361,1000000,16777216,read,460
measured,probe-memory-buffer,run,3309,2364700,0,0,0,7363,1000000,16777216,read,460
measured,probe-memory-buffer,run,3310,2365100,0,0,0,7365,1000000,16777216,read,460
measured,probe-memory-buffer,run,3311,2365500,0,0,0,7366,1000000,16777216,read,460
measured,probe-memory-buffer,run,3312,2365900,0,0,0,7368,1000000,16777216,read,460
measured,probe-memory-buffer,run,3313,2366400,0,0,0,7370,1000000,16777216,read,460
measured,probe-memory-buffer,run,3314,2366800,0,0,0,7371,1000000,16777216,read,460
measured,probe-memory-buffer,run,3315,2367200,0,0,0,7373,1000000,16777216,read,460
measured,probe-memory-buffer,run,3316,2367700,0,0,0,7375,1000000,16777216,read,460
measured,probe-memory-buffer,run,3317,2368100,0,0,0,7376,1000000,16777216,read,461
measured,probe-memory-buffer,run,3318,2368500,0,0,0,7378,1000000,16777216,read,461
measured,probe-memory-buffer,run,3319,2368900,0,0,0,7380,1000000,16777216,read,461
measured,probe-memory-buffer,run,3320,2369400,0,0,0,7381,1000000,16777216,read,461
measured,probe-memory-buffer,run,3321,2369800,0,0,0,7383,1000000,16777216,read,461
measured,probe-memory-buffer,run,3322,2370200,0,0,0,7385,1000000,16777216,read,461
measured,probe-memory-buffer,run,3323,2370700,0,0,0,7386,1000000,16777216,read,461
measured,probe-memory-buffer,run,3324,2371100,0,0,0,7388,1000000,16777216,read,461
measured,probe-memory-buffer,run,3325,2372400,0,0,0,7393,1000000,16777216,read,462
measured,probe-memory-buffer,run,3326,2372800,0,0,0,7395,1000000,16777216,read,462
measured,probe-memory-buffer,run,3327,2373300,0,0,0,7397,1000000,16777216,read,462
measured,probe-memory-buffer,run,3328,2373700,0,0,0,7398,1000000,16777216,read,462
measured,probe-memory-buffer,run,3329,2374100,0,0,0,7400,1000000,16777216,read,462
measured,probe-memory-buffer,run,3330,2374600,0,0,0,7401,1000000,16777216,read,462
measured,probe-memory-buffer,run,3331,2375000,0,0,0,7403,1000000,16777216,read,462
measured,probe-memory-buffer,run,3332,2375400,0,0,0,7405,1000000,16777216,read,462
measured,probe-memory-buffer,run,3333,2375900,0,0,0,7407,1000000,16777216,read,462
measured,probe-memory-buffer,run,3334,2376300,0,0,0,7408,1000000,16777216,read,463
measured,probe-memory-buffer,run,3335,2376700,0,0,0,7410,1000000,16777216,read,463
measured,probe-memory-buffer,run,3336,2377200,0,0,0,7412,1000000,16777216,read,463
measured,probe-memory-buffer,run,3337,2377600,0,0,0,7414,1000000,16777216,read,463
measured,probe-memory-buffer,run,3338,2378000,0,0,0,7415,1000000,16777216,read,463
measured,probe-memory-buffer,run,3339,2378500,0,0,0,7417,1000000,16777216,read,463
measured,probe-memory-buffer,run,3340,2378900,0,0,0,7419,1000000,16777216,read,463
measured,probe-memory-buffer,run,3341,2379300,0,0,0,7420,1000000,16777216,read,463
measured,probe-memory-buffer,run,3342,2379800,0,0,0,7422,1000000,16777216,read,463
measured,probe-memory-buffer,run,3343,2380200,0,0,0,7424,1000000,16777216,read,464
measured,probe-memory-buffer,run,3344,2380600,0,0,0,7425,1000000,16777216,read,464
measured,probe-memory-buffer,run,3345,2381000,0,0,0,7427,1000000,16777216,read,464
measured,probe-memory-buffer,run,3346,2381500,0,0,0,7428,1000000,16777216,read,464
measured,probe-memory-buffer,run,3347,2381900,0,0,0,7430,1000000,16777216,read,464
measured,probe-memory-buffer,run,3348,2382300,0,0,0,7432,1000000,16777216,read,464
measured,probe-memory-buffer,run,3349,2382800,0,0,0,7433,1000000,16777216,read,464
measured,probe-memory-buffer,run,3350,2383200,0,0,0,7435,1000000,16777216,read,464
measured,probe-memory-buffer,run,3351,2383600,0,0,0,7437,1000000,16777216,read,464
measured,probe-memory-buffer,run,3352,2384100,0,0,0,7439,1000000,16777216,read,464
measured,probe-memory-buffer,run,3353,2384500,0,0,0,7441,1000000,16777216,read,465
measured,probe-memory-buffer,run,3354,2384900,0,0,0,7442,1000000,16777216,read,465
measured,probe-memory-buffer,run,3355,2385300,0,0,0,7444,1000000,16777216,read,465
measured,probe-memory-buffer,run,3356,2385800,0,0,0,7445,1000000,16777216,read,465
measured,probe-memory-buffer,run,3357,2386200,0,0,0,7447,1000000,16777216,read,465
measured,probe-memory-buffer,run,3358,2386600,0,0,0,7449,1000000,16777216,read,465
measured,probe-memory-buffer,run,3359,2387100,0,0,0,7450,1000000,16777216,read,465
measured,probe-memory-buffer,run,3360,2387500,0,0,0,7452,1000000,16777216,read,465
measured,probe-memory-buffer,run,3361,2387900,0,0,0,7454,1000000,16777216,read,465
measured,probe-memory-buffer,run,3362,2388300,0,0,0,7455,1000000,16777216,read,465
measured,probe-memory-buffer,run,3363,2388800,0,0,0,7457,1000000,16777216,read,466
measured,probe-memory-buffer,run,3364,2389200,0,0,0,7459,1000000,16777216,read,466
measured,probe-memory-buffer,run,3365,2389600,0,0,0,7460,1000000,16777216,read,466
measured,probe-memory-buffer,run,3366,2390100,0,0,0,7462,1000000,16777216,read,466
measured,probe-memory-buffer,run,3367,2390500,0,0,0,7464,1000000,16777216,read,466
measured,probe-memory-buffer,run,3368,2390900,0,0,0,7466,1000000,16777216,read,466
measured,probe-memory-buffer,run,3369,2391300,0,0,0,7467,1000000,16777216,read,466
measured,probe-memory-buffer,run,3370,2391800,0,0,0,7469,1000000,16777216,read,466
measured,probe-memory-buffer,run,3371,2392200,0,0,0,7471,1000000,16777216,read,466
measured,probe-memory-buffer,run,3372,2392600,0,0,0,7472,1000000,16777216,read,467
measured,probe-memory-buffer,run,3373,2393100,0,0,0,7474,1000000,16777216,read,467
measured,probe-memory-buffer,run,3374,2393500,0,0,0,7476,1000000,16777216,read,467
measured,probe-memory-buffer,run,3375,2393900,0,0,0,7477,1000000,16777216,read,467
measured,probe-memory-buffer,run,3376,2394300,0,0,0,7479,1000000,16777216,read,467
measured,probe-memory-buffer,run,3377,2394800,0,0,0,7480,1000000,16777216,read,467
measured,probe-memory-buffer,run,3378,2395200,0,0,0,7482,1000000,16777216,read,467
measured,probe-memory-buffer,run,3379,2395600,0,0,0,7484,1000000,16777216,read,467
measured,probe-memory-buffer,run,3380,2396100,0,0,0,7485,1000000,16777216,read,467
measured,probe-memory-buffer,run,3381,2396500,0,0,0,7487,1000000,16777216,read,467
measured,probe-memory-buffer,run,3382,2397700,0,0,0,7492,1000000,16777216,read,468
measured,probe-memory-buffer,run,3383,2398200,0,0,0,7494,1000000,16777216,read,468
measured,probe-memory-buffer,run,3384,2398600,0,0,0,7496,1000000,16777216,read,468
measured,probe-memory-buffer,run,3385,2399000,0,0,0,7497,1000000,16777216,read,468
measured,probe-memory-buffer,run,3386,2399400,0,0,0,7499,1000000,16777216,read,468
measured,probe-memory-buffer,run,3387,2399900,0,0,0,7500,1000000,16777216,read,468
measured,probe-memory-buffer,run,3388,2400300,0,0,0,7502,1000000,16777216,read,468
measured,probe-memory-buffer,run,3389,2400700,0,0,0,7504,1000000,16777216,read,469
measured,probe-memory-buffer,run,3390,2401200,0,0,0,7505,1000000,16777216,read,469
measured,probe-memory-buffer,run,3391,2401600,0,0,0,7507,1000000,16777216,read,469
measured,probe-memory-buffer,run,3392,2402000,0,0,0,7509,1000000,16777216,read,469
measured,probe-memory-buffer,run,3393,2402400,0,0,0,7510,1000000,16777216,read,469
measured,probe-memory-buffer,run,3394,2402900,0,0,0,7512,1000000,16777216,read,469
measured,probe-memory-buffer,run,3395,2403300,0,0,0,7514,1000000,16777216,read,469
measured,probe-memory-buffer,run,3396,2403700,0,0,0,7516,1000000,16777216,read,469
measured,probe-memory-buffer,run,3397,2404200,0,0,0,7517,1000000,16777216,read,469
measured,probe-memory-buffer,run,3398,2404600,0,0,0,7519,1000000,16777216,read,469
measured,probe-memory-buffer,run,3399,2405000,0,0,0,7521,1000000,16777216,read,470
measured,probe-memory-buffer,run,3400,2405400,0,0,0,7522,1000000,16777216,read,470
measured,probe-memory-buffer,run,3401,2405900,0,0,0,7524,1000000,16777216,read,470
measured,probe-memory-buffer,run,3402,2406300,0,0,0,7526,1000000,16777216,read,470
measured,probe-memory-buffer,run,3403,2406700,0,0,0,7527,1000000,16777216,read,470
measured,probe-memory-buffer,run,3404,2407200,0,0,0,7529,1000000,16777216,read,470
measured,probe-memory-buffer,run,3405,2407600,0,0,0,7531,1000000,16777216,read,470
measured,probe-memory-buffer,run,3406,2408000,0,0,0,7532,1000000,16777216,read,470
measured,probe-memory-buffer,run,3407,2408500,0,0,0,7534,1000000,16777216,read,470
measured,probe-memory-buffer,run,3408,2408900,0,0,0,7536,1000000,16777216,read,471
measured,probe-memory-buffer,run,3409,2409300,0,0,0,7537,1000000,16777216,read,471
measured,probe-memory-buffer,run,3410,2409800,0,0,0,7539,1000000,16777216,read,471
measured,probe-memory-buffer,run,3411,2410200,0,0,0,7541,1000000,16777216,read,471
measured,probe-memory-buffer,run,3412,2410600,0,0,0,7542,1000000,16777216,read,471
measured,probe-memory-buffer,run,3413,2411000,0,0,0,7544,1000000,16777216,read,471
measured,probe-memory-buffer,run,3414,2411500,0,0,0,7546,1000000,16777216,read,471
measured,probe-memory-buffer,run,3415,2411900,0,0,0,7548,1000000,16777216,read,471
measured,probe-memory-buffer,run,3416,2412300,0,0,0,7549,1000000,16777216,read,471
measured,probe-memory-buffer,run,3417,2412800,0,0,0,7551,1000000,16777216,read,471
measured,probe-memory-buffer,run,3418,2413200,0,0,0,7553,1000000,16777216,read,472
measured,probe-memory-buffer,run,3419,2413600,0,0,0,7554,1000000,16777216,read,472
measured,probe-memory-buffer,run,3420,2414100,0,0,0,7556,1000000,16777216,read,472
measured,probe-memory-buffer,run,3421,2414500,0,0,0,7558,1000000,16777216,read,472
measured,probe-memory-buffer,run,3422,2414900,0,0,0,7559,1000000,16777216,read,472
measured,probe-memory-buffer,run,3423,2415300,0,0,0,7561,1000000,16777216,read,472
measured,probe-memory-buffer,run,3424,2415800,0,0,0,7563,1000000,16777216,read,472
measured,probe-memory-buffer,run,3425,2416200,0,0,0,7564,1000000,16777216,read,472
measured,probe-memory-buffer,run,3426,2416600,0,0,0,7566,1000000,16777216,read,472
measured,probe-memory-buffer,run,3427,2417100,0,0,0,7567,1000000,16777216,read,472
measured,probe-memory-buffer,run,3428,2417500,0,0,0,7569,1000000,16777216,read,473
measured,probe-memory-buffer,run,3429,2417900,0,0,0,7571,1000000,16777216,read,473
measured,probe-memory-buffer,run,3430,2418400,0,0,0,7573,1000000,16777216,read,473
measured,probe-memory-buffer,run,3431,2418800,0,0,0,7575,1000000,16777216,read,473
measured,probe-memory-buffer,run,3432,2419200,0,0,0,7576,1000000,16777216,read,473
measured,probe-memory-buffer,run,3433,2419600,0,0,0,7578,1000000,16777216,read,473
measured,probe-memory-buffer,run,3434,2420100,0,0,0,7579,1000000,16777216,read,473
measured,probe-memory-buffer,run,3435,2420500,0,0,0,7581,1000000,16777216,read,473
measured,probe-memory-buffer,run,3436,2420900,0,0,0,7583,1000000,16777216,read,473
measured,probe-memory-buffer,run,3437,2421300,0,0,0,7584,1000000,16777216,read,474
measured,probe-memory-buffer,run,3438,2421800,0,0,0,7586,1000000,16777216,read,474
measured,probe-memory-buffer,run,3439,2424400,0,0,0,7596,1000000,16777216,read,474
measured,probe-memory-buffer,run,3440,2424800,0,0,0,7598,1000000,16777216,read,474
measured,probe-memory-buffer,run,3441,2425200,0,0,0,7600,1000000,16777216,read,475
measured,probe-memory-buffer,run,3442,2425700,0,0,0,7601,1000000,16777216,read,475
measured,probe-memory-buffer,run,3443,2426100,0,0,0,7603,1000000,16777216,read,475
measured,probe-memory-buffer,run,3444,2426500,0,0,0,7605,1000000,16777216,read,475
measured,probe-memory-buffer,run,3445,2426900,0,0,0,7606,1000000,16777216,read,475
measured,probe-memory-buffer,run,3446,2427400,0,0,0,7608,1000000,16777216,read,475
measured,probe-memory-buffer,run,3447,2427800,0,0,0,7610,1000000,16777216,read,475
measured,probe-memory-buffer,run,3448,2428200,0,0,0,7611,1000000,16777216,read,475
measured,probe-memory-buffer,run,3449,2428700,0,0,0,7613,1000000,16777216,read,475
measured,probe-memory-buffer,run,3450,2429100,0,0,0,7615,1000000,16777216,read,475
measured,probe-memory-buffer,run,3451,2429500,0,0,0,7616,1000000,16777216,read,476
measured,probe-memory-buffer,run,3452,2430000,0,0,0,7618,1000000,16777216,read,476
measured,probe-memory-buffer,run,3453,2430400,0,0,0,7620,1000000,16777216,read,476
measured,probe-memory-buffer,run,3454,2430800,0,0,0,7621,1000000,16777216,read,476
measured,probe-memory-buffer,run,3455,2431200,0,0,0,7623,1000000,16777216,read,476
measured,probe-memory-buffer,run,3456,2431700,0,0,0,7625,1000000,16777216,read,476
measured,probe-memory-buffer,run,3457,2432100,0,0,0,7626,1000000,16777216,read,476
measured,probe-memory-buffer,run,3458,2432500,0,0,0,7628,1000000,16777216,read,476
measured,probe-memory-buffer,run,3459,2433000,0,0,0,7630,1000000,16777216,read,476
measured,probe-memory-buffer,run,3460,2433400,0,0,0,7632,1000000,16777216,read,477
measured,probe-memory-buffer,run,3461,2433800,0,0,0,7633,1000000,16777216,read,477
measured,probe-memory-buffer,run,3462,2434300,0,0,0,7635,1000000,16777216,read,477
measured,probe-memory-buffer,run,3463,2434700,0,0,0,7637,1000000,16777216,read,477
measured,probe-memory-buffer,run,3464,2435100,0,0,0,7638,1000000,16777216,read,477
measured,probe-memory-buffer,run,3465,2435500,0,0,0,7640,1000000,16777216,read,477
measured,probe-memory-buffer,run,3466,2436000,0,0,0,7642,1000000,16777216,read,477
measured,probe-memory-buffer,run,3467,2436700,0,0,0,7644,1000000,16777216,read,477
measured,probe-memory-buffer,run,3468,2437200,0,0,0,7646,1000000,16777216,read,477
measured,probe-memory-buffer,run,3469,2437600,0,0,0,7648,1000000,16777216,read,478
measured,probe-memory-buffer,run,3470,2438000,0,0,0,7650,1000000,16777216,read,478
measured,probe-memory-buffer,run,3471,2438500,0,0,0,7651,1000000,16777216,read,478
measured,probe-memory-buffer,run,3472,2438900,0,0,0,7653,1000000,16777216,read,478
measured,probe-memory-buffer,run,3473,2439300,0,0,0,7655,1000000,16777216,read,478
measured,probe-memory-buffer,run,3474,2439800,0,0,0,7656,1000000,16777216,read,478
measured,probe-memory-buffer,run,3475,2440200,0,0,0,7658,1000000,16777216,read,478
measured,probe-memory-buffer,run,3476,2440600,0,0,0,7660,1000000,16777216,read,478
measured,probe-memory-buffer,run,3477,2441100,0,0,0,7661,1000000,16777216,read,478
measured,probe-memory-buffer,run,3478,2441500,0,0,0,7663,1000000,16777216,read,478
measured,probe-memory-buffer,run,3479,2441900,0,0,0,7665,1000000,16777216,read,479
measured,probe-memory-buffer,run,3480,2442300,0,0,0,7666,1000000,16777216,read,479
measured,probe-memory-buffer,run,3481,2442800,0,0,0,7668,1000000,16777216,read,479
measured,probe-memory-buffer,run,3482,2443200,0,0,0,7670,1000000,16777216,read,479
measured,probe-memory-buffer,run,3483,2443600,0,0,0,7671,1000000,16777216,read,479
measured,probe-memory-buffer,run,3484,2444100,0,0,0,7673,1000000,16777216,read,479
measured,probe-memory-buffer,run,3485,2444500,0,0,0,7675,1000000,16777216,read,479
measured,probe-memory-buffer,run,3486,2444900,0,0,0,7676,1000000,16777216,read,479
measured,probe-memory-buffer,run,3487,2445400,0,0,0,7678,1000000,16777216,read,479
measured,probe-memory-buffer,run,3488,2445800,0,0,0,7680,1000000,16777216,read,480
measured,probe-memory-buffer,run,3489,2446200,0,0,0,7682,1000000,16777216,read,480
measured,probe-memory-buffer,run,3490,2446600,0,0,0,7683,1000000,16777216,read,480
measured,probe-memory-buffer,run,3491,2447100,0,0,0,7685,1000000,16777216,read,480
measured,probe-memory-buffer,run,3492,2447500,0,0,0,7687,1000000,16777216,read,480
measured,probe-memory-buffer,run,3493,2447900,0,0,0,7688,1000000,16777216,read,480
measured,probe-memory-buffer,run,3494,2448400,0,0,0,7690,1000000,16777216,read,480
measured,probe-memory-buffer,run,3495,2448800,0,0,0,7692,1000000,16777216,read,480
measured,probe-memory-buffer,run,3496,2450200,0,0,0,7697,1000000,16777216,read,481
measured,probe-memory-buffer,run,3497,2450700,0,0,0,7699,1000000,16777216,read,481
measured,probe-memory-buffer,run,3498,2451100,0,0,0,7701,1000000,16777216,read,481
measured,probe-memory-buffer,run,3499,2451500,0,0,0,7702,1000000,16777216,read,481
measured,probe-memory-buffer,run,3500,2451900,0,0,0,7704,1000000,16777216,read,481
measured,probe-memory-buffer,run,3501,2452400,0,0,0,7705,1000000,16777216,read,481
measured,probe-memory-buffer,run,3502,2452800,0,0,0,7707,1000000,16777216,read,481
measured,probe-memory-buffer,run,3503,2453200,0,0,0,7709,1000000,16777216,read,481
measured,probe-memory-buffer,run,3504,2453600,0,0,0,7710,1000000,16777216,read,481
measured,probe-memory-buffer,run,3505,2454100,0,0,0,7712,1000000,16777216,read,482
measured,probe-memory-buffer,run,3506,2454500,0,0,0,7714,1000000,16777216,read,482
measured,probe-memory-buffer,run,3507,2454900,0,0,0,7716,1000000,16777216,read,482
measured,probe-memory-buffer,run,3508,2455400,0,0,0,7717,1000000,16777216,read,482
measured,probe-memory-buffer,run,3509,2455800,0,0,0,7719,1000000,16777216,read,482
measured,probe-memory-buffer,run,3510,2456200,0,0,0,7721,1000000,16777216,read,482
measured,probe-memory-buffer,run,3511,2456600,0,0,0,7722,1000000,16777216,read,482
measured,probe-memory-buffer,run,3512,2457100,0,0,0,7724,1000000,16777216,read,482
measured,probe-memory-buffer,run,3513,2457500,0,0,0,7726,1000000,16777216,read,482
measured,probe-memory-buffer,run,3514,2457900,0,0,0,7727,1000000,16777216,read,482
measured,probe-memory-buffer,run,3515,2458300,0,0,0,7729,1000000,16777216,read,483
measured,probe-memory-buffer,run,3516,2458800,0,0,0,7731,1000000,16777216,read,483
measured,probe-memory-buffer,run,3517,2459200,0,0,0,7732,1000000,16777216,read,483
measured,probe-memory-buffer,run,3518,2459600,0,0,0,7734,1000000,16777216,read,483
measured,probe-memory-buffer,run,3519,2460100,0,0,0,7735,1000000,16777216,read,483
measured,probe-memory-buffer,run,3520,2460500,0,0,0,7737,1000000,16777216,read,483
measured,probe-memory-buffer,run,3521,2460900,0,0,0,7739,1000000,16777216,read,483
measured,probe-memory-buffer,run,3522,2461300,0,0,0,7741,1000000,16777216,read,483
measured,probe-memory-buffer,run,3523,2461800,0,0,0,7742,1000000,16777216,read,483
measured,probe-memory-buffer,run,3524,2462200,0,0,0,7744,1000000,16777216,read,484
measured,probe-memory-buffer,run,3525,2462600,0,0,0,7746,1000000,16777216,read,484
measured,probe-memory-buffer,run,3526,2463100,0,0,0,7747,1000000,16777216,read,484
measured,probe-memory-buffer,run,3527,2463500,0,0,0,7749,1000000,16777216,read,484
measured,probe-memory-buffer,run,3528,2463900,0,0,0,7751,1000000,16777216,read,484
measured,probe-memory-buffer,run,3529,2464300,0,0,0,7752,1000000,16777216,read,484
measured,probe-memory-buffer,run,3530,2464800,0,0,0,7754,1000000,16777216,read,484
measured,probe-memory-buffer,run,3531,2465200,0,0,0,7756,1000000,16777216,read,484
measured,probe-memory-buffer,run,3532,2465600,0,0,0,7757,1000000,16777216,read,484
measured,probe-memory-buffer,run,3533,2466100,0,0,0,7759,1000000,16777216,read,484
measured,probe-memory-buffer,run,3534,2466500,0,0,0,7761,1000000,16777216,read,485
measured,probe-memory-buffer,run,3535,2466900,0,0,0,7762,1000000,16777216,read,485
measured,probe-memory-buffer,run,3536,2467300,0,0,0,7764,1000000,16777216,read,485
measured,probe-memory-buffer,run,3537,2467800,0,0,0,7766,1000000,16777216,read,485
measured,probe-memory-buffer,run,3538,2468200,0,0,0,7767,1000000,16777216,read,485
measured,probe-memory-buffer,run,3539,2468600,0,0,0,7769,1000000,16777216,read,485
measured,probe-memory-buffer,run,3540,2469100,0,0,0,7771,1000000,16777216,read,485
measured,probe-memory-buffer,run,3541,2469500,0,0,0,7773,1000000,16777216,read,485
measured,probe-memory-buffer,run,3542,2469900,0,0,0,7774,1000000,16777216,read,485
measured,probe-memory-buffer,run,3543,2470400,0,0,0,7776,1000000,16777216,read,486
measured,probe-memory-buffer,run,3544,2470800,0,0,0,7778,1000000,16777216,read,486
measured,probe-memory-buffer,run,3545,2471200,0,0,0,7779,1000000,16777216,read,486
measured,probe-memory-buffer,run,3546,2471600,0,0,0,7781,1000000,16777216,read,486
measured,probe-memory-buffer,run,3547,2472100,0,0,0,7782,1000000,16777216,read,486
measured,probe-memory-buffer,run,3548,2472500,0,0,0,7784,1000000,16777216,read,486
measured,probe-memory-buffer,run,3549,2472900,0,0,0,7786,1000000,16777216,read,486
measured,probe-memory-buffer,run,3550,2473400,0,0,0,7787,1000000,16777216,read,486
measured,probe-memory-buffer,run,3551,2473800,0,0,0,7789,1000000,16777216,read,486
measured,probe-memory-buffer,run,3552,2474200,0,0,0,7791,1000000,16777216,read,486
measured,probe-memory-buffer,run,3553,2475500,0,0,0,7796,1000000,16777216,read,487
measured,probe-memory-buffer,run,3554,2475900,0,0,0,7798,1000000,16777216,read,487
measured,probe-memory-buffer,run,3555,2476400,0,0,0,7799,1000000,16777216,read,487
measured,probe-memory-buffer,run,3556,2476800,0,0,0,7801,1000000,16777216,read,487
measured,probe-memory-buffer,run,3557,2477200,0,0,0,7803,1000000,16777216,read,487
measured,probe-memory-buffer,run,3558,2477700,0,0,0,7804,1000000,16777216,read,487
measured,probe-memory-buffer,run,3559,2478100,0,0,0,7806,1000000,16777216,read,487
measured,probe-memory-buffer,run,3560,2478500,0,0,0,7808,1000000,16777216,read,488
measured,probe-memory-buffer,run,3561,2479000,0,0,0,7809,1000000,16777216,read,488
measured,probe-memory-buffer,run,3562,2479400,0,0,0,7811,1000000,16777216,read,488
measured,probe-memory-buffer,run,3563,2479800,0,0,0,7813,1000000,16777216,read,488
measured,probe-memory-buffer,run,3564,2480200,0,0,0,7814,1000000,16777216,read,488
measured,probe-memory-buffer,run,3565,2480700,0,0,0,7816,1000000,16777216,read,488
measured,probe-memory-buffer,run,3566,2481100,0,0,0,7818,1000000,16777216,read,488
measured,probe-memory-buffer,run,3567,2481500,0,0,0,7819,1000000,16777216,read,488
measured,probe-memory-buffer,run,3568,2482000,0,0,0,7821,1000000,16777216,read,488
measured,probe-memory-buffer,run,3569,2482400,0,0,0,7823,1000000,16777216,read,488
measured,probe-memory-buffer,run,3570,2482800,0,0,0,7825,1000000,16777216,read,489
measured,probe-memory-buffer,run,3571,2483300,0,0,0,7826,1000000,16777216,read,489
measured,probe-memory-buffer,run,3572,2483700,0,0,0,7828,1000000,16777216,read,489
measured,probe-memory-buffer,run,3573,2484100,0,0,0,7830,1000000,16777216,read,489
measured,probe-memory-buffer,run,3574,2484500,0,0,0,7831,1000000,16777216,read,489
measured,probe-memory-buffer,run,3575,2485000,0,0,0,7833,1000000,16777216,read,489
measured,probe-memory-buffer,run,3576,2485400,0,0,0,7835,1000000,16777216,read,489
measured,probe-memory-buffer,run,3577,2485800,0,0,0,7836,1000000,16777216,read,489
measured,probe-memory-buffer,run,3578,2486200,0,0,0,7838,1000000,16777216,read,489
measured,probe-memory-buffer,run,3579,2486700,0,0,0,7839,1000000,16777216,read,489
measured,probe-memory-buffer,run,3580,2487100,0,0,0,7841,1000000,16777216,read,490
measured,probe-memory-buffer,run,3581,2487500,0,0,0,7843,1000000,16777216,read,490
measured,probe-memory-buffer,run,3582,2487900,0,0,0,7844,1000000,16777216,read,490
measured,probe-memory-buffer,run,3583,2488400,0,0,0,7846,1000000,16777216,read,490
measured,probe-memory-buffer,run,3584,2488800,0,0,0,7848,1000000,16777216,read,490
measured,probe-memory-buffer,run,3585,2489200,0,0,0,7850,1000000,16777216,read,490
measured,probe-memory-buffer,run,3586,2489600,0,0,0,7851,1000000,16777216,read,490
measured,probe-memory-buffer,run,3587,2490100,0,0,0,7853,1000000,16777216,read,490
measured,probe-memory-buffer,run,3588,2490500,0,0,0,7855,1000000,16777216,read,490
measured,probe-memory-buffer,run,3589,2490900,0,0,0,7856,1000000,16777216,read,491
measured,probe-memory-buffer,run,3590,2491300,0,0,0,7858,1000000,16777216,read,491
measured,probe-memory-buffer,run,3591,2491800,0,0,0,7860,1000000,16777216,read,491
measured,probe-memory-buffer,run,3592,2492200,0,0,0,7861,1000000,16777216,read,491
measured,probe-memory-buffer,run,3593,2492600,0,0,0,7863,1000000,16777216,read,491
measured,probe-memory-buffer,run,3594,2493100,0,0,0,7864,1000000,16777216,read,491
measured,probe-memory-buffer,run,3595,2493500,0,0,0,7866,1000000,16777216,read,491
measured,probe-memory-buffer,run,3596,2493900,0,0,0,7868,1000000,16777216,read,491
measured,probe-memory-buffer,run,3597,2494300,0,0,0,7869,1000000,16777216,read,491
measured,probe-memory-buffer,run,3598,2494800,0,0,0,7871,1000000,16777216,read,491
measured,probe-memory-buffer,run,3599,2495200,0,0,0,7873,1000000,16777216,read,492
measured,probe-memory-buffer,run,3600,2495600,0,0,0,7875,1000000,16777216,read,492
measured,probe-memory-buffer,run,3601,2496100,0,0,0,7876,1000000,16777216,read,492
measured,probe-memory-buffer,run,3602,2496500,0,0,0,7878,1000000,16777216,read,492
measured,probe-memory-buffer,run,3603,2496900,0,0,0,7880,1000000,16777216,read,492
measured,probe-memory-buffer,run,3604,2497400,0,0,0,7881,1000000,16777216,read,492
measured,probe-memory-buffer,run,3605,2497800,0,0,0,7883,1000000,16777216,read,492
measured,probe-memory-buffer,run,3606,2498200,0,0,0,7885,1000000,16777216,read,492
measured,probe-memory-buffer,run,3607,2498600,0,0,0,7886,1000000,16777216,read,492
measured,probe-memory-buffer,run,3608,2499100,0,0,0,7888,1000000,16777216,read,493
measured,probe-memory-buffer,run,3609,2499500,0,0,0,7890,1000000,16777216,read,493
measured,probe-memory-buffer,run,3610,2500800,0,0,0,7895,1000000,16777216,read,493
measured,probe-memory-buffer,run,3611,2501200,0,0,0,7896,1000000,16777216,read,493
measured,probe-memory-buffer,run,3612,2501700,0,0,0,7898,1000000,16777216,read,493
measured,probe-memory-buffer,run,3613,2502100,0,0,0,7900,1000000,16777216,read,493
measured,probe-memory-buffer,run,3614,2502500,0,0,0,7901,1000000,16777216,read,493
measured,probe-memory-buffer,run,3615,2503000,0,0,0,7903,1000000,16777216,read,493
measured,probe-memory-buffer,run,3616,2503400,0,0,0,7905,1000000,16777216,read,494
measured,probe-memory-buffer,run,3617,2503800,0,0,0,7907,1000000,16777216,read,494
measured,probe-memory-buffer,run,3618,2504200,0,0,0,7908,1000000,16777216,read,494
measured,probe-memory-buffer,run,3619,2504700,0,0,0,7910,1000000,16777216,read,494
measured,probe-memory-buffer,run,3620,2505100,0,0,0,7912,1000000,16777216,read,494
measured,probe-memory-buffer,run,3621,2505500,0,0,0,7913,1000000,16777216,read,494
measured,probe-memory-buffer,run,3622,2506000,0,0,0,7915,1000000,16777216,read,494
measured,probe-memory-buffer,run,3623,2506400,0,0,0,7917,1000000,16777216,read,494
measured,probe-memory-buffer,run,3624,2506800,0,0,0,7918,1000000,16777216,read,494
measured,probe-memory-buffer,run,3625,2507300,0,0,0,7920,1000000,16777216,read,495
measured,probe-memory-buffer,run,3626,2507700,0,0,0,7922,1000000,16777216,read,495
measured,probe-memory-buffer,run,3627,2508100,0,0,0,7923,1000000,16777216,read,495
measured,probe-memory-buffer,run,3628,2508600,0,0,0,7925,1000000,16777216,read,495
measured,probe-memory-buffer,run,3629,2509000,0,0,0,7927,1000000,16777216,read,495
measured,probe-memory-buffer,run,3630,2509400,0,0,0,7928,1000000,16777216,read,495
measured,probe-memory-buffer,run,3631,2509800,0,0,0,7930,1000000,16777216,read,495
measured,probe-memory-buffer,run,3632,2510300,0,0,0,7932,1000000,16777216,read,495
measured,probe-memory-buffer,run,3633,2510700,0,0,0,7933,1000000,16777216,read,495
measured,probe-memory-buffer,run,3634,2511100,0,0,0,7935,1000000,16777216,read,495
measured,probe-memory-buffer,run,3635,2511600,0,0,0,7937,1000000,16777216,read,496
measured,probe-memory-buffer,run,3636,2512000,0,0,0,7939,1000000,16777216,read,496
measured,probe-memory-buffer,run,3637,2512400,0,0,0,7940,1000000,16777216,read,496
measured,probe-memory-buffer,run,3638,2512900,0,0,0,7942,1000000,16777216,read,496
measured,probe-memory-buffer,run,3639,2513300,0,0,0,7944,1000000,16777216,read,496
measured,probe-memory-buffer,run,3640,2513700,0,0,0,7945,1000000,16777216,read,496
measured,probe-memory-buffer,run,3641,2514200,0,0,0,7947,1000000,16777216,read,496
measured,probe-memory-buffer,run,3642,2514600,0,0,0,7949,1000000,16777216,read,496
measured,probe-memory-buffer,run,3643,2515000,0,0,0,7950,1000000,16777216,read,496
measured,probe-memory-buffer,run,3644,2515400,0,0,0,7952,1000000,16777216,read,497
measured,probe-memory-buffer,run,3645,2515900,0,0,0,7953,1000000,16777216,read,497
measured,probe-memory-buffer,run,3646,2516300,0,0,0,7955,1000000,16777216,read,497
measured,probe-memory-buffer,run,3647,2516700,0,0,0,7957,1000000,16777216,read,497
measured,probe-memory-buffer,run,3648,2517100,0,0,0,7958,1000000,16777216,read,497
measured,probe-memory-buffer,run,3649,2517600,0,0,0,7960,1000000,16777216,read,497
measured,probe-memory-buffer,run,3650,2518000,0,0,0,7962,1000000,16777216,read,497
measured,probe-memory-buffer,run,3651,2518400,0,0,0,7964,1000000,16777216,read,497
measured,probe-memory-buffer,run,3652,2518900,0,0,0,7965,1000000,16777216,read,497
measured,probe-memory-buffer,run,3653,2519300,0,0,0,7967,1000000,16777216,read,497
measured,probe-memory-buffer,run,3654,2519700,0,0,0,7969,1000000,16777216,read,498
measured,probe-memory-buffer,run,3655,2520100,0,0,0,7970,1000000,16777216,read,498
measured,probe-memory-buffer,run,3656,2520600,0,0,0,7972,1000000,16777216,read,498
measured,probe-memory-buffer,run,3657,2521000,0,0,0,7974,1000000,16777216,read,498
measured,probe-memory-buffer,run,3658,2521400,0,0,0,7975,1000000,16777216,read,498
measured,probe-memory-buffer,run,3659,2521900,0,0,0,7977,1000000,16777216,read,498
measured,probe-memory-buffer,run,3660,2522300,0,0,0,7979,1000000,16777216,read,498
measured,probe-memory-buffer,run,3661,2522700,0,0,0,7980,1000000,16777216,read,498
measured,probe-memory-buffer,run,3662,2523100,0,0,0,7982,1000000,16777216,read,498
measured,probe-memory-buffer,run,3663,2523600,0,0,0,7983,1000000,16777216,read,498
measured,probe-memory-buffer,run,3664,2524000,0,0,0,7985,1000000,16777216,read,499
measured,probe-memory-buffer,run,3665,2524400,0,0,0,7987,1000000,16777216,read,499
measured,probe-memory-buffer,run,3666,2524900,0,0,0,7989,1000000,16777216,read,499
measured,probe-memory-buffer,run,3667,2526100,0,0,0,7994,1000000,16777216,read,499
measured,probe-memory-buffer,run,3668,2526500,0,0,0,7995,1000000,16777216,read,499
measured,probe-memory-buffer,run,3669,2527000,0,0,0,7997,1000000,16777216,read,499
measured,probe-memory-buffer,run,3670,2527400,0,0,0,7999,1000000,16777216,read,499
measured,probe-memory-buffer,run,3671,2527800,0,0,0,8000,1000000,16777216,read,500
measured,probe-memory-buffer,run,3672,2528200,0,0,0,8002,1000000,16777216,read,500
measured,probe-memory-buffer,run,3673,2528700,0,0,0,8003,1000000,16777216,read,500
measured,probe-memory-buffer,run,3674,2529100,0,0,0,8005,1000000,16777216,read,500
measured,probe-memory-buffer,run,3675,2529500,0,0,0,8007,1000000,16777216,read,500
measured,probe-memory-buffer,run,3676,2530000,0,0,0,8008,1000000,16777216,read,500
measured,probe-memory-buffer,run,3677,2530400,0,0,0,8010,1000000,16777216,read,500
measured,probe-memory-buffer,run,3678,2530800,0,0,0,8012,1000000,16777216,read,500
measured,probe-memory-buffer,run,3679,2531200,0,0,0,8014,1000000,16777216,read,500
measured,probe-memory-buffer,run,3680,2531700,0,0,0,8015,1000000,16777216,read,500
measured,probe-memory-buffer,run,3681,2532100,0,0,0,8017,1000000,16777216,read,501
measured,probe-memory-buffer,run,3682,2532500,0,0,0,8019,1000000,16777216,read,501
measured,probe-memory-buffer,run,3683,2533000,0,0,0,8020,1000000,16777216,read,501
measured,probe-memory-buffer,run,3684,2533400,0,0,0,8022,1000000,16777216,read,501
measured,probe-memory-buffer,run,3685,2533800,0,0,0,8024,1000000,16777216,read,501
measured,probe-memory-buffer,run,3686,2534200,0,0,0,8025,1000000,16777216,read,501
measured,probe-memory-buffer,run,3687,2534700,0,0,0,8027,1000000,16777216,read,501
measured,probe-memory-buffer,run,3688,2535100,0,0,0,8029,1000000,16777216,read,501
measured,probe-memory-buffer,run,3689,2535500,0,0,0,8030,1000000,16777216,read,501
measured,probe-memory-buffer,run,3690,2536000,0,0,0,8032,1000000,16777216,read,502
measured,probe-memory-buffer,run,3691,2536400,0,0,0,8034,1000000,16777216,read,502
measured,probe-memory-buffer,run,3692,2536800,0,0,0,8035,1000000,16777216,read,502
measured,probe-memory-buffer,run,3693,2537200,0,0,0,8037,1000000,16777216,read,502
measured,probe-memory-buffer,run,3694,2537700,0,0,0,8039,1000000,16777216,read,502
measured,probe-memory-buffer,run,3695,2538100,0,0,0,8041,1000000,16777216,read,502
measured,probe-memory-buffer,run,3696,2538500,0,0,0,8042,1000000,16777216,read,502
measured,probe-memory-buffer,run,3697,2539000,0,0,0,8044,1000000,16777216,read,502
measured,probe-memory-buffer,run,3698,2539400,0,0,0,8046,1000000,16777216,read,502
measured,probe-memory-buffer,run,3699,2539800,0,0,0,8047,1000000,16777216,read,502
measured,probe-memory-buffer,run,3700,2540200,0,0,0,8049,1000000,16777216,read,503
measured,probe-memory-buffer,run,3701,2540700,0,0,0,8050,1000000,16777216,read,503
measured,probe-memory-buffer,run,3702,2541100,0,0,0,8052,1000000,16777216,read,503
measured,probe-memory-buffer,run,3703,2541500,0,0,0,8054,1000000,16777216,read,503
measured,probe-memory-buffer,run,3704,2542000,0,0,0,8055,1000000,16777216,read,503
measured,probe-memory-buffer,run,3705,2542400,0,0,0,8057,1000000,16777216,read,503
measured,probe-memory-buffer,run,3706,2542800,0,0,0,8059,1000000,16777216,read,503
measured,probe-memory-buffer,run,3707,2543200,0,0,0,8060,1000000,16777216,read,503
measured,probe-memory-buffer,run,3708,2543700,0,0,0,8062,1000000,16777216,read,503
measured,probe-memory-buffer,run,3709,2544100,0,0,0,8064,1000000,16777216,read,504
measured,probe-memory-buffer,run,3710,2544500,0,0,0,8066,1000000,16777216,read,504
measured,probe-memory-buffer,run,3711,2544900,0,0,0,8067,1000000,16777216,read,504
measured,probe-memory-buffer,run,3712,2545400,0,0,0,8069,1000000,16777216,read,504
measured,probe-memory-buffer,run,3713,2545800,0,0,0,8071,1000000,16777216,read,504
measured,probe-memory-buffer,run,3714,2546200,0,0,0,8072,1000000,16777216,read,504
measured,probe-memory-buffer,run,3715,2546700,0,0,0,8074,1000000,16777216,read,504
measured,probe-memory-buffer,run,3716,2547100,0,0,0,8076,1000000,16777216,read,504
measured,probe-memory-buffer,run,3717,2547500,0,0,0,8077,1000000,16777216,read,504
measured,probe-memory-buffer,run,3718,2547900,0,0,0,8079,1000000,16777216,read,504
measured,probe-memory-buffer,run,3719,2548400,0,0,0,8081,1000000,16777216,read,505
measured,probe-memory-buffer,run,3720,2548800,0,0,0,8082,1000000,16777216,read,505
measured,probe-memory-buffer,run,3721,2549200,0,0,0,8084,1000000,16777216,read,505
measured,probe-memory-buffer,run,3722,2549700,0,0,0,8085,1000000,16777216,read,505
measured,probe-memory-buffer,run,3723,2550100,0,0,0,8087,1000000,16777216,read,505
measured,probe-memory-buffer,run,3724,2551500,0,0,0,8092,1000000,16777216,read,505
measured,probe-memory-buffer,run,3725,2551900,0,0,0,8094,1000000,16777216,read,505
measured,probe-memory-buffer,run,3726,2552300,0,0,0,8096,1000000,16777216,read,506
measured,probe-memory-buffer,run,3727,2552700,0,0,0,8098,1000000,16777216,read,506
measured,probe-memory-buffer,run,3728,2553200,0,0,0,8099,1000000,16777216,read,506
measured,probe-memory-buffer,run,3729,2553600,0,0,0,8101,1000000,16777216,read,506
measured,probe-memory-buffer,run,3730,2554000,0,0,0,8103,1000000,16777216,read,506
measured,probe-memory-buffer,run,3731,2554500,0,0,0,8104,1000000,16777216,read,506
measured,probe-memory-buffer,run,3732,2554900,0,0,0,8106,1000000,16777216,read,506
measured,probe-memory-buffer,run,3733,2555300,0,0,0,8108,1000000,16777216,read,506
measured,probe-memory-buffer,run,3734,2555700,0,0,0,8109,1000000,16777216,read,506
measured,probe-memory-buffer,run,3735,2556200,0,0,0,8111,1000000,16777216,read,506
measured,probe-memory-buffer,run,3736,2556600,0,0,0,8113,1000000,16777216,read,507
measured,probe-memory-buffer,run,3737,2557000,0,0,0,8114,1000000,16777216,read,507
measured,probe-memory-buffer,run,3738,2557500,0,0,0,8116,1000000,16777216,read,507
measured,probe-memory-buffer,run,3739,2557900,0,0,0,8118,1000000,16777216,read,507
measured,probe-memory-buffer,run,3740,2558300,0,0,0,8119,1000000,16777216,read,507
measured,probe-memory-buffer,run,3741,2558800,0,0,0,8121,1000000,16777216,read,507
measured,probe-memory-buffer,run,3742,2559200,0,0,0,8123,1000000,16777216,read,507
measured,probe-memory-buffer,run,3743,2559600,0,0,0,8125,1000000,16777216,read,507
measured,probe-memory-buffer,run,3744,2560000,0,0,0,8126,1000000,16777216,read,507
measured,probe-memory-buffer,run,3745,2560500,0,0,0,8128,1000000,16777216,read,508
measured,probe-memory-buffer,run,3746,2560900,0,0,0,8130,1000000,16777216,read,508
measured,probe-memory-buffer,run,3747,2561300,0,0,0,8131,1000000,16777216,read,508
measured,probe-memory-buffer,run,3748,2561800,0,0,0,8133,1000000,16777216,read,508
measured,probe-memory-buffer,run,3749,2562200,0,0,0,8135,1000000,16777216,read,508
measured,probe-memory-buffer,run,3750,2562600,0,0,0,8136,1000000,16777216,read,508
measured,probe-memory-buffer,run,3751,2563100,0,0,0,8138,1000000,16777216,read,508
measured,probe-memory-buffer,run,3752,2563500,0,0,0,8140,1000000,16777216,read,508
measured,probe-memory-buffer,run,3753,2563900,0,0,0,8141,1000000,16777216,read,508
measured,probe-memory-buffer,run,3754,2564300,0,0,0,8143,1000000,16777216,read,508
measured,probe-memory-buffer,run,3755,2564800,0,0,0,8144,1000000,16777216,read,509
measured,probe-memory-buffer,run,3756,2565200,0,0,0,8146,1000000,16777216,read,509
measured,probe-memory-buffer,run,3757,2565600,0,0,0,8148,1000000,16777216,read,509
measured,probe-memory-buffer,run,3758,2566100,0,0,0,8150,1000000,16777216,read,509
measured,probe-memory-buffer,run,3759,2566500,0,0,0,8151,1000000,16777216,read,509
measured,probe-memory-buffer,run,3760,2566900,0,0,0,8153,1000000,16777216,read,509
measured,probe-memory-buffer,run,3761,2567300,0,0,0,8155,1000000,16777216,read,509
measured,probe-memory-buffer,run,3762,2567800,0,0,0,8156,1000000,16777216,read,509
measured,probe-memory-buffer,run,3763,2568200,0,0,0,8158,1000000,16777216,read,509
measured,probe-memory-buffer,run,3764,2568600,0,0,0,8160,1000000,16777216,read,510
measured,probe-memory-buffer,run,3765,2569100,0,0,0,8161,1000000,16777216,read,510
measured,probe-memory-buffer,run,3766,2569500,0,0,0,8163,1000000,16777216,read,510
measured,probe-memory-buffer,run,3767,2569900,0,0,0,8165,1000000,16777216,read,510
measured,probe-memory-buffer,run,3768,2570300,0,0,0,8166,1000000,16777216,read,510
measured,probe-memory-buffer,run,3769,2570800,0,0,0,8168,1000000,16777216,read,510
measured,probe-memory-buffer,run,3770,2571200,0,0,0,8170,1000000,16777216,read,510
measured,probe-memory-buffer,run,3771,2571600,0,0,0,8171,1000000,16777216,read,510
measured,probe-memory-buffer,run,3772,2572100,0,0,0,8173,1000000,16777216,read,510
measured,probe-memory-buffer,run,3773,2572500,0,0,0,8175,1000000,16777216,read,510
measured,probe-memory-buffer,run,3774,2572900,0,0,0,8176,1000000,16777216,read,511
measured,probe-memory-buffer,run,3775,2573300,0,0,0,8178,1000000,16777216,read,511
measured,probe-memory-buffer,run,3776,2573800,0,0,0,8180,1000000,16777216,read,511
measured,probe-memory-buffer,run,3777,2574200,0,0,0,8182,1000000,16777216,read,511
measured,probe-memory-buffer,run,3778,2574600,0,0,0,8183,1000000,16777216,read,511
measured,probe-memory-buffer,run,3779,2575000,0,0,0,8185,1000000,16777216,read,511
measured,probe-memory-buffer,run,3780,2575500,0,0,0,8186,1000000,16777216,read,511
measured,probe-memory-buffer,run,3781,2576800,0,0,0,8191,1000000,16777216,read,511
measured,probe-memory-buffer,run,3782,2577500,0,0,0,8194,1000000,16777216,read,512
measured,probe-memory-buffer,run,3783,2578000,0,0,0,8196,1000000,16777216,read,512
measured,probe-memory-buffer,run,3784,2578400,0,0,0,8198,1000000,16777216,read,512
measured,probe-memory-buffer,run,3785,2578800,0,0,0,8200,1000000,16777216,read,512
measured,probe-memory-buffer,run,3786,2579200,0,0,0,8201,1000000,16777216,read,512
measured,probe-memory-buffer,run,3787,2579700,0,0,0,8203,1000000,16777216,read,512
measured,probe-memory-buffer,run,3788,2580100,0,0,0,8205,1000000,16777216,read,512
measured,probe-memory-buffer,run,3789,2580500,0,0,0,8206,1000000,16777216,read,512
measured,probe-memory-buffer,run,3790,2581000,0,0,0,8208,1000000,16777216,read,513
measured,probe-memory-buffer,run,3791,2581400,0,0,0,8210,1000000,16777216,read,513
measured,probe-memory-buffer,run,3792,2581800,0,0,0,8211,1000000,16777216,read,513
measured,probe-memory-buffer,run,3793,2582200,0,0,0,8213,1000000,16777216,read,513
measured,probe-memory-buffer,run,3794,2582700,0,0,0,8214,1000000,16777216,read,513
measured,probe-memory-buffer,run,3795,2583100,0,0,0,8216,1000000,16777216,read,513
measured,probe-memory-buffer,run,3796,2583500,0,0,0,8218,1000000,16777216,read,513
measured,probe-memory-buffer,run,3797,2584000,0,0,0,8219,1000000,16777216,read,513
measured,probe-memory-buffer,run,3798,2584400,0,0,0,8221,1000000,16777216,read,513
measured,probe-memory-buffer,run,3799,2584800,0,0,0,8223,1000000,16777216,read,513
measured,probe-memory-buffer,run,3800,2585200,0,0,0,8225,1000000,16777216,read,514
measured,probe-memory-buffer,run,3801,2585700,0,0,0,8226,1000000,16777216,read,514
measured,probe-memory-buffer,run,3802,2586100,0,0,0,8228,1000000,16777216,read,514
measured,probe-memory-buffer,run,3803,2586500,0,0,0,8230,1000000,16777216,read,514
measured,probe-memory-buffer,run,3804,2587000,0,0,0,8231,1000000,16777216,read,514
measured,probe-memory-buffer,run,3805,2587400,0,0,0,8233,1000000,16777216,read,514
measured,probe-memory-buffer,run,3806,2587800,0,0,0,8235,1000000,16777216,read,514
measured,probe-memory-buffer,run,3807,2588200,0,0,0,8236,1000000,16777216,read,514
measured,probe-memory-buffer,run,3808,2588700,0,0,0,8238,1000000,16777216,read,514
measured,probe-memory-buffer,run,3809,2589100,0,0,0,8240,1000000,16777216,read,515
measured,probe-memory-buffer,run,3810,2589500,0,0,0,8241,1000000,16777216,read,515
measured,probe-memory-buffer,run,3811,2590000,0,0,0,8243,1000000,16777216,read,515
measured,probe-memory-buffer,run,3812,2590400,0,0,0,8245,1000000,16777216,read,515
measured,probe-memory-buffer,run,3813,2590800,0,0,0,8246,1000000,16777216,read,515
measured,probe-memory-buffer,run,3814,2591200,0,0,0,8248,1000000,16777216,read,515
measured,probe-memory-buffer,run,3815,2591700,0,0,0,8250,1000000,16777216,read,515
measured,probe-memory-buffer,run,3816,2592100,0,0,0,8251,1000000,16777216,read,515
measured,probe-memory-buffer,run,3817,2592500,0,0,0,8253,1000000,16777216,read,515
measured,probe-memory-buffer,run,3818,2593000,0,0,0,8255,1000000,16777216,read,515
measured,probe-memory-buffer,run,3819,2593400,0,0,0,8257,1000000,16777216,read,516
measured,probe-memory-buffer,run,3820,2593800,0,0,0,8258,1000000,16777216,read,516
measured,probe-memory-buffer,run,3821,2594200,0,0,0,8260,1000000,16777216,read,516
measured,probe-memory-buffer,run,3822,2594700,0,0,0,8262,1000000,16777216,read,516
measured,probe-memory-buffer,run,3823,2595100,0,0,0,8263,1000000,16777216,read,516
measured,probe-memory-buffer,run,3824,2595500,0,0,0,8265,1000000,16777216,read,516
measured,probe-memory-buffer,run,3825,2596000,0,0,0,8266,1000000,16777216,read,516
measured,probe-memory-buffer,run,3826,2596400,0,0,0,8268,1000000,16777216,read,516
measured,probe-memory-buffer,run,3827,2596800,0,0,0,8270,1000000,16777216,read,516
measured,probe-memory-buffer,run,3828,2597200,0,0,0,8271,1000000,16777216,read,516
measured,probe-memory-buffer,run,3829,2597700,0,0,0,8273,1000000,16777216,read,517
measured,probe-memory-buffer,run,3830,2598100,0,0,0,8275,1000000,16777216,read,517
measured,probe-memory-buffer,run,3831,2598500,0,0,0,8276,1000000,16777216,read,517
measured,probe-memory-buffer,run,3832,2599000,0,0,0,8278,1000000,16777216,read,517
measured,probe-memory-buffer,run,3833,2599400,0,0,0,8280,1000000,16777216,read,517
measured,probe-memory-buffer,run,3834,2599800,0,0,0,8282,1000000,16777216,read,517
measured,probe-memory-buffer,run,3835,2600300,0,0,0,8283,1000000,16777216,read,517
measured,probe-memory-buffer,run,3836,2600700,0,0,0,8285,1000000,16777216,read,517
measured,probe-memory-buffer,run,3837,2602100,0,0,0,8290,1000000,16777216,read,518
measured,probe-memory-buffer,run,3838,2602500,0,0,0,8292,1000000,16777216,read,518
measured,probe-memory-buffer,run,3839,2602900,0,0,0,8294,1000000,16777216,read,518
measured,probe-memory-buffer,run,3840,2603400,0,0,0,8295,1000000,16777216,read,518
measured,probe-memory-buffer,run,3841,2603800,0,0,0,8297,1000000,16777216,read,518
measured,probe-memory-buffer,run,3842,2604200,0,0,0,8299,1000000,16777216,read,518
measured,probe-memory-buffer,run,3843,2604600,0,0,0,8300,1000000,16777216,read,518
measured,probe-memory-buffer,run,3844,2605100,0,0,0,8302,1000000,16777216,read,518
measured,probe-memory-buffer,run,3845,2605500,0,0,0,8304,1000000,16777216,read,519
measured,probe-memory-buffer,run,3846,2605900,0,0,0,8305,1000000,16777216,read,519
measured,probe-memory-buffer,run,3847,2606400,0,0,0,8307,1000000,16777216,read,519
measured,probe-memory-buffer,run,3848,2606800,0,0,0,8309,1000000,16777216,read,519
measured,probe-memory-buffer,run,3849,2607200,0,0,0,8310,1000000,16777216,read,519
measured,probe-memory-buffer,run,3850,2607600,0,0,0,8312,1000000,16777216,read,519
measured,probe-memory-buffer,run,3851,2608100,0,0,0,8314,1000000,16777216,read,519
measured,probe-memory-buffer,run,3852,2608500,0,0,0,8316,1000000,16777216,read,519
measured,probe-memory-buffer,run,3853,2608900,0,0,0,8317,1000000,16777216,read,519
measured,probe-memory-buffer,run,3854,2609400,0,0,0,8319,1000000,16777216,read,519
measured,probe-memory-buffer,run,3855,2609800,0,0,0,8321,1000000,16777216,read,520
measured,probe-memory-buffer,run,3856,2610200,0,0,0,8322,1000000,16777216,read,520
measured,probe-memory-buffer,run,3857,2610700,0,0,0,8324,1000000,16777216,read,520
measured,probe-memory-buffer,run,3858,2611100,0,0,0,8326,1000000,16777216,read,520
measured,probe-memory-buffer,run,3859,2611500,0,0,0,8327,1000000,16777216,read,520
measured,probe-memory-buffer,run,3860,2611900,0,0,0,8329,1000000,16777216,read,520
measured,probe-memory-buffer,run,3861,2612400,0,0,0,8330,1000000,16777216,read,520
measured,probe-memory-buffer,run,3862,2612800,0,0,0,8332,1000000,16777216,read,520
measured,probe-memory-buffer,run,3863,2613200,0,0,0,8334,1000000,16777216,read,520
measured,probe-memory-buffer,run,3864,2613700,0,0,0,8335,1000000,16777216,read,520
measured,probe-memory-buffer,run,3865,2614100,0,0,0,8337,1000000,16777216,read,521
measured,probe-memory-buffer,run,3866,2614500,0,0,0,8339,1000000,16777216,read,521
measured,probe-memory-buffer,run,3867,2614900,0,0,0,8341,1000000,16777216,read,521
measured,probe-memory-buffer,run,3868,2615400,0,0,0,8342,1000000,16777216,read,521
measured,probe-memory-buffer,run,3869,2615800,0,0,0,8344,1000000,16777216,read,521
measured,probe-memory-buffer,run,3870,2616200,0,0,0,8346,1000000,16777216,read,521
measured,probe-memory-buffer,run,3871,2616700,0,0,0,8347,1000000,16777216,read,521
measured,probe-memory-buffer,run,3872,2617100,0,0,0,8349,1000000,16777216,read,521
measured,probe-memory-buffer,run,3873,2617500,0,0,0,8351,1000000,16777216,read,521
measured,probe-memory-buffer,run,3874,2617900,0,0,0,8352,1000000,16777216,read,522
measured,probe-memory-buffer,run,3875,2618400,0,0,0,8354,1000000,16777216,read,522
measured,probe-memory-buffer,run,3876,2618800,0,0,0,8356,1000000,16777216,read,522
measured,probe-memory-buffer,run,3877,2619200,0,0,0,8357,1000000,16777216,read,522
measured,probe-memory-buffer,run,3878,2619700,0,0,0,8359,1000000,16777216,read,522
measured,probe-memory-buffer,run,3879,2620100,0,0,0,8361,1000000,16777216,read,522
measured,probe-memory-buffer,run,3880,2620500,0,0,0,8362,1000000,16777216,read,522
measured,probe-memory-buffer,run,3881,2620900,0,0,0,8364,1000000,16777216,read,522
measured,probe-memory-buffer,run,3882,2621400,0,0,0,8366,1000000,16777216,read,522
measured,probe-memory-buffer,run,3883,2621800,0,0,0,8367,1000000,16777216,read,522
measured,probe-memory-buffer,run,3884,2622200,0,0,0,8369,1000000,16777216,read,523
measured,probe-memory-buffer,run,3885,2622700,0,0,0,8371,1000000,16777216,read,523
measured,probe-memory-buffer,run,3886,2623100,0,0,0,8373,1000000,16777216,read,523
measured,probe-memory-buffer,run,3887,2623500,0,0,0,8374,1000000,16777216,read,523
measured,probe-memory-buffer,run,3888,2623900,0,0,0,8376,1000000,16777216,read,523
measured,probe-memory-buffer,run,3889,2624400,0,0,0,8377,1000000,16777216,read,523
measured,probe-memory-buffer,run,3890,2624800,0,0,0,8379,1000000,16777216,read,523
measured,probe-memory-buffer,run,3891,2625200,0,0,0,8381,1000000,16777216,read,523
measured,probe-memory-buffer,run,3892,2625700,0,0,0,8382,1000000,16777216,read,523
measured,probe-memory-buffer,run,3893,2626100,0,0,0,8384,1000000,16777216,read,524
measured,probe-memory-buffer,run,3894,2627500,0,0,0,8389,1000000,16777216,read,524
measured,probe-memory-buffer,run,3895,2627900,0,0,0,8391,1000000,16777216,read,524
measured,probe-memory-buffer,run,3896,2628300,0,0,0,8393,1000000,16777216,read,524
measured,probe-memory-buffer,run,3897,2628800,0,0,0,8394,1000000,16777216,read,524
measured,probe-memory-buffer,run,3898,2629200,0,0,0,8396,1000000,16777216,read,524
measured,probe-memory-buffer,run,3899,2629600,0,0,0,8398,1000000,16777216,read,524
measured,probe-memory-buffer,run,3900,2630000,0,0,0,8400,1000000,16777216,read,525
measured,probe-memory-buffer,run,3901,2630500,0,0,0,8401,1000000,16777216,read,525
measured,probe-memory-buffer,run,3902,2630900,0,0,0,8403,1000000,16777216,read,525
measured,probe-memory-buffer,run,3903,2631300,0,0,0,8405,1000000,16777216,read,525
measured,probe-memory-buffer,run,3904,2631800,0,0,0,8407,1000000,16777216,read,525
measured,probe-memory-buffer,run,3905,2632200,0,0,0,8408,1000000,16777216,read,525
measured,probe-memory-buffer,run,3906,2632700,0,0,0,8410,1000000,16777216,read,525
measured,probe-memory-buffer,run,3907,2633100,0,0,0,8412,1000000,16777216,read,525
measured,probe-memory-buffer,run,3908,2633500,0,0,0,8413,1000000,16777216,read,525
measured,probe-memory-buffer,run,3909,2634000,0,0,0,8415,1000000,16777216,read,525
measured,probe-memory-buffer,run,3910,2634400,0,0,0,8417,1000000,16777216,read,526
measured,probe-memory-buffer,run,3911,2634800,0,0,0,8418,1000000,16777216,read,526
measured,probe-memory-buffer,run,3912,2635200,0,0,0,8420,1000000,16777216,read,526
measured,probe-memory-buffer,run,3913,2635700,0,0,0,8422,1000000,16777216,read,526
measured,probe-memory-buffer,run,3914,2636100,0,0,0,8423,1000000,16777216,read,526
measured,probe-memory-buffer,run,3915,2636500,0,0,0,8425,1000000,16777216,read,526
measured,probe-memory-buffer,run,3916,2637000,0,0,0,8426,1000000,16777216,read,526
measured,probe-memory-buffer,run,3917,2637400,0,0,0,8428,1000000,16777216,read,526
measured,probe-memory-buffer,run,3918,2637800,0,0,0,8430,1000000,16777216,read,526
measured,probe-memory-buffer,run,3919,2638300,0,0,0,8432,1000000,16777216,read,527
measured,probe-memory-buffer,run,3920,2638700,0,0,0,8433,1000000,16777216,read,527
measured,probe-memory-buffer,run,3921,2639100,0,0,0,8435,1000000,16777216,read,527
measured,probe-memory-buffer,run,3922,2639600,0,0,0,8437,1000000,16777216,read,527
measured,probe-memory-buffer,run,3923,2640000,0,0,0,8439,1000000,16777216,read,527
measured,probe-memory-buffer,run,3924,2640400,0,0,0,8440,1000000,16777216,read,527
measured,probe-memory-buffer,run,3925,2640800,0,0,0,8442,1000000,16777216,read,527
measured,probe-memory-buffer,run,3926,2641300,0,0,0,8443,1000000,16777216,read,527
measured,probe-memory-buffer,run,3927,2641700,0,0,0,8445,1000000,16777216,read,527
measured,probe-memory-buffer,run,3928,2642100,0,0,0,8447,1000000,16777216,read,527
measured,probe-memory-buffer,run,3929,2642600,0,0,0,8448,1000000,16777216,read,528
measured,probe-memory-buffer,run,3930,2643000,0,0,0,8450,1000000,16777216,read,528
measured,probe-memory-buffer,run,3931,2643400,0,0,0,8452,1000000,16777216,read,528
measured,probe-memory-buffer,run,3932,2643800,0,0,0,8453,1000000,16777216,read,528
measured,probe-memory-buffer,run,3933,2644300,0,0,0,8455,1000000,16777216,read,528
measured,probe-memory-buffer,run,3934,2644700,0,0,0,8457,1000000,16777216,read,528
measured,probe-memory-buffer,run,3935,2645100,0,0,0,8458,1000000,16777216,read,528
measured,probe-memory-buffer,run,3936,2645600,0,0,0,8460,1000000,16777216,read,528
measured,probe-memory-buffer,run,3937,2646000,0,0,0,8462,1000000,16777216,read,528
measured,probe-memory-buffer,run,3938,2646400,0,0,0,8464,1000000,16777216,read,529
measured,probe-memory-buffer,run,3939,2646800,0,0,0,8465,1000000,16777216,read,529
measured,probe-memory-buffer,run,3940,2647300,0,0,0,8467,1000000,16777216,read,529
measured,probe-memory-buffer,run,3941,2647700,0,0,0,8469,1000000,16777216,read,529
measured,probe-memory-buffer,run,3942,2648100,0,0,0,8470,1000000,16777216,read,529
measured,probe-memory-buffer,run,3943,2648600,0,0,0,8472,1000000,16777216,read,529
measured,probe-memory-buffer,run,3944,2649000,0,0,0,8474,1000000,16777216,read,529
measured,probe-memory-buffer,run,3945,2649400,0,0,0,8475,1000000,16777216,read,529
measured,probe-memory-buffer,run,3946,2649800,0,0,0,8477,1000000,16777216,read,529
measured,probe-memory-buffer,run,3947,2650300,0,0,0,8478,1000000,16777216,read,529
measured,probe-memory-buffer,run,3948,2650700,0,0,0,8480,1000000,16777216,read,530
measured,probe-memory-buffer,run,3949,2651100,0,0,0,8482,1000000,16777216,read,530
measured,probe-memory-buffer,run,3950,2651500,0,0,0,8483,1000000,16777216,read,530
measured,probe-memory-buffer,run,3951,2652900,0,0,0,8489,1000000,16777216,read,530
measured,probe-memory-buffer,run,3952,2653300,0,0,0,8491,1000000,16777216,read,530
measured,probe-memory-buffer,run,3953,2653800,0,0,0,8492,1000000,16777216,read,530
measured,probe-memory-buffer,run,3954,2654200,0,0,0,8494,1000000,16777216,read,530
measured,probe-memory-buffer,run,3955,2654600,0,0,0,8496,1000000,16777216,read,531
measured,probe-memory-buffer,run,3956,2655100,0,0,0,8497,1000000,16777216,read,531
measured,probe-memory-buffer,run,3957,2655500,0,0,0,8499,1000000,16777216,read,531
measured,probe-memory-buffer,run,3958,2655900,0,0,0,8501,1000000,16777216,read,531
measured,probe-memory-buffer,run,3959,2656300,0,0,0,8502,1000000,16777216,read,531
measured,probe-memory-buffer,run,3960,2656800,0,0,0,8504,1000000,16777216,read,531
measured,probe-memory-buffer,run,3961,2657200,0,0,0,8506,1000000,16777216,read,531
measured,probe-memory-buffer,run,3962,2657600,0,0,0,8507,1000000,16777216,read,531
measured,probe-memory-buffer,run,3963,2658100,0,0,0,8509,1000000,16777216,read,531
measured,probe-memory-buffer,run,3964,2658500,0,0,0,8511,1000000,16777216,read,531
measured,probe-memory-buffer,run,3965,2658900,0,0,0,8512,1000000,16777216,read,532
measured,probe-memory-buffer,run,3966,2659400,0,0,0,8514,1000000,16777216,read,532
measured,probe-memory-buffer,run,3967,2659800,0,0,0,8516,1000000,16777216,read,532
measured,probe-memory-buffer,run,3968,2660200,0,0,0,8517,1000000,16777216,read,532
measured,probe-memory-buffer,run,3969,2660600,0,0,0,8519,1000000,16777216,read,532
measured,probe-memory-buffer,run,3970,2661100,0,0,0,8521,1000000,16777216,read,532
measured,probe-memory-buffer,run,3971,2661500,0,0,0,8523,1000000,16777216,read,532
measured,probe-memory-buffer,run,3972,2661900,0,0,0,8524,1000000,16777216,read,532
measured,probe-memory-buffer,run,3973,2662400,0,0,0,8526,1000000,16777216,read,532
measured,probe-memory-buffer,run,3974,2662800,0,0,0,8528,1000000,16777216,read,533
measured,probe-memory-buffer,run,3975,2663200,0,0,0,8529,1000000,16777216,read,533
measured,probe-memory-buffer,run,3976,2663700,0,0,0,8531,1000000,16777216,read,533
measured,probe-memory-buffer,run,3977,2664100,0,0,0,8533,1000000,16777216,read,533
measured,probe-memory-buffer,run,3978,2664500,0,0,0,8534,1000000,16777216,read,533
measured,probe-memory-buffer,run,3979,2664900,0,0,0,8536,1000000,16777216,read,533
measured,probe-memory-buffer,run,3980,2665400,0,0,0,8537,1000000,16777216,read,533
measured,probe-memory-buffer,run,3981,2665800,0,0,0,8539,1000000,16777216,read,533
measured,probe-memory-buffer,run,3982,2666200,0,0,0,8541,1000000,16777216,read,533
measured,probe-memory-buffer,run,3983,2666700,0,0,0,8542,1000000,16777216,read,533
measured,probe-memory-buffer,run,3984,2667100,0,0,0,8544,1000000,16777216,read,534
measured,probe-memory-buffer,run,3985,2667500,0,0,0,8546,1000000,16777216,read,534
measured,probe-memory-buffer,run,3986,2667900,0,0,0,8548,1000000,16777216,read,534
measured,probe-memory-buffer,run,3987,2668400,0,0,0,8549,1000000,16777216,read,534
measured,probe-memory-buffer,run,3988,2668800,0,0,0,8551,1000000,16777216,read,534
measured,probe-memory-buffer,run,3989,2669200,0,0,0,8553,1000000,16777216,read,534
measured,probe-memory-buffer,run,3990,2669700,0,0,0,8554,1000000,16777216,read,534
measured,probe-memory-buffer,run,3991,2670100,0,0,0,8556,1000000,16777216,read,534
measured,probe-memory-buffer,run,3992,2670500,0,0,0,8558,1000000,16777216,read,534
measured,probe-memory-buffer,run,3993,2671000,0,0,0,8559,1000000,16777216,read,534
measured,probe-memory-buffer,run,3994,2671400,0,0,0,8561,1000000,16777216,read,535
measured,probe-memory-buffer,run,3995,2671800,0,0,0,8563,1000000,16777216,read,535
measured,probe-memory-buffer,run,3996,2672200,0,0,0,8564,1000000,16777216,read,535
measured,probe-memory-buffer,run,3997,2672700,0,0,0,8566,1000000,16777216,read,535
measured,probe-memory-buffer,run,3998,2673100,0,0,0,8568,1000000,16777216,read,535
measured,probe-memory-buffer,run,3999,2673500,0,0,0,8569,1000000,16777216,read,535
measured,probe-memory-buffer,run,4000,2673900,0,0,0,8571,1000000,16777216,read,535
measured,probe-memory-buffer,run,4001,2674400,0,0,0,8573,1000000,16777216,read,535
