evidence,source_log,run_id,seq,host_ns,cpu,global_icount,model_ns,visible_ns,window_ns,slope_q32,event,counter_ticks
measured,probe-memory-buffer,run,0,49300,0,0,0,0,1000000,0,update,0
measured,probe-memory-buffer,run,1,518300,0,0,0,0,1000000,16777216,resume,0
measured,probe-memory-buffer,run,2,826600,0,0,0,1204,1000000,16777216,read,75
measured,probe-memory-buffer,run,3,876900,0,0,0,1401,1000000,16777216,read,87
measured,probe-memory-buffer,run,4,902900,0,0,0,1502,1000000,16777216,read,93
measured,probe-memory-buffer,run,5,903500,0,0,0,1505,1000000,16777216,read,94
measured,probe-memory-buffer,run,6,903900,0,0,0,1506,1000000,16777216,read,94
measured,probe-memory-buffer,run,7,904300,0,0,0,1508,1000000,16777216,read,94
measured,probe-memory-buffer,run,8,904800,0,0,0,1509,1000000,16777216,read,94
measured,probe-memory-buffer,run,9,905200,0,0,0,1511,1000000,16777216,read,94
measured,probe-memory-buffer,run,10,905600,0,0,0,1513,1000000,16777216,read,94
measured,probe-memory-buffer,run,11,906000,0,0,0,1514,1000000,16777216,read,94
measured,probe-memory-buffer,run,12,906400,0,0,0,1516,1000000,16777216,read,94
measured,probe-memory-buffer,run,13,906900,0,0,0,1517,1000000,16777216,read,94
measured,probe-memory-buffer,run,14,907300,0,0,0,1519,1000000,16777216,read,94
measured,probe-memory-buffer,run,15,907700,0,0,0,1521,1000000,16777216,read,95
measured,probe-memory-buffer,run,16,908100,0,0,0,1523,1000000,16777216,read,95
measured,probe-memory-buffer,run,17,908600,0,0,0,1524,1000000,16777216,read,95
measured,probe-memory-buffer,run,18,909000,0,0,0,1526,1000000,16777216,read,95
measured,probe-memory-buffer,run,19,909400,0,0,0,1528,1000000,16777216,read,95
measured,probe-memory-buffer,run,20,909800,0,0,0,1529,1000000,16777216,read,95
measured,probe-memory-buffer,run,21,910300,0,0,0,1531,1000000,16777216,read,95
measured,probe-memory-buffer,run,22,910700,0,0,0,1532,1000000,16777216,read,95
measured,probe-memory-buffer,run,23,911100,0,0,0,1534,1000000,16777216,read,95
measured,probe-memory-buffer,run,24,911500,0,0,0,1536,1000000,16777216,read,96
measured,probe-memory-buffer,run,25,911900,0,0,0,1537,1000000,16777216,read,96
measured,probe-memory-buffer,run,26,913700,0,0,0,1544,1000000,16777216,read,96
measured,probe-memory-buffer,run,27,914200,0,0,0,1546,1000000,16777216,read,96
measured,probe-memory-buffer,run,28,914600,0,0,0,1548,1000000,16777216,read,96
measured,probe-memory-buffer,run,29,915000,0,0,0,1550,1000000,16777216,read,96
measured,probe-memory-buffer,run,30,915500,0,0,0,1551,1000000,16777216,read,96
measured,probe-memory-buffer,run,31,915900,0,0,0,1553,1000000,16777216,read,97
measured,probe-memory-buffer,run,32,916300,0,0,0,1555,1000000,16777216,read,97
measured,probe-memory-buffer,run,33,916700,0,0,0,1556,1000000,16777216,read,97
measured,probe-memory-buffer,run,34,917200,0,0,0,1558,1000000,16777216,read,97
measured,probe-memory-buffer,run,35,917600,0,0,0,1560,1000000,16777216,read,97
measured,probe-memory-buffer,run,36,918000,0,0,0,1561,1000000,16777216,read,97
measured,probe-memory-buffer,run,37,918400,0,0,0,1563,1000000,16777216,read,97
measured,probe-memory-buffer,run,38,918900,0,0,0,1564,1000000,16777216,read,97
measured,probe-memory-buffer,run,39,919300,0,0,0,1566,1000000,16777216,read,97
measured,probe-memory-buffer,run,40,919700,0,0,0,1568,1000000,16777216,read,98
measured,probe-memory-buffer,run,41,920100,0,0,0,1569,1000000,16777216,read,98
measured,probe-memory-buffer,run,42,920600,0,0,0,1571,1000000,16777216,read,98
measured,probe-memory-buffer,run,43,921000,0,0,0,1573,1000000,16777216,read,98
measured,probe-memory-buffer,run,44,921400,0,0,0,1575,1000000,16777216,read,98
measured,probe-memory-buffer,run,45,921800,0,0,0,1576,1000000,16777216,read,98
measured,probe-memory-buffer,run,46,922300,0,0,0,1578,1000000,16777216,read,98
measured,probe-memory-buffer,run,47,922700,0,0,0,1580,1000000,16777216,read,98
measured,probe-memory-buffer,run,48,923100,0,0,0,1581,1000000,16777216,read,98
measured,probe-memory-buffer,run,49,923500,0,0,0,1583,1000000,16777216,read,98
measured,probe-memory-buffer,run,50,924000,0,0,0,1584,1000000,16777216,read,99
measured,probe-memory-buffer,run,51,924400,0,0,0,1586,1000000,16777216,read,99
measured,probe-memory-buffer,run,52,924800,0,0,0,1588,1000000,16777216,read,99
measured,probe-memory-buffer,run,53,925200,0,0,0,1589,1000000,16777216,read,99
measured,probe-memory-buffer,run,54,925600,0,0,0,1591,1000000,16777216,read,99
measured,probe-memory-buffer,run,55,926100,0,0,0,1592,1000000,16777216,read,99
measured,probe-memory-buffer,run,56,926500,0,0,0,1594,1000000,16777216,read,99
measured,probe-memory-buffer,run,57,926900,0,0,0,1596,1000000,16777216,read,99
measured,probe-memory-buffer,run,58,927300,0,0,0,1598,1000000,16777216,read,99
measured,probe-memory-buffer,run,59,927800,0,0,0,1599,1000000,16777216,read,99
measured,probe-memory-buffer,run,60,928200,0,0,0,1601,1000000,16777216,read,100
measured,probe-memory-buffer,run,61,928600,0,0,0,1603,1000000,16777216,read,100
measured,probe-memory-buffer,run,62,929000,0,0,0,1604,1000000,16777216,read,100
measured,probe-memory-buffer,run,63,929400,0,0,0,1606,1000000,16777216,read,100
measured,probe-memory-buffer,run,64,929900,0,0,0,1607,1000000,16777216,read,100
measured,probe-memory-buffer,run,65,930300,0,0,0,1609,1000000,16777216,read,100
measured,probe-memory-buffer,run,66,930700,0,0,0,1611,1000000,16777216,read,100
measured,probe-memory-buffer,run,67,931100,0,0,0,1612,1000000,16777216,read,100
measured,probe-memory-buffer,run,68,931500,0,0,0,1614,1000000,16777216,read,100
measured,probe-memory-buffer,run,69,932000,0,0,0,1616,1000000,16777216,read,101
measured,probe-memory-buffer,run,70,932400,0,0,0,1617,1000000,16777216,read,101
measured,probe-memory-buffer,run,71,932800,0,0,0,1619,1000000,16777216,read,101
measured,probe-memory-buffer,run,72,933200,0,0,0,1621,1000000,16777216,read,101
measured,probe-memory-buffer,run,73,933600,0,0,0,1622,1000000,16777216,read,101
measured,probe-memory-buffer,run,74,934100,0,0,0,1624,1000000,16777216,read,101
measured,probe-memory-buffer,run,75,934500,0,0,0,1626,1000000,16777216,read,101
measured,probe-memory-buffer,run,76,934900,0,0,0,1627,1000000,16777216,read,101
measured,probe-memory-buffer,run,77,935300,0,0,0,1629,1000000,16777216,read,101
measured,probe-memory-buffer,run,78,935800,0,0,0,1630,1000000,16777216,read,101
measured,probe-memory-buffer,run,79,936200,0,0,0,1632,1000000,16777216,read,102
measured,probe-memory-buffer,run,80,936600,0,0,0,1634,1000000,16777216,read,102
measured,probe-memory-buffer,run,81,937000,0,0,0,1635,1000000,16777216,read,102
measured,probe-memory-buffer,run,82,937400,0,0,0,1637,1000000,16777216,read,102
measured,probe-memory-buffer,run,83,938700,0,0,0,1642,1000000,16777216,read,102
measured,probe-memory-buffer,run,84,939100,0,0,0,1644,1000000,16777216,read,102
measured,probe-memory-buffer,run,85,939600,0,0,0,1645,1000000,16777216,read,102
measured,probe-memory-buffer,run,86,940000,0,0,0,1647,1000000,16777216,read,102
measured,probe-memory-buffer,run,87,940400,0,0,0,1649,1000000,16777216,read,103
measured,probe-memory-buffer,run,88,940800,0,0,0,1650,1000000,16777216,read,103
measured,probe-memory-buffer,run,89,941300,0,0,0,1652,1000000,16777216,read,103
measured,probe-memory-buffer,run,90,941700,0,0,0,1653,1000000,16777216,read,103
measured,probe-memory-buffer,run,91,942100,0,0,0,1655,1000000,16777216,read,103
measured,probe-memory-buffer,run,92,942500,0,0,0,1657,1000000,16777216,read,103
measured,probe-memory-buffer,run,93,942900,0,0,0,1658,1000000,16777216,read,103
measured,probe-memory-buffer,run,94,943400,0,0,0,1660,1000000,16777216,read,103
measured,probe-memory-buffer,run,95,943800,0,0,0,1662,1000000,16777216,read,103
measured,probe-memory-buffer,run,96,944200,0,0,0,1664,1000000,16777216,read,104
measured,probe-memory-buffer,run,97,944600,0,0,0,1665,1000000,16777216,read,104
measured,probe-memory-buffer,run,98,945100,0,0,0,1667,1000000,16777216,read,104
measured,probe-memory-buffer,run,99,945500,0,0,0,1668,1000000,16777216,read,104
measured,probe-memory-buffer,run,100,945900,0,0,0,1670,1000000,16777216,read,104
measured,probe-memory-buffer,run,101,946300,0,0,0,1672,1000000,16777216,read,104
measured,probe-memory-buffer,run,102,946700,0,0,0,1673,1000000,16777216,read,104
measured,probe-memory-buffer,run,103,947200,0,0,0,1675,1000000,16777216,read,104
measured,probe-memory-buffer,run,104,947600,0,0,0,1677,1000000,16777216,read,104
measured,probe-memory-buffer,run,105,948000,0,0,0,1678,1000000,16777216,read,104
measured,probe-memory-buffer,run,106,948400,0,0,0,1680,1000000,16777216,read,105
measured,probe-memory-buffer,run,107,948800,0,0,0,1682,1000000,16777216,read,105
measured,probe-memory-buffer,run,108,949300,0,0,0,1683,1000000,16777216,read,105
measured,probe-memory-buffer,run,109,949700,0,0,0,1685,1000000,16777216,read,105
measured,probe-memory-buffer,run,110,950100,0,0,0,1687,1000000,16777216,read,105
measured,probe-memory-buffer,run,111,950500,0,0,0,1688,1000000,16777216,read,105
measured,probe-memory-buffer,run,112,950900,0,0,0,1690,1000000,16777216,read,105
measured,probe-memory-buffer,run,113,951400,0,0,0,1691,1000000,16777216,read,105
measured,probe-memory-buffer,run,114,951800,0,0,0,1693,1000000,16777216,read,105
measured,probe-memory-buffer,run,115,952200,0,0,0,1695,1000000,16777216,read,105
measured,probe-memory-buffer,run,116,952600,0,0,0,1696,1000000,16777216,read,106
measured,probe-memory-buffer,run,117,953100,0,0,0,1698,1000000,16777216,read,106
measured,probe-memory-buffer,run,118,953500,0,0,0,1700,1000000,16777216,read,106
measured,probe-memory-buffer,run,119,953900,0,0,0,1701,1000000,16777216,read,106
measured,probe-memory-buffer,run,120,954300,0,0,0,1703,1000000,16777216,read,106
measured,probe-memory-buffer,run,121,954700,0,0,0,1705,1000000,16777216,read,106
measured,probe-memory-buffer,run,122,955200,0,0,0,1706,1000000,16777216,read,106
measured,probe-memory-buffer,run,123,955600,0,0,0,1708,1000000,16777216,read,106
measured,probe-memory-buffer,run,124,956000,0,0,0,1710,1000000,16777216,read,106
measured,probe-memory-buffer,run,125,956400,0,0,0,1711,1000000,16777216,read,106
measured,probe-memory-buffer,run,126,956900,0,0,0,1713,1000000,16777216,read,107
measured,probe-memory-buffer,run,127,957300,0,0,0,1715,1000000,16777216,read,107
measured,probe-memory-buffer,run,128,957700,0,0,0,1716,1000000,16777216,read,107
measured,probe-memory-buffer,run,129,958100,0,0,0,1718,1000000,16777216,read,107
measured,probe-memory-buffer,run,130,958500,0,0,0,1719,1000000,16777216,read,107
measured,probe-memory-buffer,run,131,959000,0,0,0,1721,1000000,16777216,read,107
measured,probe-memory-buffer,run,132,959400,0,0,0,1723,1000000,16777216,read,107
measured,probe-memory-buffer,run,133,959800,0,0,0,1725,1000000,16777216,read,107
measured,probe-memory-buffer,run,134,960200,0,0,0,1726,1000000,16777216,read,107
measured,probe-memory-buffer,run,135,960700,0,0,0,1728,1000000,16777216,read,108
measured,probe-memory-buffer,run,136,961100,0,0,0,1729,1000000,16777216,read,108
measured,probe-memory-buffer,run,137,961500,0,0,0,1731,1000000,16777216,read,108
measured,probe-memory-buffer,run,138,961900,0,0,0,1733,1000000,16777216,read,108
measured,probe-memory-buffer,run,139,962300,0,0,0,1734,1000000,16777216,read,108
measured,probe-memory-buffer,run,140,963600,0,0,0,1739,1000000,16777216,read,108
measured,probe-memory-buffer,run,141,964100,0,0,0,1741,1000000,16777216,read,108
measured,probe-memory-buffer,run,142,964500,0,0,0,1743,1000000,16777216,read,108
measured,probe-memory-buffer,run,143,964900,0,0,0,1744,1000000,16777216,read,109
measured,probe-memory-buffer,run,144,965300,0,0,0,1746,1000000,16777216,read,109
measured,probe-memory-buffer,run,145,965800,0,0,0,1748,1000000,16777216,read,109
measured,probe-memory-buffer,run,146,966200,0,0,0,1749,1000000,16777216,read,109
measured,probe-memory-buffer,run,147,966600,0,0,0,1751,1000000,16777216,read,109
measured,probe-memory-buffer,run,148,967000,0,0,0,1753,1000000,16777216,read,109
measured,probe-memory-buffer,run,149,967400,0,0,0,1754,1000000,16777216,read,109
measured,probe-memory-buffer,run,150,967900,0,0,0,1756,1000000,16777216,read,109
measured,probe-memory-buffer,run,151,968300,0,0,0,1758,1000000,16777216,read,109
measured,probe-memory-buffer,run,152,968700,0,0,0,1759,1000000,16777216,read,109
measured,probe-memory-buffer,run,153,969100,0,0,0,1761,1000000,16777216,read,110
measured,probe-memory-buffer,run,154,969600,0,0,0,1762,1000000,16777216,read,110
measured,probe-memory-buffer,run,155,970000,0,0,0,1764,1000000,16777216,read,110
measured,probe-memory-buffer,run,156,970400,0,0,0,1766,1000000,16777216,read,110
measured,probe-memory-buffer,run,157,970800,0,0,0,1767,1000000,16777216,read,110
measured,probe-memory-buffer,run,158,971200,0,0,0,1769,1000000,16777216,read,110
measured,probe-memory-buffer,run,159,971700,0,0,0,1771,1000000,16777216,read,110
measured,probe-memory-buffer,run,160,972100,0,0,0,1772,1000000,16777216,read,110
measured,probe-memory-buffer,run,161,972500,0,0,0,1774,1000000,16777216,read,110
measured,probe-memory-buffer,run,162,972900,0,0,0,1776,1000000,16777216,read,111
measured,probe-memory-buffer,run,163,973300,0,0,0,1777,1000000,16777216,read,111
measured,probe-memory-buffer,run,164,973800,0,0,0,1779,1000000,16777216,read,111
measured,probe-memory-buffer,run,165,974200,0,0,0,1781,1000000,16777216,read,111
measured,probe-memory-buffer,run,166,974600,0,0,0,1782,1000000,16777216,read,111
measured,probe-memory-buffer,run,167,975000,0,0,0,1784,1000000,16777216,read,111
measured,probe-memory-buffer,run,168,975400,0,0,0,1785,1000000,16777216,read,111
measured,probe-memory-buffer,run,169,975900,0,0,0,1787,1000000,16777216,read,111
measured,probe-memory-buffer,run,170,976300,0,0,0,1789,1000000,16777216,read,111
measured,probe-memory-buffer,run,171,976700,0,0,0,1791,1000000,16777216,read,111
measured,probe-memory-buffer,run,172,977100,0,0,0,1792,1000000,16777216,read,112
measured,probe-memory-buffer,run,173,977500,0,0,0,1794,1000000,16777216,read,112
measured,probe-memory-buffer,run,174,978000,0,0,0,1795,1000000,16777216,read,112
measured,probe-memory-buffer,run,175,978400,0,0,0,1797,1000000,16777216,read,112
measured,probe-memory-buffer,run,176,978800,0,0,0,1799,1000000,16777216,read,112
measured,probe-memory-buffer,run,177,979200,0,0,0,1800,1000000,16777216,read,112
measured,probe-memory-buffer,run,178,979700,0,0,0,1802,1000000,16777216,read,112
measured,probe-memory-buffer,run,179,980100,0,0,0,1804,1000000,16777216,read,112
measured,probe-memory-buffer,run,180,980500,0,0,0,1805,1000000,16777216,read,112
measured,probe-memory-buffer,run,181,980900,0,0,0,1807,1000000,16777216,read,112
measured,probe-memory-buffer,run,182,981300,0,0,0,1808,1000000,16777216,read,113
measured,probe-memory-buffer,run,183,981800,0,0,0,1810,1000000,16777216,read,113
measured,probe-memory-buffer,run,184,982200,0,0,0,1812,1000000,16777216,read,113
measured,probe-memory-buffer,run,185,982600,0,0,0,1814,1000000,16777216,read,113
measured,probe-memory-buffer,run,186,983000,0,0,0,1815,1000000,16777216,read,113
measured,probe-memory-buffer,run,187,983500,0,0,0,1817,1000000,16777216,read,113
measured,probe-memory-buffer,run,188,983900,0,0,0,1819,1000000,16777216,read,113
measured,probe-memory-buffer,run,189,984300,0,0,0,1820,1000000,16777216,read,113
measured,probe-memory-buffer,run,190,984700,0,0,0,1822,1000000,16777216,read,113
measured,probe-memory-buffer,run,191,985100,0,0,0,1823,1000000,16777216,read,113
measured,probe-memory-buffer,run,192,985600,0,0,0,1825,1000000,16777216,read,114
measured,probe-memory-buffer,run,193,986000,0,0,0,1827,1000000,16777216,read,114
measured,probe-memory-buffer,run,194,986400,0,0,0,1828,1000000,16777216,read,114
measured,probe-memory-buffer,run,195,986800,0,0,0,1830,1000000,16777216,read,114
measured,probe-memory-buffer,run,196,987300,0,0,0,1832,1000000,16777216,read,114
measured,probe-memory-buffer,run,197,988600,0,0,0,1837,1000000,16777216,read,114
measured,probe-memory-buffer,run,198,989000,0,0,0,1839,1000000,16777216,read,114
measured,probe-memory-buffer,run,199,989400,0,0,0,1840,1000000,16777216,read,115
measured,probe-memory-buffer,run,200,989800,0,0,0,1842,1000000,16777216,read,115
measured,probe-memory-buffer,run,201,990300,0,0,0,1843,1000000,16777216,read,115
measured,probe-memory-buffer,run,202,990700,0,0,0,1845,1000000,16777216,read,115
measured,probe-memory-buffer,run,203,991100,0,0,0,1847,1000000,16777216,read,115
measured,probe-memory-buffer,run,204,991500,0,0,0,1848,1000000,16777216,read,115
measured,probe-memory-buffer,run,205,992000,0,0,0,1850,1000000,16777216,read,115
measured,probe-memory-buffer,run,206,992400,0,0,0,1852,1000000,16777216,read,115
measured,probe-memory-buffer,run,207,992800,0,0,0,1853,1000000,16777216,read,115
measured,probe-memory-buffer,run,208,993200,0,0,0,1855,1000000,16777216,read,115
measured,probe-memory-buffer,run,209,993600,0,0,0,1857,1000000,16777216,read,116
measured,probe-memory-buffer,run,210,994100,0,0,0,1858,1000000,16777216,read,116
measured,probe-memory-buffer,run,211,994500,0,0,0,1860,1000000,16777216,read,116
measured,probe-memory-buffer,run,212,994900,0,0,0,1862,1000000,16777216,read,116
measured,probe-memory-buffer,run,213,995300,0,0,0,1863,1000000,16777216,read,116
measured,probe-memory-buffer,run,214,995800,0,0,0,1865,1000000,16777216,read,116
measured,probe-memory-buffer,run,215,996200,0,0,0,1867,1000000,16777216,read,116
measured,probe-memory-buffer,run,216,996600,0,0,0,1868,1000000,16777216,read,116
measured,probe-memory-buffer,run,217,997000,0,0,0,1870,1000000,16777216,read,116
measured,probe-memory-buffer,run,218,997400,0,0,0,1871,1000000,16777216,read,116
measured,probe-memory-buffer,run,219,997900,0,0,0,1873,1000000,16777216,read,117
measured,probe-memory-buffer,run,220,998300,0,0,0,1875,1000000,16777216,read,117
measured,probe-memory-buffer,run,221,998700,0,0,0,1876,1000000,16777216,read,117
measured,probe-memory-buffer,run,222,999100,0,0,0,1878,1000000,16777216,read,117
measured,probe-memory-buffer,run,223,999500,0,0,0,1880,1000000,16777216,read,117
measured,probe-memory-buffer,run,224,1000000,0,0,0,1881,1000000,16777216,read,117
measured,probe-memory-buffer,run,225,1000400,0,0,0,1883,1000000,16777216,read,117
measured,probe-memory-buffer,run,226,1000800,0,0,0,1885,1000000,16777216,read,117
measured,probe-memory-buffer,run,227,1001200,0,0,0,1886,1000000,16777216,read,117
measured,probe-memory-buffer,run,228,1001600,0,0,0,1888,1000000,16777216,read,118
measured,probe-memory-buffer,run,229,1002100,0,0,0,1889,1000000,16777216,read,118
measured,probe-memory-buffer,run,230,1002500,0,0,0,1891,1000000,16777216,read,118
measured,probe-memory-buffer,run,231,1002900,0,0,0,1893,1000000,16777216,read,118
measured,probe-memory-buffer,run,232,1003300,0,0,0,1894,1000000,16777216,read,118
measured,probe-memory-buffer,run,233,1003700,0,0,0,1896,1000000,16777216,read,118
measured,probe-memory-buffer,run,234,1004200,0,0,0,1898,1000000,16777216,read,118
measured,probe-memory-buffer,run,235,1004600,0,0,0,1900,1000000,16777216,read,118
measured,probe-memory-buffer,run,236,1005000,0,0,0,1901,1000000,16777216,read,118
measured,probe-memory-buffer,run,237,1005400,0,0,0,1903,1000000,16777216,read,118
measured,probe-memory-buffer,run,238,1005800,0,0,0,1904,1000000,16777216,read,119
measured,probe-memory-buffer,run,239,1006300,0,0,0,1906,1000000,16777216,read,119
measured,probe-memory-buffer,run,240,1006700,0,0,0,1908,1000000,16777216,read,119
measured,probe-memory-buffer,run,241,1007100,0,0,0,1909,1000000,16777216,read,119
measured,probe-memory-buffer,run,242,1007500,0,0,0,1911,1000000,16777216,read,119
measured,probe-memory-buffer,run,243,1007900,0,0,0,1912,1000000,16777216,read,119
measured,probe-memory-buffer,run,244,1008400,0,0,0,1914,1000000,16777216,read,119
measured,probe-memory-buffer,run,245,1008800,0,0,0,1916,1000000,16777216,read,119
measured,probe-memory-buffer,run,246,1009200,0,0,0,1917,1000000,16777216,read,119
measured,probe-memory-buffer,run,247,1009600,0,0,0,1919,1000000,16777216,read,119
measured,probe-memory-buffer,run,248,1010000,0,0,0,1921,1000000,16777216,read,120
measured,probe-memory-buffer,run,249,1010500,0,0,0,1922,1000000,16777216,read,120
measured,probe-memory-buffer,run,250,1010900,0,0,0,1924,1000000,16777216,read,120
measured,probe-memory-buffer,run,251,1011300,0,0,0,1926,1000000,16777216,read,120
measured,probe-memory-buffer,run,252,1011700,0,0,0,1927,1000000,16777216,read,120
measured,probe-memory-buffer,run,253,1013100,0,0,0,1933,1000000,16777216,read,120
measured,probe-memory-buffer,run,254,1013500,0,0,0,1934,1000000,16777216,read,120
measured,probe-memory-buffer,run,255,1013900,0,0,0,1936,1000000,16777216,read,121
measured,probe-memory-buffer,run,256,1014300,0,0,0,1937,1000000,16777216,read,121
measured,probe-memory-buffer,run,257,1014800,0,0,0,1939,1000000,16777216,read,121
measured,probe-memory-buffer,run,258,1015200,0,0,0,1941,1000000,16777216,read,121
measured,probe-memory-buffer,run,259,1015600,0,0,0,1942,1000000,16777216,read,121
measured,probe-memory-buffer,run,260,1016000,0,0,0,1944,1000000,16777216,read,121
measured,probe-memory-buffer,run,261,1016500,0,0,0,1946,1000000,16777216,read,121
measured,probe-memory-buffer,run,262,1016900,0,0,0,1948,1000000,16777216,read,121
measured,probe-memory-buffer,run,263,1017300,0,0,0,1949,1000000,16777216,read,121
measured,probe-memory-buffer,run,264,1017700,0,0,0,1951,1000000,16777216,read,121
measured,probe-memory-buffer,run,265,1018200,0,0,0,1952,1000000,16777216,read,122
measured,probe-memory-buffer,run,266,1018600,0,0,0,1954,1000000,16777216,read,122
measured,probe-memory-buffer,run,267,1019000,0,0,0,1956,1000000,16777216,read,122
measured,probe-memory-buffer,run,268,1019400,0,0,0,1957,1000000,16777216,read,122
measured,probe-memory-buffer,run,269,1019900,0,0,0,1959,1000000,16777216,read,122
measured,probe-memory-buffer,run,270,1020300,0,0,0,1961,1000000,16777216,read,122
measured,probe-memory-buffer,run,271,1020700,0,0,0,1962,1000000,16777216,read,122
measured,probe-memory-buffer,run,272,1021100,0,0,0,1964,1000000,16777216,read,122
measured,probe-memory-buffer,run,273,1021500,0,0,0,1966,1000000,16777216,read,122
measured,probe-memory-buffer,run,274,1022000,0,0,0,1967,1000000,16777216,read,122
measured,probe-memory-buffer,run,275,1022400,0,0,0,1969,1000000,16777216,read,123
measured,probe-memory-buffer,run,276,1022800,0,0,0,1971,1000000,16777216,read,123
measured,probe-memory-buffer,run,277,1023200,0,0,0,1972,1000000,16777216,read,123
measured,probe-memory-buffer,run,278,1023700,0,0,0,1974,1000000,16777216,read,123
measured,probe-memory-buffer,run,279,1024100,0,0,0,1976,1000000,16777216,read,123
measured,probe-memory-buffer,run,280,1024500,0,0,0,1977,1000000,16777216,read,123
measured,probe-memory-buffer,run,281,1024900,0,0,0,1979,1000000,16777216,read,123
measured,probe-memory-buffer,run,282,1025400,0,0,0,1980,1000000,16777216,read,123
measured,probe-memory-buffer,run,283,1025800,0,0,0,1982,1000000,16777216,read,123
measured,probe-memory-buffer,run,284,1026200,0,0,0,1984,1000000,16777216,read,124
measured,probe-memory-buffer,run,285,1026600,0,0,0,1985,1000000,16777216,read,124
measured,probe-memory-buffer,run,286,1027000,0,0,0,1987,1000000,16777216,read,124
measured,probe-memory-buffer,run,287,1027500,0,0,0,1989,1000000,16777216,read,124
measured,probe-memory-buffer,run,288,1027900,0,0,0,1991,1000000,16777216,read,124
measured,probe-memory-buffer,run,289,1028300,0,0,0,1992,1000000,16777216,read,124
measured,probe-memory-buffer,run,290,1028700,0,0,0,1994,1000000,16777216,read,124
measured,probe-memory-buffer,run,291,1029100,0,0,0,1995,1000000,16777216,read,124
measured,probe-memory-buffer,run,292,1029600,0,0,0,1997,1000000,16777216,read,124
measured,probe-memory-buffer,run,293,1030000,0,0,0,1999,1000000,16777216,read,124
measured,probe-memory-buffer,run,294,1030400,0,0,0,2000,1000000,16777216,read,125
measured,probe-memory-buffer,run,295,1030800,0,0,0,2002,1000000,16777216,read,125
measured,probe-memory-buffer,run,296,1031300,0,0,0,2003,1000000,16777216,read,125
measured,probe-memory-buffer,run,297,1031700,0,0,0,2005,1000000,16777216,read,125
measured,probe-memory-buffer,run,298,1032100,0,0,0,2007,1000000,16777216,read,125
measured,probe-memory-buffer,run,299,1032500,0,0,0,2008,1000000,16777216,read,125
measured,probe-memory-buffer,run,300,1032900,0,0,0,2010,1000000,16777216,read,125
measured,probe-memory-buffer,run,301,1033400,0,0,0,2012,1000000,16777216,read,125
measured,probe-memory-buffer,run,302,1033800,0,0,0,2014,1000000,16777216,read,125
measured,probe-memory-buffer,run,303,1034200,0,0,0,2015,1000000,16777216,read,125
measured,probe-memory-buffer,run,304,1034600,0,0,0,2017,1000000,16777216,read,126
measured,probe-memory-buffer,run,305,1035100,0,0,0,2018,1000000,16777216,read,126
measured,probe-memory-buffer,run,306,1035500,0,0,0,2020,1000000,16777216,read,126
measured,probe-memory-buffer,run,307,1035900,0,0,0,2022,1000000,16777216,read,126
measured,probe-memory-buffer,run,308,1036300,0,0,0,2023,1000000,16777216,read,126
measured,probe-memory-buffer,run,309,1036700,0,0,0,2025,1000000,16777216,read,126
measured,probe-memory-buffer,run,310,1038000,0,0,0,2030,1000000,16777216,read,126
measured,probe-memory-buffer,run,311,1038500,0,0,0,2032,1000000,16777216,read,127
measured,probe-memory-buffer,run,312,1038900,0,0,0,2033,1000000,16777216,read,127
measured,probe-memory-buffer,run,313,1039300,0,0,0,2035,1000000,16777216,read,127
measured,probe-memory-buffer,run,314,1039700,0,0,0,2037,1000000,16777216,read,127
measured,probe-memory-buffer,run,315,1040200,0,0,0,2038,1000000,16777216,read,127
measured,probe-memory-buffer,run,316,1040600,0,0,0,2040,1000000,16777216,read,127
measured,probe-memory-buffer,run,317,1052800,0,0,0,2087,1000000,16777216,read,130
measured,probe-memory-buffer,run,318,1053200,0,0,0,2089,1000000,16777216,read,130
measured,probe-memory-buffer,run,319,1053600,0,0,0,2091,1000000,16777216,read,130
measured,probe-memory-buffer,run,320,1054100,0,0,0,2092,1000000,16777216,read,130
measured,probe-memory-buffer,run,321,1054500,0,0,0,2094,1000000,16777216,read,130
measured,probe-memory-buffer,run,322,1054900,0,0,0,2096,1000000,16777216,read,131
measured,probe-memory-buffer,run,323,1055300,0,0,0,2098,1000000,16777216,read,131
measured,probe-memory-buffer,run,324,1055800,0,0,0,2099,1000000,16777216,read,131
measured,probe-memory-buffer,run,325,1056200,0,0,0,2101,1000000,16777216,read,131
measured,probe-memory-buffer,run,326,1056600,0,0,0,2103,1000000,16777216,read,131
measured,probe-memory-buffer,run,327,1057000,0,0,0,2104,1000000,16777216,read,131
measured,probe-memory-buffer,run,328,1057500,0,0,0,2106,1000000,16777216,read,131
measured,probe-memory-buffer,run,329,1057900,0,0,0,2107,1000000,16777216,read,131
measured,probe-memory-buffer,run,330,1058300,0,0,0,2109,1000000,16777216,read,131
measured,probe-memory-buffer,run,331,1058700,0,0,0,2111,1000000,16777216,read,131
measured,probe-memory-buffer,run,332,1059100,0,0,0,2112,1000000,16777216,read,132
measured,probe-memory-buffer,run,333,1059600,0,0,0,2114,1000000,16777216,read,132
measured,probe-memory-buffer,run,334,1060000,0,0,0,2116,1000000,16777216,read,132
measured,probe-memory-buffer,run,335,1060400,0,0,0,2117,1000000,16777216,read,132
measured,probe-memory-buffer,run,336,1060800,0,0,0,2119,1000000,16777216,read,132
measured,probe-memory-buffer,run,337,1061300,0,0,0,2121,1000000,16777216,read,132
measured,probe-memory-buffer,run,338,1061700,0,0,0,2123,1000000,16777216,read,132
measured,probe-memory-buffer,run,339,1062100,0,0,0,2124,1000000,16777216,read,132
measured,probe-memory-buffer,run,340,1062500,0,0,0,2126,1000000,16777216,read,132
measured,probe-memory-buffer,run,341,1062900,0,0,0,2127,1000000,16777216,read,132
measured,probe-memory-buffer,run,342,1063400,0,0,0,2129,1000000,16777216,read,133
measured,probe-memory-buffer,run,343,1063800,0,0,0,2131,1000000,16777216,read,133
measured,probe-memory-buffer,run,344,1064200,0,0,0,2132,1000000,16777216,read,133
measured,probe-memory-buffer,run,345,1064600,0,0,0,2134,1000000,16777216,read,133
measured,probe-memory-buffer,run,346,1065000,0,0,0,2135,1000000,16777216,read,133
measured,probe-memory-buffer,run,347,1065500,0,0,0,2137,1000000,16777216,read,133
measured,probe-memory-buffer,run,348,1065900,0,0,0,2139,1000000,16777216,read,133
measured,probe-memory-buffer,run,349,1066300,0,0,0,2141,1000000,16777216,read,133
measured,probe-memory-buffer,run,350,1066700,0,0,0,2142,1000000,16777216,read,133
measured,probe-memory-buffer,run,351,1067200,0,0,0,2144,1000000,16777216,read,134
measured,probe-memory-buffer,run,352,1067600,0,0,0,2145,1000000,16777216,read,134
measured,probe-memory-buffer,run,353,1068000,0,0,0,2147,1000000,16777216,read,134
measured,probe-memory-buffer,run,354,1068400,0,0,0,2149,1000000,16777216,read,134
measured,probe-memory-buffer,run,355,1068800,0,0,0,2150,1000000,16777216,read,134
measured,probe-memory-buffer,run,356,1069300,0,0,0,2152,1000000,16777216,read,134
measured,probe-memory-buffer,run,357,1069700,0,0,0,2154,1000000,16777216,read,134
measured,probe-memory-buffer,run,358,1070100,0,0,0,2155,1000000,16777216,read,134
measured,probe-memory-buffer,run,359,1070500,0,0,0,2157,1000000,16777216,read,134
measured,probe-memory-buffer,run,360,1070900,0,0,0,2158,1000000,16777216,read,134
measured,probe-memory-buffer,run,361,1071400,0,0,0,2160,1000000,16777216,read,135
measured,probe-memory-buffer,run,362,1071800,0,0,0,2162,1000000,16777216,read,135
measured,probe-memory-buffer,run,363,1072200,0,0,0,2164,1000000,16777216,read,135
measured,probe-memory-buffer,run,364,1072600,0,0,0,2165,1000000,16777216,read,135
measured,probe-memory-buffer,run,365,1073100,0,0,0,2167,1000000,16777216,read,135
measured,probe-memory-buffer,run,366,1073500,0,0,0,2169,1000000,16777216,read,135
measured,probe-memory-buffer,run,367,1075200,0,0,0,2175,1000000,16777216,read,135
measured,probe-memory-buffer,run,368,1075600,0,0,0,2177,1000000,16777216,read,136
measured,probe-memory-buffer,run,369,1076100,0,0,0,2178,1000000,16777216,read,136
measured,probe-memory-buffer,run,370,1076500,0,0,0,2180,1000000,16777216,read,136
measured,probe-memory-buffer,run,371,1076900,0,0,0,2182,1000000,16777216,read,136
measured,probe-memory-buffer,run,372,1077300,0,0,0,2183,1000000,16777216,read,136
measured,probe-memory-buffer,run,373,1077800,0,0,0,2185,1000000,16777216,read,136
measured,probe-memory-buffer,run,374,1078200,0,0,0,2187,1000000,16777216,read,136
measured,probe-memory-buffer,run,375,1078600,0,0,0,2189,1000000,16777216,read,136
measured,probe-memory-buffer,run,376,1079000,0,0,0,2190,1000000,16777216,read,136
measured,probe-memory-buffer,run,377,1079400,0,0,0,2192,1000000,16777216,read,137
measured,probe-memory-buffer,run,378,1079900,0,0,0,2193,1000000,16777216,read,137
measured,probe-memory-buffer,run,379,1080300,0,0,0,2195,1000000,16777216,read,137
measured,probe-memory-buffer,run,380,1080700,0,0,0,2197,1000000,16777216,read,137
measured,probe-memory-buffer,run,381,1081100,0,0,0,2198,1000000,16777216,read,137
measured,probe-memory-buffer,run,382,1081600,0,0,0,2200,1000000,16777216,read,137
measured,probe-memory-buffer,run,383,1082000,0,0,0,2202,1000000,16777216,read,137
measured,probe-memory-buffer,run,384,1082400,0,0,0,2203,1000000,16777216,read,137
measured,probe-memory-buffer,run,385,1082800,0,0,0,2205,1000000,16777216,read,137
measured,probe-memory-buffer,run,386,1083200,0,0,0,2207,1000000,16777216,read,137
measured,probe-memory-buffer,run,387,1083700,0,0,0,2208,1000000,16777216,read,138
measured,probe-memory-buffer,run,388,1084100,0,0,0,2210,1000000,16777216,read,138
measured,probe-memory-buffer,run,389,1084500,0,0,0,2212,1000000,16777216,read,138
measured,probe-memory-buffer,run,390,1084900,0,0,0,2213,1000000,16777216,read,138
measured,probe-memory-buffer,run,391,1085400,0,0,0,2215,1000000,16777216,read,138
measured,probe-memory-buffer,run,392,1085800,0,0,0,2217,1000000,16777216,read,138
measured,probe-memory-buffer,run,393,1086200,0,0,0,2218,1000000,16777216,read,138
measured,probe-memory-buffer,run,394,1086600,0,0,0,2220,1000000,16777216,read,138
measured,probe-memory-buffer,run,395,1087000,0,0,0,2221,1000000,16777216,read,138
measured,probe-memory-buffer,run,396,1087500,0,0,0,2223,1000000,16777216,read,138
measured,probe-memory-buffer,run,397,1087900,0,0,0,2225,1000000,16777216,read,139
measured,probe-memory-buffer,run,398,1088300,0,0,0,2226,1000000,16777216,read,139
measured,probe-memory-buffer,run,399,1088700,0,0,0,2228,1000000,16777216,read,139
measured,probe-memory-buffer,run,400,1089200,0,0,0,2230,1000000,16777216,read,139
measured,probe-memory-buffer,run,401,1089600,0,0,0,2232,1000000,16777216,read,139
measured,probe-memory-buffer,run,402,1090000,0,0,0,2233,1000000,16777216,read,139
measured,probe-memory-buffer,run,403,1090400,0,0,0,2235,1000000,16777216,read,139
measured,probe-memory-buffer,run,404,1090800,0,0,0,2236,1000000,16777216,read,139
measured,probe-memory-buffer,run,405,1091300,0,0,0,2238,1000000,16777216,read,139
measured,probe-memory-buffer,run,406,1091700,0,0,0,2240,1000000,16777216,read,140
measured,probe-memory-buffer,run,407,1092100,0,0,0,2241,1000000,16777216,read,140
measured,probe-memory-buffer,run,408,1092500,0,0,0,2243,1000000,16777216,read,140
measured,probe-memory-buffer,run,409,1092900,0,0,0,2244,1000000,16777216,read,140
measured,probe-memory-buffer,run,410,1093400,0,0,0,2246,1000000,16777216,read,140
measured,probe-memory-buffer,run,411,1093800,0,0,0,2248,1000000,16777216,read,140
measured,probe-memory-buffer,run,412,1094200,0,0,0,2250,1000000,16777216,read,140
measured,probe-memory-buffer,run,413,1094600,0,0,0,2251,1000000,16777216,read,140
measured,probe-memory-buffer,run,414,1095000,0,0,0,2253,1000000,16777216,read,140
measured,probe-memory-buffer,run,415,1095500,0,0,0,2254,1000000,16777216,read,140
measured,probe-memory-buffer,run,416,1095900,0,0,0,2256,1000000,16777216,read,141
measured,probe-memory-buffer,run,417,1096300,0,0,0,2258,1000000,16777216,read,141
measured,probe-memory-buffer,run,418,1096700,0,0,0,2259,1000000,16777216,read,141
measured,probe-memory-buffer,run,419,1097200,0,0,0,2261,1000000,16777216,read,141
measured,probe-memory-buffer,run,420,1097600,0,0,0,2262,1000000,16777216,read,141
measured,probe-memory-buffer,run,421,1098000,0,0,0,2264,1000000,16777216,read,141
measured,probe-memory-buffer,run,422,1098400,0,0,0,2266,1000000,16777216,read,141
measured,probe-memory-buffer,run,423,1098800,0,0,0,2267,1000000,16777216,read,141
measured,probe-memory-buffer,run,424,1100200,0,0,0,2273,1000000,16777216,read,142
measured,probe-memory-buffer,run,425,1100600,0,0,0,2275,1000000,16777216,read,142
measured,probe-memory-buffer,run,426,1101100,0,0,0,2276,1000000,16777216,read,142
measured,probe-memory-buffer,run,427,1101500,0,0,0,2278,1000000,16777216,read,142
measured,probe-memory-buffer,run,428,1101900,0,0,0,2280,1000000,16777216,read,142
measured,probe-memory-buffer,run,429,1102300,0,0,0,2281,1000000,16777216,read,142
measured,probe-memory-buffer,run,430,1102700,0,0,0,2283,1000000,16777216,read,142
measured,probe-memory-buffer,run,431,1103200,0,0,0,2284,1000000,16777216,read,142
measured,probe-memory-buffer,run,432,1103600,0,0,0,2286,1000000,16777216,read,142
measured,probe-memory-buffer,run,433,1104000,0,0,0,2288,1000000,16777216,read,143
measured,probe-memory-buffer,run,434,1104400,0,0,0,2289,1000000,16777216,read,143
measured,probe-memory-buffer,run,435,1104900,0,0,0,2291,1000000,16777216,read,143
measured,probe-memory-buffer,run,436,1105300,0,0,0,2293,1000000,16777216,read,143
measured,probe-memory-buffer,run,437,1105700,0,0,0,2294,1000000,16777216,read,143
measured,probe-memory-buffer,run,438,1106100,0,0,0,2296,1000000,16777216,read,143
measured,probe-memory-buffer,run,439,1106500,0,0,0,2298,1000000,16777216,read,143
measured,probe-memory-buffer,run,440,1107000,0,0,0,2299,1000000,16777216,read,143
measured,probe-memory-buffer,run,441,1107400,0,0,0,2301,1000000,16777216,read,143
measured,probe-memory-buffer,run,442,1107800,0,0,0,2303,1000000,16777216,read,143
measured,probe-memory-buffer,run,443,1108200,0,0,0,2304,1000000,16777216,read,144
measured,probe-memory-buffer,run,444,1108600,0,0,0,2306,1000000,16777216,read,144
measured,probe-memory-buffer,run,445,1109100,0,0,0,2307,1000000,16777216,read,144
measured,probe-memory-buffer,run,446,1109500,0,0,0,2309,1000000,16777216,read,144
measured,probe-memory-buffer,run,447,1109900,0,0,0,2311,1000000,16777216,read,144
measured,probe-memory-buffer,run,448,1110300,0,0,0,2312,1000000,16777216,read,144
measured,probe-memory-buffer,run,449,1110800,0,0,0,2314,1000000,16777216,read,144
measured,probe-memory-buffer,run,450,1111200,0,0,0,2316,1000000,16777216,read,144
measured,probe-memory-buffer,run,451,1111600,0,0,0,2317,1000000,16777216,read,144
measured,probe-memory-buffer,run,452,1112000,0,0,0,2319,1000000,16777216,read,144
measured,probe-memory-buffer,run,453,1112400,0,0,0,2321,1000000,16777216,read,145
measured,probe-memory-buffer,run,454,1112900,0,0,0,2322,1000000,16777216,read,145
measured,probe-memory-buffer,run,455,1113300,0,0,0,2324,1000000,16777216,read,145
measured,probe-memory-buffer,run,456,1113700,0,0,0,2326,1000000,16777216,read,145
measured,probe-memory-buffer,run,457,1114100,0,0,0,2327,1000000,16777216,read,145
measured,probe-memory-buffer,run,458,1114500,0,0,0,2329,1000000,16777216,read,145
measured,probe-memory-buffer,run,459,1115000,0,0,0,2330,1000000,16777216,read,145
measured,probe-memory-buffer,run,460,1115400,0,0,0,2332,1000000,16777216,read,145
measured,probe-memory-buffer,run,461,1115800,0,0,0,2334,1000000,16777216,read,145
measured,probe-memory-buffer,run,462,1116200,0,0,0,2335,1000000,16777216,read,145
measured,probe-memory-buffer,run,463,1116700,0,0,0,2337,1000000,16777216,read,146
measured,probe-memory-buffer,run,464,1117100,0,0,0,2339,1000000,16777216,read,146
measured,probe-memory-buffer,run,465,1117500,0,0,0,2341,1000000,16777216,read,146
measured,probe-memory-buffer,run,466,1117900,0,0,0,2342,1000000,16777216,read,146
measured,probe-memory-buffer,run,467,1118300,0,0,0,2344,1000000,16777216,read,146
measured,probe-memory-buffer,run,468,1118800,0,0,0,2345,1000000,16777216,read,146
measured,probe-memory-buffer,run,469,1119200,0,0,0,2347,1000000,16777216,read,146
measured,probe-memory-buffer,run,470,1119600,0,0,0,2349,1000000,16777216,read,146
measured,probe-memory-buffer,run,471,1120000,0,0,0,2350,1000000,16777216,read,146
measured,probe-memory-buffer,run,472,1120500,0,0,0,2352,1000000,16777216,read,147
measured,probe-memory-buffer,run,473,1120900,0,0,0,2354,1000000,16777216,read,147
measured,probe-memory-buffer,run,474,1121300,0,0,0,2355,1000000,16777216,read,147
measured,probe-memory-buffer,run,475,1121700,0,0,0,2357,1000000,16777216,read,147
measured,probe-memory-buffer,run,476,1122100,0,0,0,2358,1000000,16777216,read,147
measured,probe-memory-buffer,run,477,1122600,0,0,0,2360,1000000,16777216,read,147
measured,probe-memory-buffer,run,478,1123000,0,0,0,2362,1000000,16777216,read,147
measured,probe-memory-buffer,run,479,1123400,0,0,0,2364,1000000,16777216,read,147
measured,probe-memory-buffer,run,480,1123800,0,0,0,2365,1000000,16777216,read,147
measured,probe-memory-buffer,run,481,1125100,0,0,0,2370,1000000,16777216,read,148
measured,probe-memory-buffer,run,482,1125500,0,0,0,2372,1000000,16777216,read,148
measured,probe-memory-buffer,run,483,1126000,0,0,0,2373,1000000,16777216,read,148
measured,probe-memory-buffer,run,484,1126400,0,0,0,2375,1000000,16777216,read,148
measured,probe-memory-buffer,run,485,1126800,0,0,0,2377,1000000,16777216,read,148
measured,probe-memory-buffer,run,486,1127200,0,0,0,2378,1000000,16777216,read,148
measured,probe-memory-buffer,run,487,1127700,0,0,0,2380,1000000,16777216,read,148
measured,probe-memory-buffer,run,488,1128100,0,0,0,2382,1000000,16777216,read,148
measured,probe-memory-buffer,run,489,1128500,0,0,0,2383,1000000,16777216,read,148
measured,probe-memory-buffer,run,490,1128900,0,0,0,2385,1000000,16777216,read,149
measured,probe-memory-buffer,run,491,1129300,0,0,0,2387,1000000,16777216,read,149
measured,probe-memory-buffer,run,492,1129800,0,0,0,2388,1000000,16777216,read,149
measured,probe-memory-buffer,run,493,1130200,0,0,0,2390,1000000,16777216,read,149
measured,probe-memory-buffer,run,494,1130600,0,0,0,2392,1000000,16777216,read,149
measured,probe-memory-buffer,run,495,1131000,0,0,0,2393,1000000,16777216,read,149
measured,probe-memory-buffer,run,496,1131500,0,0,0,2395,1000000,16777216,read,149
measured,probe-memory-buffer,run,497,1131900,0,0,0,2396,1000000,16777216,read,149
measured,probe-memory-buffer,run,498,1132300,0,0,0,2398,1000000,16777216,read,149
measured,probe-memory-buffer,run,499,1132700,0,0,0,2400,1000000,16777216,read,150
measured,probe-memory-buffer,run,500,1133100,0,0,0,2401,1000000,16777216,read,150
measured,probe-memory-buffer,run,501,1133500,0,0,0,2403,1000000,16777216,read,150
measured,probe-memory-buffer,run,502,1134000,0,0,0,2405,1000000,16777216,read,150
measured,probe-memory-buffer,run,503,1134400,0,0,0,2407,1000000,16777216,read,150
measured,probe-memory-buffer,run,504,1134800,0,0,0,2408,1000000,16777216,read,150
measured,probe-memory-buffer,run,505,1135200,0,0,0,2410,1000000,16777216,read,150
measured,probe-memory-buffer,run,506,1135700,0,0,0,2411,1000000,16777216,read,150
measured,probe-memory-buffer,run,507,1136100,0,0,0,2413,1000000,16777216,read,150
measured,probe-memory-buffer,run,508,1136500,0,0,0,2415,1000000,16777216,read,150
measured,probe-memory-buffer,run,509,1136900,0,0,0,2416,1000000,16777216,read,151
measured,probe-memory-buffer,run,510,1137300,0,0,0,2418,1000000,16777216,read,151
measured,probe-memory-buffer,run,511,1137800,0,0,0,2419,1000000,16777216,read,151
measured,probe-memory-buffer,run,512,1138200,0,0,0,2421,1000000,16777216,read,151
measured,probe-memory-buffer,run,513,1138600,0,0,0,2423,1000000,16777216,read,151
measured,probe-memory-buffer,run,514,1139000,0,0,0,2425,1000000,16777216,read,151
measured,probe-memory-buffer,run,515,1139500,0,0,0,2426,1000000,16777216,read,151
measured,probe-memory-buffer,run,516,1139900,0,0,0,2428,1000000,16777216,read,151
measured,probe-memory-buffer,run,517,1140300,0,0,0,2430,1000000,16777216,read,151
measured,probe-memory-buffer,run,518,1140700,0,0,0,2431,1000000,16777216,read,151
measured,probe-memory-buffer,run,519,1141100,0,0,0,2433,1000000,16777216,read,152
measured,probe-memory-buffer,run,520,1141600,0,0,0,2434,1000000,16777216,read,152
measured,probe-memory-buffer,run,521,1142000,0,0,0,2436,1000000,16777216,read,152
measured,probe-memory-buffer,run,522,1142400,0,0,0,2438,1000000,16777216,read,152
measured,probe-memory-buffer,run,523,1142800,0,0,0,2439,1000000,16777216,read,152
measured,probe-memory-buffer,run,524,1143200,0,0,0,2441,1000000,16777216,read,152
measured,probe-memory-buffer,run,525,1143700,0,0,0,2442,1000000,16777216,read,152
measured,probe-memory-buffer,run,526,1144100,0,0,0,2444,1000000,16777216,read,152
measured,probe-memory-buffer,run,527,1144500,0,0,0,2446,1000000,16777216,read,152
measured,probe-memory-buffer,run,528,1144900,0,0,0,2448,1000000,16777216,read,153
measured,probe-memory-buffer,run,529,1145300,0,0,0,2449,1000000,16777216,read,153
measured,probe-memory-buffer,run,530,1145800,0,0,0,2451,1000000,16777216,read,153
measured,probe-memory-buffer,run,531,1146200,0,0,0,2453,1000000,16777216,read,153
measured,probe-memory-buffer,run,532,1146600,0,0,0,2454,1000000,16777216,read,153
measured,probe-memory-buffer,run,533,1147000,0,0,0,2456,1000000,16777216,read,153
measured,probe-memory-buffer,run,534,1147500,0,0,0,2457,1000000,16777216,read,153
measured,probe-memory-buffer,run,535,1147900,0,0,0,2459,1000000,16777216,read,153
measured,probe-memory-buffer,run,536,1148300,0,0,0,2461,1000000,16777216,read,153
measured,probe-memory-buffer,run,537,1148700,0,0,0,2462,1000000,16777216,read,153
measured,probe-memory-buffer,run,538,1149900,0,0,0,2467,1000000,16777216,read,154
measured,probe-memory-buffer,run,539,1150400,0,0,0,2469,1000000,16777216,read,154
measured,probe-memory-buffer,run,540,1150800,0,0,0,2471,1000000,16777216,read,154
measured,probe-memory-buffer,run,541,1151200,0,0,0,2472,1000000,16777216,read,154
measured,probe-memory-buffer,run,542,1151600,0,0,0,2474,1000000,16777216,read,154
measured,probe-memory-buffer,run,543,1152100,0,0,0,2475,1000000,16777216,read,154
measured,probe-memory-buffer,run,544,1152500,0,0,0,2477,1000000,16777216,read,154
measured,probe-memory-buffer,run,545,1152900,0,0,0,2479,1000000,16777216,read,154
measured,probe-memory-buffer,run,546,1153300,0,0,0,2480,1000000,16777216,read,155
measured,probe-memory-buffer,run,547,1153700,0,0,0,2482,1000000,16777216,read,155
measured,probe-memory-buffer,run,548,1154200,0,0,0,2483,1000000,16777216,read,155
measured,probe-memory-buffer,run,549,1154600,0,0,0,2485,1000000,16777216,read,155
measured,probe-memory-buffer,run,550,1155000,0,0,0,2487,1000000,16777216,read,155
measured,probe-memory-buffer,run,551,1155400,0,0,0,2489,1000000,16777216,read,155
measured,probe-memory-buffer,run,552,1155900,0,0,0,2490,1000000,16777216,read,155
measured,probe-memory-buffer,run,553,1156300,0,0,0,2492,1000000,16777216,read,155
measured,probe-memory-buffer,run,554,1156700,0,0,0,2494,1000000,16777216,read,155
measured,probe-memory-buffer,run,555,1157100,0,0,0,2495,1000000,16777216,read,155
measured,probe-memory-buffer,run,556,1157500,0,0,0,2497,1000000,16777216,read,156
measured,probe-memory-buffer,run,557,1158000,0,0,0,2498,1000000,16777216,read,156
measured,probe-memory-buffer,run,558,1158400,0,0,0,2500,1000000,16777216,read,156
measured,probe-memory-buffer,run,559,1158800,0,0,0,2502,1000000,16777216,read,156
measured,probe-memory-buffer,run,560,1159200,0,0,0,2503,1000000,16777216,read,156
measured,probe-memory-buffer,run,561,1159700,0,0,0,2505,1000000,16777216,read,156
measured,probe-memory-buffer,run,562,1160100,0,0,0,2507,1000000,16777216,read,156
measured,probe-memory-buffer,run,563,1160500,0,0,0,2508,1000000,16777216,read,156
measured,probe-memory-buffer,run,564,1160900,0,0,0,2510,1000000,16777216,read,156
measured,probe-memory-buffer,run,565,1161400,0,0,0,2512,1000000,16777216,read,157
measured,probe-memory-buffer,run,566,1161800,0,0,0,2513,1000000,16777216,read,157
measured,probe-memory-buffer,run,567,1162200,0,0,0,2515,1000000,16777216,read,157
measured,probe-memory-buffer,run,568,1162600,0,0,0,2517,1000000,16777216,read,157
measured,probe-memory-buffer,run,569,1163000,0,0,0,2518,1000000,16777216,read,157
measured,probe-memory-buffer,run,570,1163500,0,0,0,2520,1000000,16777216,read,157
measured,probe-memory-buffer,run,571,1163900,0,0,0,2522,1000000,16777216,read,157
measured,probe-memory-buffer,run,572,1164300,0,0,0,2523,1000000,16777216,read,157
measured,probe-memory-buffer,run,573,1164700,0,0,0,2525,1000000,16777216,read,157
measured,probe-memory-buffer,run,574,1165100,0,0,0,2526,1000000,16777216,read,157
measured,probe-memory-buffer,run,575,1165600,0,0,0,2528,1000000,16777216,read,158
measured,probe-memory-buffer,run,576,1166000,0,0,0,2530,1000000,16777216,read,158
measured,probe-memory-buffer,run,577,1166400,0,0,0,2532,1000000,16777216,read,158
measured,probe-memory-buffer,run,578,1166800,0,0,0,2533,1000000,16777216,read,158
measured,probe-memory-buffer,run,579,1167200,0,0,0,2535,1000000,16777216,read,158
measured,probe-memory-buffer,run,580,1167700,0,0,0,2536,1000000,16777216,read,158
measured,probe-memory-buffer,run,581,1168100,0,0,0,2538,1000000,16777216,read,158
measured,probe-memory-buffer,run,582,1168500,0,0,0,2540,1000000,16777216,read,158
measured,probe-memory-buffer,run,583,1168900,0,0,0,2541,1000000,16777216,read,158
measured,probe-memory-buffer,run,584,1169300,0,0,0,2543,1000000,16777216,read,158
measured,probe-memory-buffer,run,585,1169800,0,0,0,2544,1000000,16777216,read,159
measured,probe-memory-buffer,run,586,1170200,0,0,0,2546,1000000,16777216,read,159
measured,probe-memory-buffer,run,587,1170600,0,0,0,2548,1000000,16777216,read,159
measured,probe-memory-buffer,run,588,1171000,0,0,0,2550,1000000,16777216,read,159
measured,probe-memory-buffer,run,589,1171500,0,0,0,2551,1000000,16777216,read,159
measured,probe-memory-buffer,run,590,1171900,0,0,0,2553,1000000,16777216,read,159
measured,probe-memory-buffer,run,591,1172300,0,0,0,2555,1000000,16777216,read,159
measured,probe-memory-buffer,run,592,1172700,0,0,0,2556,1000000,16777216,read,159
measured,probe-memory-buffer,run,593,1173100,0,0,0,2558,1000000,16777216,read,159
measured,probe-memory-buffer,run,594,1173600,0,0,0,2559,1000000,16777216,read,159
measured,probe-memory-buffer,run,595,1174900,0,0,0,2564,1000000,16777216,read,160
measured,probe-memory-buffer,run,596,1175300,0,0,0,2566,1000000,16777216,read,160
measured,probe-memory-buffer,run,597,1175700,0,0,0,2568,1000000,16777216,read,160
measured,probe-memory-buffer,run,598,1176100,0,0,0,2569,1000000,16777216,read,160
measured,probe-memory-buffer,run,599,1176600,0,0,0,2571,1000000,16777216,read,160
measured,probe-memory-buffer,run,600,1177000,0,0,0,2573,1000000,16777216,read,160
measured,probe-memory-buffer,run,601,1177400,0,0,0,2575,1000000,16777216,read,160
measured,probe-memory-buffer,run,602,1177800,0,0,0,2576,1000000,16777216,read,161
measured,probe-memory-buffer,run,603,1178200,0,0,0,2578,1000000,16777216,read,161
measured,probe-memory-buffer,run,604,1178700,0,0,0,2579,1000000,16777216,read,161
measured,probe-memory-buffer,run,605,1179100,0,0,0,2581,1000000,16777216,read,161
measured,probe-memory-buffer,run,606,1179500,0,0,0,2583,1000000,16777216,read,161
measured,probe-memory-buffer,run,607,1179900,0,0,0,2584,1000000,16777216,read,161
measured,probe-memory-buffer,run,608,1180400,0,0,0,2586,1000000,16777216,read,161
measured,probe-memory-buffer,run,609,1180800,0,0,0,2588,1000000,16777216,read,161
measured,probe-memory-buffer,run,610,1181200,0,0,0,2589,1000000,16777216,read,161
measured,probe-memory-buffer,run,611,1181600,0,0,0,2591,1000000,16777216,read,161
measured,probe-memory-buffer,run,612,1182000,0,0,0,2592,1000000,16777216,read,162
measured,probe-memory-buffer,run,613,1182500,0,0,0,2594,1000000,16777216,read,162
measured,probe-memory-buffer,run,614,1182900,0,0,0,2596,1000000,16777216,read,162
measured,probe-memory-buffer,run,615,1183300,0,0,0,2598,1000000,16777216,read,162
measured,probe-memory-buffer,run,616,1183700,0,0,0,2599,1000000,16777216,read,162
measured,probe-memory-buffer,run,617,1184200,0,0,0,2601,1000000,16777216,read,162
measured,probe-memory-buffer,run,618,1184600,0,0,0,2603,1000000,16777216,read,162
measured,probe-memory-buffer,run,619,1185000,0,0,0,2604,1000000,16777216,read,162
measured,probe-memory-buffer,run,620,1185400,0,0,0,2606,1000000,16777216,read,162
measured,probe-memory-buffer,run,621,1185900,0,0,0,2607,1000000,16777216,read,162
measured,probe-memory-buffer,run,622,1186300,0,0,0,2609,1000000,16777216,read,163
measured,probe-memory-buffer,run,623,1186700,0,0,0,2611,1000000,16777216,read,163
measured,probe-memory-buffer,run,624,1187100,0,0,0,2612,1000000,16777216,read,163
measured,probe-memory-buffer,run,625,1187500,0,0,0,2614,1000000,16777216,read,163
measured,probe-memory-buffer,run,626,1188000,0,0,0,2616,1000000,16777216,read,163
measured,probe-memory-buffer,run,627,1188400,0,0,0,2617,1000000,16777216,read,163
measured,probe-memory-buffer,run,628,1188800,0,0,0,2619,1000000,16777216,read,163
measured,probe-memory-buffer,run,629,1189200,0,0,0,2621,1000000,16777216,read,163
measured,probe-memory-buffer,run,630,1189600,0,0,0,2622,1000000,16777216,read,163
measured,probe-memory-buffer,run,631,1190100,0,0,0,2624,1000000,16777216,read,164
measured,probe-memory-buffer,run,632,1194300,0,0,0,2640,1000000,16777216,read,165
measured,probe-memory-buffer,run,633,1194700,0,0,0,2642,1000000,16777216,read,165
measured,probe-memory-buffer,run,634,1195100,0,0,0,2644,1000000,16777216,read,165
measured,probe-memory-buffer,run,635,1195500,0,0,0,2645,1000000,16777216,read,165
measured,probe-memory-buffer,run,636,1196000,0,0,0,2647,1000000,16777216,read,165
measured,probe-memory-buffer,run,637,1196400,0,0,0,2649,1000000,16777216,read,165
measured,probe-memory-buffer,run,638,1196800,0,0,0,2650,1000000,16777216,read,165
measured,probe-memory-buffer,run,639,1197200,0,0,0,2652,1000000,16777216,read,165
measured,probe-memory-buffer,run,640,1197700,0,0,0,2653,1000000,16777216,read,165
measured,probe-memory-buffer,run,641,1198100,0,0,0,2655,1000000,16777216,read,165
measured,probe-memory-buffer,run,642,1198500,0,0,0,2657,1000000,16777216,read,166
measured,probe-memory-buffer,run,643,1198900,0,0,0,2658,1000000,16777216,read,166
measured,probe-memory-buffer,run,644,1199400,0,0,0,2660,1000000,16777216,read,166
measured,probe-memory-buffer,run,645,1199800,0,0,0,2662,1000000,16777216,read,166
measured,probe-memory-buffer,run,646,1200200,0,0,0,2664,1000000,16777216,read,166
measured,probe-memory-buffer,run,647,1200600,0,0,0,2665,1000000,16777216,read,166
measured,probe-memory-buffer,run,648,1201100,0,0,0,2667,1000000,16777216,read,166
measured,probe-memory-buffer,run,649,1201500,0,0,0,2668,1000000,16777216,read,166
measured,probe-memory-buffer,run,650,1201900,0,0,0,2670,1000000,16777216,read,166
measured,probe-memory-buffer,run,651,1202300,0,0,0,2672,1000000,16777216,read,167
measured,probe-memory-buffer,run,652,1203900,0,0,0,2678,1000000,16777216,read,167
measured,probe-memory-buffer,run,653,1204300,0,0,0,2680,1000000,16777216,read,167
measured,probe-memory-buffer,run,654,1204700,0,0,0,2681,1000000,16777216,read,167
measured,probe-memory-buffer,run,655,1205200,0,0,0,2683,1000000,16777216,read,167
measured,probe-memory-buffer,run,656,1205600,0,0,0,2685,1000000,16777216,read,167
measured,probe-memory-buffer,run,657,1206000,0,0,0,2686,1000000,16777216,read,167
measured,probe-memory-buffer,run,658,1206400,0,0,0,2688,1000000,16777216,read,168
measured,probe-memory-buffer,run,659,1206900,0,0,0,2689,1000000,16777216,read,168
measured,probe-memory-buffer,run,660,1207300,0,0,0,2691,1000000,16777216,read,168
measured,probe-memory-buffer,run,661,1207700,0,0,0,2693,1000000,16777216,read,168
measured,probe-memory-buffer,run,662,1208100,0,0,0,2694,1000000,16777216,read,168
measured,probe-memory-buffer,run,663,1208600,0,0,0,2696,1000000,16777216,read,168
measured,probe-memory-buffer,run,664,1209000,0,0,0,2698,1000000,16777216,read,168
measured,probe-memory-buffer,run,665,1209400,0,0,0,2700,1000000,16777216,read,168
measured,probe-memory-buffer,run,666,1209800,0,0,0,2701,1000000,16777216,read,168
measured,probe-memory-buffer,run,667,1210300,0,0,0,2703,1000000,16777216,read,168
measured,probe-memory-buffer,run,668,1210700,0,0,0,2704,1000000,16777216,read,169
measured,probe-memory-buffer,run,669,1211100,0,0,0,2706,1000000,16777216,read,169
measured,probe-memory-buffer,run,670,1211500,0,0,0,2708,1000000,16777216,read,169
measured,probe-memory-buffer,run,671,1211900,0,0,0,2709,1000000,16777216,read,169
measured,probe-memory-buffer,run,672,1212400,0,0,0,2711,1000000,16777216,read,169
measured,probe-memory-buffer,run,673,1212800,0,0,0,2713,1000000,16777216,read,169
measured,probe-memory-buffer,run,674,1213200,0,0,0,2714,1000000,16777216,read,169
measured,probe-memory-buffer,run,675,1213600,0,0,0,2716,1000000,16777216,read,169
measured,probe-memory-buffer,run,676,1214000,0,0,0,2717,1000000,16777216,read,169
measured,probe-memory-buffer,run,677,1214500,0,0,0,2719,1000000,16777216,read,169
measured,probe-memory-buffer,run,678,1214900,0,0,0,2721,1000000,16777216,read,170
measured,probe-memory-buffer,run,679,1215300,0,0,0,2723,1000000,16777216,read,170
measured,probe-memory-buffer,run,680,1215700,0,0,0,2724,1000000,16777216,read,170
measured,probe-memory-buffer,run,681,1216200,0,0,0,2726,1000000,16777216,read,170
measured,probe-memory-buffer,run,682,1216600,0,0,0,2728,1000000,16777216,read,170
measured,probe-memory-buffer,run,683,1217000,0,0,0,2729,1000000,16777216,read,170
measured,probe-memory-buffer,run,684,1217400,0,0,0,2731,1000000,16777216,read,170
measured,probe-memory-buffer,run,685,1217900,0,0,0,2732,1000000,16777216,read,170
measured,probe-memory-buffer,run,686,1218300,0,0,0,2734,1000000,16777216,read,170
measured,probe-memory-buffer,run,687,1218700,0,0,0,2736,1000000,16777216,read,171
measured,probe-memory-buffer,run,688,1219100,0,0,0,2737,1000000,16777216,read,171
measured,probe-memory-buffer,run,689,1219500,0,0,0,2739,1000000,16777216,read,171
measured,probe-memory-buffer,run,690,1220000,0,0,0,2741,1000000,16777216,read,171
measured,probe-memory-buffer,run,691,1220400,0,0,0,2742,1000000,16777216,read,171
measured,probe-memory-buffer,run,692,1220800,0,0,0,2744,1000000,16777216,read,171
measured,probe-memory-buffer,run,693,1221200,0,0,0,2746,1000000,16777216,read,171
measured,probe-memory-buffer,run,694,1221700,0,0,0,2747,1000000,16777216,read,171
measured,probe-memory-buffer,run,695,1222100,0,0,0,2749,1000000,16777216,read,171
measured,probe-memory-buffer,run,696,1222500,0,0,0,2751,1000000,16777216,read,171
measured,probe-memory-buffer,run,697,1222900,0,0,0,2752,1000000,16777216,read,172
measured,probe-memory-buffer,run,698,1223300,0,0,0,2754,1000000,16777216,read,172
measured,probe-memory-buffer,run,699,1223800,0,0,0,2755,1000000,16777216,read,172
measured,probe-memory-buffer,run,700,1224200,0,0,0,2757,1000000,16777216,read,172
measured,probe-memory-buffer,run,701,1224600,0,0,0,2759,1000000,16777216,read,172
measured,probe-memory-buffer,run,702,1225000,0,0,0,2760,1000000,16777216,read,172
measured,probe-memory-buffer,run,703,1225400,0,0,0,2762,1000000,16777216,read,172
measured,probe-memory-buffer,run,704,1225900,0,0,0,2764,1000000,16777216,read,172
measured,probe-memory-buffer,run,705,1226300,0,0,0,2766,1000000,16777216,read,172
measured,probe-memory-buffer,run,706,1226700,0,0,0,2767,1000000,16777216,read,172
measured,probe-memory-buffer,run,707,1227100,0,0,0,2769,1000000,16777216,read,173
measured,probe-memory-buffer,run,708,1227500,0,0,0,2770,1000000,16777216,read,173
measured,probe-memory-buffer,run,709,1228800,0,0,0,2775,1000000,16777216,read,173
measured,probe-memory-buffer,run,710,1229300,0,0,0,2777,1000000,16777216,read,173
measured,probe-memory-buffer,run,711,1229700,0,0,0,2779,1000000,16777216,read,173
measured,probe-memory-buffer,run,712,1230100,0,0,0,2780,1000000,16777216,read,173
measured,probe-memory-buffer,run,713,1230500,0,0,0,2782,1000000,16777216,read,173
measured,probe-memory-buffer,run,714,1231000,0,0,0,2783,1000000,16777216,read,173
measured,probe-memory-buffer,run,715,1231400,0,0,0,2785,1000000,16777216,read,174
measured,probe-memory-buffer,run,716,1231800,0,0,0,2787,1000000,16777216,read,174
measured,probe-memory-buffer,run,717,1232200,0,0,0,2789,1000000,16777216,read,174
measured,probe-memory-buffer,run,718,1232600,0,0,0,2790,1000000,16777216,read,174
measured,probe-memory-buffer,run,719,1233100,0,0,0,2792,1000000,16777216,read,174
measured,probe-memory-buffer,run,720,1233500,0,0,0,2794,1000000,16777216,read,174
measured,probe-memory-buffer,run,721,1233900,0,0,0,2795,1000000,16777216,read,174
measured,probe-memory-buffer,run,722,1234300,0,0,0,2797,1000000,16777216,read,174
measured,probe-memory-buffer,run,723,1234800,0,0,0,2798,1000000,16777216,read,174
measured,probe-memory-buffer,run,724,1235200,0,0,0,2800,1000000,16777216,read,175
measured,probe-memory-buffer,run,725,1235600,0,0,0,2802,1000000,16777216,read,175
measured,probe-memory-buffer,run,726,1236000,0,0,0,2803,1000000,16777216,read,175
measured,probe-memory-buffer,run,727,1236400,0,0,0,2805,1000000,16777216,read,175
measured,probe-memory-buffer,run,728,1236900,0,0,0,2807,1000000,16777216,read,175
measured,probe-memory-buffer,run,729,1237300,0,0,0,2808,1000000,16777216,read,175
measured,probe-memory-buffer,run,730,1237700,0,0,0,2810,1000000,16777216,read,175
measured,probe-memory-buffer,run,731,1238100,0,0,0,2812,1000000,16777216,read,175
measured,probe-memory-buffer,run,732,1238500,0,0,0,2813,1000000,16777216,read,175
measured,probe-memory-buffer,run,733,1239000,0,0,0,2815,1000000,16777216,read,175
measured,probe-memory-buffer,run,734,1239400,0,0,0,2817,1000000,16777216,read,176
measured,probe-memory-buffer,run,735,1239800,0,0,0,2818,1000000,16777216,read,176
measured,probe-memory-buffer,run,736,1240200,0,0,0,2820,1000000,16777216,read,176
measured,probe-memory-buffer,run,737,1240600,0,0,0,2821,1000000,16777216,read,176
measured,probe-memory-buffer,run,738,1241100,0,0,0,2823,1000000,16777216,read,176
measured,probe-memory-buffer,run,739,1241500,0,0,0,2825,1000000,16777216,read,176
measured,probe-memory-buffer,run,740,1241900,0,0,0,2826,1000000,16777216,read,176
measured,probe-memory-buffer,run,741,1242300,0,0,0,2828,1000000,16777216,read,176
measured,probe-memory-buffer,run,742,1242800,0,0,0,2830,1000000,16777216,read,176
measured,probe-memory-buffer,run,743,1243200,0,0,0,2832,1000000,16777216,read,177
measured,probe-memory-buffer,run,744,1243600,0,0,0,2833,1000000,16777216,read,177
measured,probe-memory-buffer,run,745,1244000,0,0,0,2835,1000000,16777216,read,177
measured,probe-memory-buffer,run,746,1244400,0,0,0,2836,1000000,16777216,read,177
measured,probe-memory-buffer,run,747,1244900,0,0,0,2838,1000000,16777216,read,177
measured,probe-memory-buffer,run,748,1245300,0,0,0,2840,1000000,16777216,read,177
measured,probe-memory-buffer,run,749,1245700,0,0,0,2841,1000000,16777216,read,177
measured,probe-memory-buffer,run,750,1246100,0,0,0,2843,1000000,16777216,read,177
measured,probe-memory-buffer,run,751,1246600,0,0,0,2844,1000000,16777216,read,177
measured,probe-memory-buffer,run,752,1247000,0,0,0,2846,1000000,16777216,read,177
measured,probe-memory-buffer,run,753,1247400,0,0,0,2848,1000000,16777216,read,178
measured,probe-memory-buffer,run,754,1247800,0,0,0,2850,1000000,16777216,read,178
measured,probe-memory-buffer,run,755,1248300,0,0,0,2851,1000000,16777216,read,178
measured,probe-memory-buffer,run,756,1248700,0,0,0,2853,1000000,16777216,read,178
measured,probe-memory-buffer,run,757,1249100,0,0,0,2855,1000000,16777216,read,178
measured,probe-memory-buffer,run,758,1249500,0,0,0,2856,1000000,16777216,read,178
measured,probe-memory-buffer,run,759,1250000,0,0,0,2858,1000000,16777216,read,178
measured,probe-memory-buffer,run,760,1250400,0,0,0,2860,1000000,16777216,read,178
measured,probe-memory-buffer,run,761,1250800,0,0,0,2861,1000000,16777216,read,178
measured,probe-memory-buffer,run,762,1251200,0,0,0,2863,1000000,16777216,read,178
measured,probe-memory-buffer,run,763,1251600,0,0,0,2864,1000000,16777216,read,179
measured,probe-memory-buffer,run,764,1252100,0,0,0,2866,1000000,16777216,read,179
measured,probe-memory-buffer,run,765,1253400,0,0,0,2871,1000000,16777216,read,179
measured,probe-memory-buffer,run,766,1253800,0,0,0,2873,1000000,16777216,read,179
measured,probe-memory-buffer,run,767,1254200,0,0,0,2875,1000000,16777216,read,179
measured,probe-memory-buffer,run,768,1254600,0,0,0,2876,1000000,16777216,read,179
measured,probe-memory-buffer,run,769,1255100,0,0,0,2878,1000000,16777216,read,179
measured,probe-memory-buffer,run,770,1255500,0,0,0,2880,1000000,16777216,read,180
measured,probe-memory-buffer,run,771,1255900,0,0,0,2881,1000000,16777216,read,180
measured,probe-memory-buffer,run,772,1256300,0,0,0,2883,1000000,16777216,read,180
measured,probe-memory-buffer,run,773,1256800,0,0,0,2884,1000000,16777216,read,180
measured,probe-memory-buffer,run,774,1257200,0,0,0,2886,1000000,16777216,read,180
measured,probe-memory-buffer,run,775,1257600,0,0,0,2888,1000000,16777216,read,180
measured,probe-memory-buffer,run,776,1258000,0,0,0,2889,1000000,16777216,read,180
measured,probe-memory-buffer,run,777,1258400,0,0,0,2891,1000000,16777216,read,180
measured,probe-memory-buffer,run,778,1258900,0,0,0,2892,1000000,16777216,read,180
measured,probe-memory-buffer,run,779,1259300,0,0,0,2894,1000000,16777216,read,180
measured,probe-memory-buffer,run,780,1259700,0,0,0,2896,1000000,16777216,read,181
measured,probe-memory-buffer,run,781,1260100,0,0,0,2898,1000000,16777216,read,181
measured,probe-memory-buffer,run,782,1260500,0,0,0,2899,1000000,16777216,read,181
measured,probe-memory-buffer,run,783,1261000,0,0,0,2901,1000000,16777216,read,181
measured,probe-memory-buffer,run,784,1261400,0,0,0,2903,1000000,16777216,read,181
measured,probe-memory-buffer,run,785,1261800,0,0,0,2904,1000000,16777216,read,181
measured,probe-memory-buffer,run,786,1262200,0,0,0,2906,1000000,16777216,read,181
measured,probe-memory-buffer,run,787,1262700,0,0,0,2907,1000000,16777216,read,181
measured,probe-memory-buffer,run,788,1263100,0,0,0,2909,1000000,16777216,read,181
measured,probe-memory-buffer,run,789,1263500,0,0,0,2911,1000000,16777216,read,181
measured,probe-memory-buffer,run,790,1263900,0,0,0,2912,1000000,16777216,read,182
measured,probe-memory-buffer,run,791,1264300,0,0,0,2914,1000000,16777216,read,182
measured,probe-memory-buffer,run,792,1264800,0,0,0,2916,1000000,16777216,read,182
measured,probe-memory-buffer,run,793,1265200,0,0,0,2917,1000000,16777216,read,182
measured,probe-memory-buffer,run,794,1265600,0,0,0,2919,1000000,16777216,read,182
measured,probe-memory-buffer,run,795,1266000,0,0,0,2921,1000000,16777216,read,182
measured,probe-memory-buffer,run,796,1266500,0,0,0,2922,1000000,16777216,read,182
measured,probe-memory-buffer,run,797,1266900,0,0,0,2924,1000000,16777216,read,182
measured,probe-memory-buffer,run,798,1267300,0,0,0,2926,1000000,16777216,read,182
measured,probe-memory-buffer,run,799,1267700,0,0,0,2927,1000000,16777216,read,182
measured,probe-memory-buffer,run,800,1268100,0,0,0,2929,1000000,16777216,read,183
measured,probe-memory-buffer,run,801,1268600,0,0,0,2930,1000000,16777216,read,183
measured,probe-memory-buffer,run,802,1269000,0,0,0,2932,1000000,16777216,read,183
measured,probe-memory-buffer,run,803,1269400,0,0,0,2934,1000000,16777216,read,183
measured,probe-memory-buffer,run,804,1269800,0,0,0,2935,1000000,16777216,read,183
measured,probe-memory-buffer,run,805,1270200,0,0,0,2937,1000000,16777216,read,183
measured,probe-memory-buffer,run,806,1270700,0,0,0,2939,1000000,16777216,read,183
measured,probe-memory-buffer,run,807,1271100,0,0,0,2941,1000000,16777216,read,183
measured,probe-memory-buffer,run,808,1271500,0,0,0,2942,1000000,16777216,read,183
measured,probe-memory-buffer,run,809,1271900,0,0,0,2944,1000000,16777216,read,184
measured,probe-memory-buffer,run,810,1272400,0,0,0,2945,1000000,16777216,read,184
measured,probe-memory-buffer,run,811,1272800,0,0,0,2947,1000000,16777216,read,184
measured,probe-memory-buffer,run,812,1273200,0,0,0,2949,1000000,16777216,read,184
measured,probe-memory-buffer,run,813,1273600,0,0,0,2950,1000000,16777216,read,184
measured,probe-memory-buffer,run,814,1274000,0,0,0,2952,1000000,16777216,read,184
measured,probe-memory-buffer,run,815,1274500,0,0,0,2953,1000000,16777216,read,184
measured,probe-memory-buffer,run,816,1274900,0,0,0,2955,1000000,16777216,read,184
measured,probe-memory-buffer,run,817,1275300,0,0,0,2957,1000000,16777216,read,184
measured,probe-memory-buffer,run,818,1275700,0,0,0,2958,1000000,16777216,read,184
measured,probe-memory-buffer,run,819,1276200,0,0,0,2960,1000000,16777216,read,185
measured,probe-memory-buffer,run,820,1276600,0,0,0,2962,1000000,16777216,read,185
measured,probe-memory-buffer,run,821,1277000,0,0,0,2964,1000000,16777216,read,185
measured,probe-memory-buffer,run,822,1278600,0,0,0,2970,1000000,16777216,read,185
measured,probe-memory-buffer,run,823,1279100,0,0,0,2971,1000000,16777216,read,185
measured,probe-memory-buffer,run,824,1279500,0,0,0,2973,1000000,16777216,read,185
measured,probe-memory-buffer,run,825,1279900,0,0,0,2975,1000000,16777216,read,185
measured,probe-memory-buffer,run,826,1280300,0,0,0,2976,1000000,16777216,read,186
measured,probe-memory-buffer,run,827,1280800,0,0,0,2978,1000000,16777216,read,186
measured,probe-memory-buffer,run,828,1281200,0,0,0,2980,1000000,16777216,read,186
measured,probe-memory-buffer,run,829,1281600,0,0,0,2982,1000000,16777216,read,186
measured,probe-memory-buffer,run,830,1282000,0,0,0,2983,1000000,16777216,read,186
measured,probe-memory-buffer,run,831,1282500,0,0,0,2985,1000000,16777216,read,186
measured,probe-memory-buffer,run,832,1282900,0,0,0,2986,1000000,16777216,read,186
measured,probe-memory-buffer,run,833,1283300,0,0,0,2988,1000000,16777216,read,186
measured,probe-memory-buffer,run,834,1283700,0,0,0,2990,1000000,16777216,read,186
measured,probe-memory-buffer,run,835,1284100,0,0,0,2991,1000000,16777216,read,186
measured,probe-memory-buffer,run,836,1284600,0,0,0,2993,1000000,16777216,read,187
measured,probe-memory-buffer,run,837,1285000,0,0,0,2994,1000000,16777216,read,187
measured,probe-memory-buffer,run,838,1285400,0,0,0,2996,1000000,16777216,read,187
measured,probe-memory-buffer,run,839,1285800,0,0,0,2998,1000000,16777216,read,187
measured,probe-memory-buffer,run,840,1286200,0,0,0,3000,1000000,16777216,read,187
measured,probe-memory-buffer,run,841,1286700,0,0,0,3001,1000000,16777216,read,187
measured,probe-memory-buffer,run,842,1287100,0,0,0,3003,1000000,16777216,read,187
measured,probe-memory-buffer,run,843,1287500,0,0,0,3005,1000000,16777216,read,187
measured,probe-memory-buffer,run,844,1287900,0,0,0,3006,1000000,16777216,read,187
measured,probe-memory-buffer,run,845,1288300,0,0,0,3008,1000000,16777216,read,188
measured,probe-memory-buffer,run,846,1288800,0,0,0,3009,1000000,16777216,read,188
measured,probe-memory-buffer,run,847,1289200,0,0,0,3011,1000000,16777216,read,188
measured,probe-memory-buffer,run,848,1289600,0,0,0,3013,1000000,16777216,read,188
measured,probe-memory-buffer,run,849,1290000,0,0,0,3014,1000000,16777216,read,188
measured,probe-memory-buffer,run,850,1290400,0,0,0,3016,1000000,16777216,read,188
measured,probe-memory-buffer,run,851,1290900,0,0,0,3017,1000000,16777216,read,188
measured,probe-memory-buffer,run,852,1291300,0,0,0,3019,1000000,16777216,read,188
measured,probe-memory-buffer,run,853,1291700,0,0,0,3021,1000000,16777216,read,188
measured,probe-memory-buffer,run,854,1292100,0,0,0,3023,1000000,16777216,read,188
measured,probe-memory-buffer,run,855,1292600,0,0,0,3024,1000000,16777216,read,189
measured,probe-memory-buffer,run,856,1293000,0,0,0,3026,1000000,16777216,read,189
measured,probe-memory-buffer,run,857,1293400,0,0,0,3028,1000000,16777216,read,189
measured,probe-memory-buffer,run,858,1293800,0,0,0,3029,1000000,16777216,read,189
measured,probe-memory-buffer,run,859,1294200,0,0,0,3031,1000000,16777216,read,189
measured,probe-memory-buffer,run,860,1294700,0,0,0,3032,1000000,16777216,read,189
measured,probe-memory-buffer,run,861,1295100,0,0,0,3034,1000000,16777216,read,189
measured,probe-memory-buffer,run,862,1295500,0,0,0,3036,1000000,16777216,read,189
measured,probe-memory-buffer,run,863,1295900,0,0,0,3037,1000000,16777216,read,189
measured,probe-memory-buffer,run,864,1296400,0,0,0,3039,1000000,16777216,read,189
measured,probe-memory-buffer,run,865,1296800,0,0,0,3041,1000000,16777216,read,190
measured,probe-memory-buffer,run,866,1297200,0,0,0,3042,1000000,16777216,read,190
measured,probe-memory-buffer,run,867,1297600,0,0,0,3044,1000000,16777216,read,190
measured,probe-memory-buffer,run,868,1298000,0,0,0,3046,1000000,16777216,read,190
measured,probe-memory-buffer,run,869,1298500,0,0,0,3047,1000000,16777216,read,190
measured,probe-memory-buffer,run,870,1298900,0,0,0,3049,1000000,16777216,read,190
measured,probe-memory-buffer,run,871,1299300,0,0,0,3051,1000000,16777216,read,190
measured,probe-memory-buffer,run,872,1299700,0,0,0,3052,1000000,16777216,read,190
measured,probe-memory-buffer,run,873,1300100,0,0,0,3054,1000000,16777216,read,190
measured,probe-memory-buffer,run,874,1300600,0,0,0,3055,1000000,16777216,read,190
measured,probe-memory-buffer,run,875,1301000,0,0,0,3057,1000000,16777216,read,191
measured,probe-memory-buffer,run,876,1301400,0,0,0,3059,1000000,16777216,read,191
measured,probe-memory-buffer,run,877,1301800,0,0,0,3060,1000000,16777216,read,191
measured,probe-memory-buffer,run,878,1302300,0,0,0,3062,1000000,16777216,read,191
measured,probe-memory-buffer,run,879,1303500,0,0,0,3067,1000000,16777216,read,191
measured,probe-memory-buffer,run,880,1304000,0,0,0,3069,1000000,16777216,read,191
measured,probe-memory-buffer,run,881,1304400,0,0,0,3071,1000000,16777216,read,191
measured,probe-memory-buffer,run,882,1304800,0,0,0,3072,1000000,16777216,read,192
measured,probe-memory-buffer,run,883,1305200,0,0,0,3074,1000000,16777216,read,192
measured,probe-memory-buffer,run,884,1305700,0,0,0,3075,1000000,16777216,read,192
measured,probe-memory-buffer,run,885,1306100,0,0,0,3077,1000000,16777216,read,192
measured,probe-memory-buffer,run,886,1306500,0,0,0,3079,1000000,16777216,read,192
measured,probe-memory-buffer,run,887,1306900,0,0,0,3080,1000000,16777216,read,192
measured,probe-memory-buffer,run,888,1307400,0,0,0,3082,1000000,16777216,read,192
measured,probe-memory-buffer,run,889,1307800,0,0,0,3083,1000000,16777216,read,192
measured,probe-memory-buffer,run,890,1308200,0,0,0,3085,1000000,16777216,read,192
measured,probe-memory-buffer,run,891,1308600,0,0,0,3087,1000000,16777216,read,192
measured,probe-memory-buffer,run,892,1309000,0,0,0,3089,1000000,16777216,read,193
measured,probe-memory-buffer,run,893,1309500,0,0,0,3090,1000000,16777216,read,193
measured,probe-memory-buffer,run,894,1309900,0,0,0,3092,1000000,16777216,read,193
measured,probe-memory-buffer,run,895,1310300,0,0,0,3094,1000000,16777216,read,193
measured,probe-memory-buffer,run,896,1310700,0,0,0,3095,1000000,16777216,read,193
measured,probe-memory-buffer,run,897,1311200,0,0,0,3097,1000000,16777216,read,193
measured,probe-memory-buffer,run,898,1311600,0,0,0,3099,1000000,16777216,read,193
measured,probe-memory-buffer,run,899,1312000,0,0,0,3100,1000000,16777216,read,193
measured,probe-memory-buffer,run,900,1312400,0,0,0,3102,1000000,16777216,read,193
measured,probe-memory-buffer,run,901,1312800,0,0,0,3103,1000000,16777216,read,193
measured,probe-memory-buffer,run,902,1313300,0,0,0,3105,1000000,16777216,read,194
measured,probe-memory-buffer,run,903,1313700,0,0,0,3107,1000000,16777216,read,194
measured,probe-memory-buffer,run,904,1314100,0,0,0,3108,1000000,16777216,read,194
measured,probe-memory-buffer,run,905,1314500,0,0,0,3110,1000000,16777216,read,194
measured,probe-memory-buffer,run,906,1314900,0,0,0,3112,1000000,16777216,read,194
measured,probe-memory-buffer,run,907,1315400,0,0,0,3113,1000000,16777216,read,194
measured,probe-memory-buffer,run,908,1315800,0,0,0,3115,1000000,16777216,read,194
measured,probe-memory-buffer,run,909,1316200,0,0,0,3117,1000000,16777216,read,194
measured,probe-memory-buffer,run,910,1316600,0,0,0,3118,1000000,16777216,read,194
measured,probe-memory-buffer,run,911,1317100,0,0,0,3120,1000000,16777216,read,195
measured,probe-memory-buffer,run,912,1317500,0,0,0,3122,1000000,16777216,read,195
measured,probe-memory-buffer,run,913,1317900,0,0,0,3123,1000000,16777216,read,195
measured,probe-memory-buffer,run,914,1318300,0,0,0,3125,1000000,16777216,read,195
measured,probe-memory-buffer,run,915,1318700,0,0,0,3126,1000000,16777216,read,195
measured,probe-memory-buffer,run,916,1319200,0,0,0,3128,1000000,16777216,read,195
measured,probe-memory-buffer,run,917,1319600,0,0,0,3130,1000000,16777216,read,195
measured,probe-memory-buffer,run,918,1320000,0,0,0,3132,1000000,16777216,read,195
measured,probe-memory-buffer,run,919,1320400,0,0,0,3133,1000000,16777216,read,195
measured,probe-memory-buffer,run,920,1320900,0,0,0,3135,1000000,16777216,read,195
measured,probe-memory-buffer,run,921,1321300,0,0,0,3136,1000000,16777216,read,196
measured,probe-memory-buffer,run,922,1321700,0,0,0,3138,1000000,16777216,read,196
measured,probe-memory-buffer,run,923,1322100,0,0,0,3140,1000000,16777216,read,196
measured,probe-memory-buffer,run,924,1322500,0,0,0,3141,1000000,16777216,read,196
measured,probe-memory-buffer,run,925,1323000,0,0,0,3143,1000000,16777216,read,196
measured,probe-memory-buffer,run,926,1323400,0,0,0,3145,1000000,16777216,read,196
measured,probe-memory-buffer,run,927,1323800,0,0,0,3146,1000000,16777216,read,196
measured,probe-memory-buffer,run,928,1324200,0,0,0,3148,1000000,16777216,read,196
measured,probe-memory-buffer,run,929,1324600,0,0,0,3150,1000000,16777216,read,196
measured,probe-memory-buffer,run,930,1325100,0,0,0,3151,1000000,16777216,read,196
measured,probe-memory-buffer,run,931,1325500,0,0,0,3153,1000000,16777216,read,197
measured,probe-memory-buffer,run,932,1325900,0,0,0,3155,1000000,16777216,read,197
measured,probe-memory-buffer,run,933,1326300,0,0,0,3156,1000000,16777216,read,197
measured,probe-memory-buffer,run,934,1326800,0,0,0,3158,1000000,16777216,read,197
measured,probe-memory-buffer,run,935,1327200,0,0,0,3160,1000000,16777216,read,197
measured,probe-memory-buffer,run,936,1328500,0,0,0,3165,1000000,16777216,read,197
measured,probe-memory-buffer,run,937,1328900,0,0,0,3166,1000000,16777216,read,197
measured,probe-memory-buffer,run,938,1329300,0,0,0,3168,1000000,16777216,read,198
measured,probe-memory-buffer,run,939,1329800,0,0,0,3169,1000000,16777216,read,198
measured,probe-memory-buffer,run,940,1330200,0,0,0,3171,1000000,16777216,read,198
measured,probe-memory-buffer,run,941,1330600,0,0,0,3173,1000000,16777216,read,198
measured,probe-memory-buffer,run,942,1331000,0,0,0,3175,1000000,16777216,read,198
measured,probe-memory-buffer,run,943,1331500,0,0,0,3176,1000000,16777216,read,198
measured,probe-memory-buffer,run,944,1331900,0,0,0,3178,1000000,16777216,read,198
measured,probe-memory-buffer,run,945,1332300,0,0,0,3180,1000000,16777216,read,198
measured,probe-memory-buffer,run,946,1332700,0,0,0,3181,1000000,16777216,read,198
measured,probe-memory-buffer,run,947,1333500,0,0,0,3184,1000000,16777216,read,199
measured,probe-memory-buffer,run,948,1333900,0,0,0,3186,1000000,16777216,read,199
measured,probe-memory-buffer,run,949,1334400,0,0,0,3187,1000000,16777216,read,199
measured,probe-memory-buffer,run,950,1334800,0,0,0,3189,1000000,16777216,read,199
measured,probe-memory-buffer,run,951,1335200,0,0,0,3191,1000000,16777216,read,199
measured,probe-memory-buffer,run,952,1335600,0,0,0,3192,1000000,16777216,read,199
measured,probe-memory-buffer,run,953,1336000,0,0,0,3194,1000000,16777216,read,199
measured,probe-memory-buffer,run,954,1336500,0,0,0,3196,1000000,16777216,read,199
measured,probe-memory-buffer,run,955,1336900,0,0,0,3198,1000000,16777216,read,199
measured,probe-memory-buffer,run,956,1337300,0,0,0,3199,1000000,16777216,read,199
measured,probe-memory-buffer,run,957,1337700,0,0,0,3201,1000000,16777216,read,200
measured,probe-memory-buffer,run,958,1338200,0,0,0,3202,1000000,16777216,read,200
measured,probe-memory-buffer,run,959,1338600,0,0,0,3204,1000000,16777216,read,200
measured,probe-memory-buffer,run,960,1339000,0,0,0,3206,1000000,16777216,read,200
measured,probe-memory-buffer,run,961,1339400,0,0,0,3207,1000000,16777216,read,200
measured,probe-memory-buffer,run,962,1339800,0,0,0,3209,1000000,16777216,read,200
measured,probe-memory-buffer,run,963,1340300,0,0,0,3210,1000000,16777216,read,200
measured,probe-memory-buffer,run,964,1340700,0,0,0,3212,1000000,16777216,read,200
measured,probe-memory-buffer,run,965,1341100,0,0,0,3214,1000000,16777216,read,200
measured,probe-memory-buffer,run,966,1341500,0,0,0,3216,1000000,16777216,read,201
measured,probe-memory-buffer,run,967,1342000,0,0,0,3217,1000000,16777216,read,201
measured,probe-memory-buffer,run,968,1342400,0,0,0,3219,1000000,16777216,read,201
measured,probe-memory-buffer,run,969,1342800,0,0,0,3221,1000000,16777216,read,201
measured,probe-memory-buffer,run,970,1343200,0,0,0,3222,1000000,16777216,read,201
measured,probe-memory-buffer,run,971,1343600,0,0,0,3224,1000000,16777216,read,201
measured,probe-memory-buffer,run,972,1344100,0,0,0,3225,1000000,16777216,read,201
measured,probe-memory-buffer,run,973,1344500,0,0,0,3227,1000000,16777216,read,201
measured,probe-memory-buffer,run,974,1344900,0,0,0,3229,1000000,16777216,read,201
measured,probe-memory-buffer,run,975,1345300,0,0,0,3230,1000000,16777216,read,201
measured,probe-memory-buffer,run,976,1345800,0,0,0,3232,1000000,16777216,read,202
measured,probe-memory-buffer,run,977,1346200,0,0,0,3234,1000000,16777216,read,202
measured,probe-memory-buffer,run,978,1346600,0,0,0,3235,1000000,16777216,read,202
measured,probe-memory-buffer,run,979,1347000,0,0,0,3237,1000000,16777216,read,202
measured,probe-memory-buffer,run,980,1347400,0,0,0,3239,1000000,16777216,read,202
measured,probe-memory-buffer,run,981,1347900,0,0,0,3240,1000000,16777216,read,202
measured,probe-memory-buffer,run,982,1348300,0,0,0,3242,1000000,16777216,read,202
measured,probe-memory-buffer,run,983,1348700,0,0,0,3244,1000000,16777216,read,202
measured,probe-memory-buffer,run,984,1349100,0,0,0,3245,1000000,16777216,read,202
measured,probe-memory-buffer,run,985,1349600,0,0,0,3247,1000000,16777216,read,202
measured,probe-memory-buffer,run,986,1350000,0,0,0,3248,1000000,16777216,read,203
measured,probe-memory-buffer,run,987,1350400,0,0,0,3250,1000000,16777216,read,203
measured,probe-memory-buffer,run,988,1350800,0,0,0,3252,1000000,16777216,read,203
measured,probe-memory-buffer,run,989,1351200,0,0,0,3253,1000000,16777216,read,203
measured,probe-memory-buffer,run,990,1351700,0,0,0,3255,1000000,16777216,read,203
measured,probe-memory-buffer,run,991,1352100,0,0,0,3257,1000000,16777216,read,203
measured,probe-memory-buffer,run,992,1352500,0,0,0,3258,1000000,16777216,read,203
measured,probe-memory-buffer,run,993,1353900,0,0,0,3264,1000000,16777216,read,204
measured,probe-memory-buffer,run,994,1354300,0,0,0,3266,1000000,16777216,read,204
measured,probe-memory-buffer,run,995,1354800,0,0,0,3267,1000000,16777216,read,204
measured,probe-memory-buffer,run,996,1355200,0,0,0,3269,1000000,16777216,read,204
measured,probe-memory-buffer,run,997,1355600,0,0,0,3271,1000000,16777216,read,204
measured,probe-memory-buffer,run,998,1356000,0,0,0,3272,1000000,16777216,read,204
measured,probe-memory-buffer,run,999,1356400,0,0,0,3274,1000000,16777216,read,204
measured,probe-memory-buffer,run,1000,1356900,0,0,0,3275,1000000,16777216,read,204
measured,probe-memory-buffer,run,1001,1357300,0,0,0,3277,1000000,16777216,read,204
measured,probe-memory-buffer,run,1002,1357700,0,0,0,3279,1000000,16777216,read,204
measured,probe-memory-buffer,run,1003,1358100,0,0,0,3280,1000000,16777216,read,205
measured,probe-memory-buffer,run,1004,1358600,0,0,0,3282,1000000,16777216,read,205
measured,probe-memory-buffer,run,1005,1359000,0,0,0,3284,1000000,16777216,read,205
measured,probe-memory-buffer,run,1006,1359400,0,0,0,3285,1000000,16777216,read,205
measured,probe-memory-buffer,run,1007,1359800,0,0,0,3287,1000000,16777216,read,205
measured,probe-memory-buffer,run,1008,1360200,0,0,0,3289,1000000,16777216,read,205
measured,probe-memory-buffer,run,1009,1360700,0,0,0,3290,1000000,16777216,read,205
measured,probe-memory-buffer,run,1010,1361100,0,0,0,3292,1000000,16777216,read,205
measured,probe-memory-buffer,run,1011,1361500,0,0,0,3294,1000000,16777216,read,205
measured,probe-memory-buffer,run,1012,1361900,0,0,0,3295,1000000,16777216,read,205
measured,probe-memory-buffer,run,1013,1362400,0,0,0,3297,1000000,16777216,read,206
measured,probe-memory-buffer,run,1014,1362800,0,0,0,3299,1000000,16777216,read,206
measured,probe-memory-buffer,run,1015,1363200,0,0,0,3300,1000000,16777216,read,206
measured,probe-memory-buffer,run,1016,1363600,0,0,0,3302,1000000,16777216,read,206
measured,probe-memory-buffer,run,1017,1364000,0,0,0,3303,1000000,16777216,read,206
measured,probe-memory-buffer,run,1018,1364500,0,0,0,3305,1000000,16777216,read,206
measured,probe-memory-buffer,run,1019,1364900,0,0,0,3307,1000000,16777216,read,206
measured,probe-memory-buffer,run,1020,1365300,0,0,0,3308,1000000,16777216,read,206
measured,probe-memory-buffer,run,1021,1365700,0,0,0,3310,1000000,16777216,read,206
measured,probe-memory-buffer,run,1022,1366200,0,0,0,3312,1000000,16777216,read,207
measured,probe-memory-buffer,run,1023,1366600,0,0,0,3314,1000000,16777216,read,207
measured,probe-memory-buffer,run,1024,1367000,0,0,0,3315,1000000,16777216,read,207
measured,probe-memory-buffer,run,1025,1367400,0,0,0,3317,1000000,16777216,read,207
measured,probe-memory-buffer,run,1026,1367900,0,0,0,3318,1000000,16777216,read,207
measured,probe-memory-buffer,run,1027,1368300,0,0,0,3320,1000000,16777216,read,207
measured,probe-memory-buffer,run,1028,1368700,0,0,0,3322,1000000,16777216,read,207
measured,probe-memory-buffer,run,1029,1369100,0,0,0,3323,1000000,16777216,read,207
measured,probe-memory-buffer,run,1030,1369600,0,0,0,3325,1000000,16777216,read,207
measured,probe-memory-buffer,run,1031,1370000,0,0,0,3326,1000000,16777216,read,207
measured,probe-memory-buffer,run,1032,1370400,0,0,0,3328,1000000,16777216,read,208
measured,probe-memory-buffer,run,1033,1370800,0,0,0,3330,1000000,16777216,read,208
measured,probe-memory-buffer,run,1034,1371300,0,0,0,3332,1000000,16777216,read,208
measured,probe-memory-buffer,run,1035,1371700,0,0,0,3333,1000000,16777216,read,208
measured,probe-memory-buffer,run,1036,1372100,0,0,0,3335,1000000,16777216,read,208
measured,probe-memory-buffer,run,1037,1372500,0,0,0,3337,1000000,16777216,read,208
measured,probe-memory-buffer,run,1038,1373000,0,0,0,3338,1000000,16777216,read,208
measured,probe-memory-buffer,run,1039,1373400,0,0,0,3340,1000000,16777216,read,208
measured,probe-memory-buffer,run,1040,1373800,0,0,0,3342,1000000,16777216,read,208
measured,probe-memory-buffer,run,1041,1374200,0,0,0,3343,1000000,16777216,read,208
measured,probe-memory-buffer,run,1042,1374700,0,0,0,3345,1000000,16777216,read,209
measured,probe-memory-buffer,run,1043,1375100,0,0,0,3347,1000000,16777216,read,209
measured,probe-memory-buffer,run,1044,1375500,0,0,0,3348,1000000,16777216,read,209
measured,probe-memory-buffer,run,1045,1375900,0,0,0,3350,1000000,16777216,read,209
measured,probe-memory-buffer,run,1046,1376300,0,0,0,3351,1000000,16777216,read,209
measured,probe-memory-buffer,run,1047,1376800,0,0,0,3353,1000000,16777216,read,209
measured,probe-memory-buffer,run,1048,1377200,0,0,0,3355,1000000,16777216,read,209
measured,probe-memory-buffer,run,1049,1377600,0,0,0,3357,1000000,16777216,read,209
measured,probe-memory-buffer,run,1050,1379000,0,0,0,3362,1000000,16777216,read,210
measured,probe-memory-buffer,run,1051,1379400,0,0,0,3364,1000000,16777216,read,210
measured,probe-memory-buffer,run,1052,1379800,0,0,0,3365,1000000,16777216,read,210
measured,probe-memory-buffer,run,1053,1380300,0,0,0,3367,1000000,16777216,read,210
measured,probe-memory-buffer,run,1054,1380700,0,0,0,3369,1000000,16777216,read,210
measured,probe-memory-buffer,run,1055,1381100,0,0,0,3370,1000000,16777216,read,210
measured,probe-memory-buffer,run,1056,1381500,0,0,0,3372,1000000,16777216,read,210
measured,probe-memory-buffer,run,1057,1382000,0,0,0,3373,1000000,16777216,read,210
measured,probe-memory-buffer,run,1058,1382400,0,0,0,3375,1000000,16777216,read,210
measured,probe-memory-buffer,run,1059,1382800,0,0,0,3377,1000000,16777216,read,211
measured,probe-memory-buffer,run,1060,1383200,0,0,0,3378,1000000,16777216,read,211
measured,probe-memory-buffer,run,1061,1383600,0,0,0,3380,1000000,16777216,read,211
measured,probe-memory-buffer,run,1062,1384000,0,0,0,3382,1000000,16777216,read,211
measured,probe-memory-buffer,run,1063,1384500,0,0,0,3383,1000000,16777216,read,211
measured,probe-memory-buffer,run,1064,1384900,0,0,0,3385,1000000,16777216,read,211
measured,probe-memory-buffer,run,1065,1385300,0,0,0,3387,1000000,16777216,read,211
measured,probe-memory-buffer,run,1066,1385700,0,0,0,3388,1000000,16777216,read,211
measured,probe-memory-buffer,run,1067,1386100,0,0,0,3390,1000000,16777216,read,211
measured,probe-memory-buffer,run,1068,1386600,0,0,0,3391,1000000,16777216,read,211
measured,probe-memory-buffer,run,1069,1387000,0,0,0,3393,1000000,16777216,read,212
measured,probe-memory-buffer,run,1070,1387400,0,0,0,3395,1000000,16777216,read,212
measured,probe-memory-buffer,run,1071,1387800,0,0,0,3396,1000000,16777216,read,212
measured,probe-memory-buffer,run,1072,1388200,0,0,0,3398,1000000,16777216,read,212
measured,probe-memory-buffer,run,1073,1388700,0,0,0,3400,1000000,16777216,read,212
measured,probe-memory-buffer,run,1074,1389100,0,0,0,3401,1000000,16777216,read,212
measured,probe-memory-buffer,run,1075,1389500,0,0,0,3403,1000000,16777216,read,212
measured,probe-memory-buffer,run,1076,1389900,0,0,0,3405,1000000,16777216,read,212
measured,probe-memory-buffer,run,1077,1390300,0,0,0,3406,1000000,16777216,read,212
measured,probe-memory-buffer,run,1078,1390800,0,0,0,3408,1000000,16777216,read,213
measured,probe-memory-buffer,run,1079,1391200,0,0,0,3410,1000000,16777216,read,213
measured,probe-memory-buffer,run,1080,1391600,0,0,0,3411,1000000,16777216,read,213
measured,probe-memory-buffer,run,1081,1392000,0,0,0,3413,1000000,16777216,read,213
measured,probe-memory-buffer,run,1082,1392500,0,0,0,3414,1000000,16777216,read,213
measured,probe-memory-buffer,run,1083,1392900,0,0,0,3416,1000000,16777216,read,213
measured,probe-memory-buffer,run,1084,1393300,0,0,0,3418,1000000,16777216,read,213
measured,probe-memory-buffer,run,1085,1393700,0,0,0,3419,1000000,16777216,read,213
measured,probe-memory-buffer,run,1086,1394100,0,0,0,3421,1000000,16777216,read,213
measured,probe-memory-buffer,run,1087,1394600,0,0,0,3423,1000000,16777216,read,213
measured,probe-memory-buffer,run,1088,1395000,0,0,0,3424,1000000,16777216,read,214
measured,probe-memory-buffer,run,1089,1395400,0,0,0,3426,1000000,16777216,read,214
measured,probe-memory-buffer,run,1090,1395800,0,0,0,3428,1000000,16777216,read,214
measured,probe-memory-buffer,run,1091,1396200,0,0,0,3429,1000000,16777216,read,214
measured,probe-memory-buffer,run,1092,1396700,0,0,0,3431,1000000,16777216,read,214
measured,probe-memory-buffer,run,1093,1397100,0,0,0,3433,1000000,16777216,read,214
measured,probe-memory-buffer,run,1094,1397500,0,0,0,3434,1000000,16777216,read,214
measured,probe-memory-buffer,run,1095,1397900,0,0,0,3436,1000000,16777216,read,214
measured,probe-memory-buffer,run,1096,1398300,0,0,0,3437,1000000,16777216,read,214
measured,probe-memory-buffer,run,1097,1398800,0,0,0,3439,1000000,16777216,read,214
measured,probe-memory-buffer,run,1098,1399200,0,0,0,3441,1000000,16777216,read,215
measured,probe-memory-buffer,run,1099,1399600,0,0,0,3442,1000000,16777216,read,215
measured,probe-memory-buffer,run,1100,1400000,0,0,0,3444,1000000,16777216,read,215
measured,probe-memory-buffer,run,1101,1400500,0,0,0,3446,1000000,16777216,read,215
measured,probe-memory-buffer,run,1102,1400900,0,0,0,3447,1000000,16777216,read,215
measured,probe-memory-buffer,run,1103,1401300,0,0,0,3449,1000000,16777216,read,215
measured,probe-memory-buffer,run,1104,1401700,0,0,0,3451,1000000,16777216,read,215
measured,probe-memory-buffer,run,1105,1402100,0,0,0,3452,1000000,16777216,read,215
measured,probe-memory-buffer,run,1106,1402600,0,0,0,3454,1000000,16777216,read,215
measured,probe-memory-buffer,run,1107,1405500,0,0,0,3466,1000000,16777216,read,216
measured,probe-memory-buffer,run,1108,1405900,0,0,0,3467,1000000,16777216,read,216
measured,probe-memory-buffer,run,1109,1406300,0,0,0,3469,1000000,16777216,read,216
measured,probe-memory-buffer,run,1110,1406800,0,0,0,3470,1000000,16777216,read,216
measured,probe-memory-buffer,run,1111,1407200,0,0,0,3472,1000000,16777216,read,217
measured,probe-memory-buffer,run,1112,1407600,0,0,0,3474,1000000,16777216,read,217
measured,probe-memory-buffer,run,1113,1408000,0,0,0,3475,1000000,16777216,read,217
measured,probe-memory-buffer,run,1114,1408500,0,0,0,3477,1000000,16777216,read,217
measured,probe-memory-buffer,run,1115,1408900,0,0,0,3479,1000000,16777216,read,217
measured,probe-memory-buffer,run,1116,1409300,0,0,0,3480,1000000,16777216,read,217
measured,probe-memory-buffer,run,1117,1409700,0,0,0,3482,1000000,16777216,read,217
measured,probe-memory-buffer,run,1118,1410100,0,0,0,3483,1000000,16777216,read,217
measured,probe-memory-buffer,run,1119,1410600,0,0,0,3485,1000000,16777216,read,217
measured,probe-memory-buffer,run,1120,1411000,0,0,0,3487,1000000,16777216,read,217
measured,probe-memory-buffer,run,1121,1411400,0,0,0,3489,1000000,16777216,read,218
measured,probe-memory-buffer,run,1122,1411800,0,0,0,3490,1000000,16777216,read,218
measured,probe-memory-buffer,run,1123,1412300,0,0,0,3492,1000000,16777216,read,218
measured,probe-memory-buffer,run,1124,1412700,0,0,0,3494,1000000,16777216,read,218
measured,probe-memory-buffer,run,1125,1413100,0,0,0,3495,1000000,16777216,read,218
measured,probe-memory-buffer,run,1126,1413500,0,0,0,3497,1000000,16777216,read,218
measured,probe-memory-buffer,run,1127,1413900,0,0,0,3498,1000000,16777216,read,218
measured,probe-memory-buffer,run,1128,1414400,0,0,0,3500,1000000,16777216,read,218
measured,probe-memory-buffer,run,1129,1414800,0,0,0,3502,1000000,16777216,read,218
measured,probe-memory-buffer,run,1130,1415200,0,0,0,3503,1000000,16777216,read,218
measured,probe-memory-buffer,run,1131,1415600,0,0,0,3505,1000000,16777216,read,219
measured,probe-memory-buffer,run,1132,1416000,0,0,0,3507,1000000,16777216,read,219
measured,probe-memory-buffer,run,1133,1416500,0,0,0,3508,1000000,16777216,read,219
measured,probe-memory-buffer,run,1134,1416900,0,0,0,3510,1000000,16777216,read,219
measured,probe-memory-buffer,run,1135,1417300,0,0,0,3512,1000000,16777216,read,219
measured,probe-memory-buffer,run,1136,1417700,0,0,0,3513,1000000,16777216,read,219
measured,probe-memory-buffer,run,1137,1418100,0,0,0,3515,1000000,16777216,read,219
measured,probe-memory-buffer,run,1138,1418600,0,0,0,3516,1000000,16777216,read,219
measured,probe-memory-buffer,run,1139,1419000,0,0,0,3518,1000000,16777216,read,219
measured,probe-memory-buffer,run,1140,1419400,0,0,0,3520,1000000,16777216,read,220
measured,probe-memory-buffer,run,1141,1419800,0,0,0,3521,1000000,16777216,read,220
measured,probe-memory-buffer,run,1142,1420300,0,0,0,3523,1000000,16777216,read,220
measured,probe-memory-buffer,run,1143,1420700,0,0,0,3525,1000000,16777216,read,220
measured,probe-memory-buffer,run,1144,1421100,0,0,0,3526,1000000,16777216,read,220
measured,probe-memory-buffer,run,1145,1421500,0,0,0,3528,1000000,16777216,read,220
measured,probe-memory-buffer,run,1146,1421900,0,0,0,3530,1000000,16777216,read,220
measured,probe-memory-buffer,run,1147,1422400,0,0,0,3531,1000000,16777216,read,220
measured,probe-memory-buffer,run,1148,1422800,0,0,0,3533,1000000,16777216,read,220
measured,probe-memory-buffer,run,1149,1423200,0,0,0,3535,1000000,16777216,read,220
measured,probe-memory-buffer,run,1150,1423600,0,0,0,3536,1000000,16777216,read,221
measured,probe-memory-buffer,run,1151,1424000,0,0,0,3538,1000000,16777216,read,221
measured,probe-memory-buffer,run,1152,1424500,0,0,0,3539,1000000,16777216,read,221
measured,probe-memory-buffer,run,1153,1424900,0,0,0,3541,1000000,16777216,read,221
measured,probe-memory-buffer,run,1154,1425300,0,0,0,3543,1000000,16777216,read,221
measured,probe-memory-buffer,run,1155,1425700,0,0,0,3544,1000000,16777216,read,221
measured,probe-memory-buffer,run,1156,1426100,0,0,0,3546,1000000,16777216,read,221
measured,probe-memory-buffer,run,1157,1426600,0,0,0,3548,1000000,16777216,read,221
measured,probe-memory-buffer,run,1158,1427000,0,0,0,3550,1000000,16777216,read,221
measured,probe-memory-buffer,run,1159,1427400,0,0,0,3551,1000000,16777216,read,221
measured,probe-memory-buffer,run,1160,1427800,0,0,0,3553,1000000,16777216,read,222
measured,probe-memory-buffer,run,1161,1428300,0,0,0,3554,1000000,16777216,read,222
measured,probe-memory-buffer,run,1162,1428700,0,0,0,3556,1000000,16777216,read,222
measured,probe-memory-buffer,run,1163,1429100,0,0,0,3558,1000000,16777216,read,222
measured,probe-memory-buffer,run,1164,1430400,0,0,0,3563,1000000,16777216,read,222
measured,probe-memory-buffer,run,1165,1430800,0,0,0,3564,1000000,16777216,read,222
measured,probe-memory-buffer,run,1166,1431300,0,0,0,3566,1000000,16777216,read,222
measured,probe-memory-buffer,run,1167,1431700,0,0,0,3568,1000000,16777216,read,223
measured,probe-memory-buffer,run,1168,1432100,0,0,0,3569,1000000,16777216,read,223
measured,probe-memory-buffer,run,1169,1432500,0,0,0,3571,1000000,16777216,read,223
measured,probe-memory-buffer,run,1170,1433000,0,0,0,3573,1000000,16777216,read,223
measured,probe-memory-buffer,run,1171,1433400,0,0,0,3575,1000000,16777216,read,223
measured,probe-memory-buffer,run,1172,1433800,0,0,0,3576,1000000,16777216,read,223
measured,probe-memory-buffer,run,1173,1434200,0,0,0,3578,1000000,16777216,read,223
measured,probe-memory-buffer,run,1174,1434600,0,0,0,3579,1000000,16777216,read,223
measured,probe-memory-buffer,run,1175,1435100,0,0,0,3581,1000000,16777216,read,223
measured,probe-memory-buffer,run,1176,1435500,0,0,0,3583,1000000,16777216,read,223
measured,probe-memory-buffer,run,1177,1435900,0,0,0,3584,1000000,16777216,read,224
measured,probe-memory-buffer,run,1178,1436300,0,0,0,3586,1000000,16777216,read,224
measured,probe-memory-buffer,run,1179,1436800,0,0,0,3587,1000000,16777216,read,224
measured,probe-memory-buffer,run,1180,1437200,0,0,0,3589,1000000,16777216,read,224
measured,probe-memory-buffer,run,1181,1437600,0,0,0,3591,1000000,16777216,read,224
measured,probe-memory-buffer,run,1182,1438000,0,0,0,3592,1000000,16777216,read,224
measured,probe-memory-buffer,run,1183,1438400,0,0,0,3594,1000000,16777216,read,224
measured,probe-memory-buffer,run,1184,1438900,0,0,0,3596,1000000,16777216,read,224
measured,probe-memory-buffer,run,1185,1439300,0,0,0,3598,1000000,16777216,read,224
measured,probe-memory-buffer,run,1186,1439700,0,0,0,3599,1000000,16777216,read,224
measured,probe-memory-buffer,run,1187,1440100,0,0,0,3601,1000000,16777216,read,225
measured,probe-memory-buffer,run,1188,1440600,0,0,0,3602,1000000,16777216,read,225
measured,probe-memory-buffer,run,1189,1441000,0,0,0,3604,1000000,16777216,read,225
measured,probe-memory-buffer,run,1190,1441400,0,0,0,3606,1000000,16777216,read,225
measured,probe-memory-buffer,run,1191,1441800,0,0,0,3607,1000000,16777216,read,225
measured,probe-memory-buffer,run,1192,1442200,0,0,0,3609,1000000,16777216,read,225
measured,probe-memory-buffer,run,1193,1442700,0,0,0,3610,1000000,16777216,read,225
measured,probe-memory-buffer,run,1194,1443100,0,0,0,3612,1000000,16777216,read,225
measured,probe-memory-buffer,run,1195,1443500,0,0,0,3614,1000000,16777216,read,225
measured,probe-memory-buffer,run,1196,1443900,0,0,0,3616,1000000,16777216,read,226
measured,probe-memory-buffer,run,1197,1444300,0,0,0,3617,1000000,16777216,read,226
measured,probe-memory-buffer,run,1198,1444800,0,0,0,3619,1000000,16777216,read,226
measured,probe-memory-buffer,run,1199,1500700,0,0,0,3837,1000000,16777216,read,239
measured,probe-memory-buffer,run,1200,1501900,0,0,0,3842,1000000,16777216,read,240
measured,probe-memory-buffer,run,1201,1502400,0,0,0,3844,1000000,16777216,read,240
measured,probe-memory-buffer,run,1202,1502800,0,0,0,3846,1000000,16777216,read,240
measured,probe-memory-buffer,run,1203,1503300,0,0,0,3847,1000000,16777216,read,240
measured,probe-memory-buffer,run,1204,1503700,0,0,0,3849,1000000,16777216,read,240
measured,probe-memory-buffer,run,1205,1504100,0,0,0,3851,1000000,16777216,read,240
measured,probe-memory-buffer,run,1206,1504600,0,0,0,3852,1000000,16777216,read,240
measured,probe-memory-buffer,run,1207,1505000,0,0,0,3854,1000000,16777216,read,240
measured,probe-memory-buffer,run,1208,1505400,0,0,0,3856,1000000,16777216,read,241
measured,probe-memory-buffer,run,1209,1505800,0,0,0,3857,1000000,16777216,read,241
measured,probe-memory-buffer,run,1210,1506200,0,0,0,3859,1000000,16777216,read,241
measured,probe-memory-buffer,run,1211,1506700,0,0,0,3860,1000000,16777216,read,241
measured,probe-memory-buffer,run,1212,1507100,0,0,0,3862,1000000,16777216,read,241
measured,probe-memory-buffer,run,1213,1507500,0,0,0,3864,1000000,16777216,read,241
measured,probe-memory-buffer,run,1214,1508000,0,0,0,3866,1000000,16777216,read,241
measured,probe-memory-buffer,run,1215,1508400,0,0,0,3867,1000000,16777216,read,241
measured,probe-memory-buffer,run,1216,1508800,0,0,0,3869,1000000,16777216,read,241
measured,probe-memory-buffer,run,1217,1509200,0,0,0,3871,1000000,16777216,read,241
measured,probe-memory-buffer,run,1218,1509600,0,0,0,3872,1000000,16777216,read,242
measured,probe-memory-buffer,run,1219,1510100,0,0,0,3874,1000000,16777216,read,242
measured,probe-memory-buffer,run,1220,1510500,0,0,0,3876,1000000,16777216,read,242
measured,probe-memory-buffer,run,1221,1513700,0,0,0,3888,1000000,16777216,read,243
measured,probe-memory-buffer,run,1222,1514200,0,0,0,3890,1000000,16777216,read,243
measured,probe-memory-buffer,run,1223,1514600,0,0,0,3892,1000000,16777216,read,243
measured,probe-memory-buffer,run,1224,1515000,0,0,0,3893,1000000,16777216,read,243
measured,probe-memory-buffer,run,1225,1515400,0,0,0,3895,1000000,16777216,read,243
measured,probe-memory-buffer,run,1226,1515900,0,0,0,3896,1000000,16777216,read,243
measured,probe-memory-buffer,run,1227,1516300,0,0,0,3898,1000000,16777216,read,243
measured,probe-memory-buffer,run,1228,1516700,0,0,0,3900,1000000,16777216,read,243
measured,probe-memory-buffer,run,1229,1517100,0,0,0,3901,1000000,16777216,read,243
measured,probe-memory-buffer,run,1230,1517500,0,0,0,3903,1000000,16777216,read,243
measured,probe-memory-buffer,run,1231,1518000,0,0,0,3905,1000000,16777216,read,244
measured,probe-memory-buffer,run,1232,1518400,0,0,0,3907,1000000,16777216,read,244
measured,probe-memory-buffer,run,1233,1518800,0,0,0,3908,1000000,16777216,read,244
measured,probe-memory-buffer,run,1234,1519200,0,0,0,3910,1000000,16777216,read,244
measured,probe-memory-buffer,run,1235,1519600,0,0,0,3911,1000000,16777216,read,244
measured,probe-memory-buffer,run,1236,1520100,0,0,0,3913,1000000,16777216,read,244
measured,probe-memory-buffer,run,1237,1520500,0,0,0,3915,1000000,16777216,read,244
measured,probe-memory-buffer,run,1238,1520900,0,0,0,3916,1000000,16777216,read,244
measured,probe-memory-buffer,run,1239,1521300,0,0,0,3918,1000000,16777216,read,244
measured,probe-memory-buffer,run,1240,1521700,0,0,0,3919,1000000,16777216,read,244
measured,probe-memory-buffer,run,1241,1522200,0,0,0,3921,1000000,16777216,read,245
measured,probe-memory-buffer,run,1242,1522600,0,0,0,3923,1000000,16777216,read,245
measured,probe-memory-buffer,run,1243,1523000,0,0,0,3925,1000000,16777216,read,245
measured,probe-memory-buffer,run,1244,1523400,0,0,0,3926,1000000,16777216,read,245
measured,probe-memory-buffer,run,1245,1523900,0,0,0,3928,1000000,16777216,read,245
measured,probe-memory-buffer,run,1246,1524300,0,0,0,3930,1000000,16777216,read,245
measured,probe-memory-buffer,run,1247,1524700,0,0,0,3931,1000000,16777216,read,245
measured,probe-memory-buffer,run,1248,1525100,0,0,0,3933,1000000,16777216,read,245
measured,probe-memory-buffer,run,1249,1525500,0,0,0,3934,1000000,16777216,read,245
measured,probe-memory-buffer,run,1250,1526000,0,0,0,3936,1000000,16777216,read,246
measured,probe-memory-buffer,run,1251,1526400,0,0,0,3938,1000000,16777216,read,246
measured,probe-memory-buffer,run,1252,1526800,0,0,0,3939,1000000,16777216,read,246
measured,probe-memory-buffer,run,1253,1527200,0,0,0,3941,1000000,16777216,read,246
measured,probe-memory-buffer,run,1254,1527700,0,0,0,3942,1000000,16777216,read,246
measured,probe-memory-buffer,run,1255,1528100,0,0,0,3944,1000000,16777216,read,246
measured,probe-memory-buffer,run,1256,1528500,0,0,0,3946,1000000,16777216,read,246
measured,probe-memory-buffer,run,1257,1528900,0,0,0,3948,1000000,16777216,read,246
measured,probe-memory-buffer,run,1258,1529300,0,0,0,3949,1000000,16777216,read,246
measured,probe-memory-buffer,run,1259,1529800,0,0,0,3951,1000000,16777216,read,246
measured,probe-memory-buffer,run,1260,1530200,0,0,0,3953,1000000,16777216,read,247
measured,probe-memory-buffer,run,1261,1530600,0,0,0,3954,1000000,16777216,read,247
measured,probe-memory-buffer,run,1262,1532100,0,0,0,3960,1000000,16777216,read,247
measured,probe-memory-buffer,run,1263,1532500,0,0,0,3962,1000000,16777216,read,247
measured,probe-memory-buffer,run,1264,1532900,0,0,0,3963,1000000,16777216,read,247
measured,probe-memory-buffer,run,1265,1533300,0,0,0,3965,1000000,16777216,read,247
measured,probe-memory-buffer,run,1266,1533800,0,0,0,3966,1000000,16777216,read,247
measured,probe-memory-buffer,run,1267,1534200,0,0,0,3968,1000000,16777216,read,248
measured,probe-memory-buffer,run,1268,1534600,0,0,0,3970,1000000,16777216,read,248
measured,probe-memory-buffer,run,1269,1535000,0,0,0,3971,1000000,16777216,read,248
measured,probe-memory-buffer,run,1270,1535400,0,0,0,3973,1000000,16777216,read,248
measured,probe-memory-buffer,run,1271,1535900,0,0,0,3975,1000000,16777216,read,248
measured,probe-memory-buffer,run,1272,1536300,0,0,0,3976,1000000,16777216,read,248
measured,probe-memory-buffer,run,1273,1536700,0,0,0,3978,1000000,16777216,read,248
measured,probe-memory-buffer,run,1274,1537100,0,0,0,3980,1000000,16777216,read,248
measured,probe-memory-buffer,run,1275,1537500,0,0,0,3981,1000000,16777216,read,248
measured,probe-memory-buffer,run,1276,1538000,0,0,0,3983,1000000,16777216,read,248
measured,probe-memory-buffer,run,1277,1539500,0,0,0,3989,1000000,16777216,read,249
measured,probe-memory-buffer,run,1278,1540000,0,0,0,3991,1000000,16777216,read,249
measured,probe-memory-buffer,run,1279,1540400,0,0,0,3992,1000000,16777216,read,249
measured,probe-memory-buffer,run,1280,1540800,0,0,0,3994,1000000,16777216,read,249
measured,probe-memory-buffer,run,1281,1541200,0,0,0,3996,1000000,16777216,read,249
measured,probe-memory-buffer,run,1282,1541700,0,0,0,3997,1000000,16777216,read,249
measured,probe-memory-buffer,run,1283,1542100,0,0,0,3999,1000000,16777216,read,249
measured,probe-memory-buffer,run,1284,1542500,0,0,0,4001,1000000,16777216,read,250
measured,probe-memory-buffer,run,1285,1542900,0,0,0,4002,1000000,16777216,read,250
measured,probe-memory-buffer,run,1286,1543400,0,0,0,4004,1000000,16777216,read,250
measured,probe-memory-buffer,run,1287,1543800,0,0,0,4006,1000000,16777216,read,250
measured,probe-memory-buffer,run,1288,1544200,0,0,0,4007,1000000,16777216,read,250
measured,probe-memory-buffer,run,1289,1544600,0,0,0,4009,1000000,16777216,read,250
measured,probe-memory-buffer,run,1290,1545000,0,0,0,4010,1000000,16777216,read,250
measured,probe-memory-buffer,run,1291,1545500,0,0,0,4012,1000000,16777216,read,250
measured,probe-memory-buffer,run,1292,1545900,0,0,0,4014,1000000,16777216,read,250
measured,probe-memory-buffer,run,1293,1546300,0,0,0,4016,1000000,16777216,read,251
measured,probe-memory-buffer,run,1294,1546700,0,0,0,4017,1000000,16777216,read,251
measured,probe-memory-buffer,run,1295,1547200,0,0,0,4019,1000000,16777216,read,251
measured,probe-memory-buffer,run,1296,1547600,0,0,0,4021,1000000,16777216,read,251
measured,probe-memory-buffer,run,1297,1548000,0,0,0,4022,1000000,16777216,read,251
measured,probe-memory-buffer,run,1298,1548400,0,0,0,4024,1000000,16777216,read,251
measured,probe-memory-buffer,run,1299,1548800,0,0,0,4025,1000000,16777216,read,251
measured,probe-memory-buffer,run,1300,1549300,0,0,0,4027,1000000,16777216,read,251
measured,probe-memory-buffer,run,1301,1549700,0,0,0,4029,1000000,16777216,read,251
measured,probe-memory-buffer,run,1302,1550100,0,0,0,4030,1000000,16777216,read,251
measured,probe-memory-buffer,run,1303,1550500,0,0,0,4032,1000000,16777216,read,252
measured,probe-memory-buffer,run,1304,1550900,0,0,0,4033,1000000,16777216,read,252
measured,probe-memory-buffer,run,1305,1551400,0,0,0,4035,1000000,16777216,read,252
measured,probe-memory-buffer,run,1306,1551800,0,0,0,4037,1000000,16777216,read,252
measured,probe-memory-buffer,run,1307,1552200,0,0,0,4039,1000000,16777216,read,252
measured,probe-memory-buffer,run,1308,1552600,0,0,0,4040,1000000,16777216,read,252
measured,probe-memory-buffer,run,1309,1553000,0,0,0,4042,1000000,16777216,read,252
measured,probe-memory-buffer,run,1310,1553500,0,0,0,4043,1000000,16777216,read,252
measured,probe-memory-buffer,run,1311,1553900,0,0,0,4045,1000000,16777216,read,252
measured,probe-memory-buffer,run,1312,1554300,0,0,0,4047,1000000,16777216,read,252
measured,probe-memory-buffer,run,1313,1554700,0,0,0,4048,1000000,16777216,read,253
measured,probe-memory-buffer,run,1314,1555200,0,0,0,4050,1000000,16777216,read,253
measured,probe-memory-buffer,run,1315,1555600,0,0,0,4051,1000000,16777216,read,253
measured,probe-memory-buffer,run,1316,1556000,0,0,0,4053,1000000,16777216,read,253
measured,probe-memory-buffer,run,1317,1556400,0,0,0,4055,1000000,16777216,read,253
measured,probe-memory-buffer,run,1318,1556800,0,0,0,4057,1000000,16777216,read,253
measured,probe-memory-buffer,run,1319,1557300,0,0,0,4058,1000000,16777216,read,253
measured,probe-memory-buffer,run,1320,1557700,0,0,0,4060,1000000,16777216,read,253
measured,probe-memory-buffer,run,1321,1558100,0,0,0,4062,1000000,16777216,read,253
measured,probe-memory-buffer,run,1322,1558500,0,0,0,4063,1000000,16777216,read,253
measured,probe-memory-buffer,run,1323,1558900,0,0,0,4065,1000000,16777216,read,254
measured,probe-memory-buffer,run,1324,1559400,0,0,0,4066,1000000,16777216,read,254
measured,probe-memory-buffer,run,1325,1559800,0,0,0,4068,1000000,16777216,read,254
measured,probe-memory-buffer,run,1326,1560200,0,0,0,4070,1000000,16777216,read,254
measured,probe-memory-buffer,run,1327,1560600,0,0,0,4071,1000000,16777216,read,254
measured,probe-memory-buffer,run,1328,1561100,0,0,0,4073,1000000,16777216,read,254
measured,probe-memory-buffer,run,1329,1561500,0,0,0,4075,1000000,16777216,read,254
measured,probe-memory-buffer,run,1330,1561900,0,0,0,4076,1000000,16777216,read,254
measured,probe-memory-buffer,run,1331,1562300,0,0,0,4078,1000000,16777216,read,254
measured,probe-memory-buffer,run,1332,1562700,0,0,0,4080,1000000,16777216,read,255
measured,probe-memory-buffer,run,1333,1563200,0,0,0,4081,1000000,16777216,read,255
measured,probe-memory-buffer,run,1334,1564500,0,0,0,4086,1000000,16777216,read,255
measured,probe-memory-buffer,run,1335,1564900,0,0,0,4088,1000000,16777216,read,255
measured,probe-memory-buffer,run,1336,1565300,0,0,0,4090,1000000,16777216,read,255
measured,probe-memory-buffer,run,1337,1565700,0,0,0,4091,1000000,16777216,read,255
measured,probe-memory-buffer,run,1338,1566200,0,0,0,4093,1000000,16777216,read,255
measured,probe-memory-buffer,run,1339,1566600,0,0,0,4095,1000000,16777216,read,255
measured,probe-memory-buffer,run,1340,1567000,0,0,0,4096,1000000,16777216,read,256
measured,probe-memory-buffer,run,1341,1567400,0,0,0,4098,1000000,16777216,read,256
measured,probe-memory-buffer,run,1342,1567900,0,0,0,4100,1000000,16777216,read,256
measured,probe-memory-buffer,run,1343,1568300,0,0,0,4101,1000000,16777216,read,256
measured,probe-memory-buffer,run,1344,1568700,0,0,0,4103,1000000,16777216,read,256
measured,probe-memory-buffer,run,1345,1569100,0,0,0,4105,1000000,16777216,read,256
measured,probe-memory-buffer,run,1346,1569600,0,0,0,4106,1000000,16777216,read,256
measured,probe-memory-buffer,run,1347,1570000,0,0,0,4108,1000000,16777216,read,256
measured,probe-memory-buffer,run,1348,1570400,0,0,0,4110,1000000,16777216,read,256
measured,probe-memory-buffer,run,1349,1570800,0,0,0,4111,1000000,16777216,read,256
measured,probe-memory-buffer,run,1350,1571200,0,0,0,4113,1000000,16777216,read,257
measured,probe-memory-buffer,run,1351,1571700,0,0,0,4114,1000000,16777216,read,257
measured,probe-memory-buffer,run,1352,1572100,0,0,0,4116,1000000,16777216,read,257
measured,probe-memory-buffer,run,1353,1572500,0,0,0,4118,1000000,16777216,read,257
measured,probe-memory-buffer,run,1354,1572900,0,0,0,4119,1000000,16777216,read,257
measured,probe-memory-buffer,run,1355,1573400,0,0,0,4121,1000000,16777216,read,257
measured,probe-memory-buffer,run,1356,1573800,0,0,0,4123,1000000,16777216,read,257
measured,probe-memory-buffer,run,1357,1574200,0,0,0,4125,1000000,16777216,read,257
measured,probe-memory-buffer,run,1358,1574600,0,0,0,4126,1000000,16777216,read,257
measured,probe-memory-buffer,run,1359,1575100,0,0,0,4128,1000000,16777216,read,258
measured,probe-memory-buffer,run,1360,1575500,0,0,0,4129,1000000,16777216,read,258
measured,probe-memory-buffer,run,1361,1575900,0,0,0,4131,1000000,16777216,read,258
measured,probe-memory-buffer,run,1362,1576300,0,0,0,4133,1000000,16777216,read,258
measured,probe-memory-buffer,run,1363,1576700,0,0,0,4134,1000000,16777216,read,258
measured,probe-memory-buffer,run,1364,1577200,0,0,0,4136,1000000,16777216,read,258
measured,probe-memory-buffer,run,1365,1577600,0,0,0,4138,1000000,16777216,read,258
measured,probe-memory-buffer,run,1366,1578000,0,0,0,4139,1000000,16777216,read,258
measured,probe-memory-buffer,run,1367,1578400,0,0,0,4141,1000000,16777216,read,258
measured,probe-memory-buffer,run,1368,1578800,0,0,0,4142,1000000,16777216,read,258
measured,probe-memory-buffer,run,1369,1579300,0,0,0,4144,1000000,16777216,read,259
measured,probe-memory-buffer,run,1370,1579700,0,0,0,4146,1000000,16777216,read,259
measured,probe-memory-buffer,run,1371,1580100,0,0,0,4148,1000000,16777216,read,259
measured,probe-memory-buffer,run,1372,1580500,0,0,0,4149,1000000,16777216,read,259
measured,probe-memory-buffer,run,1373,1581000,0,0,0,4151,1000000,16777216,read,259
measured,probe-memory-buffer,run,1374,1581400,0,0,0,4152,1000000,16777216,read,259
measured,probe-memory-buffer,run,1375,1581800,0,0,0,4154,1000000,16777216,read,259
measured,probe-memory-buffer,run,1376,1582200,0,0,0,4156,1000000,16777216,read,259
measured,probe-memory-buffer,run,1377,1582600,0,0,0,4157,1000000,16777216,read,259
measured,probe-memory-buffer,run,1378,1583100,0,0,0,4159,1000000,16777216,read,259
measured,probe-memory-buffer,run,1379,1583500,0,0,0,4161,1000000,16777216,read,260
measured,probe-memory-buffer,run,1380,1583900,0,0,0,4162,1000000,16777216,read,260
measured,probe-memory-buffer,run,1381,1584300,0,0,0,4164,1000000,16777216,read,260
measured,probe-memory-buffer,run,1382,1584700,0,0,0,4166,1000000,16777216,read,260
measured,probe-memory-buffer,run,1383,1585200,0,0,0,4167,1000000,16777216,read,260
measured,probe-memory-buffer,run,1384,1585600,0,0,0,4169,1000000,16777216,read,260
measured,probe-memory-buffer,run,1385,1586000,0,0,0,4171,1000000,16777216,read,260
measured,probe-memory-buffer,run,1386,1586400,0,0,0,4172,1000000,16777216,read,260
measured,probe-memory-buffer,run,1387,1586800,0,0,0,4174,1000000,16777216,read,260
measured,probe-memory-buffer,run,1388,1587300,0,0,0,4175,1000000,16777216,read,260
measured,probe-memory-buffer,run,1389,1587700,0,0,0,4177,1000000,16777216,read,261
measured,probe-memory-buffer,run,1390,1588100,0,0,0,4179,1000000,16777216,read,261
measured,probe-memory-buffer,run,1391,1589400,0,0,0,4184,1000000,16777216,read,261
measured,probe-memory-buffer,run,1392,1589800,0,0,0,4185,1000000,16777216,read,261
measured,probe-memory-buffer,run,1393,1590300,0,0,0,4187,1000000,16777216,read,261
measured,probe-memory-buffer,run,1394,1590700,0,0,0,4189,1000000,16777216,read,261
measured,probe-memory-buffer,run,1395,1591100,0,0,0,4191,1000000,16777216,read,261
measured,probe-memory-buffer,run,1396,1591500,0,0,0,4192,1000000,16777216,read,262
measured,probe-memory-buffer,run,1397,1592000,0,0,0,4194,1000000,16777216,read,262
measured,probe-memory-buffer,run,1398,1592400,0,0,0,4195,1000000,16777216,read,262
measured,probe-memory-buffer,run,1399,1592800,0,0,0,4197,1000000,16777216,read,262
measured,probe-memory-buffer,run,1400,1593200,0,0,0,4199,1000000,16777216,read,262
measured,probe-memory-buffer,run,1401,1593600,0,0,0,4200,1000000,16777216,read,262
measured,probe-memory-buffer,run,1402,1594100,0,0,0,4202,1000000,16777216,read,262
measured,probe-memory-buffer,run,1403,1594500,0,0,0,4204,1000000,16777216,read,262
measured,probe-memory-buffer,run,1404,1594900,0,0,0,4205,1000000,16777216,read,262
measured,probe-memory-buffer,run,1405,1595300,0,0,0,4207,1000000,16777216,read,262
measured,probe-memory-buffer,run,1406,1595800,0,0,0,4208,1000000,16777216,read,263
measured,probe-memory-buffer,run,1407,1596200,0,0,0,4210,1000000,16777216,read,263
measured,probe-memory-buffer,run,1408,1596600,0,0,0,4212,1000000,16777216,read,263
measured,probe-memory-buffer,run,1409,1597000,0,0,0,4214,1000000,16777216,read,263
measured,probe-memory-buffer,run,1410,1597500,0,0,0,4215,1000000,16777216,read,263
measured,probe-memory-buffer,run,1411,1597900,0,0,0,4217,1000000,16777216,read,263
measured,probe-memory-buffer,run,1412,1598300,0,0,0,4219,1000000,16777216,read,263
measured,probe-memory-buffer,run,1413,1598700,0,0,0,4220,1000000,16777216,read,263
measured,probe-memory-buffer,run,1414,1599200,0,0,0,4222,1000000,16777216,read,263
measured,probe-memory-buffer,run,1415,1599600,0,0,0,4223,1000000,16777216,read,263
measured,probe-memory-buffer,run,1416,1600000,0,0,0,4225,1000000,16777216,read,264
measured,probe-memory-buffer,run,1417,1600400,0,0,0,4227,1000000,16777216,read,264
measured,probe-memory-buffer,run,1418,1600800,0,0,0,4228,1000000,16777216,read,264
measured,probe-memory-buffer,run,1419,1601300,0,0,0,4230,1000000,16777216,read,264
measured,probe-memory-buffer,run,1420,1601700,0,0,0,4232,1000000,16777216,read,264
measured,probe-memory-buffer,run,1421,1602100,0,0,0,4233,1000000,16777216,read,264
measured,probe-memory-buffer,run,1422,1602500,0,0,0,4235,1000000,16777216,read,264
measured,probe-memory-buffer,run,1423,1603000,0,0,0,4237,1000000,16777216,read,264
measured,probe-memory-buffer,run,1424,1603400,0,0,0,4239,1000000,16777216,read,264
measured,probe-memory-buffer,run,1425,1603800,0,0,0,4240,1000000,16777216,read,265
measured,probe-memory-buffer,run,1426,1604200,0,0,0,4242,1000000,16777216,read,265
measured,probe-memory-buffer,run,1427,1604700,0,0,0,4243,1000000,16777216,read,265
measured,probe-memory-buffer,run,1428,1605100,0,0,0,4245,1000000,16777216,read,265
measured,probe-memory-buffer,run,1429,1605500,0,0,0,4247,1000000,16777216,read,265
measured,probe-memory-buffer,run,1430,1605900,0,0,0,4248,1000000,16777216,read,265
measured,probe-memory-buffer,run,1431,1606300,0,0,0,4250,1000000,16777216,read,265
measured,probe-memory-buffer,run,1432,1606800,0,0,0,4251,1000000,16777216,read,265
measured,probe-memory-buffer,run,1433,1607200,0,0,0,4253,1000000,16777216,read,265
measured,probe-memory-buffer,run,1434,1607600,0,0,0,4255,1000000,16777216,read,265
measured,probe-memory-buffer,run,1435,1608000,0,0,0,4257,1000000,16777216,read,266
measured,probe-memory-buffer,run,1436,1608500,0,0,0,4258,1000000,16777216,read,266
measured,probe-memory-buffer,run,1437,1608900,0,0,0,4260,1000000,16777216,read,266
measured,probe-memory-buffer,run,1438,1609300,0,0,0,4262,1000000,16777216,read,266
measured,probe-memory-buffer,run,1439,1609700,0,0,0,4263,1000000,16777216,read,266
measured,probe-memory-buffer,run,1440,1610100,0,0,0,4265,1000000,16777216,read,266
measured,probe-memory-buffer,run,1441,1610600,0,0,0,4266,1000000,16777216,read,266
measured,probe-memory-buffer,run,1442,1611000,0,0,0,4268,1000000,16777216,read,266
measured,probe-memory-buffer,run,1443,1611400,0,0,0,4270,1000000,16777216,read,266
measured,probe-memory-buffer,run,1444,1611800,0,0,0,4271,1000000,16777216,read,266
measured,probe-memory-buffer,run,1445,1612200,0,0,0,4273,1000000,16777216,read,267
measured,probe-memory-buffer,run,1446,1612700,0,0,0,4275,1000000,16777216,read,267
measured,probe-memory-buffer,run,1447,1613100,0,0,0,4276,1000000,16777216,read,267
measured,probe-memory-buffer,run,1448,1614500,0,0,0,4282,1000000,16777216,read,267
measured,probe-memory-buffer,run,1449,1614900,0,0,0,4283,1000000,16777216,read,267
measured,probe-memory-buffer,run,1450,1615300,0,0,0,4285,1000000,16777216,read,267
measured,probe-memory-buffer,run,1451,1615800,0,0,0,4287,1000000,16777216,read,267
measured,probe-memory-buffer,run,1452,1616200,0,0,0,4289,1000000,16777216,read,268
measured,probe-memory-buffer,run,1453,1616600,0,0,0,4290,1000000,16777216,read,268
measured,probe-memory-buffer,run,1454,1617000,0,0,0,4292,1000000,16777216,read,268
measured,probe-memory-buffer,run,1455,1617500,0,0,0,4293,1000000,16777216,read,268
measured,probe-memory-buffer,run,1456,1617900,0,0,0,4295,1000000,16777216,read,268
measured,probe-memory-buffer,run,1457,1618300,0,0,0,4297,1000000,16777216,read,268
measured,probe-memory-buffer,run,1458,1618700,0,0,0,4298,1000000,16777216,read,268
measured,probe-memory-buffer,run,1459,1619200,0,0,0,4300,1000000,16777216,read,268
measured,probe-memory-buffer,run,1460,1619600,0,0,0,4301,1000000,16777216,read,268
measured,probe-memory-buffer,run,1461,1620000,0,0,0,4303,1000000,16777216,read,268
measured,probe-memory-buffer,run,1462,1620400,0,0,0,4305,1000000,16777216,read,269
measured,probe-memory-buffer,run,1463,1620800,0,0,0,4307,1000000,16777216,read,269
measured,probe-memory-buffer,run,1464,1621300,0,0,0,4308,1000000,16777216,read,269
measured,probe-memory-buffer,run,1465,1621700,0,0,0,4310,1000000,16777216,read,269
measured,probe-memory-buffer,run,1466,1622100,0,0,0,4312,1000000,16777216,read,269
measured,probe-memory-buffer,run,1467,1622500,0,0,0,4313,1000000,16777216,read,269
measured,probe-memory-buffer,run,1468,1622900,0,0,0,4315,1000000,16777216,read,269
measured,probe-memory-buffer,run,1469,1623400,0,0,0,4316,1000000,16777216,read,269
measured,probe-memory-buffer,run,1470,1623800,0,0,0,4318,1000000,16777216,read,269
measured,probe-memory-buffer,run,1471,1624200,0,0,0,4320,1000000,16777216,read,270
measured,probe-memory-buffer,run,1472,1624600,0,0,0,4321,1000000,16777216,read,270
measured,probe-memory-buffer,run,1473,1625100,0,0,0,4323,1000000,16777216,read,270
measured,probe-memory-buffer,run,1474,1625500,0,0,0,4325,1000000,16777216,read,270
measured,probe-memory-buffer,run,1475,1625900,0,0,0,4326,1000000,16777216,read,270
measured,probe-memory-buffer,run,1476,1626300,0,0,0,4328,1000000,16777216,read,270
measured,probe-memory-buffer,run,1477,1626700,0,0,0,4330,1000000,16777216,read,270
measured,probe-memory-buffer,run,1478,1627200,0,0,0,4331,1000000,16777216,read,270
measured,probe-memory-buffer,run,1479,1627600,0,0,0,4333,1000000,16777216,read,270
measured,probe-memory-buffer,run,1480,1628000,0,0,0,4335,1000000,16777216,read,270
measured,probe-memory-buffer,run,1481,1628400,0,0,0,4336,1000000,16777216,read,271
measured,probe-memory-buffer,run,1482,1628900,0,0,0,4338,1000000,16777216,read,271
measured,probe-memory-buffer,run,1483,1629300,0,0,0,4340,1000000,16777216,read,271
measured,probe-memory-buffer,run,1484,1629700,0,0,0,4341,1000000,16777216,read,271
measured,probe-memory-buffer,run,1485,1630100,0,0,0,4343,1000000,16777216,read,271
measured,probe-memory-buffer,run,1486,1630500,0,0,0,4344,1000000,16777216,read,271
measured,probe-memory-buffer,run,1487,1631000,0,0,0,4346,1000000,16777216,read,271
measured,probe-memory-buffer,run,1488,1631400,0,0,0,4348,1000000,16777216,read,271
measured,probe-memory-buffer,run,1489,1631800,0,0,0,4350,1000000,16777216,read,271
measured,probe-memory-buffer,run,1490,1632200,0,0,0,4351,1000000,16777216,read,271
measured,probe-memory-buffer,run,1491,1632700,0,0,0,4353,1000000,16777216,read,272
measured,probe-memory-buffer,run,1492,1633100,0,0,0,4355,1000000,16777216,read,272
measured,probe-memory-buffer,run,1493,1633500,0,0,0,4356,1000000,16777216,read,272
measured,probe-memory-buffer,run,1494,1633900,0,0,0,4358,1000000,16777216,read,272
measured,probe-memory-buffer,run,1495,1634300,0,0,0,4359,1000000,16777216,read,272
measured,probe-memory-buffer,run,1496,1634800,0,0,0,4361,1000000,16777216,read,272
measured,probe-memory-buffer,run,1497,1635200,0,0,0,4363,1000000,16777216,read,272
measured,probe-memory-buffer,run,1498,1635600,0,0,0,4364,1000000,16777216,read,272
measured,probe-memory-buffer,run,1499,1636000,0,0,0,4366,1000000,16777216,read,272
measured,probe-memory-buffer,run,1500,1636500,0,0,0,4367,1000000,16777216,read,272
measured,probe-memory-buffer,run,1501,1636900,0,0,0,4369,1000000,16777216,read,273
measured,probe-memory-buffer,run,1502,1637300,0,0,0,4371,1000000,16777216,read,273
measured,probe-memory-buffer,run,1503,1637700,0,0,0,4373,1000000,16777216,read,273
measured,probe-memory-buffer,run,1504,1638100,0,0,0,4374,1000000,16777216,read,273
measured,probe-memory-buffer,run,1505,1639400,0,0,0,4379,1000000,16777216,read,273
measured,probe-memory-buffer,run,1506,1639800,0,0,0,4381,1000000,16777216,read,273
measured,probe-memory-buffer,run,1507,1640300,0,0,0,4382,1000000,16777216,read,273
measured,probe-memory-buffer,run,1508,1640700,0,0,0,4384,1000000,16777216,read,274
measured,probe-memory-buffer,run,1509,1641100,0,0,0,4386,1000000,16777216,read,274
measured,probe-memory-buffer,run,1510,1641500,0,0,0,4387,1000000,16777216,read,274
measured,probe-memory-buffer,run,1511,1642000,0,0,0,4389,1000000,16777216,read,274
measured,probe-memory-buffer,run,1512,1642400,0,0,0,4391,1000000,16777216,read,274
measured,probe-memory-buffer,run,1513,1642800,0,0,0,4392,1000000,16777216,read,274
measured,probe-memory-buffer,run,1514,1643200,0,0,0,4394,1000000,16777216,read,274
measured,probe-memory-buffer,run,1515,1643600,0,0,0,4396,1000000,16777216,read,274
measured,probe-memory-buffer,run,1516,1644100,0,0,0,4397,1000000,16777216,read,274
measured,probe-memory-buffer,run,1517,1644500,0,0,0,4399,1000000,16777216,read,274
measured,probe-memory-buffer,run,1518,1644900,0,0,0,4401,1000000,16777216,read,275
measured,probe-memory-buffer,run,1519,1645300,0,0,0,4402,1000000,16777216,read,275
measured,probe-memory-buffer,run,1520,1645700,0,0,0,4404,1000000,16777216,read,275
measured,probe-memory-buffer,run,1521,1646200,0,0,0,4405,1000000,16777216,read,275
measured,probe-memory-buffer,run,1522,1646600,0,0,0,4407,1000000,16777216,read,275
measured,probe-memory-buffer,run,1523,1647000,0,0,0,4409,1000000,16777216,read,275
measured,probe-memory-buffer,run,1524,1647400,0,0,0,4410,1000000,16777216,read,275
measured,probe-memory-buffer,run,1525,1647800,0,0,0,4412,1000000,16777216,read,275
measured,probe-memory-buffer,run,1526,1648300,0,0,0,4414,1000000,16777216,read,275
measured,probe-memory-buffer,run,1527,1648700,0,0,0,4416,1000000,16777216,read,276
measured,probe-memory-buffer,run,1528,1649100,0,0,0,4417,1000000,16777216,read,276
measured,probe-memory-buffer,run,1529,1649500,0,0,0,4419,1000000,16777216,read,276
measured,probe-memory-buffer,run,1530,1649900,0,0,0,4420,1000000,16777216,read,276
measured,probe-memory-buffer,run,1531,1650400,0,0,0,4422,1000000,16777216,read,276
measured,probe-memory-buffer,run,1532,1650800,0,0,0,4424,1000000,16777216,read,276
measured,probe-memory-buffer,run,1533,1651200,0,0,0,4425,1000000,16777216,read,276
measured,probe-memory-buffer,run,1534,1651600,0,0,0,4427,1000000,16777216,read,276
measured,probe-memory-buffer,run,1535,1652100,0,0,0,4428,1000000,16777216,read,276
measured,probe-memory-buffer,run,1536,1652500,0,0,0,4430,1000000,16777216,read,276
measured,probe-memory-buffer,run,1537,1652900,0,0,0,4432,1000000,16777216,read,277
measured,probe-memory-buffer,run,1538,1653300,0,0,0,4433,1000000,16777216,read,277
measured,probe-memory-buffer,run,1539,1653700,0,0,0,4435,1000000,16777216,read,277
measured,probe-memory-buffer,run,1540,1654200,0,0,0,4437,1000000,16777216,read,277
measured,probe-memory-buffer,run,1541,1654600,0,0,0,4439,1000000,16777216,read,277
measured,probe-memory-buffer,run,1542,1655000,0,0,0,4440,1000000,16777216,read,277
measured,probe-memory-buffer,run,1543,1655400,0,0,0,4442,1000000,16777216,read,277
measured,probe-memory-buffer,run,1544,1655900,0,0,0,4443,1000000,16777216,read,277
measured,probe-memory-buffer,run,1545,1656300,0,0,0,4445,1000000,16777216,read,277
measured,probe-memory-buffer,run,1546,1656700,0,0,0,4447,1000000,16777216,read,277
measured,probe-memory-buffer,run,1547,1657100,0,0,0,4448,1000000,16777216,read,278
measured,probe-memory-buffer,run,1548,1657500,0,0,0,4450,1000000,16777216,read,278
measured,probe-memory-buffer,run,1549,1658000,0,0,0,4451,1000000,16777216,read,278
measured,probe-memory-buffer,run,1550,1658400,0,0,0,4453,1000000,16777216,read,278
measured,probe-memory-buffer,run,1551,1658800,0,0,0,4455,1000000,16777216,read,278
measured,probe-memory-buffer,run,1552,1659200,0,0,0,4457,1000000,16777216,read,278
measured,probe-memory-buffer,run,1553,1659600,0,0,0,4458,1000000,16777216,read,278
measured,probe-memory-buffer,run,1554,1660100,0,0,0,4460,1000000,16777216,read,278
measured,probe-memory-buffer,run,1555,1660500,0,0,0,4462,1000000,16777216,read,278
measured,probe-memory-buffer,run,1556,1660900,0,0,0,4463,1000000,16777216,read,278
measured,probe-memory-buffer,run,1557,1661300,0,0,0,4465,1000000,16777216,read,279
measured,probe-memory-buffer,run,1558,1661800,0,0,0,4466,1000000,16777216,read,279
measured,probe-memory-buffer,run,1559,1662200,0,0,0,4468,1000000,16777216,read,279
measured,probe-memory-buffer,run,1560,1662600,0,0,0,4470,1000000,16777216,read,279
measured,probe-memory-buffer,run,1561,1663000,0,0,0,4471,1000000,16777216,read,279
measured,probe-memory-buffer,run,1562,1664500,0,0,0,4477,1000000,16777216,read,279
measured,probe-memory-buffer,run,1563,1664900,0,0,0,4479,1000000,16777216,read,279
measured,probe-memory-buffer,run,1564,1665300,0,0,0,4480,1000000,16777216,read,280
measured,probe-memory-buffer,run,1565,1665700,0,0,0,4482,1000000,16777216,read,280
measured,probe-memory-buffer,run,1566,1666100,0,0,0,4483,1000000,16777216,read,280
measured,probe-memory-buffer,run,1567,1666600,0,0,0,4485,1000000,16777216,read,280
measured,probe-memory-buffer,run,1568,1667000,0,0,0,4487,1000000,16777216,read,280
measured,probe-memory-buffer,run,1569,1667400,0,0,0,4489,1000000,16777216,read,280
measured,probe-memory-buffer,run,1570,1667900,0,0,0,4490,1000000,16777216,read,280
measured,probe-memory-buffer,run,1571,1668300,0,0,0,4492,1000000,16777216,read,280
measured,probe-memory-buffer,run,1572,1668700,0,0,0,4494,1000000,16777216,read,280
measured,probe-memory-buffer,run,1573,1669100,0,0,0,4495,1000000,16777216,read,280
measured,probe-memory-buffer,run,1574,1669500,0,0,0,4497,1000000,16777216,read,281
measured,probe-memory-buffer,run,1575,1670000,0,0,0,4498,1000000,16777216,read,281
measured,probe-memory-buffer,run,1576,1670400,0,0,0,4500,1000000,16777216,read,281
measured,probe-memory-buffer,run,1577,1671200,0,0,0,4503,1000000,16777216,read,281
measured,probe-memory-buffer,run,1578,1671600,0,0,0,4505,1000000,16777216,read,281
measured,probe-memory-buffer,run,1579,1672000,0,0,0,4507,1000000,16777216,read,281
measured,probe-memory-buffer,run,1580,1672400,0,0,0,4508,1000000,16777216,read,281
measured,probe-memory-buffer,run,1581,1672800,0,0,0,4510,1000000,16777216,read,281
measured,probe-memory-buffer,run,1582,1673300,0,0,0,4511,1000000,16777216,read,281
measured,probe-memory-buffer,run,1583,1673700,0,0,0,4513,1000000,16777216,read,282
measured,probe-memory-buffer,run,1584,1674100,0,0,0,4515,1000000,16777216,read,282
measured,probe-memory-buffer,run,1585,1674500,0,0,0,4516,1000000,16777216,read,282
measured,probe-memory-buffer,run,1586,1675000,0,0,0,4518,1000000,16777216,read,282
measured,probe-memory-buffer,run,1587,1675400,0,0,0,4520,1000000,16777216,read,282
measured,probe-memory-buffer,run,1588,1675800,0,0,0,4521,1000000,16777216,read,282
measured,probe-memory-buffer,run,1589,1676200,0,0,0,4523,1000000,16777216,read,282
measured,probe-memory-buffer,run,1590,1676700,0,0,0,4525,1000000,16777216,read,282
measured,probe-memory-buffer,run,1591,1677100,0,0,0,4526,1000000,16777216,read,282
measured,probe-memory-buffer,run,1592,1677500,0,0,0,4528,1000000,16777216,read,283
measured,probe-memory-buffer,run,1593,1677900,0,0,0,4530,1000000,16777216,read,283
measured,probe-memory-buffer,run,1594,1678300,0,0,0,4531,1000000,16777216,read,283
measured,probe-memory-buffer,run,1595,1678800,0,0,0,4533,1000000,16777216,read,283
measured,probe-memory-buffer,run,1596,1679200,0,0,0,4535,1000000,16777216,read,283
measured,probe-memory-buffer,run,1597,1679600,0,0,0,4536,1000000,16777216,read,283
measured,probe-memory-buffer,run,1598,1680000,0,0,0,4538,1000000,16777216,read,283
measured,probe-memory-buffer,run,1599,1680400,0,0,0,4539,1000000,16777216,read,283
measured,probe-memory-buffer,run,1600,1680900,0,0,0,4541,1000000,16777216,read,283
measured,probe-memory-buffer,run,1601,1681300,0,0,0,4543,1000000,16777216,read,283
measured,probe-memory-buffer,run,1602,1681700,0,0,0,4544,1000000,16777216,read,284
measured,probe-memory-buffer,run,1603,1682100,0,0,0,4546,1000000,16777216,read,284
measured,probe-memory-buffer,run,1604,1682600,0,0,0,4548,1000000,16777216,read,284
measured,probe-memory-buffer,run,1605,1683000,0,0,0,4550,1000000,16777216,read,284
measured,probe-memory-buffer,run,1606,1683400,0,0,0,4551,1000000,16777216,read,284
measured,probe-memory-buffer,run,1607,1683800,0,0,0,4553,1000000,16777216,read,284
measured,probe-memory-buffer,run,1608,1684200,0,0,0,4554,1000000,16777216,read,284
measured,probe-memory-buffer,run,1609,1684700,0,0,0,4556,1000000,16777216,read,284
measured,probe-memory-buffer,run,1610,1685100,0,0,0,4558,1000000,16777216,read,284
measured,probe-memory-buffer,run,1611,1685500,0,0,0,4559,1000000,16777216,read,284
measured,probe-memory-buffer,run,1612,1685900,0,0,0,4561,1000000,16777216,read,285
measured,probe-memory-buffer,run,1613,1686400,0,0,0,4562,1000000,16777216,read,285
measured,probe-memory-buffer,run,1614,1686800,0,0,0,4564,1000000,16777216,read,285
measured,probe-memory-buffer,run,1615,1687200,0,0,0,4566,1000000,16777216,read,285
measured,probe-memory-buffer,run,1616,1687600,0,0,0,4567,1000000,16777216,read,285
measured,probe-memory-buffer,run,1617,1688100,0,0,0,4569,1000000,16777216,read,285
measured,probe-memory-buffer,run,1618,1688500,0,0,0,4571,1000000,16777216,read,285
measured,probe-memory-buffer,run,1619,1689800,0,0,0,4576,1000000,16777216,read,286
measured,probe-memory-buffer,run,1620,1690300,0,0,0,4578,1000000,16777216,read,286
measured,probe-memory-buffer,run,1621,1690700,0,0,0,4580,1000000,16777216,read,286
measured,probe-memory-buffer,run,1622,1691100,0,0,0,4581,1000000,16777216,read,286
measured,probe-memory-buffer,run,1623,1691500,0,0,0,4583,1000000,16777216,read,286
measured,probe-memory-buffer,run,1624,1692000,0,0,0,4584,1000000,16777216,read,286
measured,probe-memory-buffer,run,1625,1692400,0,0,0,4586,1000000,16777216,read,286
measured,probe-memory-buffer,run,1626,1692800,0,0,0,4588,1000000,16777216,read,286
measured,probe-memory-buffer,run,1627,1693200,0,0,0,4589,1000000,16777216,read,286
measured,probe-memory-buffer,run,1628,1693700,0,0,0,4591,1000000,16777216,read,286
measured,probe-memory-buffer,run,1629,1694100,0,0,0,4593,1000000,16777216,read,287
measured,probe-memory-buffer,run,1630,1694500,0,0,0,4594,1000000,16777216,read,287
measured,probe-memory-buffer,run,1631,1694900,0,0,0,4596,1000000,16777216,read,287
measured,probe-memory-buffer,run,1632,1695400,0,0,0,4598,1000000,16777216,read,287
measured,probe-memory-buffer,run,1633,1695800,0,0,0,4600,1000000,16777216,read,287
measured,probe-memory-buffer,run,1634,1696200,0,0,0,4601,1000000,16777216,read,287
measured,probe-memory-buffer,run,1635,1696600,0,0,0,4603,1000000,16777216,read,287
measured,probe-memory-buffer,run,1636,1697100,0,0,0,4604,1000000,16777216,read,287
measured,probe-memory-buffer,run,1637,1697500,0,0,0,4606,1000000,16777216,read,287
measured,probe-memory-buffer,run,1638,1697900,0,0,0,4608,1000000,16777216,read,288
measured,probe-memory-buffer,run,1639,1698300,0,0,0,4609,1000000,16777216,read,288
measured,probe-memory-buffer,run,1640,1698700,0,0,0,4611,1000000,16777216,read,288
measured,probe-memory-buffer,run,1641,1699200,0,0,0,4612,1000000,16777216,read,288
measured,probe-memory-buffer,run,1642,1699600,0,0,0,4614,1000000,16777216,read,288
measured,probe-memory-buffer,run,1643,1700000,0,0,0,4616,1000000,16777216,read,288
measured,probe-memory-buffer,run,1644,1700400,0,0,0,4617,1000000,16777216,read,288
measured,probe-memory-buffer,run,1645,1700900,0,0,0,4619,1000000,16777216,read,288
measured,probe-memory-buffer,run,1646,1701300,0,0,0,4621,1000000,16777216,read,288
measured,probe-memory-buffer,run,1647,1701700,0,0,0,4623,1000000,16777216,read,288
measured,probe-memory-buffer,run,1648,1702100,0,0,0,4624,1000000,16777216,read,289
measured,probe-memory-buffer,run,1649,1702600,0,0,0,4626,1000000,16777216,read,289
measured,probe-memory-buffer,run,1650,1703000,0,0,0,4628,1000000,16777216,read,289
measured,probe-memory-buffer,run,1651,1703400,0,0,0,4629,1000000,16777216,read,289
measured,probe-memory-buffer,run,1652,1703800,0,0,0,4631,1000000,16777216,read,289
measured,probe-memory-buffer,run,1653,1704300,0,0,0,4632,1000000,16777216,read,289
measured,probe-memory-buffer,run,1654,1704700,0,0,0,4634,1000000,16777216,read,289
measured,probe-memory-buffer,run,1655,1705100,0,0,0,4636,1000000,16777216,read,289
measured,probe-memory-buffer,run,1656,1705500,0,0,0,4637,1000000,16777216,read,289
measured,probe-memory-buffer,run,1657,1705900,0,0,0,4639,1000000,16777216,read,289
measured,probe-memory-buffer,run,1658,1706400,0,0,0,4641,1000000,16777216,read,290
measured,probe-memory-buffer,run,1659,1706800,0,0,0,4642,1000000,16777216,read,290
measured,probe-memory-buffer,run,1660,1707200,0,0,0,4644,1000000,16777216,read,290
measured,probe-memory-buffer,run,1661,1707600,0,0,0,4646,1000000,16777216,read,290
measured,probe-memory-buffer,run,1662,1708100,0,0,0,4647,1000000,16777216,read,290
measured,probe-memory-buffer,run,1663,1708500,0,0,0,4649,1000000,16777216,read,290
measured,probe-memory-buffer,run,1664,1708900,0,0,0,4651,1000000,16777216,read,290
measured,probe-memory-buffer,run,1665,1709300,0,0,0,4652,1000000,16777216,read,290
measured,probe-memory-buffer,run,1666,1709700,0,0,0,4654,1000000,16777216,read,290
measured,probe-memory-buffer,run,1667,1710200,0,0,0,4655,1000000,16777216,read,290
measured,probe-memory-buffer,run,1668,1710600,0,0,0,4657,1000000,16777216,read,291
measured,probe-memory-buffer,run,1669,1711000,0,0,0,4659,1000000,16777216,read,291
measured,probe-memory-buffer,run,1670,1711400,0,0,0,4660,1000000,16777216,read,291
measured,probe-memory-buffer,run,1671,1711900,0,0,0,4662,1000000,16777216,read,291
measured,probe-memory-buffer,run,1672,1712300,0,0,0,4664,1000000,16777216,read,291
measured,probe-memory-buffer,run,1673,1712700,0,0,0,4666,1000000,16777216,read,291
measured,probe-memory-buffer,run,1674,1713100,0,0,0,4667,1000000,16777216,read,291
measured,probe-memory-buffer,run,1675,1713500,0,0,0,4669,1000000,16777216,read,291
measured,probe-memory-buffer,run,1676,1714900,0,0,0,4674,1000000,16777216,read,292
measured,probe-memory-buffer,run,1677,1715300,0,0,0,4676,1000000,16777216,read,292
measured,probe-memory-buffer,run,1678,1715700,0,0,0,4677,1000000,16777216,read,292
measured,probe-memory-buffer,run,1679,1716200,0,0,0,4679,1000000,16777216,read,292
measured,probe-memory-buffer,run,1680,1716600,0,0,0,4681,1000000,16777216,read,292
measured,probe-memory-buffer,run,1681,1717000,0,0,0,4682,1000000,16777216,read,292
measured,probe-memory-buffer,run,1682,1717500,0,0,0,4684,1000000,16777216,read,292
measured,probe-memory-buffer,run,1683,1717900,0,0,0,4686,1000000,16777216,read,292
measured,probe-memory-buffer,run,1684,1718300,0,0,0,4687,1000000,16777216,read,292
measured,probe-memory-buffer,run,1685,1718700,0,0,0,4689,1000000,16777216,read,293
measured,probe-memory-buffer,run,1686,1719100,0,0,0,4691,1000000,16777216,read,293
measured,probe-memory-buffer,run,1687,1719600,0,0,0,4692,1000000,16777216,read,293
measured,probe-memory-buffer,run,1688,1720000,0,0,0,4694,1000000,16777216,read,293
measured,probe-memory-buffer,run,1689,1720400,0,0,0,4696,1000000,16777216,read,293
measured,probe-memory-buffer,run,1690,1720800,0,0,0,4697,1000000,16777216,read,293
measured,probe-memory-buffer,run,1691,1721200,0,0,0,4699,1000000,16777216,read,293
measured,probe-memory-buffer,run,1692,1721700,0,0,0,4700,1000000,16777216,read,293
measured,probe-memory-buffer,run,1693,1722100,0,0,0,4702,1000000,16777216,read,293
measured,probe-memory-buffer,run,1694,1722500,0,0,0,4704,1000000,16777216,read,294
measured,probe-memory-buffer,run,1695,1722900,0,0,0,4705,1000000,16777216,read,294
measured,probe-memory-buffer,run,1696,1723400,0,0,0,4707,1000000,16777216,read,294
measured,probe-memory-buffer,run,1697,1723800,0,0,0,4709,1000000,16777216,read,294
measured,probe-memory-buffer,run,1698,1724200,0,0,0,4710,1000000,16777216,read,294
measured,probe-memory-buffer,run,1699,1724600,0,0,0,4712,1000000,16777216,read,294
measured,probe-memory-buffer,run,1700,1725000,0,0,0,4714,1000000,16777216,read,294
measured,probe-memory-buffer,run,1701,1725500,0,0,0,4715,1000000,16777216,read,294
measured,probe-memory-buffer,run,1702,1725900,0,0,0,4717,1000000,16777216,read,294
measured,probe-memory-buffer,run,1703,1726300,0,0,0,4719,1000000,16777216,read,294
measured,probe-memory-buffer,run,1704,1726700,0,0,0,4720,1000000,16777216,read,295
measured,probe-memory-buffer,run,1705,1727200,0,0,0,4722,1000000,16777216,read,295
measured,probe-memory-buffer,run,1706,1727600,0,0,0,4724,1000000,16777216,read,295
measured,probe-memory-buffer,run,1707,1728000,0,0,0,4725,1000000,16777216,read,295
measured,probe-memory-buffer,run,1708,1728400,0,0,0,4727,1000000,16777216,read,295
measured,probe-memory-buffer,run,1709,1728800,0,0,0,4728,1000000,16777216,read,295
measured,probe-memory-buffer,run,1710,1729300,0,0,0,4730,1000000,16777216,read,295
measured,probe-memory-buffer,run,1711,1729700,0,0,0,4732,1000000,16777216,read,295
measured,probe-memory-buffer,run,1712,1730100,0,0,0,4733,1000000,16777216,read,295
measured,probe-memory-buffer,run,1713,1730500,0,0,0,4735,1000000,16777216,read,295
measured,probe-memory-buffer,run,1714,1731000,0,0,0,4737,1000000,16777216,read,296
measured,probe-memory-buffer,run,1715,1731400,0,0,0,4739,1000000,16777216,read,296
measured,probe-memory-buffer,run,1716,1731800,0,0,0,4740,1000000,16777216,read,296
measured,probe-memory-buffer,run,1717,1732200,0,0,0,4742,1000000,16777216,read,296
measured,probe-memory-buffer,run,1718,1732600,0,0,0,4743,1000000,16777216,read,296
measured,probe-memory-buffer,run,1719,1733100,0,0,0,4745,1000000,16777216,read,296
measured,probe-memory-buffer,run,1720,1733500,0,0,0,4747,1000000,16777216,read,296
measured,probe-memory-buffer,run,1721,1733900,0,0,0,4748,1000000,16777216,read,296
measured,probe-memory-buffer,run,1722,1734300,0,0,0,4750,1000000,16777216,read,296
measured,probe-memory-buffer,run,1723,1734800,0,0,0,4751,1000000,16777216,read,296
measured,probe-memory-buffer,run,1724,1735200,0,0,0,4753,1000000,16777216,read,297
measured,probe-memory-buffer,run,1725,1735600,0,0,0,4755,1000000,16777216,read,297
measured,probe-memory-buffer,run,1726,1736000,0,0,0,4757,1000000,16777216,read,297
measured,probe-memory-buffer,run,1727,1736400,0,0,0,4758,1000000,16777216,read,297
measured,probe-memory-buffer,run,1728,1736900,0,0,0,4760,1000000,16777216,read,297
measured,probe-memory-buffer,run,1729,1737300,0,0,0,4762,1000000,16777216,read,297
measured,probe-memory-buffer,run,1730,1737700,0,0,0,4763,1000000,16777216,read,297
measured,probe-memory-buffer,run,1731,1738100,0,0,0,4765,1000000,16777216,read,297
measured,probe-memory-buffer,run,1732,1738600,0,0,0,4766,1000000,16777216,read,297
measured,probe-memory-buffer,run,1733,1739900,0,0,0,4772,1000000,16777216,read,298
measured,probe-memory-buffer,run,1734,1740400,0,0,0,4773,1000000,16777216,read,298
measured,probe-memory-buffer,run,1735,1740800,0,0,0,4775,1000000,16777216,read,298
measured,probe-memory-buffer,run,1736,1741200,0,0,0,4777,1000000,16777216,read,298
measured,probe-memory-buffer,run,1737,1741600,0,0,0,4778,1000000,16777216,read,298
measured,probe-memory-buffer,run,1738,1742100,0,0,0,4780,1000000,16777216,read,298
measured,probe-memory-buffer,run,1739,1742500,0,0,0,4782,1000000,16777216,read,298
measured,probe-memory-buffer,run,1740,1742900,0,0,0,4783,1000000,16777216,read,298
measured,probe-memory-buffer,run,1741,1743300,0,0,0,4785,1000000,16777216,read,299
measured,probe-memory-buffer,run,1742,1743700,0,0,0,4787,1000000,16777216,read,299
measured,probe-memory-buffer,run,1743,1744200,0,0,0,4789,1000000,16777216,read,299
measured,probe-memory-buffer,run,1744,1744600,0,0,0,4790,1000000,16777216,read,299
measured,probe-memory-buffer,run,1745,1765700,0,0,0,4873,1000000,16777216,read,304
measured,probe-memory-buffer,run,1746,1766200,0,0,0,4875,1000000,16777216,read,304
measured,probe-memory-buffer,run,1747,1766600,0,0,0,4876,1000000,16777216,read,304
measured,probe-memory-buffer,run,1748,1767100,0,0,0,4878,1000000,16777216,read,304
measured,probe-memory-buffer,run,1749,1767500,0,0,0,4880,1000000,16777216,read,305
measured,probe-memory-buffer,run,1750,1767900,0,0,0,4881,1000000,16777216,read,305
measured,probe-memory-buffer,run,1751,1768400,0,0,0,4883,1000000,16777216,read,305
measured,probe-memory-buffer,run,1752,1768800,0,0,0,4885,1000000,16777216,read,305
measured,probe-memory-buffer,run,1753,1769300,0,0,0,4886,1000000,16777216,read,305
measured,probe-memory-buffer,run,1754,1769700,0,0,0,4888,1000000,16777216,read,305
measured,probe-memory-buffer,run,1755,1770100,0,0,0,4890,1000000,16777216,read,305
measured,probe-memory-buffer,run,1756,1770500,0,0,0,4891,1000000,16777216,read,305
measured,probe-memory-buffer,run,1757,1771000,0,0,0,4893,1000000,16777216,read,305
measured,probe-memory-buffer,run,1758,1771400,0,0,0,4895,1000000,16777216,read,305
measured,probe-memory-buffer,run,1759,1771900,0,0,0,4896,1000000,16777216,read,306
measured,probe-memory-buffer,run,1760,1772300,0,0,0,4898,1000000,16777216,read,306
measured,probe-memory-buffer,run,1761,1772700,0,0,0,4900,1000000,16777216,read,306
measured,probe-memory-buffer,run,1762,1773100,0,0,0,4901,1000000,16777216,read,306
measured,probe-memory-buffer,run,1763,1773600,0,0,0,4903,1000000,16777216,read,306
measured,probe-memory-buffer,run,1764,1774000,0,0,0,4905,1000000,16777216,read,306
measured,probe-memory-buffer,run,1765,1774400,0,0,0,4907,1000000,16777216,read,306
measured,probe-memory-buffer,run,1766,1774900,0,0,0,4908,1000000,16777216,read,306
measured,probe-memory-buffer,run,1767,1775300,0,0,0,4910,1000000,16777216,read,306
measured,probe-memory-buffer,run,1768,1775700,0,0,0,4912,1000000,16777216,read,307
measured,probe-memory-buffer,run,1769,1776200,0,0,0,4913,1000000,16777216,read,307
measured,probe-memory-buffer,run,1770,1776600,0,0,0,4915,1000000,16777216,read,307
measured,probe-memory-buffer,run,1771,1777000,0,0,0,4917,1000000,16777216,read,307
measured,probe-memory-buffer,run,1772,1777500,0,0,0,4918,1000000,16777216,read,307
measured,probe-memory-buffer,run,1773,1777900,0,0,0,4920,1000000,16777216,read,307
measured,probe-memory-buffer,run,1774,1778300,0,0,0,4922,1000000,16777216,read,307
measured,probe-memory-buffer,run,1775,1778800,0,0,0,4923,1000000,16777216,read,307
measured,probe-memory-buffer,run,1776,1779200,0,0,0,4925,1000000,16777216,read,307
measured,probe-memory-buffer,run,1777,1779600,0,0,0,4927,1000000,16777216,read,307
measured,probe-memory-buffer,run,1778,1780100,0,0,0,4928,1000000,16777216,read,308
measured,probe-memory-buffer,run,1779,1780500,0,0,0,4930,1000000,16777216,read,308
measured,probe-memory-buffer,run,1780,1780900,0,0,0,4932,1000000,16777216,read,308
measured,probe-memory-buffer,run,1781,1781400,0,0,0,4933,1000000,16777216,read,308
measured,probe-memory-buffer,run,1782,1781800,0,0,0,4935,1000000,16777216,read,308
measured,probe-memory-buffer,run,1783,1782200,0,0,0,4937,1000000,16777216,read,308
measured,probe-memory-buffer,run,1784,1782700,0,0,0,4939,1000000,16777216,read,308
measured,probe-memory-buffer,run,1785,1783100,0,0,0,4941,1000000,16777216,read,308
measured,probe-memory-buffer,run,1786,1783500,0,0,0,4942,1000000,16777216,read,308
measured,probe-memory-buffer,run,1787,1784000,0,0,0,4944,1000000,16777216,read,309
measured,probe-memory-buffer,run,1788,1784400,0,0,0,4946,1000000,16777216,read,309
measured,probe-memory-buffer,run,1789,1785800,0,0,0,4951,1000000,16777216,read,309
measured,probe-memory-buffer,run,1790,1786200,0,0,0,4953,1000000,16777216,read,309
measured,probe-memory-buffer,run,1791,1786700,0,0,0,4954,1000000,16777216,read,309
measured,probe-memory-buffer,run,1792,1787100,0,0,0,4956,1000000,16777216,read,309
measured,probe-memory-buffer,run,1793,1787500,0,0,0,4958,1000000,16777216,read,309
measured,probe-memory-buffer,run,1794,1788000,0,0,0,4959,1000000,16777216,read,309
measured,probe-memory-buffer,run,1795,1788400,0,0,0,4961,1000000,16777216,read,310
measured,probe-memory-buffer,run,1796,1788800,0,0,0,4963,1000000,16777216,read,310
measured,probe-memory-buffer,run,1797,1789300,0,0,0,4964,1000000,16777216,read,310
measured,probe-memory-buffer,run,1798,1789700,0,0,0,4966,1000000,16777216,read,310
measured,probe-memory-buffer,run,1799,1790100,0,0,0,4968,1000000,16777216,read,310
measured,probe-memory-buffer,run,1800,1790600,0,0,0,4969,1000000,16777216,read,310
measured,probe-memory-buffer,run,1801,1791000,0,0,0,4971,1000000,16777216,read,310
measured,probe-memory-buffer,run,1802,1791400,0,0,0,4973,1000000,16777216,read,310
measured,probe-memory-buffer,run,1803,1791900,0,0,0,4975,1000000,16777216,read,310
measured,probe-memory-buffer,run,1804,1792300,0,0,0,4976,1000000,16777216,read,311
measured,probe-memory-buffer,run,1805,1792700,0,0,0,4978,1000000,16777216,read,311
measured,probe-memory-buffer,run,1806,1793200,0,0,0,4980,1000000,16777216,read,311
measured,probe-memory-buffer,run,1807,1793600,0,0,0,4982,1000000,16777216,read,311
measured,probe-memory-buffer,run,1808,1794000,0,0,0,4983,1000000,16777216,read,311
measured,probe-memory-buffer,run,1809,1794500,0,0,0,4985,1000000,16777216,read,311
measured,probe-memory-buffer,run,1810,1794900,0,0,0,4987,1000000,16777216,read,311
measured,probe-memory-buffer,run,1811,1795300,0,0,0,4988,1000000,16777216,read,311
measured,probe-memory-buffer,run,1812,1795800,0,0,0,4990,1000000,16777216,read,311
measured,probe-memory-buffer,run,1813,1796200,0,0,0,4992,1000000,16777216,read,312
measured,probe-memory-buffer,run,1814,1796600,0,0,0,4993,1000000,16777216,read,312
measured,probe-memory-buffer,run,1815,1797100,0,0,0,4995,1000000,16777216,read,312
measured,probe-memory-buffer,run,1816,1797500,0,0,0,4997,1000000,16777216,read,312
measured,probe-memory-buffer,run,1817,1797900,0,0,0,4998,1000000,16777216,read,312
measured,probe-memory-buffer,run,1818,1812700,0,0,0,5056,1000000,16777216,read,316
measured,probe-memory-buffer,run,1819,1813200,0,0,0,5058,1000000,16777216,read,316
measured,probe-memory-buffer,run,1820,1813600,0,0,0,5060,1000000,16777216,read,316
measured,probe-memory-buffer,run,1821,1814000,0,0,0,5061,1000000,16777216,read,316
measured,probe-memory-buffer,run,1822,1814500,0,0,0,5063,1000000,16777216,read,316
measured,probe-memory-buffer,run,1823,1814900,0,0,0,5065,1000000,16777216,read,316
measured,probe-memory-buffer,run,1824,1815300,0,0,0,5066,1000000,16777216,read,316
measured,probe-memory-buffer,run,1825,1815700,0,0,0,5068,1000000,16777216,read,316
measured,probe-memory-buffer,run,1826,1816200,0,0,0,5069,1000000,16777216,read,316
measured,probe-memory-buffer,run,1827,1816600,0,0,0,5071,1000000,16777216,read,316
measured,probe-memory-buffer,run,1828,1817000,0,0,0,5073,1000000,16777216,read,317
measured,probe-memory-buffer,run,1829,1817400,0,0,0,5075,1000000,16777216,read,317
measured,probe-memory-buffer,run,1830,1817900,0,0,0,5076,1000000,16777216,read,317
measured,probe-memory-buffer,run,1831,1818300,0,0,0,5078,1000000,16777216,read,317
measured,probe-memory-buffer,run,1832,1818700,0,0,0,5080,1000000,16777216,read,317
measured,probe-memory-buffer,run,1833,1819100,0,0,0,5081,1000000,16777216,read,317
measured,probe-memory-buffer,run,1834,1819600,0,0,0,5083,1000000,16777216,read,317
measured,probe-memory-buffer,run,1835,1820000,0,0,0,5085,1000000,16777216,read,317
measured,probe-memory-buffer,run,1836,1820400,0,0,0,5086,1000000,16777216,read,317
measured,probe-memory-buffer,run,1837,1820800,0,0,0,5088,1000000,16777216,read,318
measured,probe-memory-buffer,run,1838,1821200,0,0,0,5089,1000000,16777216,read,318
measured,probe-memory-buffer,run,1839,1821700,0,0,0,5091,1000000,16777216,read,318
measured,probe-memory-buffer,run,1840,1822100,0,0,0,5093,1000000,16777216,read,318
measured,probe-memory-buffer,run,1841,1822500,0,0,0,5094,1000000,16777216,read,318
measured,probe-memory-buffer,run,1842,1822900,0,0,0,5096,1000000,16777216,read,318
measured,probe-memory-buffer,run,1843,1823400,0,0,0,5098,1000000,16777216,read,318
measured,probe-memory-buffer,run,1844,1823800,0,0,0,5100,1000000,16777216,read,318
measured,probe-memory-buffer,run,1845,1824200,0,0,0,5101,1000000,16777216,read,318
measured,probe-memory-buffer,run,1846,1825500,0,0,0,5106,1000000,16777216,read,319
measured,probe-memory-buffer,run,1847,1825900,0,0,0,5108,1000000,16777216,read,319
measured,probe-memory-buffer,run,1848,1826300,0,0,0,5109,1000000,16777216,read,319
measured,probe-memory-buffer,run,1849,1826800,0,0,0,5111,1000000,16777216,read,319
measured,probe-memory-buffer,run,1850,1827200,0,0,0,5113,1000000,16777216,read,319
measured,probe-memory-buffer,run,1851,1827600,0,0,0,5114,1000000,16777216,read,319
measured,probe-memory-buffer,run,1852,1828100,0,0,0,5116,1000000,16777216,read,319
measured,probe-memory-buffer,run,1853,1828500,0,0,0,5117,1000000,16777216,read,319
measured,probe-memory-buffer,run,1854,1828900,0,0,0,5119,1000000,16777216,read,319
measured,probe-memory-buffer,run,1855,1829300,0,0,0,5121,1000000,16777216,read,320
measured,probe-memory-buffer,run,1856,1829700,0,0,0,5123,1000000,16777216,read,320
measured,probe-memory-buffer,run,1857,1830200,0,0,0,5124,1000000,16777216,read,320
measured,probe-memory-buffer,run,1858,1830600,0,0,0,5126,1000000,16777216,read,320
measured,probe-memory-buffer,run,1859,1831000,0,0,0,5128,1000000,16777216,read,320
measured,probe-memory-buffer,run,1860,1831400,0,0,0,5129,1000000,16777216,read,320
measured,probe-memory-buffer,run,1861,1831900,0,0,0,5131,1000000,16777216,read,320
measured,probe-memory-buffer,run,1862,1832300,0,0,0,5132,1000000,16777216,read,320
measured,probe-memory-buffer,run,1863,1832700,0,0,0,5134,1000000,16777216,read,320
measured,probe-memory-buffer,run,1864,1833100,0,0,0,5136,1000000,16777216,read,321
measured,probe-memory-buffer,run,1865,1833500,0,0,0,5137,1000000,16777216,read,321
measured,probe-memory-buffer,run,1866,1834000,0,0,0,5139,1000000,16777216,read,321
measured,probe-memory-buffer,run,1867,1834400,0,0,0,5141,1000000,16777216,read,321
measured,probe-memory-buffer,run,1868,1834800,0,0,0,5142,1000000,16777216,read,321
measured,probe-memory-buffer,run,1869,1835200,0,0,0,5144,1000000,16777216,read,321
measured,probe-memory-buffer,run,1870,1835600,0,0,0,5146,1000000,16777216,read,321
measured,probe-memory-buffer,run,1871,1836100,0,0,0,5147,1000000,16777216,read,321
measured,probe-memory-buffer,run,1872,1836500,0,0,0,5149,1000000,16777216,read,321
measured,probe-memory-buffer,run,1873,1836900,0,0,0,5151,1000000,16777216,read,321
measured,probe-memory-buffer,run,1874,1837300,0,0,0,5152,1000000,16777216,read,322
measured,probe-memory-buffer,run,1875,1837700,0,0,0,5154,1000000,16777216,read,322
measured,probe-memory-buffer,run,1876,1838100,0,0,0,5155,1000000,16777216,read,322
measured,probe-memory-buffer,run,1877,1838600,0,0,0,5157,1000000,16777216,read,322
measured,probe-memory-buffer,run,1878,1839000,0,0,0,5159,1000000,16777216,read,322
measured,probe-memory-buffer,run,1879,1839400,0,0,0,5160,1000000,16777216,read,322
measured,probe-memory-buffer,run,1880,1839800,0,0,0,5162,1000000,16777216,read,322
measured,probe-memory-buffer,run,1881,1840300,0,0,0,5164,1000000,16777216,read,322
measured,probe-memory-buffer,run,1882,1840700,0,0,0,5166,1000000,16777216,read,322
measured,probe-memory-buffer,run,1883,1841100,0,0,0,5167,1000000,16777216,read,322
measured,probe-memory-buffer,run,1884,1841500,0,0,0,5169,1000000,16777216,read,323
measured,probe-memory-buffer,run,1885,1841900,0,0,0,5170,1000000,16777216,read,323
measured,probe-memory-buffer,run,1886,1842400,0,0,0,5172,1000000,16777216,read,323
measured,probe-memory-buffer,run,1887,1842800,0,0,0,5174,1000000,16777216,read,323
measured,probe-memory-buffer,run,1888,1843200,0,0,0,5175,1000000,16777216,read,323
measured,probe-memory-buffer,run,1889,1843600,0,0,0,5177,1000000,16777216,read,323
measured,probe-memory-buffer,run,1890,1844100,0,0,0,5178,1000000,16777216,read,323
measured,probe-memory-buffer,run,1891,1844500,0,0,0,5180,1000000,16777216,read,323
measured,probe-memory-buffer,run,1892,1845200,0,0,0,5183,1000000,16777216,read,323
measured,probe-memory-buffer,run,1893,1845700,0,0,0,5185,1000000,16777216,read,324
measured,probe-memory-buffer,run,1894,1846100,0,0,0,5187,1000000,16777216,read,324
measured,probe-memory-buffer,run,1895,1846500,0,0,0,5188,1000000,16777216,read,324
measured,probe-memory-buffer,run,1896,1846900,0,0,0,5190,1000000,16777216,read,324
measured,probe-memory-buffer,run,1897,1847400,0,0,0,5191,1000000,16777216,read,324
measured,probe-memory-buffer,run,1898,1847800,0,0,0,5193,1000000,16777216,read,324
measured,probe-memory-buffer,run,1899,1848200,0,0,0,5195,1000000,16777216,read,324
measured,probe-memory-buffer,run,1900,1848600,0,0,0,5196,1000000,16777216,read,324
measured,probe-memory-buffer,run,1901,1849100,0,0,0,5198,1000000,16777216,read,324
measured,probe-memory-buffer,run,1902,1849500,0,0,0,5200,1000000,16777216,read,325
measured,probe-memory-buffer,run,1903,1850700,0,0,0,5205,1000000,16777216,read,325
measured,probe-memory-buffer,run,1904,1851200,0,0,0,5206,1000000,16777216,read,325
measured,probe-memory-buffer,run,1905,1851600,0,0,0,5208,1000000,16777216,read,325
measured,probe-memory-buffer,run,1906,1852000,0,0,0,5210,1000000,16777216,read,325
measured,probe-memory-buffer,run,1907,1852400,0,0,0,5211,1000000,16777216,read,325
measured,probe-memory-buffer,run,1908,1852900,0,0,0,5213,1000000,16777216,read,325
measured,probe-memory-buffer,run,1909,1853300,0,0,0,5215,1000000,16777216,read,325
measured,probe-memory-buffer,run,1910,1853700,0,0,0,5216,1000000,16777216,read,326
measured,probe-memory-buffer,run,1911,1854100,0,0,0,5218,1000000,16777216,read,326
measured,probe-memory-buffer,run,1912,1854600,0,0,0,5219,1000000,16777216,read,326
measured,probe-memory-buffer,run,1913,1855000,0,0,0,5221,1000000,16777216,read,326
measured,probe-memory-buffer,run,1914,1855400,0,0,0,5223,1000000,16777216,read,326
measured,probe-memory-buffer,run,1915,1855800,0,0,0,5225,1000000,16777216,read,326
measured,probe-memory-buffer,run,1916,1856300,0,0,0,5226,1000000,16777216,read,326
measured,probe-memory-buffer,run,1917,1856700,0,0,0,5228,1000000,16777216,read,326
measured,probe-memory-buffer,run,1918,1857100,0,0,0,5230,1000000,16777216,read,326
measured,probe-memory-buffer,run,1919,1857500,0,0,0,5231,1000000,16777216,read,326
measured,probe-memory-buffer,run,1920,1858000,0,0,0,5233,1000000,16777216,read,327
measured,probe-memory-buffer,run,1921,1858400,0,0,0,5235,1000000,16777216,read,327
measured,probe-memory-buffer,run,1922,1858800,0,0,0,5236,1000000,16777216,read,327
measured,probe-memory-buffer,run,1923,1859200,0,0,0,5238,1000000,16777216,read,327
measured,probe-memory-buffer,run,1924,1859700,0,0,0,5239,1000000,16777216,read,327
measured,probe-memory-buffer,run,1925,1860100,0,0,0,5241,1000000,16777216,read,327
measured,probe-memory-buffer,run,1926,1860500,0,0,0,5243,1000000,16777216,read,327
measured,probe-memory-buffer,run,1927,1860900,0,0,0,5244,1000000,16777216,read,327
measured,probe-memory-buffer,run,1928,1861300,0,0,0,5246,1000000,16777216,read,327
measured,probe-memory-buffer,run,1929,1861800,0,0,0,5248,1000000,16777216,read,328
measured,probe-memory-buffer,run,1930,1862200,0,0,0,5250,1000000,16777216,read,328
measured,probe-memory-buffer,run,1931,1862600,0,0,0,5251,1000000,16777216,read,328
measured,probe-memory-buffer,run,1932,1863000,0,0,0,5253,1000000,16777216,read,328
measured,probe-memory-buffer,run,1933,1863500,0,0,0,5254,1000000,16777216,read,328
measured,probe-memory-buffer,run,1934,1863900,0,0,0,5256,1000000,16777216,read,328
measured,probe-memory-buffer,run,1935,1864300,0,0,0,5258,1000000,16777216,read,328
measured,probe-memory-buffer,run,1936,1864700,0,0,0,5259,1000000,16777216,read,328
measured,probe-memory-buffer,run,1937,1865100,0,0,0,5261,1000000,16777216,read,328
measured,probe-memory-buffer,run,1938,1865600,0,0,0,5262,1000000,16777216,read,328
measured,probe-memory-buffer,run,1939,1866000,0,0,0,5264,1000000,16777216,read,329
measured,probe-memory-buffer,run,1940,1866400,0,0,0,5266,1000000,16777216,read,329
measured,probe-memory-buffer,run,1941,1866800,0,0,0,5267,1000000,16777216,read,329
measured,probe-memory-buffer,run,1942,1867200,0,0,0,5269,1000000,16777216,read,329
measured,probe-memory-buffer,run,1943,1867700,0,0,0,5271,1000000,16777216,read,329
measured,probe-memory-buffer,run,1944,1868100,0,0,0,5273,1000000,16777216,read,329
measured,probe-memory-buffer,run,1945,1868500,0,0,0,5274,1000000,16777216,read,329
measured,probe-memory-buffer,run,1946,1868900,0,0,0,5276,1000000,16777216,read,329
measured,probe-memory-buffer,run,1947,1869400,0,0,0,5277,1000000,16777216,read,329
measured,probe-memory-buffer,run,1948,1869800,0,0,0,5279,1000000,16777216,read,329
measured,probe-memory-buffer,run,1949,1870200,0,0,0,5281,1000000,16777216,read,330
measured,probe-memory-buffer,run,1950,1870600,0,0,0,5282,1000000,16777216,read,330
measured,probe-memory-buffer,run,1951,1871000,0,0,0,5284,1000000,16777216,read,330
measured,probe-memory-buffer,run,1952,1871400,0,0,0,5285,1000000,16777216,read,330
measured,probe-memory-buffer,run,1953,1871900,0,0,0,5287,1000000,16777216,read,330
measured,probe-memory-buffer,run,1954,1872300,0,0,0,5289,1000000,16777216,read,330
measured,probe-memory-buffer,run,1955,1872700,0,0,0,5291,1000000,16777216,read,330
measured,probe-memory-buffer,run,1956,1873100,0,0,0,5292,1000000,16777216,read,330
measured,probe-memory-buffer,run,1957,1873600,0,0,0,5294,1000000,16777216,read,330
measured,probe-memory-buffer,run,1958,1874000,0,0,0,5296,1000000,16777216,read,331
measured,probe-memory-buffer,run,1959,1874400,0,0,0,5297,1000000,16777216,read,331
measured,probe-memory-buffer,run,1960,1875900,0,0,0,5303,1000000,16777216,read,331
measured,probe-memory-buffer,run,1961,1876300,0,0,0,5305,1000000,16777216,read,331
measured,probe-memory-buffer,run,1962,1876700,0,0,0,5306,1000000,16777216,read,331
measured,probe-memory-buffer,run,1963,1877200,0,0,0,5308,1000000,16777216,read,331
measured,probe-memory-buffer,run,1964,1877600,0,0,0,5310,1000000,16777216,read,331
measured,probe-memory-buffer,run,1965,1878000,0,0,0,5311,1000000,16777216,read,331
measured,probe-memory-buffer,run,1966,1878400,0,0,0,5313,1000000,16777216,read,332
measured,probe-memory-buffer,run,1967,1878900,0,0,0,5314,1000000,16777216,read,332
measured,probe-memory-buffer,run,1968,1879300,0,0,0,5316,1000000,16777216,read,332
measured,probe-memory-buffer,run,1969,1879700,0,0,0,5318,1000000,16777216,read,332
measured,probe-memory-buffer,run,1970,1880100,0,0,0,5319,1000000,16777216,read,332
measured,probe-memory-buffer,run,1971,1880500,0,0,0,5321,1000000,16777216,read,332
measured,probe-memory-buffer,run,1972,1881000,0,0,0,5323,1000000,16777216,read,332
measured,probe-memory-buffer,run,1973,1881400,0,0,0,5325,1000000,16777216,read,332
measured,probe-memory-buffer,run,1974,1881800,0,0,0,5326,1000000,16777216,read,332
measured,probe-memory-buffer,run,1975,1882200,0,0,0,5328,1000000,16777216,read,333
measured,probe-memory-buffer,run,1976,1882700,0,0,0,5329,1000000,16777216,read,333
measured,probe-memory-buffer,run,1977,1883100,0,0,0,5331,1000000,16777216,read,333
measured,probe-memory-buffer,run,1978,1883500,0,0,0,5333,1000000,16777216,read,333
measured,probe-memory-buffer,run,1979,1883900,0,0,0,5334,1000000,16777216,read,333
measured,probe-memory-buffer,run,1980,1884300,0,0,0,5336,1000000,16777216,read,333
measured,probe-memory-buffer,run,1981,1884800,0,0,0,5337,1000000,16777216,read,333
measured,probe-memory-buffer,run,1982,1885200,0,0,0,5339,1000000,16777216,read,333
measured,probe-memory-buffer,run,1983,1885600,0,0,0,5341,1000000,16777216,read,333
measured,probe-memory-buffer,run,1984,1886000,0,0,0,5342,1000000,16777216,read,333
measured,probe-memory-buffer,run,1985,1886500,0,0,0,5344,1000000,16777216,read,334
measured,probe-memory-buffer,run,1986,1886900,0,0,0,5346,1000000,16777216,read,334
measured,probe-memory-buffer,run,1987,1887300,0,0,0,5348,1000000,16777216,read,334
measured,probe-memory-buffer,run,1988,1887700,0,0,0,5349,1000000,16777216,read,334
measured,probe-memory-buffer,run,1989,1888100,0,0,0,5351,1000000,16777216,read,334
measured,probe-memory-buffer,run,1990,1888600,0,0,0,5352,1000000,16777216,read,334
measured,probe-memory-buffer,run,1991,1889000,0,0,0,5354,1000000,16777216,read,334
measured,probe-memory-buffer,run,1992,1889400,0,0,0,5356,1000000,16777216,read,334
measured,probe-memory-buffer,run,1993,1889800,0,0,0,5357,1000000,16777216,read,334
measured,probe-memory-buffer,run,1994,1890300,0,0,0,5359,1000000,16777216,read,334
measured,probe-memory-buffer,run,1995,1890700,0,0,0,5361,1000000,16777216,read,335
measured,probe-memory-buffer,run,1996,1891100,0,0,0,5362,1000000,16777216,read,335
measured,probe-memory-buffer,run,1997,1891500,0,0,0,5364,1000000,16777216,read,335
measured,probe-memory-buffer,run,1998,1891900,0,0,0,5366,1000000,16777216,read,335
measured,probe-memory-buffer,run,1999,1892400,0,0,0,5367,1000000,16777216,read,335
measured,probe-memory-buffer,run,2000,1892800,0,0,0,5369,1000000,16777216,read,335
measured,probe-memory-buffer,run,2001,1893200,0,0,0,5371,1000000,16777216,read,335
measured,probe-memory-buffer,run,2002,1893600,0,0,0,5372,1000000,16777216,read,335
measured,probe-memory-buffer,run,2003,1894100,0,0,0,5374,1000000,16777216,read,335
measured,probe-memory-buffer,run,2004,1894500,0,0,0,5375,1000000,16777216,read,335
measured,probe-memory-buffer,run,2005,1894900,0,0,0,5377,1000000,16777216,read,336
measured,probe-memory-buffer,run,2006,1895300,0,0,0,5379,1000000,16777216,read,336
measured,probe-memory-buffer,run,2007,1895700,0,0,0,5380,1000000,16777216,read,336
measured,probe-memory-buffer,run,2008,1896200,0,0,0,5382,1000000,16777216,read,336
measured,probe-memory-buffer,run,2009,1896600,0,0,0,5384,1000000,16777216,read,336
measured,probe-memory-buffer,run,2010,1897000,0,0,0,5385,1000000,16777216,read,336
measured,probe-memory-buffer,run,2011,1897400,0,0,0,5387,1000000,16777216,read,336
measured,probe-memory-buffer,run,2012,1897900,0,0,0,5389,1000000,16777216,read,336
measured,probe-memory-buffer,run,2013,1898300,0,0,0,5391,1000000,16777216,read,336
measured,probe-memory-buffer,run,2014,1898700,0,0,0,5392,1000000,16777216,read,337
measured,probe-memory-buffer,run,2015,1899100,0,0,0,5394,1000000,16777216,read,337
measured,probe-memory-buffer,run,2016,1899500,0,0,0,5395,1000000,16777216,read,337
measured,probe-memory-buffer,run,2017,1901000,0,0,0,5401,1000000,16777216,read,337
measured,probe-memory-buffer,run,2018,1901500,0,0,0,5403,1000000,16777216,read,337
measured,probe-memory-buffer,run,2019,1901900,0,0,0,5405,1000000,16777216,read,337
measured,probe-memory-buffer,run,2020,1902300,0,0,0,5406,1000000,16777216,read,337
measured,probe-memory-buffer,run,2021,1902700,0,0,0,5408,1000000,16777216,read,338
measured,probe-memory-buffer,run,2022,1903200,0,0,0,5409,1000000,16777216,read,338
measured,probe-memory-buffer,run,2023,1903600,0,0,0,5411,1000000,16777216,read,338
measured,probe-memory-buffer,run,2024,1904000,0,0,0,5413,1000000,16777216,read,338
measured,probe-memory-buffer,run,2025,1904400,0,0,0,5414,1000000,16777216,read,338
measured,probe-memory-buffer,run,2026,1904800,0,0,0,5416,1000000,16777216,read,338
measured,probe-memory-buffer,run,2027,1905300,0,0,0,5417,1000000,16777216,read,338
measured,probe-memory-buffer,run,2028,1905700,0,0,0,5419,1000000,16777216,read,338
measured,probe-memory-buffer,run,2029,1906100,0,0,0,5421,1000000,16777216,read,338
measured,probe-memory-buffer,run,2030,1906500,0,0,0,5423,1000000,16777216,read,338
measured,probe-memory-buffer,run,2031,1907000,0,0,0,5424,1000000,16777216,read,339
measured,probe-memory-buffer,run,2032,1907400,0,0,0,5426,1000000,16777216,read,339
measured,probe-memory-buffer,run,2033,1907800,0,0,0,5428,1000000,16777216,read,339
measured,probe-memory-buffer,run,2034,1908200,0,0,0,5429,1000000,16777216,read,339
measured,probe-memory-buffer,run,2035,1908600,0,0,0,5431,1000000,16777216,read,339
measured,probe-memory-buffer,run,2036,1909100,0,0,0,5432,1000000,16777216,read,339
measured,probe-memory-buffer,run,2037,1909500,0,0,0,5434,1000000,16777216,read,339
measured,probe-memory-buffer,run,2038,1909900,0,0,0,5436,1000000,16777216,read,339
measured,probe-memory-buffer,run,2039,1910300,0,0,0,5437,1000000,16777216,read,339
measured,probe-memory-buffer,run,2040,1910700,0,0,0,5439,1000000,16777216,read,339
measured,probe-memory-buffer,run,2041,1911200,0,0,0,5441,1000000,16777216,read,340
measured,probe-memory-buffer,run,2042,1911600,0,0,0,5442,1000000,16777216,read,340
measured,probe-memory-buffer,run,2043,1912000,0,0,0,5444,1000000,16777216,read,340
measured,probe-memory-buffer,run,2044,1912400,0,0,0,5446,1000000,16777216,read,340
measured,probe-memory-buffer,run,2045,1912900,0,0,0,5447,1000000,16777216,read,340
measured,probe-memory-buffer,run,2046,1913300,0,0,0,5449,1000000,16777216,read,340
measured,probe-memory-buffer,run,2047,1913700,0,0,0,5451,1000000,16777216,read,340
measured,probe-memory-buffer,run,2048,1914100,0,0,0,5452,1000000,16777216,read,340
measured,probe-memory-buffer,run,2049,1914600,0,0,0,5454,1000000,16777216,read,340
measured,probe-memory-buffer,run,2050,1915000,0,0,0,5455,1000000,16777216,read,340
measured,probe-memory-buffer,run,2051,1915400,0,0,0,5457,1000000,16777216,read,341
measured,probe-memory-buffer,run,2052,1915800,0,0,0,5459,1000000,16777216,read,341
measured,probe-memory-buffer,run,2053,1916200,0,0,0,5460,1000000,16777216,read,341
measured,probe-memory-buffer,run,2054,1916700,0,0,0,5462,1000000,16777216,read,341
measured,probe-memory-buffer,run,2055,1917100,0,0,0,5464,1000000,16777216,read,341
measured,probe-memory-buffer,run,2056,1917500,0,0,0,5466,1000000,16777216,read,341
measured,probe-memory-buffer,run,2057,1917900,0,0,0,5467,1000000,16777216,read,341
measured,probe-memory-buffer,run,2058,1918300,0,0,0,5469,1000000,16777216,read,341
measured,probe-memory-buffer,run,2059,1918800,0,0,0,5470,1000000,16777216,read,341
measured,probe-memory-buffer,run,2060,1919200,0,0,0,5472,1000000,16777216,read,342
measured,probe-memory-buffer,run,2061,1919600,0,0,0,5474,1000000,16777216,read,342
measured,probe-memory-buffer,run,2062,1920000,0,0,0,5475,1000000,16777216,read,342
measured,probe-memory-buffer,run,2063,1920500,0,0,0,5477,1000000,16777216,read,342
measured,probe-memory-buffer,run,2064,1920900,0,0,0,5479,1000000,16777216,read,342
measured,probe-memory-buffer,run,2065,1921300,0,0,0,5480,1000000,16777216,read,342
measured,probe-memory-buffer,run,2066,1921700,0,0,0,5482,1000000,16777216,read,342
measured,probe-memory-buffer,run,2067,1922100,0,0,0,5483,1000000,16777216,read,342
measured,probe-memory-buffer,run,2068,1922600,0,0,0,5485,1000000,16777216,read,342
measured,probe-memory-buffer,run,2069,1923000,0,0,0,5487,1000000,16777216,read,342
measured,probe-memory-buffer,run,2070,1923400,0,0,0,5489,1000000,16777216,read,343
measured,probe-memory-buffer,run,2071,1923800,0,0,0,5490,1000000,16777216,read,343
measured,probe-memory-buffer,run,2072,1924300,0,0,0,5492,1000000,16777216,read,343
measured,probe-memory-buffer,run,2073,1924700,0,0,0,5494,1000000,16777216,read,343
measured,probe-memory-buffer,run,2074,1926200,0,0,0,5500,1000000,16777216,read,343
measured,probe-memory-buffer,run,2075,1926700,0,0,0,5501,1000000,16777216,read,343
measured,probe-memory-buffer,run,2076,1927100,0,0,0,5503,1000000,16777216,read,343
measured,probe-memory-buffer,run,2077,1927500,0,0,0,5505,1000000,16777216,read,344
measured,probe-memory-buffer,run,2078,1927900,0,0,0,5506,1000000,16777216,read,344
measured,probe-memory-buffer,run,2079,1928300,0,0,0,5508,1000000,16777216,read,344
measured,probe-memory-buffer,run,2080,1928800,0,0,0,5509,1000000,16777216,read,344
measured,probe-memory-buffer,run,2081,1929200,0,0,0,5511,1000000,16777216,read,344
measured,probe-memory-buffer,run,2082,1929600,0,0,0,5513,1000000,16777216,read,344
measured,probe-memory-buffer,run,2083,1930000,0,0,0,5514,1000000,16777216,read,344
measured,probe-memory-buffer,run,2084,1930400,0,0,0,5516,1000000,16777216,read,344
measured,probe-memory-buffer,run,2085,1930900,0,0,0,5517,1000000,16777216,read,344
measured,probe-memory-buffer,run,2086,1931300,0,0,0,5519,1000000,16777216,read,344
measured,probe-memory-buffer,run,2087,1931700,0,0,0,5521,1000000,16777216,read,345
measured,probe-memory-buffer,run,2088,1932100,0,0,0,5523,1000000,16777216,read,345
measured,probe-memory-buffer,run,2089,1932600,0,0,0,5524,1000000,16777216,read,345
measured,probe-memory-buffer,run,2090,1933000,0,0,0,5526,1000000,16777216,read,345
measured,probe-memory-buffer,run,2091,1933400,0,0,0,5528,1000000,16777216,read,345
measured,probe-memory-buffer,run,2092,1933800,0,0,0,5529,1000000,16777216,read,345
measured,probe-memory-buffer,run,2093,1934200,0,0,0,5531,1000000,16777216,read,345
measured,probe-memory-buffer,run,2094,1934700,0,0,0,5532,1000000,16777216,read,345
measured,probe-memory-buffer,run,2095,1935100,0,0,0,5534,1000000,16777216,read,345
measured,probe-memory-buffer,run,2096,1935500,0,0,0,5536,1000000,16777216,read,346
measured,probe-memory-buffer,run,2097,1935900,0,0,0,5537,1000000,16777216,read,346
measured,probe-memory-buffer,run,2098,1936300,0,0,0,5539,1000000,16777216,read,346
measured,probe-memory-buffer,run,2099,1936800,0,0,0,5541,1000000,16777216,read,346
measured,probe-memory-buffer,run,2100,1937200,0,0,0,5542,1000000,16777216,read,346
measured,probe-memory-buffer,run,2101,1937600,0,0,0,5544,1000000,16777216,read,346
measured,probe-memory-buffer,run,2102,1938000,0,0,0,5546,1000000,16777216,read,346
measured,probe-memory-buffer,run,2103,1938400,0,0,0,5547,1000000,16777216,read,346
measured,probe-memory-buffer,run,2104,1938900,0,0,0,5549,1000000,16777216,read,346
measured,probe-memory-buffer,run,2105,1939300,0,0,0,5551,1000000,16777216,read,346
measured,probe-memory-buffer,run,2106,1939700,0,0,0,5552,1000000,16777216,read,347
measured,probe-memory-buffer,run,2107,1940100,0,0,0,5554,1000000,16777216,read,347
measured,probe-memory-buffer,run,2108,1940600,0,0,0,5555,1000000,16777216,read,347
measured,probe-memory-buffer,run,2109,1941000,0,0,0,5557,1000000,16777216,read,347
measured,probe-memory-buffer,run,2110,1941400,0,0,0,5559,1000000,16777216,read,347
measured,probe-memory-buffer,run,2111,1941800,0,0,0,5560,1000000,16777216,read,347
measured,probe-memory-buffer,run,2112,1942200,0,0,0,5562,1000000,16777216,read,347
measured,probe-memory-buffer,run,2113,1942700,0,0,0,5564,1000000,16777216,read,347
measured,probe-memory-buffer,run,2114,1943100,0,0,0,5566,1000000,16777216,read,347
measured,probe-memory-buffer,run,2115,1943500,0,0,0,5567,1000000,16777216,read,347
measured,probe-memory-buffer,run,2116,1943900,0,0,0,5569,1000000,16777216,read,348
measured,probe-memory-buffer,run,2117,1944400,0,0,0,5570,1000000,16777216,read,348
measured,probe-memory-buffer,run,2118,1944800,0,0,0,5572,1000000,16777216,read,348
measured,probe-memory-buffer,run,2119,1945200,0,0,0,5574,1000000,16777216,read,348
measured,probe-memory-buffer,run,2120,1945600,0,0,0,5575,1000000,16777216,read,348
measured,probe-memory-buffer,run,2121,1946000,0,0,0,5577,1000000,16777216,read,348
measured,probe-memory-buffer,run,2122,1946500,0,0,0,5578,1000000,16777216,read,348
measured,probe-memory-buffer,run,2123,1946900,0,0,0,5580,1000000,16777216,read,348
measured,probe-memory-buffer,run,2124,1947300,0,0,0,5582,1000000,16777216,read,348
measured,probe-memory-buffer,run,2125,1947700,0,0,0,5583,1000000,16777216,read,348
measured,probe-memory-buffer,run,2126,1948100,0,0,0,5585,1000000,16777216,read,349
measured,probe-memory-buffer,run,2127,1948600,0,0,0,5587,1000000,16777216,read,349
measured,probe-memory-buffer,run,2128,1949000,0,0,0,5589,1000000,16777216,read,349
measured,probe-memory-buffer,run,2129,1949400,0,0,0,5590,1000000,16777216,read,349
measured,probe-memory-buffer,run,2130,1949800,0,0,0,5592,1000000,16777216,read,349
measured,probe-memory-buffer,run,2131,1951100,0,0,0,5596,1000000,16777216,read,349
measured,probe-memory-buffer,run,2132,1951500,0,0,0,5598,1000000,16777216,read,349
measured,probe-memory-buffer,run,2133,1951900,0,0,0,5600,1000000,16777216,read,350
measured,probe-memory-buffer,run,2134,1952300,0,0,0,5601,1000000,16777216,read,350
measured,probe-memory-buffer,run,2135,1952800,0,0,0,5603,1000000,16777216,read,350
measured,probe-memory-buffer,run,2136,1953200,0,0,0,5605,1000000,16777216,read,350
measured,probe-memory-buffer,run,2137,1953600,0,0,0,5607,1000000,16777216,read,350
measured,probe-memory-buffer,run,2138,1954000,0,0,0,5608,1000000,16777216,read,350
measured,probe-memory-buffer,run,2139,1954500,0,0,0,5610,1000000,16777216,read,350
measured,probe-memory-buffer,run,2140,1954900,0,0,0,5612,1000000,16777216,read,350
measured,probe-memory-buffer,run,2141,1955300,0,0,0,5613,1000000,16777216,read,350
measured,probe-memory-buffer,run,2142,1955700,0,0,0,5615,1000000,16777216,read,350
measured,probe-memory-buffer,run,2143,1956200,0,0,0,5616,1000000,16777216,read,351
measured,probe-memory-buffer,run,2144,1956600,0,0,0,5618,1000000,16777216,read,351
measured,probe-memory-buffer,run,2145,1957000,0,0,0,5620,1000000,16777216,read,351
measured,probe-memory-buffer,run,2146,1957400,0,0,0,5621,1000000,16777216,read,351
measured,probe-memory-buffer,run,2147,1957800,0,0,0,5623,1000000,16777216,read,351
measured,probe-memory-buffer,run,2148,1958300,0,0,0,5625,1000000,16777216,read,351
measured,probe-memory-buffer,run,2149,1958700,0,0,0,5626,1000000,16777216,read,351
measured,probe-memory-buffer,run,2150,1959100,0,0,0,5628,1000000,16777216,read,351
measured,probe-memory-buffer,run,2151,1959500,0,0,0,5630,1000000,16777216,read,351
measured,probe-memory-buffer,run,2152,1960000,0,0,0,5631,1000000,16777216,read,351
measured,probe-memory-buffer,run,2153,1960400,0,0,0,5633,1000000,16777216,read,352
measured,probe-memory-buffer,run,2154,1960800,0,0,0,5635,1000000,16777216,read,352
measured,probe-memory-buffer,run,2155,1961200,0,0,0,5636,1000000,16777216,read,352
measured,probe-memory-buffer,run,2156,1961600,0,0,0,5638,1000000,16777216,read,352
measured,probe-memory-buffer,run,2157,1962100,0,0,0,5639,1000000,16777216,read,352
measured,probe-memory-buffer,run,2158,1962500,0,0,0,5641,1000000,16777216,read,352
measured,probe-memory-buffer,run,2159,1962900,0,0,0,5643,1000000,16777216,read,352
measured,probe-memory-buffer,run,2160,1963300,0,0,0,5644,1000000,16777216,read,352
measured,probe-memory-buffer,run,2161,1963700,0,0,0,5646,1000000,16777216,read,352
measured,probe-memory-buffer,run,2162,1964200,0,0,0,5648,1000000,16777216,read,353
measured,probe-memory-buffer,run,2163,1964600,0,0,0,5650,1000000,16777216,read,353
measured,probe-memory-buffer,run,2164,1965000,0,0,0,5651,1000000,16777216,read,353
measured,probe-memory-buffer,run,2165,1965400,0,0,0,5653,1000000,16777216,read,353
measured,probe-memory-buffer,run,2166,1965800,0,0,0,5654,1000000,16777216,read,353
measured,probe-memory-buffer,run,2167,1966300,0,0,0,5656,1000000,16777216,read,353
measured,probe-memory-buffer,run,2168,1966700,0,0,0,5658,1000000,16777216,read,353
measured,probe-memory-buffer,run,2169,1967100,0,0,0,5659,1000000,16777216,read,353
measured,probe-memory-buffer,run,2170,1967500,0,0,0,5661,1000000,16777216,read,353
measured,probe-memory-buffer,run,2171,1967900,0,0,0,5662,1000000,16777216,read,353
measured,probe-memory-buffer,run,2172,1968400,0,0,0,5664,1000000,16777216,read,354
measured,probe-memory-buffer,run,2173,1968800,0,0,0,5666,1000000,16777216,read,354
measured,probe-memory-buffer,run,2174,1969200,0,0,0,5667,1000000,16777216,read,354
measured,probe-memory-buffer,run,2175,1969600,0,0,0,5669,1000000,16777216,read,354
measured,probe-memory-buffer,run,2176,1970100,0,0,0,5671,1000000,16777216,read,354
measured,probe-memory-buffer,run,2177,1970500,0,0,0,5673,1000000,16777216,read,354
measured,probe-memory-buffer,run,2178,1970900,0,0,0,5674,1000000,16777216,read,354
measured,probe-memory-buffer,run,2179,1971300,0,0,0,5676,1000000,16777216,read,354
measured,probe-memory-buffer,run,2180,1971800,0,0,0,5677,1000000,16777216,read,354
measured,probe-memory-buffer,run,2181,1972200,0,0,0,5679,1000000,16777216,read,354
measured,probe-memory-buffer,run,2182,1972600,0,0,0,5681,1000000,16777216,read,355
measured,probe-memory-buffer,run,2183,1973000,0,0,0,5682,1000000,16777216,read,355
measured,probe-memory-buffer,run,2184,1973400,0,0,0,5684,1000000,16777216,read,355
measured,probe-memory-buffer,run,2185,1973900,0,0,0,5685,1000000,16777216,read,355
measured,probe-memory-buffer,run,2186,1974300,0,0,0,5687,1000000,16777216,read,355
measured,probe-memory-buffer,run,2187,1974700,0,0,0,5689,1000000,16777216,read,355
measured,probe-memory-buffer,run,2188,1976100,0,0,0,5694,1000000,16777216,read,355
measured,probe-memory-buffer,run,2189,1976500,0,0,0,5696,1000000,16777216,read,356
measured,probe-memory-buffer,run,2190,1976900,0,0,0,5698,1000000,16777216,read,356
measured,probe-memory-buffer,run,2191,1977300,0,0,0,5699,1000000,16777216,read,356
measured,probe-memory-buffer,run,2192,1977700,0,0,0,5701,1000000,16777216,read,356
measured,probe-memory-buffer,run,2193,1978200,0,0,0,5703,1000000,16777216,read,356
measured,probe-memory-buffer,run,2194,1978600,0,0,0,5704,1000000,16777216,read,356
measured,probe-memory-buffer,run,2195,1979000,0,0,0,5706,1000000,16777216,read,356
measured,probe-memory-buffer,run,2196,1979400,0,0,0,5707,1000000,16777216,read,356
measured,probe-memory-buffer,run,2197,1979900,0,0,0,5709,1000000,16777216,read,356
measured,probe-memory-buffer,run,2198,1980300,0,0,0,5711,1000000,16777216,read,356
measured,probe-memory-buffer,run,2199,1980700,0,0,0,5712,1000000,16777216,read,357
measured,probe-memory-buffer,run,2200,1981100,0,0,0,5714,1000000,16777216,read,357
measured,probe-memory-buffer,run,2201,1981600,0,0,0,5716,1000000,16777216,read,357
measured,probe-memory-buffer,run,2202,1982000,0,0,0,5717,1000000,16777216,read,357
measured,probe-memory-buffer,run,2203,1982400,0,0,0,5719,1000000,16777216,read,357
measured,probe-memory-buffer,run,2204,1982800,0,0,0,5721,1000000,16777216,read,357
measured,probe-memory-buffer,run,2205,1983300,0,0,0,5722,1000000,16777216,read,357
measured,probe-memory-buffer,run,2206,1983700,0,0,0,5724,1000000,16777216,read,357
measured,probe-memory-buffer,run,2207,1984500,0,0,0,5727,1000000,16777216,read,357
measured,probe-memory-buffer,run,2208,1984900,0,0,0,5729,1000000,16777216,read,358
measured,probe-memory-buffer,run,2209,1985400,0,0,0,5730,1000000,16777216,read,358
measured,probe-memory-buffer,run,2210,1985800,0,0,0,5732,1000000,16777216,read,358
measured,probe-memory-buffer,run,2211,1986200,0,0,0,5734,1000000,16777216,read,358
measured,probe-memory-buffer,run,2212,1986600,0,0,0,5735,1000000,16777216,read,358
measured,probe-memory-buffer,run,2213,1987000,0,0,0,5737,1000000,16777216,read,358
measured,probe-memory-buffer,run,2214,1987500,0,0,0,5739,1000000,16777216,read,358
measured,probe-memory-buffer,run,2215,1987900,0,0,0,5741,1000000,16777216,read,358
measured,probe-memory-buffer,run,2216,1988300,0,0,0,5742,1000000,16777216,read,358
measured,probe-memory-buffer,run,2217,1988700,0,0,0,5744,1000000,16777216,read,359
measured,probe-memory-buffer,run,2218,1989200,0,0,0,5745,1000000,16777216,read,359
measured,probe-memory-buffer,run,2219,1989600,0,0,0,5747,1000000,16777216,read,359
measured,probe-memory-buffer,run,2220,1990000,0,0,0,5749,1000000,16777216,read,359
measured,probe-memory-buffer,run,2221,1990400,0,0,0,5750,1000000,16777216,read,359
measured,probe-memory-buffer,run,2222,1990900,0,0,0,5752,1000000,16777216,read,359
measured,probe-memory-buffer,run,2223,1991300,0,0,0,5754,1000000,16777216,read,359
measured,probe-memory-buffer,run,2224,1991700,0,0,0,5755,1000000,16777216,read,359
measured,probe-memory-buffer,run,2225,1992100,0,0,0,5757,1000000,16777216,read,359
measured,probe-memory-buffer,run,2226,1992600,0,0,0,5758,1000000,16777216,read,359
measured,probe-memory-buffer,run,2227,1993000,0,0,0,5760,1000000,16777216,read,360
measured,probe-memory-buffer,run,2228,1993400,0,0,0,5762,1000000,16777216,read,360
measured,probe-memory-buffer,run,2229,1993800,0,0,0,5764,1000000,16777216,read,360
measured,probe-memory-buffer,run,2230,1994200,0,0,0,5765,1000000,16777216,read,360
measured,probe-memory-buffer,run,2231,1994700,0,0,0,5767,1000000,16777216,read,360
measured,probe-memory-buffer,run,2232,1995100,0,0,0,5769,1000000,16777216,read,360
measured,probe-memory-buffer,run,2233,1995500,0,0,0,5770,1000000,16777216,read,360
measured,probe-memory-buffer,run,2234,1995900,0,0,0,5772,1000000,16777216,read,360
measured,probe-memory-buffer,run,2235,1996400,0,0,0,5773,1000000,16777216,read,360
measured,probe-memory-buffer,run,2236,1996800,0,0,0,5775,1000000,16777216,read,360
measured,probe-memory-buffer,run,2237,1997200,0,0,0,5777,1000000,16777216,read,361
measured,probe-memory-buffer,run,2238,1997600,0,0,0,5778,1000000,16777216,read,361
measured,probe-memory-buffer,run,2239,1998100,0,0,0,5780,1000000,16777216,read,361
measured,probe-memory-buffer,run,2240,1998500,0,0,0,5782,1000000,16777216,read,361
measured,probe-memory-buffer,run,2241,1998900,0,0,0,5783,1000000,16777216,read,361
measured,probe-memory-buffer,run,2242,1999300,0,0,0,5785,1000000,16777216,read,361
measured,probe-memory-buffer,run,2243,1999700,0,0,0,5787,1000000,16777216,read,361
measured,probe-memory-buffer,run,2244,2000200,0,0,0,5788,1000000,16777216,read,361
measured,probe-memory-buffer,run,2245,2001700,0,0,0,5794,1000000,16777216,read,362
measured,probe-memory-buffer,run,2246,2002100,0,0,0,5796,1000000,16777216,read,362
measured,probe-memory-buffer,run,2247,2002500,0,0,0,5798,1000000,16777216,read,362
measured,probe-memory-buffer,run,2248,2003000,0,0,0,5799,1000000,16777216,read,362
measured,probe-memory-buffer,run,2249,2003400,0,0,0,5801,1000000,16777216,read,362
measured,probe-memory-buffer,run,2250,2003800,0,0,0,5803,1000000,16777216,read,362
measured,probe-memory-buffer,run,2251,2004200,0,0,0,5804,1000000,16777216,read,362
measured,probe-memory-buffer,run,2252,2004600,0,0,0,5806,1000000,16777216,read,362
measured,probe-memory-buffer,run,2253,2005200,0,0,0,5808,1000000,16777216,read,363
measured,probe-memory-buffer,run,2254,2005700,0,0,0,5810,1000000,16777216,read,363
measured,probe-memory-buffer,run,2255,2006100,0,0,0,5812,1000000,16777216,read,363
measured,probe-memory-buffer,run,2256,2006500,0,0,0,5813,1000000,16777216,read,363
measured,probe-memory-buffer,run,2257,2006900,0,0,0,5815,1000000,16777216,read,363
measured,probe-memory-buffer,run,2258,2007400,0,0,0,5816,1000000,16777216,read,363
measured,probe-memory-buffer,run,2259,2007800,0,0,0,5818,1000000,16777216,read,363
measured,probe-memory-buffer,run,2260,2008200,0,0,0,5820,1000000,16777216,read,363
measured,probe-memory-buffer,run,2261,2008600,0,0,0,5821,1000000,16777216,read,363
measured,probe-memory-buffer,run,2262,2009100,0,0,0,5823,1000000,16777216,read,363
measured,probe-memory-buffer,run,2263,2009500,0,0,0,5825,1000000,16777216,read,364
measured,probe-memory-buffer,run,2264,2009900,0,0,0,5826,1000000,16777216,read,364
measured,probe-memory-buffer,run,2265,2010300,0,0,0,5828,1000000,16777216,read,364
measured,probe-memory-buffer,run,2266,2010700,0,0,0,5830,1000000,16777216,read,364
measured,probe-memory-buffer,run,2267,2011200,0,0,0,5831,1000000,16777216,read,364
measured,probe-memory-buffer,run,2268,2011600,0,0,0,5833,1000000,16777216,read,364
measured,probe-memory-buffer,run,2269,2012000,0,0,0,5835,1000000,16777216,read,364
measured,probe-memory-buffer,run,2270,2012400,0,0,0,5836,1000000,16777216,read,364
measured,probe-memory-buffer,run,2271,2012900,0,0,0,5838,1000000,16777216,read,364
measured,probe-memory-buffer,run,2272,2013300,0,0,0,5840,1000000,16777216,read,365
measured,probe-memory-buffer,run,2273,2013700,0,0,0,5841,1000000,16777216,read,365
measured,probe-memory-buffer,run,2274,2014100,0,0,0,5843,1000000,16777216,read,365
measured,probe-memory-buffer,run,2275,2014600,0,0,0,5844,1000000,16777216,read,365
measured,probe-memory-buffer,run,2276,2015000,0,0,0,5846,1000000,16777216,read,365
measured,probe-memory-buffer,run,2277,2015400,0,0,0,5848,1000000,16777216,read,365
measured,probe-memory-buffer,run,2278,2015800,0,0,0,5850,1000000,16777216,read,365
measured,probe-memory-buffer,run,2279,2016300,0,0,0,5851,1000000,16777216,read,365
measured,probe-memory-buffer,run,2280,2016700,0,0,0,5853,1000000,16777216,read,365
measured,probe-memory-buffer,run,2281,2017100,0,0,0,5855,1000000,16777216,read,365
measured,probe-memory-buffer,run,2282,2017500,0,0,0,5856,1000000,16777216,read,366
measured,probe-memory-buffer,run,2283,2017900,0,0,0,5858,1000000,16777216,read,366
measured,probe-memory-buffer,run,2284,2018400,0,0,0,5859,1000000,16777216,read,366
measured,probe-memory-buffer,run,2285,2018800,0,0,0,5861,1000000,16777216,read,366
measured,probe-memory-buffer,run,2286,2019200,0,0,0,5863,1000000,16777216,read,366
measured,probe-memory-buffer,run,2287,2019600,0,0,0,5864,1000000,16777216,read,366
measured,probe-memory-buffer,run,2288,2020100,0,0,0,5866,1000000,16777216,read,366
measured,probe-memory-buffer,run,2289,2020500,0,0,0,5868,1000000,16777216,read,366
measured,probe-memory-buffer,run,2290,2020900,0,0,0,5869,1000000,16777216,read,366
measured,probe-memory-buffer,run,2291,2021300,0,0,0,5871,1000000,16777216,read,366
measured,probe-memory-buffer,run,2292,2021800,0,0,0,5873,1000000,16777216,read,367
measured,probe-memory-buffer,run,2293,2022200,0,0,0,5875,1000000,16777216,read,367
measured,probe-memory-buffer,run,2294,2022600,0,0,0,5876,1000000,16777216,read,367
measured,probe-memory-buffer,run,2295,2023000,0,0,0,5878,1000000,16777216,read,367
measured,probe-memory-buffer,run,2296,2023400,0,0,0,5879,1000000,16777216,read,367
measured,probe-memory-buffer,run,2297,2023900,0,0,0,5881,1000000,16777216,read,367
measured,probe-memory-buffer,run,2298,2024300,0,0,0,5883,1000000,16777216,read,367
measured,probe-memory-buffer,run,2299,2024700,0,0,0,5884,1000000,16777216,read,367
measured,probe-memory-buffer,run,2300,2025100,0,0,0,5886,1000000,16777216,read,367
measured,probe-memory-buffer,run,2301,2026700,0,0,0,5892,1000000,16777216,read,368
measured,probe-memory-buffer,run,2302,2027200,0,0,0,5894,1000000,16777216,read,368
measured,probe-memory-buffer,run,2303,2027600,0,0,0,5896,1000000,16777216,read,368
measured,probe-memory-buffer,run,2304,2028000,0,0,0,5897,1000000,16777216,read,368
measured,probe-memory-buffer,run,2305,2028400,0,0,0,5899,1000000,16777216,read,368
measured,probe-memory-buffer,run,2306,2028900,0,0,0,5900,1000000,16777216,read,368
measured,probe-memory-buffer,run,2307,2029300,0,0,0,5902,1000000,16777216,read,368
measured,probe-memory-buffer,run,2308,2029700,0,0,0,5904,1000000,16777216,read,369
measured,probe-memory-buffer,run,2309,2030100,0,0,0,5905,1000000,16777216,read,369
measured,probe-memory-buffer,run,2310,2030500,0,0,0,5907,1000000,16777216,read,369
measured,probe-memory-buffer,run,2311,2031000,0,0,0,5908,1000000,16777216,read,369
measured,probe-memory-buffer,run,2312,2031400,0,0,0,5910,1000000,16777216,read,369
measured,probe-memory-buffer,run,2313,2031800,0,0,0,5912,1000000,16777216,read,369
measured,probe-memory-buffer,run,2314,2032200,0,0,0,5914,1000000,16777216,read,369
measured,probe-memory-buffer,run,2315,2032600,0,0,0,5915,1000000,16777216,read,369
measured,probe-memory-buffer,run,2316,2033100,0,0,0,5917,1000000,16777216,read,369
measured,probe-memory-buffer,run,2317,2033500,0,0,0,5919,1000000,16777216,read,369
measured,probe-memory-buffer,run,2318,2033900,0,0,0,5920,1000000,16777216,read,370
measured,probe-memory-buffer,run,2319,2034300,0,0,0,5922,1000000,16777216,read,370
measured,probe-memory-buffer,run,2320,2034700,0,0,0,5923,1000000,16777216,read,370
measured,probe-memory-buffer,run,2321,2035200,0,0,0,5925,1000000,16777216,read,370
measured,probe-memory-buffer,run,2322,2035600,0,0,0,5927,1000000,16777216,read,370
measured,probe-memory-buffer,run,2323,2036000,0,0,0,5928,1000000,16777216,read,370
measured,probe-memory-buffer,run,2324,2036400,0,0,0,5930,1000000,16777216,read,370
measured,probe-memory-buffer,run,2325,2036800,0,0,0,5932,1000000,16777216,read,370
measured,probe-memory-buffer,run,2326,2037300,0,0,0,5933,1000000,16777216,read,370
measured,probe-memory-buffer,run,2327,2037700,0,0,0,5935,1000000,16777216,read,370
measured,probe-memory-buffer,run,2328,2038100,0,0,0,5937,1000000,16777216,read,371
measured,probe-memory-buffer,run,2329,2038500,0,0,0,5938,1000000,16777216,read,371
measured,probe-memory-buffer,run,2330,2039000,0,0,0,5940,1000000,16777216,read,371
measured,probe-memory-buffer,run,2331,2039400,0,0,0,5941,1000000,16777216,read,371
measured,probe-memory-buffer,run,2332,2039800,0,0,0,5943,1000000,16777216,read,371
measured,probe-memory-buffer,run,2333,2040200,0,0,0,5945,1000000,16777216,read,371
measured,probe-memory-buffer,run,2334,2040600,0,0,0,5946,1000000,16777216,read,371
measured,probe-memory-buffer,run,2335,2041100,0,0,0,5948,1000000,16777216,read,371
measured,probe-memory-buffer,run,2336,2041500,0,0,0,5950,1000000,16777216,read,371
measured,probe-memory-buffer,run,2337,2041900,0,0,0,5951,1000000,16777216,read,371
measured,probe-memory-buffer,run,2338,2042300,0,0,0,5953,1000000,16777216,read,372
measured,probe-memory-buffer,run,2339,2042700,0,0,0,5955,1000000,16777216,read,372
measured,probe-memory-buffer,run,2340,2043200,0,0,0,5956,1000000,16777216,read,372
measured,probe-memory-buffer,run,2341,2043600,0,0,0,5958,1000000,16777216,read,372
measured,probe-memory-buffer,run,2342,2044000,0,0,0,5960,1000000,16777216,read,372
measured,probe-memory-buffer,run,2343,2044400,0,0,0,5961,1000000,16777216,read,372
measured,probe-memory-buffer,run,2344,2044900,0,0,0,5963,1000000,16777216,read,372
measured,probe-memory-buffer,run,2345,2045300,0,0,0,5965,1000000,16777216,read,372
measured,probe-memory-buffer,run,2346,2045700,0,0,0,5966,1000000,16777216,read,372
measured,probe-memory-buffer,run,2347,2046100,0,0,0,5968,1000000,16777216,read,373
measured,probe-memory-buffer,run,2348,2046600,0,0,0,5969,1000000,16777216,read,373
measured,probe-memory-buffer,run,2349,2047000,0,0,0,5971,1000000,16777216,read,373
measured,probe-memory-buffer,run,2350,2047400,0,0,0,5973,1000000,16777216,read,373
measured,probe-memory-buffer,run,2351,2047800,0,0,0,5975,1000000,16777216,read,373
measured,probe-memory-buffer,run,2352,2048200,0,0,0,5976,1000000,16777216,read,373
measured,probe-memory-buffer,run,2353,2048700,0,0,0,5978,1000000,16777216,read,373
measured,probe-memory-buffer,run,2354,2049100,0,0,0,5980,1000000,16777216,read,373
measured,probe-memory-buffer,run,2355,2049500,0,0,0,5981,1000000,16777216,read,373
measured,probe-memory-buffer,run,2356,2049900,0,0,0,5983,1000000,16777216,read,373
measured,probe-memory-buffer,run,2357,2050400,0,0,0,5984,1000000,16777216,read,374
measured,probe-memory-buffer,run,2358,2051700,0,0,0,5989,1000000,16777216,read,374
measured,probe-memory-buffer,run,2359,2052100,0,0,0,5991,1000000,16777216,read,374
measured,probe-memory-buffer,run,2360,2052500,0,0,0,5993,1000000,16777216,read,374
measured,probe-memory-buffer,run,2361,2052900,0,0,0,5994,1000000,16777216,read,374
measured,probe-memory-buffer,run,2362,2053400,0,0,0,5996,1000000,16777216,read,374
measured,probe-memory-buffer,run,2363,2053800,0,0,0,5998,1000000,16777216,read,374
measured,probe-memory-buffer,run,2364,2054200,0,0,0,6000,1000000,16777216,read,375
measured,probe-memory-buffer,run,2365,2054600,0,0,0,6001,1000000,16777216,read,375
measured,probe-memory-buffer,run,2366,2055100,0,0,0,6003,1000000,16777216,read,375
measured,probe-memory-buffer,run,2367,2055500,0,0,0,6005,1000000,16777216,read,375
measured,probe-memory-buffer,run,2368,2055900,0,0,0,6006,1000000,16777216,read,375
measured,probe-memory-buffer,run,2369,2056400,0,0,0,6008,1000000,16777216,read,375
measured,probe-memory-buffer,run,2370,2056800,0,0,0,6010,1000000,16777216,read,375
measured,probe-memory-buffer,run,2371,2057200,0,0,0,6011,1000000,16777216,read,375
measured,probe-memory-buffer,run,2372,2057600,0,0,0,6013,1000000,16777216,read,375
measured,probe-memory-buffer,run,2373,2058100,0,0,0,6014,1000000,16777216,read,375
measured,probe-memory-buffer,run,2374,2058500,0,0,0,6016,1000000,16777216,read,376
measured,probe-memory-buffer,run,2375,2058900,0,0,0,6018,1000000,16777216,read,376
measured,probe-memory-buffer,run,2376,2059300,0,0,0,6019,1000000,16777216,read,376
measured,probe-memory-buffer,run,2377,2059800,0,0,0,6021,1000000,16777216,read,376
measured,probe-memory-buffer,run,2378,2060200,0,0,0,6023,1000000,16777216,read,376
measured,probe-memory-buffer,run,2379,2060600,0,0,0,6025,1000000,16777216,read,376
measured,probe-memory-buffer,run,2380,2061000,0,0,0,6026,1000000,16777216,read,376
measured,probe-memory-buffer,run,2381,2061400,0,0,0,6028,1000000,16777216,read,376
measured,probe-memory-buffer,run,2382,2061900,0,0,0,6029,1000000,16777216,read,376
measured,probe-memory-buffer,run,2383,2062300,0,0,0,6031,1000000,16777216,read,376
measured,probe-memory-buffer,run,2384,2062700,0,0,0,6033,1000000,16777216,read,377
measured,probe-memory-buffer,run,2385,2063100,0,0,0,6034,1000000,16777216,read,377
measured,probe-memory-buffer,run,2386,2063500,0,0,0,6036,1000000,16777216,read,377
measured,probe-memory-buffer,run,2387,2064000,0,0,0,6037,1000000,16777216,read,377
measured,probe-memory-buffer,run,2388,2064400,0,0,0,6039,1000000,16777216,read,377
measured,probe-memory-buffer,run,2389,2064800,0,0,0,6041,1000000,16777216,read,377
measured,probe-memory-buffer,run,2390,2065200,0,0,0,6042,1000000,16777216,read,377
measured,probe-memory-buffer,run,2391,2065700,0,0,0,6044,1000000,16777216,read,377
measured,probe-memory-buffer,run,2392,2066100,0,0,0,6046,1000000,16777216,read,377
measured,probe-memory-buffer,run,2393,2066500,0,0,0,6048,1000000,16777216,read,378
measured,probe-memory-buffer,run,2394,2066900,0,0,0,6049,1000000,16777216,read,378
measured,probe-memory-buffer,run,2395,2067300,0,0,0,6051,1000000,16777216,read,378
measured,probe-memory-buffer,run,2396,2067800,0,0,0,6052,1000000,16777216,read,378
measured,probe-memory-buffer,run,2397,2068200,0,0,0,6054,1000000,16777216,read,378
measured,probe-memory-buffer,run,2398,2068600,0,0,0,6056,1000000,16777216,read,378
measured,probe-memory-buffer,run,2399,2069000,0,0,0,6057,1000000,16777216,read,378
measured,probe-memory-buffer,run,2400,2069500,0,0,0,6059,1000000,16777216,read,378
measured,probe-memory-buffer,run,2401,2069900,0,0,0,6061,1000000,16777216,read,378
measured,probe-memory-buffer,run,2402,2070300,0,0,0,6062,1000000,16777216,read,378
measured,probe-memory-buffer,run,2403,2070700,0,0,0,6064,1000000,16777216,read,379
measured,probe-memory-buffer,run,2404,2071100,0,0,0,6066,1000000,16777216,read,379
measured,probe-memory-buffer,run,2405,2071600,0,0,0,6067,1000000,16777216,read,379
measured,probe-memory-buffer,run,2406,2072000,0,0,0,6069,1000000,16777216,read,379
measured,probe-memory-buffer,run,2407,2072400,0,0,0,6071,1000000,16777216,read,379
measured,probe-memory-buffer,run,2408,2072800,0,0,0,6072,1000000,16777216,read,379
measured,probe-memory-buffer,run,2409,2073300,0,0,0,6074,1000000,16777216,read,379
measured,probe-memory-buffer,run,2410,2073700,0,0,0,6076,1000000,16777216,read,379
measured,probe-memory-buffer,run,2411,2074100,0,0,0,6077,1000000,16777216,read,379
measured,probe-memory-buffer,run,2412,2074500,0,0,0,6079,1000000,16777216,read,379
measured,probe-memory-buffer,run,2413,2074900,0,0,0,6080,1000000,16777216,read,380
measured,probe-memory-buffer,run,2414,2075400,0,0,0,6082,1000000,16777216,read,380
measured,probe-memory-buffer,run,2415,2076700,0,0,0,6087,1000000,16777216,read,380
measured,probe-memory-buffer,run,2416,2077100,0,0,0,6089,1000000,16777216,read,380
measured,probe-memory-buffer,run,2417,2077500,0,0,0,6091,1000000,16777216,read,380
measured,probe-memory-buffer,run,2418,2078000,0,0,0,6092,1000000,16777216,read,380
measured,probe-memory-buffer,run,2419,2078400,0,0,0,6094,1000000,16777216,read,380
measured,probe-memory-buffer,run,2420,2078800,0,0,0,6096,1000000,16777216,read,381
measured,probe-memory-buffer,run,2421,2079200,0,0,0,6097,1000000,16777216,read,381
measured,probe-memory-buffer,run,2422,2079700,0,0,0,6099,1000000,16777216,read,381
measured,probe-memory-buffer,run,2423,2080100,0,0,0,6101,1000000,16777216,read,381
measured,probe-memory-buffer,run,2424,2080600,0,0,0,6102,1000000,16777216,read,381
measured,probe-memory-buffer,run,2425,2081000,0,0,0,6104,1000000,16777216,read,381
measured,probe-memory-buffer,run,2426,2081400,0,0,0,6106,1000000,16777216,read,381
measured,probe-memory-buffer,run,2427,2081800,0,0,0,6107,1000000,16777216,read,381
measured,probe-memory-buffer,run,2428,2082200,0,0,0,6109,1000000,16777216,read,381
measured,probe-memory-buffer,run,2429,2082700,0,0,0,6110,1000000,16777216,read,381
measured,probe-memory-buffer,run,2430,2083100,0,0,0,6112,1000000,16777216,read,382
measured,probe-memory-buffer,run,2431,2083500,0,0,0,6114,1000000,16777216,read,382
measured,probe-memory-buffer,run,2432,2083900,0,0,0,6116,1000000,16777216,read,382
measured,probe-memory-buffer,run,2433,2084300,0,0,0,6117,1000000,16777216,read,382
measured,probe-memory-buffer,run,2434,2084800,0,0,0,6119,1000000,16777216,read,382
measured,probe-memory-buffer,run,2435,2085200,0,0,0,6121,1000000,16777216,read,382
measured,probe-memory-buffer,run,2436,2085600,0,0,0,6122,1000000,16777216,read,382
measured,probe-memory-buffer,run,2437,2086000,0,0,0,6124,1000000,16777216,read,382
measured,probe-memory-buffer,run,2438,2086500,0,0,0,6125,1000000,16777216,read,382
measured,probe-memory-buffer,run,2439,2086900,0,0,0,6127,1000000,16777216,read,382
measured,probe-memory-buffer,run,2440,2087300,0,0,0,6129,1000000,16777216,read,383
measured,probe-memory-buffer,run,2441,2087700,0,0,0,6130,1000000,16777216,read,383
measured,probe-memory-buffer,run,2442,2088100,0,0,0,6132,1000000,16777216,read,383
measured,probe-memory-buffer,run,2443,2088600,0,0,0,6133,1000000,16777216,read,383
measured,probe-memory-buffer,run,2444,2089000,0,0,0,6135,1000000,16777216,read,383
measured,probe-memory-buffer,run,2445,2089400,0,0,0,6137,1000000,16777216,read,383
measured,probe-memory-buffer,run,2446,2089800,0,0,0,6139,1000000,16777216,read,383
measured,probe-memory-buffer,run,2447,2090200,0,0,0,6140,1000000,16777216,read,383
measured,probe-memory-buffer,run,2448,2090700,0,0,0,6142,1000000,16777216,read,383
measured,probe-memory-buffer,run,2449,2091100,0,0,0,6144,1000000,16777216,read,384
measured,probe-memory-buffer,run,2450,2091500,0,0,0,6145,1000000,16777216,read,384
measured,probe-memory-buffer,run,2451,2091900,0,0,0,6147,1000000,16777216,read,384
measured,probe-memory-buffer,run,2452,2092300,0,0,0,6148,1000000,16777216,read,384
measured,probe-memory-buffer,run,2453,2092800,0,0,0,6150,1000000,16777216,read,384
measured,probe-memory-buffer,run,2454,2093200,0,0,0,6152,1000000,16777216,read,384
measured,probe-memory-buffer,run,2455,2093600,0,0,0,6153,1000000,16777216,read,384
measured,probe-memory-buffer,run,2456,2094000,0,0,0,6155,1000000,16777216,read,384
measured,probe-memory-buffer,run,2457,2094500,0,0,0,6157,1000000,16777216,read,384
measured,probe-memory-buffer,run,2458,2095000,0,0,0,6159,1000000,16777216,read,384
measured,probe-memory-buffer,run,2459,2095400,0,0,0,6160,1000000,16777216,read,385
measured,probe-memory-buffer,run,2460,2095900,0,0,0,6162,1000000,16777216,read,385
measured,probe-memory-buffer,run,2461,2096300,0,0,0,6164,1000000,16777216,read,385
measured,probe-memory-buffer,run,2462,2096700,0,0,0,6166,1000000,16777216,read,385
measured,probe-memory-buffer,run,2463,2097100,0,0,0,6167,1000000,16777216,read,385
measured,probe-memory-buffer,run,2464,2097500,0,0,0,6169,1000000,16777216,read,385
measured,probe-memory-buffer,run,2465,2098000,0,0,0,6170,1000000,16777216,read,385
measured,probe-memory-buffer,run,2466,2098400,0,0,0,6172,1000000,16777216,read,385
measured,probe-memory-buffer,run,2467,2098800,0,0,0,6174,1000000,16777216,read,385
measured,probe-memory-buffer,run,2468,2099200,0,0,0,6175,1000000,16777216,read,385
measured,probe-memory-buffer,run,2469,2099600,0,0,0,6177,1000000,16777216,read,386
measured,probe-memory-buffer,run,2470,2100100,0,0,0,6178,1000000,16777216,read,386
measured,probe-memory-buffer,run,2471,2100500,0,0,0,6180,1000000,16777216,read,386
measured,probe-memory-buffer,run,2472,2102700,0,0,0,6189,1000000,16777216,read,386
measured,probe-memory-buffer,run,2473,2103200,0,0,0,6191,1000000,16777216,read,386
measured,probe-memory-buffer,run,2474,2103600,0,0,0,6192,1000000,16777216,read,387
measured,probe-memory-buffer,run,2475,2104000,0,0,0,6194,1000000,16777216,read,387
measured,probe-memory-buffer,run,2476,2104400,0,0,0,6196,1000000,16777216,read,387
measured,probe-memory-buffer,run,2477,2104900,0,0,0,6197,1000000,16777216,read,387
measured,probe-memory-buffer,run,2478,2105300,0,0,0,6199,1000000,16777216,read,387
measured,probe-memory-buffer,run,2479,2105700,0,0,0,6201,1000000,16777216,read,387
measured,probe-memory-buffer,run,2480,2106100,0,0,0,6202,1000000,16777216,read,387
measured,probe-memory-buffer,run,2481,2106600,0,0,0,6204,1000000,16777216,read,387
measured,probe-memory-buffer,run,2482,2107000,0,0,0,6206,1000000,16777216,read,387
measured,probe-memory-buffer,run,2483,2107400,0,0,0,6207,1000000,16777216,read,387
measured,probe-memory-buffer,run,2484,2107800,0,0,0,6209,1000000,16777216,read,388
measured,probe-memory-buffer,run,2485,2108300,0,0,0,6210,1000000,16777216,read,388
measured,probe-memory-buffer,run,2486,2108700,0,0,0,6212,1000000,16777216,read,388
measured,probe-memory-buffer,run,2487,2109100,0,0,0,6214,1000000,16777216,read,388
measured,probe-memory-buffer,run,2488,2109500,0,0,0,6216,1000000,16777216,read,388
measured,probe-memory-buffer,run,2489,2109900,0,0,0,6217,1000000,16777216,read,388
measured,probe-memory-buffer,run,2490,2110400,0,0,0,6219,1000000,16777216,read,388
measured,probe-memory-buffer,run,2491,2110800,0,0,0,6221,1000000,16777216,read,388
measured,probe-memory-buffer,run,2492,2111200,0,0,0,6222,1000000,16777216,read,388
measured,probe-memory-buffer,run,2493,2111600,0,0,0,6224,1000000,16777216,read,389
measured,probe-memory-buffer,run,2494,2112100,0,0,0,6225,1000000,16777216,read,389
measured,probe-memory-buffer,run,2495,2112500,0,0,0,6227,1000000,16777216,read,389
measured,probe-memory-buffer,run,2496,2112900,0,0,0,6229,1000000,16777216,read,389
measured,probe-memory-buffer,run,2497,2113300,0,0,0,6230,1000000,16777216,read,389
measured,probe-memory-buffer,run,2498,2113700,0,0,0,6232,1000000,16777216,read,389
measured,probe-memory-buffer,run,2499,2114200,0,0,0,6233,1000000,16777216,read,389
measured,probe-memory-buffer,run,2500,2114600,0,0,0,6235,1000000,16777216,read,389
measured,probe-memory-buffer,run,2501,2115000,0,0,0,6237,1000000,16777216,read,389
measured,probe-memory-buffer,run,2502,2115400,0,0,0,6239,1000000,16777216,read,389
measured,probe-memory-buffer,run,2503,2115900,0,0,0,6240,1000000,16777216,read,390
measured,probe-memory-buffer,run,2504,2116300,0,0,0,6242,1000000,16777216,read,390
measured,probe-memory-buffer,run,2505,2116700,0,0,0,6244,1000000,16777216,read,390
measured,probe-memory-buffer,run,2506,2117100,0,0,0,6245,1000000,16777216,read,390
measured,probe-memory-buffer,run,2507,2117700,0,0,0,6248,1000000,16777216,read,390
measured,probe-memory-buffer,run,2508,2118100,0,0,0,6249,1000000,16777216,read,390
measured,probe-memory-buffer,run,2509,2118500,0,0,0,6251,1000000,16777216,read,390
measured,probe-memory-buffer,run,2510,2119000,0,0,0,6252,1000000,16777216,read,390
measured,probe-memory-buffer,run,2511,2119400,0,0,0,6254,1000000,16777216,read,390
measured,probe-memory-buffer,run,2512,2119800,0,0,0,6256,1000000,16777216,read,391
measured,probe-memory-buffer,run,2513,2120200,0,0,0,6257,1000000,16777216,read,391
measured,probe-memory-buffer,run,2514,2120700,0,0,0,6259,1000000,16777216,read,391
measured,probe-memory-buffer,run,2515,2121100,0,0,0,6261,1000000,16777216,read,391
measured,probe-memory-buffer,run,2516,2121500,0,0,0,6262,1000000,16777216,read,391
measured,probe-memory-buffer,run,2517,2121900,0,0,0,6264,1000000,16777216,read,391
measured,probe-memory-buffer,run,2518,2122300,0,0,0,6266,1000000,16777216,read,391
measured,probe-memory-buffer,run,2519,2122800,0,0,0,6267,1000000,16777216,read,391
measured,probe-memory-buffer,run,2520,2123200,0,0,0,6269,1000000,16777216,read,391
measured,probe-memory-buffer,run,2521,2123600,0,0,0,6271,1000000,16777216,read,391
measured,probe-memory-buffer,run,2522,2124400,0,0,0,6274,1000000,16777216,read,392
measured,probe-memory-buffer,run,2523,2124800,0,0,0,6275,1000000,16777216,read,392
measured,probe-memory-buffer,run,2524,2125300,0,0,0,6277,1000000,16777216,read,392
measured,probe-memory-buffer,run,2525,2125700,0,0,0,6279,1000000,16777216,read,392
measured,probe-memory-buffer,run,2526,2126100,0,0,0,6280,1000000,16777216,read,392
measured,probe-memory-buffer,run,2527,2126500,0,0,0,6282,1000000,16777216,read,392
measured,probe-memory-buffer,run,2528,2126900,0,0,0,6283,1000000,16777216,read,392
measured,probe-memory-buffer,run,2529,2128400,0,0,0,6289,1000000,16777216,read,393
measured,probe-memory-buffer,run,2530,2128800,0,0,0,6291,1000000,16777216,read,393
measured,probe-memory-buffer,run,2531,2129200,0,0,0,6292,1000000,16777216,read,393
measured,probe-memory-buffer,run,2532,2129600,0,0,0,6294,1000000,16777216,read,393
measured,probe-memory-buffer,run,2533,2130100,0,0,0,6296,1000000,16777216,read,393
measured,probe-memory-buffer,run,2534,2130500,0,0,0,6298,1000000,16777216,read,393
measured,probe-memory-buffer,run,2535,2130900,0,0,0,6299,1000000,16777216,read,393
measured,probe-memory-buffer,run,2536,2131300,0,0,0,6301,1000000,16777216,read,393
measured,probe-memory-buffer,run,2537,2131700,0,0,0,6302,1000000,16777216,read,393
measured,probe-memory-buffer,run,2538,2132200,0,0,0,6304,1000000,16777216,read,394
measured,probe-memory-buffer,run,2539,2132600,0,0,0,6306,1000000,16777216,read,394
measured,probe-memory-buffer,run,2540,2133000,0,0,0,6307,1000000,16777216,read,394
measured,probe-memory-buffer,run,2541,2133400,0,0,0,6309,1000000,16777216,read,394
measured,probe-memory-buffer,run,2542,2133900,0,0,0,6310,1000000,16777216,read,394
measured,probe-memory-buffer,run,2543,2134300,0,0,0,6312,1000000,16777216,read,394
measured,probe-memory-buffer,run,2544,2134700,0,0,0,6314,1000000,16777216,read,394
measured,probe-memory-buffer,run,2545,2135100,0,0,0,6316,1000000,16777216,read,394
measured,probe-memory-buffer,run,2546,2135600,0,0,0,6317,1000000,16777216,read,394
measured,probe-memory-buffer,run,2547,2136000,0,0,0,6319,1000000,16777216,read,394
measured,probe-memory-buffer,run,2548,2136400,0,0,0,6321,1000000,16777216,read,395
measured,probe-memory-buffer,run,2549,2136800,0,0,0,6322,1000000,16777216,read,395
measured,probe-memory-buffer,run,2550,2137200,0,0,0,6324,1000000,16777216,read,395
measured,probe-memory-buffer,run,2551,2137700,0,0,0,6325,1000000,16777216,read,395
measured,probe-memory-buffer,run,2552,2138100,0,0,0,6327,1000000,16777216,read,395
measured,probe-memory-buffer,run,2553,2138500,0,0,0,6329,1000000,16777216,read,395
measured,probe-memory-buffer,run,2554,2139000,0,0,0,6330,1000000,16777216,read,395
measured,probe-memory-buffer,run,2555,2139400,0,0,0,6332,1000000,16777216,read,395
measured,probe-memory-buffer,run,2556,2139800,0,0,0,6334,1000000,16777216,read,395
measured,probe-memory-buffer,run,2557,2140200,0,0,0,6335,1000000,16777216,read,395
measured,probe-memory-buffer,run,2558,2140600,0,0,0,6337,1000000,16777216,read,396
measured,probe-memory-buffer,run,2559,2141100,0,0,0,6339,1000000,16777216,read,396
measured,probe-memory-buffer,run,2560,2141500,0,0,0,6341,1000000,16777216,read,396
measured,probe-memory-buffer,run,2561,2141900,0,0,0,6342,1000000,16777216,read,396
measured,probe-memory-buffer,run,2562,2142300,0,0,0,6344,1000000,16777216,read,396
measured,probe-memory-buffer,run,2563,2142800,0,0,0,6345,1000000,16777216,read,396
measured,probe-memory-buffer,run,2564,2143200,0,0,0,6347,1000000,16777216,read,396
measured,probe-memory-buffer,run,2565,2143600,0,0,0,6349,1000000,16777216,read,396
measured,probe-memory-buffer,run,2566,2144000,0,0,0,6350,1000000,16777216,read,396
measured,probe-memory-buffer,run,2567,2144500,0,0,0,6352,1000000,16777216,read,397
measured,probe-memory-buffer,run,2568,2144900,0,0,0,6354,1000000,16777216,read,397
measured,probe-memory-buffer,run,2569,2145300,0,0,0,6355,1000000,16777216,read,397
measured,probe-memory-buffer,run,2570,2145700,0,0,0,6357,1000000,16777216,read,397
measured,probe-memory-buffer,run,2571,2146100,0,0,0,6358,1000000,16777216,read,397
measured,probe-memory-buffer,run,2572,2146600,0,0,0,6360,1000000,16777216,read,397
measured,probe-memory-buffer,run,2573,2147000,0,0,0,6362,1000000,16777216,read,397
measured,probe-memory-buffer,run,2574,2147400,0,0,0,6364,1000000,16777216,read,397
measured,probe-memory-buffer,run,2575,2147800,0,0,0,6365,1000000,16777216,read,397
measured,probe-memory-buffer,run,2576,2148300,0,0,0,6367,1000000,16777216,read,397
measured,probe-memory-buffer,run,2577,2148700,0,0,0,6369,1000000,16777216,read,398
measured,probe-memory-buffer,run,2578,2149100,0,0,0,6370,1000000,16777216,read,398
measured,probe-memory-buffer,run,2579,2149500,0,0,0,6372,1000000,16777216,read,398
measured,probe-memory-buffer,run,2580,2150000,0,0,0,6373,1000000,16777216,read,398
measured,probe-memory-buffer,run,2581,2150400,0,0,0,6375,1000000,16777216,read,398
measured,probe-memory-buffer,run,2582,2150800,0,0,0,6377,1000000,16777216,read,398
measured,probe-memory-buffer,run,2583,2151200,0,0,0,6378,1000000,16777216,read,398
measured,probe-memory-buffer,run,2584,2151600,0,0,0,6380,1000000,16777216,read,398
measured,probe-memory-buffer,run,2585,2152100,0,0,0,6382,1000000,16777216,read,398
measured,probe-memory-buffer,run,2586,2153600,0,0,0,6387,1000000,16777216,read,399
measured,probe-memory-buffer,run,2587,2154000,0,0,0,6389,1000000,16777216,read,399
measured,probe-memory-buffer,run,2588,2154400,0,0,0,6391,1000000,16777216,read,399
measured,probe-memory-buffer,run,2589,2154800,0,0,0,6392,1000000,16777216,read,399
measured,probe-memory-buffer,run,2590,2155300,0,0,0,6394,1000000,16777216,read,399
measured,probe-memory-buffer,run,2591,2155700,0,0,0,6396,1000000,16777216,read,399
measured,probe-memory-buffer,run,2592,2156100,0,0,0,6398,1000000,16777216,read,399
measured,probe-memory-buffer,run,2593,2156500,0,0,0,6399,1000000,16777216,read,399
measured,probe-memory-buffer,run,2594,2157000,0,0,0,6401,1000000,16777216,read,400
measured,probe-memory-buffer,run,2595,2157400,0,0,0,6403,1000000,16777216,read,400
measured,probe-memory-buffer,run,2596,2157800,0,0,0,6404,1000000,16777216,read,400
measured,probe-memory-buffer,run,2597,2158200,0,0,0,6406,1000000,16777216,read,400
measured,probe-memory-buffer,run,2598,2158700,0,0,0,6407,1000000,16777216,read,400
measured,probe-memory-buffer,run,2599,2159100,0,0,0,6409,1000000,16777216,read,400
measured,probe-memory-buffer,run,2600,2159500,0,0,0,6411,1000000,16777216,read,400
measured,probe-memory-buffer,run,2601,2159900,0,0,0,6412,1000000,16777216,read,400
measured,probe-memory-buffer,run,2602,2160300,0,0,0,6414,1000000,16777216,read,400
measured,probe-memory-buffer,run,2603,2160800,0,0,0,6416,1000000,16777216,read,401
measured,probe-memory-buffer,run,2604,2161200,0,0,0,6417,1000000,16777216,read,401
measured,probe-memory-buffer,run,2605,2161600,0,0,0,6419,1000000,16777216,read,401
measured,probe-memory-buffer,run,2606,2162000,0,0,0,6421,1000000,16777216,read,401
measured,probe-memory-buffer,run,2607,2162400,0,0,0,6422,1000000,16777216,read,401
measured,probe-memory-buffer,run,2608,2162900,0,0,0,6424,1000000,16777216,read,401
measured,probe-memory-buffer,run,2609,2163300,0,0,0,6426,1000000,16777216,read,401
measured,probe-memory-buffer,run,2610,2163700,0,0,0,6427,1000000,16777216,read,401
measured,probe-memory-buffer,run,2611,2164100,0,0,0,6429,1000000,16777216,read,401
measured,probe-memory-buffer,run,2612,2164500,0,0,0,6430,1000000,16777216,read,401
measured,probe-memory-buffer,run,2613,2165000,0,0,0,6432,1000000,16777216,read,402
measured,probe-memory-buffer,run,2614,2165400,0,0,0,6434,1000000,16777216,read,402
measured,probe-memory-buffer,run,2615,2165800,0,0,0,6435,1000000,16777216,read,402
measured,probe-memory-buffer,run,2616,2166200,0,0,0,6437,1000000,16777216,read,402
measured,probe-memory-buffer,run,2617,2166600,0,0,0,6439,1000000,16777216,read,402
measured,probe-memory-buffer,run,2618,2167100,0,0,0,6440,1000000,16777216,read,402
measured,probe-memory-buffer,run,2619,2167500,0,0,0,6442,1000000,16777216,read,402
measured,probe-memory-buffer,run,2620,2167900,0,0,0,6444,1000000,16777216,read,402
measured,probe-memory-buffer,run,2621,2168300,0,0,0,6445,1000000,16777216,read,402
measured,probe-memory-buffer,run,2622,2168800,0,0,0,6447,1000000,16777216,read,402
measured,probe-memory-buffer,run,2623,2169200,0,0,0,6449,1000000,16777216,read,403
measured,probe-memory-buffer,run,2624,2169600,0,0,0,6450,1000000,16777216,read,403
measured,probe-memory-buffer,run,2625,2170000,0,0,0,6452,1000000,16777216,read,403
measured,probe-memory-buffer,run,2626,2170400,0,0,0,6453,1000000,16777216,read,403
measured,probe-memory-buffer,run,2627,2170900,0,0,0,6455,1000000,16777216,read,403
measured,probe-memory-buffer,run,2628,2171300,0,0,0,6457,1000000,16777216,read,403
measured,probe-memory-buffer,run,2629,2171700,0,0,0,6458,1000000,16777216,read,403
measured,probe-memory-buffer,run,2630,2172200,0,0,0,6460,1000000,16777216,read,403
measured,probe-memory-buffer,run,2631,2172600,0,0,0,6462,1000000,16777216,read,403
measured,probe-memory-buffer,run,2632,2173000,0,0,0,6464,1000000,16777216,read,404
measured,probe-memory-buffer,run,2633,2173400,0,0,0,6465,1000000,16777216,read,404
measured,probe-memory-buffer,run,2634,2173900,0,0,0,6467,1000000,16777216,read,404
measured,probe-memory-buffer,run,2635,2174300,0,0,0,6469,1000000,16777216,read,404
measured,probe-memory-buffer,run,2636,2174700,0,0,0,6470,1000000,16777216,read,404
measured,probe-memory-buffer,run,2637,2175100,0,0,0,6472,1000000,16777216,read,404
measured,probe-memory-buffer,run,2638,2175600,0,0,0,6473,1000000,16777216,read,404
measured,probe-memory-buffer,run,2639,2176000,0,0,0,6475,1000000,16777216,read,404
measured,probe-memory-buffer,run,2640,2176400,0,0,0,6477,1000000,16777216,read,404
measured,probe-memory-buffer,run,2641,2176800,0,0,0,6478,1000000,16777216,read,404
measured,probe-memory-buffer,run,2642,2177300,0,0,0,6480,1000000,16777216,read,405
measured,probe-memory-buffer,run,2643,2179100,0,0,0,6487,1000000,16777216,read,405
measured,probe-memory-buffer,run,2644,2179500,0,0,0,6489,1000000,16777216,read,405
measured,probe-memory-buffer,run,2645,2180000,0,0,0,6491,1000000,16777216,read,405
measured,probe-memory-buffer,run,2646,2180400,0,0,0,6492,1000000,16777216,read,405
measured,probe-memory-buffer,run,2647,2180800,0,0,0,6494,1000000,16777216,read,405
measured,probe-memory-buffer,run,2648,2181200,0,0,0,6496,1000000,16777216,read,406
measured,probe-memory-buffer,run,2649,2181700,0,0,0,6497,1000000,16777216,read,406
measured,probe-memory-buffer,run,2650,2182100,0,0,0,6499,1000000,16777216,read,406
measured,probe-memory-buffer,run,2651,2182500,0,0,0,6501,1000000,16777216,read,406
measured,probe-memory-buffer,run,2652,2182900,0,0,0,6502,1000000,16777216,read,406
measured,probe-memory-buffer,run,2653,2183400,0,0,0,6504,1000000,16777216,read,406
measured,probe-memory-buffer,run,2654,2183800,0,0,0,6506,1000000,16777216,read,406
measured,probe-memory-buffer,run,2655,2184200,0,0,0,6507,1000000,16777216,read,406
measured,probe-memory-buffer,run,2656,2184800,0,0,0,6510,1000000,16777216,read,406
measured,probe-memory-buffer,run,2657,2185300,0,0,0,6511,1000000,16777216,read,406
measured,probe-memory-buffer,run,2658,2185700,0,0,0,6513,1000000,16777216,read,407
measured,probe-memory-buffer,run,2659,2186100,0,0,0,6515,1000000,16777216,read,407
measured,probe-memory-buffer,run,2660,2186500,0,0,0,6516,1000000,16777216,read,407
measured,probe-memory-buffer,run,2661,2186900,0,0,0,6518,1000000,16777216,read,407
measured,probe-memory-buffer,run,2662,2187400,0,0,0,6519,1000000,16777216,read,407
measured,probe-memory-buffer,run,2663,2187800,0,0,0,6521,1000000,16777216,read,407
measured,probe-memory-buffer,run,2664,2188200,0,0,0,6523,1000000,16777216,read,407
measured,probe-memory-buffer,run,2665,2188600,0,0,0,6525,1000000,16777216,read,407
measured,probe-memory-buffer,run,2666,2189000,0,0,0,6526,1000000,16777216,read,407
measured,probe-memory-buffer,run,2667,2189500,0,0,0,6528,1000000,16777216,read,408
measured,probe-memory-buffer,run,2668,2189900,0,0,0,6530,1000000,16777216,read,408
measured,probe-memory-buffer,run,2669,2190300,0,0,0,6531,1000000,16777216,read,408
measured,probe-memory-buffer,run,2670,2190700,0,0,0,6533,1000000,16777216,read,408
measured,probe-memory-buffer,run,2671,2191100,0,0,0,6534,1000000,16777216,read,408
measured,probe-memory-buffer,run,2672,2191600,0,0,0,6536,1000000,16777216,read,408
measured,probe-memory-buffer,run,2673,2192000,0,0,0,6538,1000000,16777216,read,408
measured,probe-memory-buffer,run,2674,2192400,0,0,0,6539,1000000,16777216,read,408
measured,probe-memory-buffer,run,2675,2192900,0,0,0,6541,1000000,16777216,read,408
measured,probe-memory-buffer,run,2676,2193400,0,0,0,6543,1000000,16777216,read,408
measured,probe-memory-buffer,run,2677,2193800,0,0,0,6545,1000000,16777216,read,409
measured,probe-memory-buffer,run,2678,2194300,0,0,0,6547,1000000,16777216,read,409
measured,probe-memory-buffer,run,2679,2194800,0,0,0,6548,1000000,16777216,read,409
measured,probe-memory-buffer,run,2680,2195200,0,0,0,6550,1000000,16777216,read,409
measured,probe-memory-buffer,run,2681,2195600,0,0,0,6552,1000000,16777216,read,409
measured,probe-memory-buffer,run,2682,2196000,0,0,0,6553,1000000,16777216,read,409
measured,probe-memory-buffer,run,2683,2196500,0,0,0,6555,1000000,16777216,read,409
measured,probe-memory-buffer,run,2684,2196900,0,0,0,6557,1000000,16777216,read,409
measured,probe-memory-buffer,run,2685,2197300,0,0,0,6558,1000000,16777216,read,409
measured,probe-memory-buffer,run,2686,2197700,0,0,0,6560,1000000,16777216,read,410
measured,probe-memory-buffer,run,2687,2198100,0,0,0,6562,1000000,16777216,read,410
measured,probe-memory-buffer,run,2688,2198600,0,0,0,6563,1000000,16777216,read,410
measured,probe-memory-buffer,run,2689,2199000,0,0,0,6565,1000000,16777216,read,410
measured,probe-memory-buffer,run,2690,2199400,0,0,0,6567,1000000,16777216,read,410
measured,probe-memory-buffer,run,2691,2199800,0,0,0,6568,1000000,16777216,read,410
measured,probe-memory-buffer,run,2692,2200200,0,0,0,6570,1000000,16777216,read,410
measured,probe-memory-buffer,run,2693,2200700,0,0,0,6572,1000000,16777216,read,410
measured,probe-memory-buffer,run,2694,2201200,0,0,0,6573,1000000,16777216,read,410
measured,probe-memory-buffer,run,2695,2201600,0,0,0,6575,1000000,16777216,read,410
measured,probe-memory-buffer,run,2696,2202000,0,0,0,6577,1000000,16777216,read,411
measured,probe-memory-buffer,run,2697,2202400,0,0,0,6578,1000000,16777216,read,411
measured,probe-memory-buffer,run,2698,2202900,0,0,0,6580,1000000,16777216,read,411
measured,probe-memory-buffer,run,2699,2203300,0,0,0,6582,1000000,16777216,read,411
measured,probe-memory-buffer,run,2700,2205000,0,0,0,6588,1000000,16777216,read,411
measured,probe-memory-buffer,run,2701,2205400,0,0,0,6590,1000000,16777216,read,411
measured,probe-memory-buffer,run,2702,2205800,0,0,0,6592,1000000,16777216,read,412
measured,probe-memory-buffer,run,2703,2206300,0,0,0,6593,1000000,16777216,read,412
measured,probe-memory-buffer,run,2704,2206700,0,0,0,6595,1000000,16777216,read,412
measured,probe-memory-buffer,run,2705,2207100,0,0,0,6597,1000000,16777216,read,412
measured,probe-memory-buffer,run,2706,2207500,0,0,0,6598,1000000,16777216,read,412
measured,probe-memory-buffer,run,2707,2208000,0,0,0,6600,1000000,16777216,read,412
measured,probe-memory-buffer,run,2708,2208400,0,0,0,6602,1000000,16777216,read,412
measured,probe-memory-buffer,run,2709,2208900,0,0,0,6603,1000000,16777216,read,412
measured,probe-memory-buffer,run,2710,2209300,0,0,0,6605,1000000,16777216,read,412
measured,probe-memory-buffer,run,2711,2209700,0,0,0,6607,1000000,16777216,read,412
measured,probe-memory-buffer,run,2712,2210100,0,0,0,6608,1000000,16777216,read,413
measured,probe-memory-buffer,run,2713,2210600,0,0,0,6610,1000000,16777216,read,413
measured,probe-memory-buffer,run,2714,2211000,0,0,0,6612,1000000,16777216,read,413
measured,probe-memory-buffer,run,2715,2211400,0,0,0,6614,1000000,16777216,read,413
measured,probe-memory-buffer,run,2716,2211800,0,0,0,6615,1000000,16777216,read,413
measured,probe-memory-buffer,run,2717,2212200,0,0,0,6617,1000000,16777216,read,413
measured,probe-memory-buffer,run,2718,2212700,0,0,0,6618,1000000,16777216,read,413
measured,probe-memory-buffer,run,2719,2213100,0,0,0,6620,1000000,16777216,read,413
measured,probe-memory-buffer,run,2720,2213500,0,0,0,6622,1000000,16777216,read,413
measured,probe-memory-buffer,run,2721,2213900,0,0,0,6623,1000000,16777216,read,413
measured,probe-memory-buffer,run,2722,2214400,0,0,0,6625,1000000,16777216,read,414
measured,probe-memory-buffer,run,2723,2214800,0,0,0,6626,1000000,16777216,read,414
measured,probe-memory-buffer,run,2724,2215200,0,0,0,6628,1000000,16777216,read,414
measured,probe-memory-buffer,run,2725,2215600,0,0,0,6630,1000000,16777216,read,414
measured,probe-memory-buffer,run,2726,2216000,0,0,0,6632,1000000,16777216,read,414
measured,probe-memory-buffer,run,2727,2216500,0,0,0,6633,1000000,16777216,read,414
measured,probe-memory-buffer,run,2728,2216900,0,0,0,6635,1000000,16777216,read,414
measured,probe-memory-buffer,run,2729,2217300,0,0,0,6637,1000000,16777216,read,414
measured,probe-memory-buffer,run,2730,2217700,0,0,0,6638,1000000,16777216,read,414
measured,probe-memory-buffer,run,2731,2218100,0,0,0,6640,1000000,16777216,read,415
measured,probe-memory-buffer,run,2732,2218600,0,0,0,6641,1000000,16777216,read,415
measured,probe-memory-buffer,run,2733,2219000,0,0,0,6643,1000000,16777216,read,415
measured,probe-memory-buffer,run,2734,2219400,0,0,0,6645,1000000,16777216,read,415
measured,probe-memory-buffer,run,2735,2219800,0,0,0,6646,1000000,16777216,read,415
measured,probe-memory-buffer,run,2736,2220200,0,0,0,6648,1000000,16777216,read,415
measured,probe-memory-buffer,run,2737,2220600,0,0,0,6650,1000000,16777216,read,415
measured,probe-memory-buffer,run,2738,2221100,0,0,0,6651,1000000,16777216,read,415
measured,probe-memory-buffer,run,2739,2221500,0,0,0,6653,1000000,16777216,read,415
measured,probe-memory-buffer,run,2740,2221900,0,0,0,6655,1000000,16777216,read,415
measured,probe-memory-buffer,run,2741,2222300,0,0,0,6656,1000000,16777216,read,416
measured,probe-memory-buffer,run,2742,2222700,0,0,0,6658,1000000,16777216,read,416
measured,probe-memory-buffer,run,2743,2223200,0,0,0,6659,1000000,16777216,read,416
measured,probe-memory-buffer,run,2744,2223600,0,0,0,6661,1000000,16777216,read,416
measured,probe-memory-buffer,run,2745,2224000,0,0,0,6663,1000000,16777216,read,416
measured,probe-memory-buffer,run,2746,2224400,0,0,0,6664,1000000,16777216,read,416
measured,probe-memory-buffer,run,2747,2224900,0,0,0,6666,1000000,16777216,read,416
measured,probe-memory-buffer,run,2748,2225300,0,0,0,6668,1000000,16777216,read,416
measured,probe-memory-buffer,run,2749,2225700,0,0,0,6669,1000000,16777216,read,416
measured,probe-memory-buffer,run,2750,2226100,0,0,0,6671,1000000,16777216,read,416
measured,probe-memory-buffer,run,2751,2226500,0,0,0,6673,1000000,16777216,read,417
measured,probe-memory-buffer,run,2752,2227000,0,0,0,6674,1000000,16777216,read,417
measured,probe-memory-buffer,run,2753,2227400,0,0,0,6676,1000000,16777216,read,417
measured,probe-memory-buffer,run,2754,2227800,0,0,0,6678,1000000,16777216,read,417
measured,probe-memory-buffer,run,2755,2228300,0,0,0,6679,1000000,16777216,read,417
measured,probe-memory-buffer,run,2756,2228700,0,0,0,6681,1000000,16777216,read,417
measured,probe-memory-buffer,run,2757,2230100,0,0,0,6687,1000000,16777216,read,417
measured,probe-memory-buffer,run,2758,2230500,0,0,0,6688,1000000,16777216,read,418
measured,probe-memory-buffer,run,2759,2230900,0,0,0,6690,1000000,16777216,read,418
measured,probe-memory-buffer,run,2760,2231300,0,0,0,6691,1000000,16777216,read,418
measured,probe-memory-buffer,run,2761,2231800,0,0,0,6693,1000000,16777216,read,418
measured,probe-memory-buffer,run,2762,2232200,0,0,0,6695,1000000,16777216,read,418
measured,probe-memory-buffer,run,2763,2232600,0,0,0,6696,1000000,16777216,read,418
measured,probe-memory-buffer,run,2764,2233000,0,0,0,6698,1000000,16777216,read,418
measured,probe-memory-buffer,run,2765,2233500,0,0,0,6700,1000000,16777216,read,418
measured,probe-memory-buffer,run,2766,2233900,0,0,0,6701,1000000,16777216,read,418
measured,probe-memory-buffer,run,2767,2234300,0,0,0,6703,1000000,16777216,read,418
measured,probe-memory-buffer,run,2768,2234700,0,0,0,6705,1000000,16777216,read,419
measured,probe-memory-buffer,run,2769,2235200,0,0,0,6706,1000000,16777216,read,419
measured,probe-memory-buffer,run,2770,2235600,0,0,0,6708,1000000,16777216,read,419
measured,probe-memory-buffer,run,2771,2236000,0,0,0,6710,1000000,16777216,read,419
measured,probe-memory-buffer,run,2772,2236500,0,0,0,6712,1000000,16777216,read,419
measured,probe-memory-buffer,run,2773,2236900,0,0,0,6713,1000000,16777216,read,419
measured,probe-memory-buffer,run,2774,2237400,0,0,0,6715,1000000,16777216,read,419
measured,probe-memory-buffer,run,2775,2237800,0,0,0,6717,1000000,16777216,read,419
measured,probe-memory-buffer,run,2776,2238200,0,0,0,6718,1000000,16777216,read,419
measured,probe-memory-buffer,run,2777,2238600,0,0,0,6720,1000000,16777216,read,420
measured,probe-memory-buffer,run,2778,2239000,0,0,0,6721,1000000,16777216,read,420
measured,probe-memory-buffer,run,2779,2239500,0,0,0,6723,1000000,16777216,read,420
measured,probe-memory-buffer,run,2780,2239900,0,0,0,6725,1000000,16777216,read,420
measured,probe-memory-buffer,run,2781,2240300,0,0,0,6726,1000000,16777216,read,420
measured,probe-memory-buffer,run,2782,2240700,0,0,0,6728,1000000,16777216,read,420
measured,probe-memory-buffer,run,2783,2241100,0,0,0,6730,1000000,16777216,read,420
measured,probe-memory-buffer,run,2784,2241600,0,0,0,6731,1000000,16777216,read,420
measured,probe-memory-buffer,run,2785,2242000,0,0,0,6733,1000000,16777216,read,420
measured,probe-memory-buffer,run,2786,2242500,0,0,0,6735,1000000,16777216,read,420
measured,probe-memory-buffer,run,2787,2242900,0,0,0,6737,1000000,16777216,read,421
measured,probe-memory-buffer,run,2788,2243300,0,0,0,6738,1000000,16777216,read,421
measured,probe-memory-buffer,run,2789,2243700,0,0,0,6740,1000000,16777216,read,421
measured,probe-memory-buffer,run,2790,2244100,0,0,0,6741,1000000,16777216,read,421
measured,probe-memory-buffer,run,2791,2244600,0,0,0,6743,1000000,16777216,read,421
measured,probe-memory-buffer,run,2792,2245000,0,0,0,6745,1000000,16777216,read,421
measured,probe-memory-buffer,run,2793,2245400,0,0,0,6746,1000000,16777216,read,421
measured,probe-memory-buffer,run,2794,2245800,0,0,0,6748,1000000,16777216,read,421
measured,probe-memory-buffer,run,2795,2246200,0,0,0,6750,1000000,16777216,read,421
measured,probe-memory-buffer,run,2796,2246700,0,0,0,6751,1000000,16777216,read,421
measured,probe-memory-buffer,run,2797,2247100,0,0,0,6753,1000000,16777216,read,422
measured,probe-memory-buffer,run,2798,2247500,0,0,0,6755,1000000,16777216,read,422
measured,probe-memory-buffer,run,2799,2247900,0,0,0,6756,1000000,16777216,read,422
measured,probe-memory-buffer,run,2800,2248400,0,0,0,6758,1000000,16777216,read,422
measured,probe-memory-buffer,run,2801,2248800,0,0,0,6760,1000000,16777216,read,422
measured,probe-memory-buffer,run,2802,2249200,0,0,0,6761,1000000,16777216,read,422
measured,probe-memory-buffer,run,2803,2249600,0,0,0,6763,1000000,16777216,read,422
measured,probe-memory-buffer,run,2804,2250000,0,0,0,6764,1000000,16777216,read,422
measured,probe-memory-buffer,run,2805,2250500,0,0,0,6766,1000000,16777216,read,422
measured,probe-memory-buffer,run,2806,2250900,0,0,0,6768,1000000,16777216,read,423
measured,probe-memory-buffer,run,2807,2251300,0,0,0,6769,1000000,16777216,read,423
measured,probe-memory-buffer,run,2808,2251700,0,0,0,6771,1000000,16777216,read,423
measured,probe-memory-buffer,run,2809,2252100,0,0,0,6773,1000000,16777216,read,423
measured,probe-memory-buffer,run,2810,2252600,0,0,0,6774,1000000,16777216,read,423
measured,probe-memory-buffer,run,2811,2253000,0,0,0,6776,1000000,16777216,read,423
measured,probe-memory-buffer,run,2812,2253400,0,0,0,6778,1000000,16777216,read,423
measured,probe-memory-buffer,run,2813,2254900,0,0,0,6783,1000000,16777216,read,423
measured,probe-memory-buffer,run,2814,2255300,0,0,0,6785,1000000,16777216,read,424
measured,probe-memory-buffer,run,2815,2255800,0,0,0,6787,1000000,16777216,read,424
measured,probe-memory-buffer,run,2816,2256200,0,0,0,6789,1000000,16777216,read,424
measured,probe-memory-buffer,run,2817,2256600,0,0,0,6790,1000000,16777216,read,424
measured,probe-memory-buffer,run,2818,2257100,0,0,0,6792,1000000,16777216,read,424
measured,probe-memory-buffer,run,2819,2257500,0,0,0,6794,1000000,16777216,read,424
measured,probe-memory-buffer,run,2820,2258000,0,0,0,6795,1000000,16777216,read,424
measured,probe-memory-buffer,run,2821,2258400,0,0,0,6797,1000000,16777216,read,424
measured,probe-memory-buffer,run,2822,2258800,0,0,0,6799,1000000,16777216,read,424
measured,probe-memory-buffer,run,2823,2259200,0,0,0,6800,1000000,16777216,read,425
measured,probe-memory-buffer,run,2824,2259600,0,0,0,6802,1000000,16777216,read,425
measured,probe-memory-buffer,run,2825,2260100,0,0,0,6803,1000000,16777216,read,425
measured,probe-memory-buffer,run,2826,2260500,0,0,0,6805,1000000,16777216,read,425
measured,probe-memory-buffer,run,2827,2260900,0,0,0,6807,1000000,16777216,read,425
measured,probe-memory-buffer,run,2828,2261300,0,0,0,6808,1000000,16777216,read,425
measured,probe-memory-buffer,run,2829,2261700,0,0,0,6810,1000000,16777216,read,425
measured,probe-memory-buffer,run,2830,2262200,0,0,0,6812,1000000,16777216,read,425
measured,probe-memory-buffer,run,2831,2262600,0,0,0,6814,1000000,16777216,read,425
measured,probe-memory-buffer,run,2832,2263100,0,0,0,6815,1000000,16777216,read,425
measured,probe-memory-buffer,run,2833,2263500,0,0,0,6817,1000000,16777216,read,426
measured,probe-memory-buffer,run,2834,2263900,0,0,0,6819,1000000,16777216,read,426
measured,probe-memory-buffer,run,2835,2264300,0,0,0,6820,1000000,16777216,read,426
measured,probe-memory-buffer,run,2836,2264700,0,0,0,6822,1000000,16777216,read,426
measured,probe-memory-buffer,run,2837,2265600,0,0,0,6825,1000000,16777216,read,426
measured,probe-memory-buffer,run,2838,2266000,0,0,0,6827,1000000,16777216,read,426
measured,probe-memory-buffer,run,2839,2266400,0,0,0,6828,1000000,16777216,read,426
measured,probe-memory-buffer,run,2840,2266800,0,0,0,6830,1000000,16777216,read,426
measured,probe-memory-buffer,run,2841,2267300,0,0,0,6832,1000000,16777216,read,427
measured,probe-memory-buffer,run,2842,2267900,0,0,0,6834,1000000,16777216,read,427
measured,probe-memory-buffer,run,2843,2268300,0,0,0,6836,1000000,16777216,read,427
measured,probe-memory-buffer,run,2844,2268700,0,0,0,6837,1000000,16777216,read,427
measured,probe-memory-buffer,run,2845,2269200,0,0,0,6839,1000000,16777216,read,427
measured,probe-memory-buffer,run,2846,2269600,0,0,0,6841,1000000,16777216,read,427
measured,probe-memory-buffer,run,2847,2270000,0,0,0,6842,1000000,16777216,read,427
measured,probe-memory-buffer,run,2848,2270400,0,0,0,6844,1000000,16777216,read,427
measured,probe-memory-buffer,run,2849,2270900,0,0,0,6846,1000000,16777216,read,427
measured,probe-memory-buffer,run,2850,2271300,0,0,0,6848,1000000,16777216,read,428
measured,probe-memory-buffer,run,2851,2271700,0,0,0,6849,1000000,16777216,read,428
measured,probe-memory-buffer,run,2852,2272100,0,0,0,6851,1000000,16777216,read,428
measured,probe-memory-buffer,run,2853,2272600,0,0,0,6852,1000000,16777216,read,428
measured,probe-memory-buffer,run,2854,2273000,0,0,0,6854,1000000,16777216,read,428
measured,probe-memory-buffer,run,2855,2273400,0,0,0,6856,1000000,16777216,read,428
measured,probe-memory-buffer,run,2856,2273800,0,0,0,6857,1000000,16777216,read,428
measured,probe-memory-buffer,run,2857,2274200,0,0,0,6859,1000000,16777216,read,428
measured,probe-memory-buffer,run,2858,2274700,0,0,0,6860,1000000,16777216,read,428
measured,probe-memory-buffer,run,2859,2275100,0,0,0,6862,1000000,16777216,read,428
measured,probe-memory-buffer,run,2860,2275500,0,0,0,6864,1000000,16777216,read,429
measured,probe-memory-buffer,run,2861,2275900,0,0,0,6866,1000000,16777216,read,429
measured,probe-memory-buffer,run,2862,2276400,0,0,0,6867,1000000,16777216,read,429
measured,probe-memory-buffer,run,2863,2276800,0,0,0,6869,1000000,16777216,read,429
measured,probe-memory-buffer,run,2864,2277200,0,0,0,6871,1000000,16777216,read,429
measured,probe-memory-buffer,run,2865,2277600,0,0,0,6872,1000000,16777216,read,429
measured,probe-memory-buffer,run,2866,2278000,0,0,0,6874,1000000,16777216,read,429
measured,probe-memory-buffer,run,2867,2278500,0,0,0,6875,1000000,16777216,read,429
measured,probe-memory-buffer,run,2868,2278900,0,0,0,6877,1000000,16777216,read,429
measured,probe-memory-buffer,run,2869,2279300,0,0,0,6879,1000000,16777216,read,429
measured,probe-memory-buffer,run,2870,2283500,0,0,0,6895,1000000,16777216,read,430
measured,probe-memory-buffer,run,2871,2283900,0,0,0,6897,1000000,16777216,read,431
measured,probe-memory-buffer,run,2872,2284300,0,0,0,6898,1000000,16777216,read,431
measured,probe-memory-buffer,run,2873,2284800,0,0,0,6900,1000000,16777216,read,431
measured,probe-memory-buffer,run,2874,2285200,0,0,0,6902,1000000,16777216,read,431
measured,probe-memory-buffer,run,2875,2285600,0,0,0,6903,1000000,16777216,read,431
measured,probe-memory-buffer,run,2876,2286000,0,0,0,6905,1000000,16777216,read,431
measured,probe-memory-buffer,run,2877,2286400,0,0,0,6907,1000000,16777216,read,431
measured,probe-memory-buffer,run,2878,2286900,0,0,0,6908,1000000,16777216,read,431
measured,probe-memory-buffer,run,2879,2287300,0,0,0,6910,1000000,16777216,read,431
measured,probe-memory-buffer,run,2880,2287700,0,0,0,6912,1000000,16777216,read,432
measured,probe-memory-buffer,run,2881,2288100,0,0,0,6913,1000000,16777216,read,432
measured,probe-memory-buffer,run,2882,2288500,0,0,0,6915,1000000,16777216,read,432
measured,probe-memory-buffer,run,2883,2289000,0,0,0,6916,1000000,16777216,read,432
measured,probe-memory-buffer,run,2884,2289400,0,0,0,6918,1000000,16777216,read,432
measured,probe-memory-buffer,run,2885,2289800,0,0,0,6920,1000000,16777216,read,432
measured,probe-memory-buffer,run,2886,2290200,0,0,0,6921,1000000,16777216,read,432
measured,probe-memory-buffer,run,2887,2290700,0,0,0,6923,1000000,16777216,read,432
measured,probe-memory-buffer,run,2888,2291100,0,0,0,6925,1000000,16777216,read,432
measured,probe-memory-buffer,run,2889,2291500,0,0,0,6926,1000000,16777216,read,432
measured,probe-memory-buffer,run,2890,2291900,0,0,0,6928,1000000,16777216,read,433
measured,probe-memory-buffer,run,2891,2292300,0,0,0,6930,1000000,16777216,read,433
measured,probe-memory-buffer,run,2892,2292800,0,0,0,6931,1000000,16777216,read,433
measured,probe-memory-buffer,run,2893,2293200,0,0,0,6933,1000000,16777216,read,433
measured,probe-memory-buffer,run,2894,2293600,0,0,0,6935,1000000,16777216,read,433
measured,probe-memory-buffer,run,2895,2294000,0,0,0,6936,1000000,16777216,read,433
measured,probe-memory-buffer,run,2896,2294400,0,0,0,6938,1000000,16777216,read,433
measured,probe-memory-buffer,run,2897,2294900,0,0,0,6939,1000000,16777216,read,433
measured,probe-memory-buffer,run,2898,2295300,0,0,0,6941,1000000,16777216,read,433
measured,probe-memory-buffer,run,2899,2295700,0,0,0,6943,1000000,16777216,read,433
measured,probe-memory-buffer,run,2900,2296100,0,0,0,6944,1000000,16777216,read,434
measured,probe-memory-buffer,run,2901,2296500,0,0,0,6946,1000000,16777216,read,434
measured,probe-memory-buffer,run,2902,2297000,0,0,0,6948,1000000,16777216,read,434
measured,probe-memory-buffer,run,2903,2297400,0,0,0,6950,1000000,16777216,read,434
measured,probe-memory-buffer,run,2904,2297800,0,0,0,6951,1000000,16777216,read,434
measured,probe-memory-buffer,run,2905,2298200,0,0,0,6953,1000000,16777216,read,434
measured,probe-memory-buffer,run,2906,2298600,0,0,0,6954,1000000,16777216,read,434
measured,probe-memory-buffer,run,2907,2299100,0,0,0,6956,1000000,16777216,read,434
measured,probe-memory-buffer,run,2908,2299500,0,0,0,6958,1000000,16777216,read,434
measured,probe-memory-buffer,run,2909,2299900,0,0,0,6959,1000000,16777216,read,434
measured,probe-memory-buffer,run,2910,2300300,0,0,0,6961,1000000,16777216,read,435
measured,probe-memory-buffer,run,2911,2300800,0,0,0,6962,1000000,16777216,read,435
measured,probe-memory-buffer,run,2912,2301200,0,0,0,6964,1000000,16777216,read,435
measured,probe-memory-buffer,run,2913,2301600,0,0,0,6966,1000000,16777216,read,435
measured,probe-memory-buffer,run,2914,2302000,0,0,0,6967,1000000,16777216,read,435
measured,probe-memory-buffer,run,2915,2302400,0,0,0,6969,1000000,16777216,read,435
measured,probe-memory-buffer,run,2916,2302900,0,0,0,6971,1000000,16777216,read,435
measured,probe-memory-buffer,run,2917,2303300,0,0,0,6973,1000000,16777216,read,435
measured,probe-memory-buffer,run,2918,2303700,0,0,0,6974,1000000,16777216,read,435
measured,probe-memory-buffer,run,2919,2304100,0,0,0,6976,1000000,16777216,read,436
measured,probe-memory-buffer,run,2920,2304600,0,0,0,6977,1000000,16777216,read,436
measured,probe-memory-buffer,run,2921,2305000,0,0,0,6979,1000000,16777216,read,436
measured,probe-memory-buffer,run,2922,2305400,0,0,0,6981,1000000,16777216,read,436
measured,probe-memory-buffer,run,2923,2305800,0,0,0,6982,1000000,16777216,read,436
measured,probe-memory-buffer,run,2924,2306300,0,0,0,6984,1000000,16777216,read,436
measured,probe-memory-buffer,run,2925,2306700,0,0,0,6986,1000000,16777216,read,436
measured,probe-memory-buffer,run,2926,2307100,0,0,0,6987,1000000,16777216,read,436
measured,probe-memory-buffer,run,2927,2308800,0,0,0,6994,1000000,16777216,read,437
measured,probe-memory-buffer,run,2928,2309200,0,0,0,6996,1000000,16777216,read,437
measured,probe-memory-buffer,run,2929,2309700,0,0,0,6997,1000000,16777216,read,437
measured,probe-memory-buffer,run,2930,2310100,0,0,0,6999,1000000,16777216,read,437
measured,probe-memory-buffer,run,2931,2310500,0,0,0,7001,1000000,16777216,read,437
measured,probe-memory-buffer,run,2932,2311000,0,0,0,7002,1000000,16777216,read,437
measured,probe-memory-buffer,run,2933,2311400,0,0,0,7004,1000000,16777216,read,437
measured,probe-memory-buffer,run,2934,2311800,0,0,0,7006,1000000,16777216,read,437
measured,probe-memory-buffer,run,2935,2312200,0,0,0,7007,1000000,16777216,read,437
measured,probe-memory-buffer,run,2936,2312700,0,0,0,7009,1000000,16777216,read,438
measured,probe-memory-buffer,run,2937,2313100,0,0,0,7011,1000000,16777216,read,438
measured,probe-memory-buffer,run,2938,2313500,0,0,0,7012,1000000,16777216,read,438
measured,probe-memory-buffer,run,2939,2314000,0,0,0,7014,1000000,16777216,read,438
measured,probe-memory-buffer,run,2940,2314400,0,0,0,7016,1000000,16777216,read,438
measured,probe-memory-buffer,run,2941,2314800,0,0,0,7017,1000000,16777216,read,438
measured,probe-memory-buffer,run,2942,2315200,0,0,0,7019,1000000,16777216,read,438
measured,probe-memory-buffer,run,2943,2315600,0,0,0,7021,1000000,16777216,read,438
measured,probe-memory-buffer,run,2944,2316100,0,0,0,7022,1000000,16777216,read,438
measured,probe-memory-buffer,run,2945,2316500,0,0,0,7024,1000000,16777216,read,439
measured,probe-memory-buffer,run,2946,2316900,0,0,0,7026,1000000,16777216,read,439
measured,probe-memory-buffer,run,2947,2317300,0,0,0,7027,1000000,16777216,read,439
measured,probe-memory-buffer,run,2948,2317700,0,0,0,7029,1000000,16777216,read,439
measured,probe-memory-buffer,run,2949,2318200,0,0,0,7030,1000000,16777216,read,439
measured,probe-memory-buffer,run,2950,2318600,0,0,0,7032,1000000,16777216,read,439
measured,probe-memory-buffer,run,2951,2319000,0,0,0,7034,1000000,16777216,read,439
measured,probe-memory-buffer,run,2952,2319400,0,0,0,7035,1000000,16777216,read,439
measured,probe-memory-buffer,run,2953,2319800,0,0,0,7037,1000000,16777216,read,439
measured,probe-memory-buffer,run,2954,2320300,0,0,0,7039,1000000,16777216,read,439
measured,probe-memory-buffer,run,2955,2320700,0,0,0,7041,1000000,16777216,read,440
measured,probe-memory-buffer,run,2956,2321100,0,0,0,7042,1000000,16777216,read,440
measured,probe-memory-buffer,run,2957,2321700,0,0,0,7044,1000000,16777216,read,440
measured,probe-memory-buffer,run,2958,2322100,0,0,0,7046,1000000,16777216,read,440
measured,probe-memory-buffer,run,2959,2322500,0,0,0,7048,1000000,16777216,read,440
measured,probe-memory-buffer,run,2960,2322900,0,0,0,7049,1000000,16777216,read,440
measured,probe-memory-buffer,run,2961,2323400,0,0,0,7051,1000000,16777216,read,440
measured,probe-memory-buffer,run,2962,2323800,0,0,0,7053,1000000,16777216,read,440
measured,probe-memory-buffer,run,2963,2324300,0,0,0,7054,1000000,16777216,read,440
measured,probe-memory-buffer,run,2964,2324700,0,0,0,7056,1000000,16777216,read,441
measured,probe-memory-buffer,run,2965,2325100,0,0,0,7058,1000000,16777216,read,441
measured,probe-memory-buffer,run,2966,2325600,0,0,0,7059,1000000,16777216,read,441
measured,probe-memory-buffer,run,2967,2326000,0,0,0,7061,1000000,16777216,read,441
measured,probe-memory-buffer,run,2968,2326400,0,0,0,7063,1000000,16777216,read,441
measured,probe-memory-buffer,run,2969,2326800,0,0,0,7064,1000000,16777216,read,441
measured,probe-memory-buffer,run,2970,2327200,0,0,0,7066,1000000,16777216,read,441
measured,probe-memory-buffer,run,2971,2327700,0,0,0,7067,1000000,16777216,read,441
measured,probe-memory-buffer,run,2972,2328100,0,0,0,7069,1000000,16777216,read,441
measured,probe-memory-buffer,run,2973,2328500,0,0,0,7071,1000000,16777216,read,441
measured,probe-memory-buffer,run,2974,2328900,0,0,0,7073,1000000,16777216,read,442
measured,probe-memory-buffer,run,2975,2329400,0,0,0,7074,1000000,16777216,read,442
measured,probe-memory-buffer,run,2976,2329800,0,0,0,7076,1000000,16777216,read,442
measured,probe-memory-buffer,run,2977,2330200,0,0,0,7078,1000000,16777216,read,442
measured,probe-memory-buffer,run,2978,2330600,0,0,0,7079,1000000,16777216,read,442
measured,probe-memory-buffer,run,2979,2331100,0,0,0,7081,1000000,16777216,read,442
measured,probe-memory-buffer,run,2980,2331500,0,0,0,7083,1000000,16777216,read,442
measured,probe-memory-buffer,run,2981,2331900,0,0,0,7084,1000000,16777216,read,442
measured,probe-memory-buffer,run,2982,2332300,0,0,0,7086,1000000,16777216,read,442
measured,probe-memory-buffer,run,2983,2332700,0,0,0,7087,1000000,16777216,read,442
measured,probe-memory-buffer,run,2984,2334300,0,0,0,7094,1000000,16777216,read,443
measured,probe-memory-buffer,run,2985,2334800,0,0,0,7095,1000000,16777216,read,443
measured,probe-memory-buffer,run,2986,2335200,0,0,0,7097,1000000,16777216,read,443
measured,probe-memory-buffer,run,2987,2335600,0,0,0,7099,1000000,16777216,read,443
measured,probe-memory-buffer,run,2988,2336000,0,0,0,7100,1000000,16777216,read,443
measured,probe-memory-buffer,run,2989,2336500,0,0,0,7102,1000000,16777216,read,443
measured,probe-memory-buffer,run,2990,2336900,0,0,0,7104,1000000,16777216,read,444
measured,probe-memory-buffer,run,2991,2337400,0,0,0,7105,1000000,16777216,read,444
measured,probe-memory-buffer,run,2992,2337800,0,0,0,7107,1000000,16777216,read,444
measured,probe-memory-buffer,run,2993,2338200,0,0,0,7109,1000000,16777216,read,444
measured,probe-memory-buffer,run,2994,2338600,0,0,0,7110,1000000,16777216,read,444
measured,probe-memory-buffer,run,2995,2339000,0,0,0,7112,1000000,16777216,read,444
measured,probe-memory-buffer,run,2996,2339500,0,0,0,7114,1000000,16777216,read,444
measured,probe-memory-buffer,run,2997,2339900,0,0,0,7116,1000000,16777216,read,444
measured,probe-memory-buffer,run,2998,2340300,0,0,0,7117,1000000,16777216,read,444
measured,probe-memory-buffer,run,2999,2340700,0,0,0,7119,1000000,16777216,read,444
measured,probe-memory-buffer,run,3000,2341200,0,0,0,7120,1000000,16777216,read,445
measured,probe-memory-buffer,run,3001,2341600,0,0,0,7122,1000000,16777216,read,445
measured,probe-memory-buffer,run,3002,2342000,0,0,0,7124,1000000,16777216,read,445
measured,probe-memory-buffer,run,3003,2342400,0,0,0,7125,1000000,16777216,read,445
measured,probe-memory-buffer,run,3004,2342900,0,0,0,7127,1000000,16777216,read,445
measured,probe-memory-buffer,run,3005,2343300,0,0,0,7128,1000000,16777216,read,445
measured,probe-memory-buffer,run,3006,2343700,0,0,0,7130,1000000,16777216,read,445
measured,probe-memory-buffer,run,3007,2344100,0,0,0,7132,1000000,16777216,read,445
measured,probe-memory-buffer,run,3008,2344500,0,0,0,7133,1000000,16777216,read,445
measured,probe-memory-buffer,run,3009,2345000,0,0,0,7135,1000000,16777216,read,445
measured,probe-memory-buffer,run,3010,2345400,0,0,0,7137,1000000,16777216,read,446
measured,probe-memory-buffer,run,3011,2345800,0,0,0,7139,1000000,16777216,read,446
measured,probe-memory-buffer,run,3012,2346200,0,0,0,7140,1000000,16777216,read,446
measured,probe-memory-buffer,run,3013,2346600,0,0,0,7142,1000000,16777216,read,446
measured,probe-memory-buffer,run,3014,2347100,0,0,0,7143,1000000,16777216,read,446
measured,probe-memory-buffer,run,3015,2347500,0,0,0,7145,1000000,16777216,read,446
measured,probe-memory-buffer,run,3016,2347900,0,0,0,7147,1000000,16777216,read,446
measured,probe-memory-buffer,run,3017,2348300,0,0,0,7148,1000000,16777216,read,446
measured,probe-memory-buffer,run,3018,2348700,0,0,0,7150,1000000,16777216,read,446
measured,probe-memory-buffer,run,3019,2349200,0,0,0,7151,1000000,16777216,read,446
measured,probe-memory-buffer,run,3020,2349600,0,0,0,7153,1000000,16777216,read,447
measured,probe-memory-buffer,run,3021,2350000,0,0,0,7155,1000000,16777216,read,447
measured,probe-memory-buffer,run,3022,2350400,0,0,0,7157,1000000,16777216,read,447
measured,probe-memory-buffer,run,3023,2350900,0,0,0,7158,1000000,16777216,read,447
measured,probe-memory-buffer,run,3024,2351300,0,0,0,7160,1000000,16777216,read,447
measured,probe-memory-buffer,run,3025,2351700,0,0,0,7162,1000000,16777216,read,447
measured,probe-memory-buffer,run,3026,2352100,0,0,0,7163,1000000,16777216,read,447
measured,probe-memory-buffer,run,3027,2352500,0,0,0,7165,1000000,16777216,read,447
measured,probe-memory-buffer,run,3028,2353000,0,0,0,7166,1000000,16777216,read,447
measured,probe-memory-buffer,run,3029,2353400,0,0,0,7168,1000000,16777216,read,448
measured,probe-memory-buffer,run,3030,2353800,0,0,0,7170,1000000,16777216,read,448
measured,probe-memory-buffer,run,3031,2354200,0,0,0,7171,1000000,16777216,read,448
measured,probe-memory-buffer,run,3032,2354700,0,0,0,7173,1000000,16777216,read,448
measured,probe-memory-buffer,run,3033,2355100,0,0,0,7175,1000000,16777216,read,448
measured,probe-memory-buffer,run,3034,2355500,0,0,0,7176,1000000,16777216,read,448
measured,probe-memory-buffer,run,3035,2355900,0,0,0,7178,1000000,16777216,read,448
measured,probe-memory-buffer,run,3036,2356300,0,0,0,7180,1000000,16777216,read,448
measured,probe-memory-buffer,run,3037,2356800,0,0,0,7181,1000000,16777216,read,448
measured,probe-memory-buffer,run,3038,2357200,0,0,0,7183,1000000,16777216,read,448
measured,probe-memory-buffer,run,3039,2357600,0,0,0,7185,1000000,16777216,read,449
measured,probe-memory-buffer,run,3040,2358000,0,0,0,7186,1000000,16777216,read,449
measured,probe-memory-buffer,run,3041,2359700,0,0,0,7192,1000000,16777216,read,449
measured,probe-memory-buffer,run,3042,2360100,0,0,0,7194,1000000,16777216,read,449
measured,probe-memory-buffer,run,3043,2360500,0,0,0,7196,1000000,16777216,read,449
measured,probe-memory-buffer,run,3044,2361000,0,0,0,7198,1000000,16777216,read,449
measured,probe-memory-buffer,run,3045,2361400,0,0,0,7200,1000000,16777216,read,450
measured,probe-memory-buffer,run,3046,2361800,0,0,0,7201,1000000,16777216,read,450
measured,probe-memory-buffer,run,3047,2362200,0,0,0,7203,1000000,16777216,read,450
measured,probe-memory-buffer,run,3048,2362600,0,0,0,7204,1000000,16777216,read,450
measured,probe-memory-buffer,run,3049,2363100,0,0,0,7206,1000000,16777216,read,450
measured,probe-memory-buffer,run,3050,2363500,0,0,0,7208,1000000,16777216,read,450
measured,probe-memory-buffer,run,3051,2363900,0,0,0,7209,1000000,16777216,read,450
measured,probe-memory-buffer,run,3052,2364300,0,0,0,7211,1000000,16777216,read,450
measured,probe-memory-buffer,run,3053,2364800,0,0,0,7212,1000000,16777216,read,450
measured,probe-memory-buffer,run,3054,2365200,0,0,0,7214,1000000,16777216,read,450
measured,probe-memory-buffer,run,3055,2365600,0,0,0,7216,1000000,16777216,read,451
measured,probe-memory-buffer,run,3056,2366000,0,0,0,7217,1000000,16777216,read,451
measured,probe-memory-buffer,run,3057,2366500,0,0,0,7219,1000000,16777216,read,451
measured,probe-memory-buffer,run,3058,2366900,0,0,0,7221,1000000,16777216,read,451
measured,probe-memory-buffer,run,3059,2367300,0,0,0,7223,1000000,16777216,read,451
measured,probe-memory-buffer,run,3060,2367700,0,0,0,7224,1000000,16777216,read,451
measured,probe-memory-buffer,run,3061,2368200,0,0,0,7226,1000000,16777216,read,451
measured,probe-memory-buffer,run,3062,2368600,0,0,0,7228,1000000,16777216,read,451
measured,probe-memory-buffer,run,3063,2369000,0,0,0,7229,1000000,16777216,read,451
measured,probe-memory-buffer,run,3064,2369400,0,0,0,7231,1000000,16777216,read,451
measured,probe-memory-buffer,run,3065,2369800,0,0,0,7232,1000000,16777216,read,452
measured,probe-memory-buffer,run,3066,2370300,0,0,0,7234,1000000,16777216,read,452
measured,probe-memory-buffer,run,3067,2370700,0,0,0,7236,1000000,16777216,read,452
measured,probe-memory-buffer,run,3068,2371200,0,0,0,7237,1000000,16777216,read,452
measured,probe-memory-buffer,run,3069,2371600,0,0,0,7239,1000000,16777216,read,452
measured,probe-memory-buffer,run,3070,2372000,0,0,0,7241,1000000,16777216,read,452
measured,probe-memory-buffer,run,3071,2372400,0,0,0,7242,1000000,16777216,read,452
measured,probe-memory-buffer,run,3072,2372900,0,0,0,7244,1000000,16777216,read,452
measured,probe-memory-buffer,run,3073,2373300,0,0,0,7246,1000000,16777216,read,452
measured,probe-memory-buffer,run,3074,2373700,0,0,0,7248,1000000,16777216,read,453
measured,probe-memory-buffer,run,3075,2374200,0,0,0,7249,1000000,16777216,read,453
measured,probe-memory-buffer,run,3076,2374600,0,0,0,7251,1000000,16777216,read,453
measured,probe-memory-buffer,run,3077,2375000,0,0,0,7253,1000000,16777216,read,453
measured,probe-memory-buffer,run,3078,2375400,0,0,0,7254,1000000,16777216,read,453
measured,probe-memory-buffer,run,3079,2375800,0,0,0,7256,1000000,16777216,read,453
measured,probe-memory-buffer,run,3080,2376300,0,0,0,7257,1000000,16777216,read,453
measured,probe-memory-buffer,run,3081,2376700,0,0,0,7259,1000000,16777216,read,453
measured,probe-memory-buffer,run,3082,2377100,0,0,0,7261,1000000,16777216,read,453
measured,probe-memory-buffer,run,3083,2377500,0,0,0,7262,1000000,16777216,read,453
measured,probe-memory-buffer,run,3084,2378000,0,0,0,7264,1000000,16777216,read,454
measured,probe-memory-buffer,run,3085,2378400,0,0,0,7266,1000000,16777216,read,454
measured,probe-memory-buffer,run,3086,2378800,0,0,0,7267,1000000,16777216,read,454
measured,probe-memory-buffer,run,3087,2379200,0,0,0,7269,1000000,16777216,read,454
measured,probe-memory-buffer,run,3088,2379600,0,0,0,7271,1000000,16777216,read,454
measured,probe-memory-buffer,run,3089,2380000,0,0,0,7272,1000000,16777216,read,454
measured,probe-memory-buffer,run,3090,2380500,0,0,0,7274,1000000,16777216,read,454
measured,probe-memory-buffer,run,3091,2380900,0,0,0,7276,1000000,16777216,read,454
measured,probe-memory-buffer,run,3092,2381300,0,0,0,7277,1000000,16777216,read,454
measured,probe-memory-buffer,run,3093,2381700,0,0,0,7279,1000000,16777216,read,454
measured,probe-memory-buffer,run,3094,2382200,0,0,0,7280,1000000,16777216,read,455
measured,probe-memory-buffer,run,3095,2382600,0,0,0,7282,1000000,16777216,read,455
measured,probe-memory-buffer,run,3096,2383000,0,0,0,7284,1000000,16777216,read,455
measured,probe-memory-buffer,run,3097,2383400,0,0,0,7285,1000000,16777216,read,455
measured,probe-memory-buffer,run,3098,2384900,0,0,0,7291,1000000,16777216,read,455
measured,probe-memory-buffer,run,3099,2385300,0,0,0,7293,1000000,16777216,read,455
measured,probe-memory-buffer,run,3100,2385700,0,0,0,7294,1000000,16777216,read,455
measured,probe-memory-buffer,run,3101,2386200,0,0,0,7296,1000000,16777216,read,456
measured,probe-memory-buffer,run,3102,2386600,0,0,0,7298,1000000,16777216,read,456
measured,probe-memory-buffer,run,3103,2387000,0,0,0,7300,1000000,16777216,read,456
measured,probe-memory-buffer,run,3104,2387400,0,0,0,7301,1000000,16777216,read,456
measured,probe-memory-buffer,run,3105,2387900,0,0,0,7303,1000000,16777216,read,456
measured,probe-memory-buffer,run,3106,2388300,0,0,0,7305,1000000,16777216,read,456
measured,probe-memory-buffer,run,3107,2388700,0,0,0,7306,1000000,16777216,read,456
measured,probe-memory-buffer,run,3108,2389100,0,0,0,7308,1000000,16777216,read,456
measured,probe-memory-buffer,run,3109,2389600,0,0,0,7309,1000000,16777216,read,456
measured,probe-memory-buffer,run,3110,2390000,0,0,0,7311,1000000,16777216,read,456
measured,probe-memory-buffer,run,3111,2390400,0,0,0,7313,1000000,16777216,read,457
measured,probe-memory-buffer,run,3112,2390800,0,0,0,7314,1000000,16777216,read,457
measured,probe-memory-buffer,run,3113,2391200,0,0,0,7316,1000000,16777216,read,457
measured,probe-memory-buffer,run,3114,2391700,0,0,0,7317,1000000,16777216,read,457
measured,probe-memory-buffer,run,3115,2392100,0,0,0,7319,1000000,16777216,read,457
measured,probe-memory-buffer,run,3116,2392500,0,0,0,7321,1000000,16777216,read,457
measured,probe-memory-buffer,run,3117,2393000,0,0,0,7323,1000000,16777216,read,457
measured,probe-memory-buffer,run,3118,2393400,0,0,0,7325,1000000,16777216,read,457
measured,probe-memory-buffer,run,3119,2393800,0,0,0,7326,1000000,16777216,read,457
measured,probe-memory-buffer,run,3120,2394300,0,0,0,7328,1000000,16777216,read,458
measured,probe-memory-buffer,run,3121,2394700,0,0,0,7330,1000000,16777216,read,458
measured,probe-memory-buffer,run,3122,2395100,0,0,0,7331,1000000,16777216,read,458
measured,probe-memory-buffer,run,3123,2395500,0,0,0,7333,1000000,16777216,read,458
measured,probe-memory-buffer,run,3124,2395900,0,0,0,7334,1000000,16777216,read,458
measured,probe-memory-buffer,run,3125,2396400,0,0,0,7336,1000000,16777216,read,458
measured,probe-memory-buffer,run,3126,2396800,0,0,0,7338,1000000,16777216,read,458
measured,probe-memory-buffer,run,3127,2397200,0,0,0,7339,1000000,16777216,read,458
measured,probe-memory-buffer,run,3128,2397600,0,0,0,7341,1000000,16777216,read,458
measured,probe-memory-buffer,run,3129,2398100,0,0,0,7342,1000000,16777216,read,458
measured,probe-memory-buffer,run,3130,2398500,0,0,0,7344,1000000,16777216,read,459
measured,probe-memory-buffer,run,3131,2398900,0,0,0,7346,1000000,16777216,read,459
measured,probe-memory-buffer,run,3132,2399300,0,0,0,7348,1000000,16777216,read,459
measured,probe-memory-buffer,run,3133,2399800,0,0,0,7349,1000000,16777216,read,459
measured,probe-memory-buffer,run,3134,2400200,0,0,0,7351,1000000,16777216,read,459
measured,probe-memory-buffer,run,3135,2400600,0,0,0,7353,1000000,16777216,read,459
measured,probe-memory-buffer,run,3136,2401000,0,0,0,7354,1000000,16777216,read,459
measured,probe-memory-buffer,run,3137,2401400,0,0,0,7356,1000000,16777216,read,459
measured,probe-memory-buffer,run,3138,2401900,0,0,0,7357,1000000,16777216,read,459
measured,probe-memory-buffer,run,3139,2402300,0,0,0,7359,1000000,16777216,read,459
measured,probe-memory-buffer,run,3140,2402700,0,0,0,7361,1000000,16777216,read,460
measured,probe-memory-buffer,run,3141,2403100,0,0,0,7362,1000000,16777216,read,460
measured,probe-memory-buffer,run,3142,2403500,0,0,0,7364,1000000,16777216,read,460
measured,probe-memory-buffer,run,3143,2404000,0,0,0,7366,1000000,16777216,read,460
measured,probe-memory-buffer,run,3144,2404400,0,0,0,7367,1000000,16777216,read,460
measured,probe-memory-buffer,run,3145,2404800,0,0,0,7369,1000000,16777216,read,460
measured,probe-memory-buffer,run,3146,2405200,0,0,0,7371,1000000,16777216,read,460
measured,probe-memory-buffer,run,3147,2405700,0,0,0,7372,1000000,16777216,read,460
measured,probe-memory-buffer,run,3148,2406100,0,0,0,7374,1000000,16777216,read,460
measured,probe-memory-buffer,run,3149,2406500,0,0,0,7376,1000000,16777216,read,461
measured,probe-memory-buffer,run,3150,2407000,0,0,0,7377,1000000,16777216,read,461
measured,probe-memory-buffer,run,3151,2407400,0,0,0,7379,1000000,16777216,read,461
measured,probe-memory-buffer,run,3152,2408300,0,0,0,7383,1000000,16777216,read,461
measured,probe-memory-buffer,run,3153,2408800,0,0,0,7384,1000000,16777216,read,461
measured,probe-memory-buffer,run,3154,2409200,0,0,0,7386,1000000,16777216,read,461
measured,probe-memory-buffer,run,3155,2410600,0,0,0,7392,1000000,16777216,read,462
measured,probe-memory-buffer,run,3156,2411000,0,0,0,7393,1000000,16777216,read,462
measured,probe-memory-buffer,run,3157,2411400,0,0,0,7395,1000000,16777216,read,462
measured,probe-memory-buffer,run,3158,2411900,0,0,0,7396,1000000,16777216,read,462
measured,probe-memory-buffer,run,3159,2412300,0,0,0,7398,1000000,16777216,read,462
measured,probe-memory-buffer,run,3160,2412700,0,0,0,7400,1000000,16777216,read,462
measured,probe-memory-buffer,run,3161,2413100,0,0,0,7401,1000000,16777216,read,462
measured,probe-memory-buffer,run,3162,2413600,0,0,0,7403,1000000,16777216,read,462
measured,probe-memory-buffer,run,3163,2414000,0,0,0,7405,1000000,16777216,read,462
measured,probe-memory-buffer,run,3164,2414500,0,0,0,7407,1000000,16777216,read,462
measured,probe-memory-buffer,run,3165,2414900,0,0,0,7408,1000000,16777216,read,463
measured,probe-memory-buffer,run,3166,2415300,0,0,0,7410,1000000,16777216,read,463
measured,probe-memory-buffer,run,3167,2415800,0,0,0,7412,1000000,16777216,read,463
measured,probe-memory-buffer,run,3168,2416200,0,0,0,7414,1000000,16777216,read,463
measured,probe-memory-buffer,run,3169,2416600,0,0,0,7415,1000000,16777216,read,463
measured,probe-memory-buffer,run,3170,2417000,0,0,0,7417,1000000,16777216,read,463
measured,probe-memory-buffer,run,3171,2417500,0,0,0,7418,1000000,16777216,read,463
measured,probe-memory-buffer,run,3172,2417900,0,0,0,7420,1000000,16777216,read,463
measured,probe-memory-buffer,run,3173,2418300,0,0,0,7422,1000000,16777216,read,463
measured,probe-memory-buffer,run,3174,2418700,0,0,0,7423,1000000,16777216,read,463
measured,probe-memory-buffer,run,3175,2419200,0,0,0,7425,1000000,16777216,read,464
measured,probe-memory-buffer,run,3176,2419600,0,0,0,7427,1000000,16777216,read,464
measured,probe-memory-buffer,run,3177,2420000,0,0,0,7428,1000000,16777216,read,464
measured,probe-memory-buffer,run,3178,2420400,0,0,0,7430,1000000,16777216,read,464
measured,probe-memory-buffer,run,3179,2420900,0,0,0,7432,1000000,16777216,read,464
measured,probe-memory-buffer,run,3180,2421300,0,0,0,7433,1000000,16777216,read,464
measured,probe-memory-buffer,run,3181,2421700,0,0,0,7435,1000000,16777216,read,464
measured,probe-memory-buffer,run,3182,2422100,0,0,0,7437,1000000,16777216,read,464
measured,probe-memory-buffer,run,3183,2422500,0,0,0,7438,1000000,16777216,read,464
measured,probe-memory-buffer,run,3184,2423000,0,0,0,7440,1000000,16777216,read,465
measured,probe-memory-buffer,run,3185,2423400,0,0,0,7442,1000000,16777216,read,465
measured,probe-memory-buffer,run,3186,2423800,0,0,0,7443,1000000,16777216,read,465
measured,probe-memory-buffer,run,3187,2424200,0,0,0,7445,1000000,16777216,read,465
measured,probe-memory-buffer,run,3188,2424800,0,0,0,7447,1000000,16777216,read,465
measured,probe-memory-buffer,run,3189,2425200,0,0,0,7449,1000000,16777216,read,465
measured,probe-memory-buffer,run,3190,2425700,0,0,0,7450,1000000,16777216,read,465
measured,probe-memory-buffer,run,3191,2426100,0,0,0,7452,1000000,16777216,read,465
measured,probe-memory-buffer,run,3192,2426500,0,0,0,7454,1000000,16777216,read,465
measured,probe-memory-buffer,run,3193,2426900,0,0,0,7455,1000000,16777216,read,465
measured,probe-memory-buffer,run,3194,2427300,0,0,0,7457,1000000,16777216,read,466
measured,probe-memory-buffer,run,3195,2427800,0,0,0,7459,1000000,16777216,read,466
measured,probe-memory-buffer,run,3196,2428300,0,0,0,7460,1000000,16777216,read,466
measured,probe-memory-buffer,run,3197,2428700,0,0,0,7462,1000000,16777216,read,466
measured,probe-memory-buffer,run,3198,2429100,0,0,0,7464,1000000,16777216,read,466
measured,probe-memory-buffer,run,3199,2429500,0,0,0,7466,1000000,16777216,read,466
measured,probe-memory-buffer,run,3200,2430000,0,0,0,7467,1000000,16777216,read,466
measured,probe-memory-buffer,run,3201,2430400,0,0,0,7469,1000000,16777216,read,466
measured,probe-memory-buffer,run,3202,2430800,0,0,0,7471,1000000,16777216,read,466
measured,probe-memory-buffer,run,3203,2431200,0,0,0,7472,1000000,16777216,read,467
measured,probe-memory-buffer,run,3204,2431700,0,0,0,7474,1000000,16777216,read,467
measured,probe-memory-buffer,run,3205,2432100,0,0,0,7476,1000000,16777216,read,467
measured,probe-memory-buffer,run,3206,2432500,0,0,0,7477,1000000,16777216,read,467
measured,probe-memory-buffer,run,3207,2432900,0,0,0,7479,1000000,16777216,read,467
measured,probe-memory-buffer,run,3208,2433400,0,0,0,7480,1000000,16777216,read,467
measured,probe-memory-buffer,run,3209,2433800,0,0,0,7482,1000000,16777216,read,467
measured,probe-memory-buffer,run,3210,2434200,0,0,0,7484,1000000,16777216,read,467
measured,probe-memory-buffer,run,3211,2434600,0,0,0,7485,1000000,16777216,read,467
measured,probe-memory-buffer,run,3212,2436000,0,0,0,7491,1000000,16777216,read,468
measured,probe-memory-buffer,run,3213,2436400,0,0,0,7492,1000000,16777216,read,468
measured,probe-memory-buffer,run,3214,2436900,0,0,0,7494,1000000,16777216,read,468
measured,probe-memory-buffer,run,3215,2437300,0,0,0,7496,1000000,16777216,read,468
measured,probe-memory-buffer,run,3216,2437700,0,0,0,7498,1000000,16777216,read,468
measured,probe-memory-buffer,run,3217,2438300,0,0,0,7500,1000000,16777216,read,468
measured,probe-memory-buffer,run,3218,2438700,0,0,0,7501,1000000,16777216,read,468
measured,probe-memory-buffer,run,3219,2439100,0,0,0,7503,1000000,16777216,read,468
measured,probe-memory-buffer,run,3220,2439600,0,0,0,7505,1000000,16777216,read,469
measured,probe-memory-buffer,run,3221,2440000,0,0,0,7507,1000000,16777216,read,469
measured,probe-memory-buffer,run,3222,2440400,0,0,0,7508,1000000,16777216,read,469
measured,probe-memory-buffer,run,3223,2440800,0,0,0,7510,1000000,16777216,read,469
measured,probe-memory-buffer,run,3224,2441200,0,0,0,7511,1000000,16777216,read,469
measured,probe-memory-buffer,run,3225,2441700,0,0,0,7513,1000000,16777216,read,469
measured,probe-memory-buffer,run,3226,2442100,0,0,0,7515,1000000,16777216,read,469
measured,probe-memory-buffer,run,3227,2442500,0,0,0,7516,1000000,16777216,read,469
measured,probe-memory-buffer,run,3228,2442900,0,0,0,7518,1000000,16777216,read,469
measured,probe-memory-buffer,run,3229,2443300,0,0,0,7519,1000000,16777216,read,469
measured,probe-memory-buffer,run,3230,2443800,0,0,0,7521,1000000,16777216,read,470
measured,probe-memory-buffer,run,3231,2444300,0,0,0,7523,1000000,16777216,read,470
measured,probe-memory-buffer,run,3232,2444800,0,0,0,7525,1000000,16777216,read,470
measured,probe-memory-buffer,run,3233,2445200,0,0,0,7527,1000000,16777216,read,470
measured,probe-memory-buffer,run,3234,2445600,0,0,0,7528,1000000,16777216,read,470
measured,probe-memory-buffer,run,3235,2446100,0,0,0,7530,1000000,16777216,read,470
measured,probe-memory-buffer,run,3236,2446500,0,0,0,7532,1000000,16777216,read,470
measured,probe-memory-buffer,run,3237,2446900,0,0,0,7533,1000000,16777216,read,470
measured,probe-memory-buffer,run,3238,2447300,0,0,0,7535,1000000,16777216,read,470
measured,probe-memory-buffer,run,3239,2447800,0,0,0,7537,1000000,16777216,read,471
measured,probe-memory-buffer,run,3240,2448200,0,0,0,7538,1000000,16777216,read,471
measured,probe-memory-buffer,run,3241,2448600,0,0,0,7540,1000000,16777216,read,471
measured,probe-memory-buffer,run,3242,2449000,0,0,0,7542,1000000,16777216,read,471
measured,probe-memory-buffer,run,3243,2449400,0,0,0,7543,1000000,16777216,read,471
measured,probe-memory-buffer,run,3244,2449900,0,0,0,7545,1000000,16777216,read,471
measured,probe-memory-buffer,run,3245,2450300,0,0,0,7547,1000000,16777216,read,471
measured,probe-memory-buffer,run,3246,2450700,0,0,0,7548,1000000,16777216,read,471
measured,probe-memory-buffer,run,3247,2451100,0,0,0,7550,1000000,16777216,read,471
measured,probe-memory-buffer,run,3248,2451500,0,0,0,7551,1000000,16777216,read,471
measured,probe-memory-buffer,run,3249,2452000,0,0,0,7553,1000000,16777216,read,472
measured,probe-memory-buffer,run,3250,2452400,0,0,0,7555,1000000,16777216,read,472
measured,probe-memory-buffer,run,3251,2452800,0,0,0,7557,1000000,16777216,read,472
measured,probe-memory-buffer,run,3252,2453200,0,0,0,7558,1000000,16777216,read,472
measured,probe-memory-buffer,run,3253,2453600,0,0,0,7560,1000000,16777216,read,472
measured,probe-memory-buffer,run,3254,2454100,0,0,0,7561,1000000,16777216,read,472
measured,probe-memory-buffer,run,3255,2454500,0,0,0,7563,1000000,16777216,read,472
measured,probe-memory-buffer,run,3256,2454900,0,0,0,7565,1000000,16777216,read,472
measured,probe-memory-buffer,run,3257,2455300,0,0,0,7566,1000000,16777216,read,472
measured,probe-memory-buffer,run,3258,2455700,0,0,0,7568,1000000,16777216,read,473
measured,probe-memory-buffer,run,3259,2456200,0,0,0,7569,1000000,16777216,read,473
measured,probe-memory-buffer,run,3260,2456600,0,0,0,7571,1000000,16777216,read,473
measured,probe-memory-buffer,run,3261,2457000,0,0,0,7573,1000000,16777216,read,473
measured,probe-memory-buffer,run,3262,2457400,0,0,0,7575,1000000,16777216,read,473
measured,probe-memory-buffer,run,3263,2457900,0,0,0,7576,1000000,16777216,read,473
measured,probe-memory-buffer,run,3264,2458300,0,0,0,7578,1000000,16777216,read,473
measured,probe-memory-buffer,run,3265,2458700,0,0,0,7580,1000000,16777216,read,473
measured,probe-memory-buffer,run,3266,2459200,0,0,0,7582,1000000,16777216,read,473
measured,probe-memory-buffer,run,3267,2459600,0,0,0,7583,1000000,16777216,read,473
measured,probe-memory-buffer,run,3268,2460100,0,0,0,7585,1000000,16777216,read,474
measured,probe-memory-buffer,run,3269,2461500,0,0,0,7591,1000000,16777216,read,474
measured,probe-memory-buffer,run,3270,2462000,0,0,0,7592,1000000,16777216,read,474
measured,probe-memory-buffer,run,3271,2462400,0,0,0,7594,1000000,16777216,read,474
measured,probe-memory-buffer,run,3272,2462800,0,0,0,7596,1000000,16777216,read,474
measured,probe-memory-buffer,run,3273,2463200,0,0,0,7597,1000000,16777216,read,474
measured,probe-memory-buffer,run,3274,2463700,0,0,0,7599,1000000,16777216,read,474
measured,probe-memory-buffer,run,3275,2464100,0,0,0,7601,1000000,16777216,read,475
measured,probe-memory-buffer,run,3276,2464500,0,0,0,7602,1000000,16777216,read,475
measured,probe-memory-buffer,run,3277,2464900,0,0,0,7604,1000000,16777216,read,475
measured,probe-memory-buffer,run,3278,2465400,0,0,0,7605,1000000,16777216,read,475
measured,probe-memory-buffer,run,3279,2465800,0,0,0,7607,1000000,16777216,read,475
measured,probe-memory-buffer,run,3280,2466200,0,0,0,7609,1000000,16777216,read,475
measured,probe-memory-buffer,run,3281,2466700,0,0,0,7611,1000000,16777216,read,475
measured,probe-memory-buffer,run,3282,2467200,0,0,0,7612,1000000,16777216,read,475
measured,probe-memory-buffer,run,3283,2467600,0,0,0,7614,1000000,16777216,read,475
measured,probe-memory-buffer,run,3284,2468000,0,0,0,7616,1000000,16777216,read,476
measured,probe-memory-buffer,run,3285,2468400,0,0,0,7617,1000000,16777216,read,476
measured,probe-memory-buffer,run,3286,2468900,0,0,0,7619,1000000,16777216,read,476
measured,probe-memory-buffer,run,3287,2469300,0,0,0,7621,1000000,16777216,read,476
measured,probe-memory-buffer,run,3288,2469700,0,0,0,7623,1000000,16777216,read,476
measured,probe-memory-buffer,run,3289,2470100,0,0,0,7624,1000000,16777216,read,476
measured,probe-memory-buffer,run,3290,2470600,0,0,0,7626,1000000,16777216,read,476
measured,probe-memory-buffer,run,3291,2471100,0,0,0,7628,1000000,16777216,read,476
measured,probe-memory-buffer,run,3292,2471500,0,0,0,7630,1000000,16777216,read,476
measured,probe-memory-buffer,run,3293,2472000,0,0,0,7631,1000000,16777216,read,476
measured,probe-memory-buffer,run,3294,2472400,0,0,0,7633,1000000,16777216,read,477
measured,probe-memory-buffer,run,3295,2472800,0,0,0,7635,1000000,16777216,read,477
measured,probe-memory-buffer,run,3296,2473200,0,0,0,7636,1000000,16777216,read,477
measured,probe-memory-buffer,run,3297,2473700,0,0,0,7638,1000000,16777216,read,477
measured,probe-memory-buffer,run,3298,2474100,0,0,0,7640,1000000,16777216,read,477
measured,probe-memory-buffer,run,3299,2474500,0,0,0,7641,1000000,16777216,read,477
measured,probe-memory-buffer,run,3300,2474900,0,0,0,7643,1000000,16777216,read,477
measured,probe-memory-buffer,run,3301,2475400,0,0,0,7644,1000000,16777216,read,477
measured,probe-memory-buffer,run,3302,2475800,0,0,0,7646,1000000,16777216,read,477
measured,probe-memory-buffer,run,3303,2476200,0,0,0,7648,1000000,16777216,read,478
measured,probe-memory-buffer,run,3304,2476600,0,0,0,7650,1000000,16777216,read,478
measured,probe-memory-buffer,run,3305,2477000,0,0,0,7651,1000000,16777216,read,478
measured,probe-memory-buffer,run,3306,2477500,0,0,0,7653,1000000,16777216,read,478
measured,probe-memory-buffer,run,3307,2477900,0,0,0,7655,1000000,16777216,read,478
measured,probe-memory-buffer,run,3308,2478300,0,0,0,7656,1000000,16777216,read,478
measured,probe-memory-buffer,run,3309,2478700,0,0,0,7658,1000000,16777216,read,478
measured,probe-memory-buffer,run,3310,2479200,0,0,0,7659,1000000,16777216,read,478
measured,probe-memory-buffer,run,3311,2479600,0,0,0,7661,1000000,16777216,read,478
measured,probe-memory-buffer,run,3312,2480000,0,0,0,7663,1000000,16777216,read,478
measured,probe-memory-buffer,run,3313,2480400,0,0,0,7664,1000000,16777216,read,479
measured,probe-memory-buffer,run,3314,2480800,0,0,0,7666,1000000,16777216,read,479
measured,probe-memory-buffer,run,3315,2481300,0,0,0,7667,1000000,16777216,read,479
measured,probe-memory-buffer,run,3316,2481700,0,0,0,7669,1000000,16777216,read,479
measured,probe-memory-buffer,run,3317,2482100,0,0,0,7671,1000000,16777216,read,479
measured,probe-memory-buffer,run,3318,2482500,0,0,0,7673,1000000,16777216,read,479
measured,probe-memory-buffer,run,3319,2483000,0,0,0,7674,1000000,16777216,read,479
measured,probe-memory-buffer,run,3320,2483400,0,0,0,7676,1000000,16777216,read,479
measured,probe-memory-buffer,run,3321,2483800,0,0,0,7678,1000000,16777216,read,479
measured,probe-memory-buffer,run,3322,2484300,0,0,0,7679,1000000,16777216,read,479
measured,probe-memory-buffer,run,3323,2484700,0,0,0,7681,1000000,16777216,read,480
measured,probe-memory-buffer,run,3324,2485100,0,0,0,7683,1000000,16777216,read,480
measured,probe-memory-buffer,run,3325,2486600,0,0,0,7689,1000000,16777216,read,480
measured,probe-memory-buffer,run,3326,2487000,0,0,0,7690,1000000,16777216,read,480
measured,probe-memory-buffer,run,3327,2487500,0,0,0,7692,1000000,16777216,read,480
measured,probe-memory-buffer,run,3328,2487900,0,0,0,7694,1000000,16777216,read,480
measured,probe-memory-buffer,run,3329,2488400,0,0,0,7695,1000000,16777216,read,480
measured,probe-memory-buffer,run,3330,2488800,0,0,0,7697,1000000,16777216,read,481
measured,probe-memory-buffer,run,3331,2489300,0,0,0,7699,1000000,16777216,read,481
measured,probe-memory-buffer,run,3332,2489700,0,0,0,7701,1000000,16777216,read,481
measured,probe-memory-buffer,run,3333,2490100,0,0,0,7702,1000000,16777216,read,481
measured,probe-memory-buffer,run,3334,2490600,0,0,0,7704,1000000,16777216,read,481
measured,probe-memory-buffer,run,3335,2491000,0,0,0,7706,1000000,16777216,read,481
measured,probe-memory-buffer,run,3336,2491400,0,0,0,7707,1000000,16777216,read,481
measured,probe-memory-buffer,run,3337,2491800,0,0,0,7709,1000000,16777216,read,481
measured,probe-memory-buffer,run,3338,2492300,0,0,0,7710,1000000,16777216,read,481
measured,probe-memory-buffer,run,3339,2492700,0,0,0,7712,1000000,16777216,read,482
measured,probe-memory-buffer,run,3340,2493100,0,0,0,7714,1000000,16777216,read,482
measured,probe-memory-buffer,run,3341,2493500,0,0,0,7716,1000000,16777216,read,482
measured,probe-memory-buffer,run,3342,2493900,0,0,0,7717,1000000,16777216,read,482
measured,probe-memory-buffer,run,3343,2494400,0,0,0,7719,1000000,16777216,read,482
measured,probe-memory-buffer,run,3344,2494800,0,0,0,7721,1000000,16777216,read,482
measured,probe-memory-buffer,run,3345,2495200,0,0,0,7722,1000000,16777216,read,482
measured,probe-memory-buffer,run,3346,2495600,0,0,0,7724,1000000,16777216,read,482
measured,probe-memory-buffer,run,3347,2496100,0,0,0,7725,1000000,16777216,read,482
measured,probe-memory-buffer,run,3348,2496500,0,0,0,7727,1000000,16777216,read,482
measured,probe-memory-buffer,run,3349,2496900,0,0,0,7729,1000000,16777216,read,483
measured,probe-memory-buffer,run,3350,2497300,0,0,0,7730,1000000,16777216,read,483
measured,probe-memory-buffer,run,3351,2497800,0,0,0,7732,1000000,16777216,read,483
measured,probe-memory-buffer,run,3352,2498200,0,0,0,7733,1000000,16777216,read,483
measured,probe-memory-buffer,run,3353,2498600,0,0,0,7735,1000000,16777216,read,483
measured,probe-memory-buffer,run,3354,2499000,0,0,0,7737,1000000,16777216,read,483
measured,probe-memory-buffer,run,3355,2499400,0,0,0,7739,1000000,16777216,read,483
measured,probe-memory-buffer,run,3356,2499900,0,0,0,7740,1000000,16777216,read,483
measured,probe-memory-buffer,run,3357,2500300,0,0,0,7742,1000000,16777216,read,483
measured,probe-memory-buffer,run,3358,2500700,0,0,0,7744,1000000,16777216,read,484
measured,probe-memory-buffer,run,3359,2501100,0,0,0,7745,1000000,16777216,read,484
measured,probe-memory-buffer,run,3360,2501500,0,0,0,7747,1000000,16777216,read,484
measured,probe-memory-buffer,run,3361,2502000,0,0,0,7748,1000000,16777216,read,484
measured,probe-memory-buffer,run,3362,2502500,0,0,0,7750,1000000,16777216,read,484
measured,probe-memory-buffer,run,3363,2502900,0,0,0,7752,1000000,16777216,read,484
measured,probe-memory-buffer,run,3364,2503300,0,0,0,7754,1000000,16777216,read,484
measured,probe-memory-buffer,run,3365,2503700,0,0,0,7755,1000000,16777216,read,484
measured,probe-memory-buffer,run,3366,2504100,0,0,0,7757,1000000,16777216,read,484
measured,probe-memory-buffer,run,3367,2504600,0,0,0,7758,1000000,16777216,read,484
measured,probe-memory-buffer,run,3368,2505000,0,0,0,7760,1000000,16777216,read,485
measured,probe-memory-buffer,run,3369,2505400,0,0,0,7762,1000000,16777216,read,485
measured,probe-memory-buffer,run,3370,2505800,0,0,0,7764,1000000,16777216,read,485
measured,probe-memory-buffer,run,3371,2506300,0,0,0,7765,1000000,16777216,read,485
measured,probe-memory-buffer,run,3372,2506700,0,0,0,7767,1000000,16777216,read,485
measured,probe-memory-buffer,run,3373,2507100,0,0,0,7769,1000000,16777216,read,485
measured,probe-memory-buffer,run,3374,2507500,0,0,0,7770,1000000,16777216,read,485
measured,probe-memory-buffer,run,3375,2507900,0,0,0,7772,1000000,16777216,read,485
measured,probe-memory-buffer,run,3376,2508400,0,0,0,7773,1000000,16777216,read,485
measured,probe-memory-buffer,run,3377,2508800,0,0,0,7775,1000000,16777216,read,485
measured,probe-memory-buffer,run,3378,2509200,0,0,0,7777,1000000,16777216,read,486
measured,probe-memory-buffer,run,3379,2509600,0,0,0,7778,1000000,16777216,read,486
measured,probe-memory-buffer,run,3380,2510100,0,0,0,7780,1000000,16777216,read,486
measured,probe-memory-buffer,run,3381,2510500,0,0,0,7782,1000000,16777216,read,486
measured,probe-memory-buffer,run,3382,2511900,0,0,0,7787,1000000,16777216,read,486
measured,probe-memory-buffer,run,3383,2512400,0,0,0,7789,1000000,16777216,read,486
measured,probe-memory-buffer,run,3384,2512800,0,0,0,7791,1000000,16777216,read,486
measured,probe-memory-buffer,run,3385,2513200,0,0,0,7792,1000000,16777216,read,487
measured,probe-memory-buffer,run,3386,2513600,0,0,0,7794,1000000,16777216,read,487
measured,probe-memory-buffer,run,3387,2514100,0,0,0,7796,1000000,16777216,read,487
measured,probe-memory-buffer,run,3388,2514500,0,0,0,7798,1000000,16777216,read,487
measured,probe-memory-buffer,run,3389,2514900,0,0,0,7799,1000000,16777216,read,487
measured,probe-memory-buffer,run,3390,2515300,0,0,0,7801,1000000,16777216,read,487
measured,probe-memory-buffer,run,3391,2515800,0,0,0,7802,1000000,16777216,read,487
measured,probe-memory-buffer,run,3392,2516200,0,0,0,7804,1000000,16777216,read,487
measured,probe-memory-buffer,run,3393,2516600,0,0,0,7806,1000000,16777216,read,487
measured,probe-memory-buffer,run,3394,2517000,0,0,0,7807,1000000,16777216,read,487
measured,probe-memory-buffer,run,3395,2517400,0,0,0,7809,1000000,16777216,read,488
measured,probe-memory-buffer,run,3396,2517900,0,0,0,7810,1000000,16777216,read,488
measured,probe-memory-buffer,run,3397,2518300,0,0,0,7812,1000000,16777216,read,488
measured,probe-memory-buffer,run,3398,2518800,0,0,0,7814,1000000,16777216,read,488
measured,probe-memory-buffer,run,3399,2519200,0,0,0,7816,1000000,16777216,read,488
measured,probe-memory-buffer,run,3400,2519600,0,0,0,7817,1000000,16777216,read,488
measured,probe-memory-buffer,run,3401,2520100,0,0,0,7819,1000000,16777216,read,488
measured,probe-memory-buffer,run,3402,2520500,0,0,0,7821,1000000,16777216,read,488
measured,probe-memory-buffer,run,3403,2520900,0,0,0,7823,1000000,16777216,read,488
measured,probe-memory-buffer,run,3404,2521300,0,0,0,7824,1000000,16777216,read,489
measured,probe-memory-buffer,run,3405,2521800,0,0,0,7826,1000000,16777216,read,489
measured,probe-memory-buffer,run,3406,2522200,0,0,0,7828,1000000,16777216,read,489
measured,probe-memory-buffer,run,3407,2522600,0,0,0,7829,1000000,16777216,read,489
measured,probe-memory-buffer,run,3408,2523000,0,0,0,7831,1000000,16777216,read,489
measured,probe-memory-buffer,run,3409,2523400,0,0,0,7832,1000000,16777216,read,489
measured,probe-memory-buffer,run,3410,2523900,0,0,0,7834,1000000,16777216,read,489
measured,probe-memory-buffer,run,3411,2524300,0,0,0,7836,1000000,16777216,read,489
measured,probe-memory-buffer,run,3412,2524700,0,0,0,7837,1000000,16777216,read,489
measured,probe-memory-buffer,run,3413,2525100,0,0,0,7839,1000000,16777216,read,489
measured,probe-memory-buffer,run,3414,2525600,0,0,0,7841,1000000,16777216,read,490
measured,probe-memory-buffer,run,3415,2526000,0,0,0,7842,1000000,16777216,read,490
measured,probe-memory-buffer,run,3416,2526400,0,0,0,7844,1000000,16777216,read,490
measured,probe-memory-buffer,run,3417,2526800,0,0,0,7846,1000000,16777216,read,490
measured,probe-memory-buffer,run,3418,2527300,0,0,0,7847,1000000,16777216,read,490
measured,probe-memory-buffer,run,3419,2527700,0,0,0,7849,1000000,16777216,read,490
measured,probe-memory-buffer,run,3420,2528100,0,0,0,7851,1000000,16777216,read,490
measured,probe-memory-buffer,run,3421,2528500,0,0,0,7852,1000000,16777216,read,490
measured,probe-memory-buffer,run,3422,2528900,0,0,0,7854,1000000,16777216,read,490
measured,probe-memory-buffer,run,3423,2529400,0,0,0,7855,1000000,16777216,read,490
measured,probe-memory-buffer,run,3424,2529800,0,0,0,7857,1000000,16777216,read,491
measured,probe-memory-buffer,run,3425,2530200,0,0,0,7859,1000000,16777216,read,491
measured,probe-memory-buffer,run,3426,2530600,0,0,0,7860,1000000,16777216,read,491
measured,probe-memory-buffer,run,3427,2531100,0,0,0,7862,1000000,16777216,read,491
measured,probe-memory-buffer,run,3428,2531500,0,0,0,7864,1000000,16777216,read,491
measured,probe-memory-buffer,run,3429,2531900,0,0,0,7866,1000000,16777216,read,491
measured,probe-memory-buffer,run,3430,2532300,0,0,0,7867,1000000,16777216,read,491
measured,probe-memory-buffer,run,3431,2532700,0,0,0,7869,1000000,16777216,read,491
measured,probe-memory-buffer,run,3432,2533200,0,0,0,7870,1000000,16777216,read,491
measured,probe-memory-buffer,run,3433,2533600,0,0,0,7872,1000000,16777216,read,492
measured,probe-memory-buffer,run,3434,2534000,0,0,0,7874,1000000,16777216,read,492
measured,probe-memory-buffer,run,3435,2534400,0,0,0,7875,1000000,16777216,read,492
measured,probe-memory-buffer,run,3436,2534900,0,0,0,7877,1000000,16777216,read,492
measured,probe-memory-buffer,run,3437,2535300,0,0,0,7879,1000000,16777216,read,492
measured,probe-memory-buffer,run,3438,2535700,0,0,0,7880,1000000,16777216,read,492
measured,probe-memory-buffer,run,3439,2537300,0,0,0,7887,1000000,16777216,read,492
measured,probe-memory-buffer,run,3440,2537900,0,0,0,7889,1000000,16777216,read,493
measured,probe-memory-buffer,run,3441,2538300,0,0,0,7891,1000000,16777216,read,493
measured,probe-memory-buffer,run,3442,2538800,0,0,0,7892,1000000,16777216,read,493
measured,probe-memory-buffer,run,3443,2539200,0,0,0,7894,1000000,16777216,read,493
measured,probe-memory-buffer,run,3444,2539600,0,0,0,7896,1000000,16777216,read,493
measured,probe-memory-buffer,run,3445,2540000,0,0,0,7897,1000000,16777216,read,493
measured,probe-memory-buffer,run,3446,2540500,0,0,0,7899,1000000,16777216,read,493
measured,probe-memory-buffer,run,3447,2540900,0,0,0,7901,1000000,16777216,read,493
measured,probe-memory-buffer,run,3448,2541300,0,0,0,7902,1000000,16777216,read,493
measured,probe-memory-buffer,run,3449,2541700,0,0,0,7904,1000000,16777216,read,494
measured,probe-memory-buffer,run,3450,2542100,0,0,0,7905,1000000,16777216,read,494
measured,probe-memory-buffer,run,3451,2542600,0,0,0,7907,1000000,16777216,read,494
measured,probe-memory-buffer,run,3452,2543000,0,0,0,7909,1000000,16777216,read,494
measured,probe-memory-buffer,run,3453,2543400,0,0,0,7910,1000000,16777216,read,494
measured,probe-memory-buffer,run,3454,2543800,0,0,0,7912,1000000,16777216,read,494
measured,probe-memory-buffer,run,3455,2544300,0,0,0,7914,1000000,16777216,read,494
measured,probe-memory-buffer,run,3456,2544700,0,0,0,7915,1000000,16777216,read,494
measured,probe-memory-buffer,run,3457,2545100,0,0,0,7917,1000000,16777216,read,494
measured,probe-memory-buffer,run,3458,2545500,0,0,0,7919,1000000,16777216,read,494
measured,probe-memory-buffer,run,3459,2545900,0,0,0,7920,1000000,16777216,read,495
measured,probe-memory-buffer,run,3460,2546400,0,0,0,7922,1000000,16777216,read,495
measured,probe-memory-buffer,run,3461,2546800,0,0,0,7924,1000000,16777216,read,495
measured,probe-memory-buffer,run,3462,2547200,0,0,0,7925,1000000,16777216,read,495
measured,probe-memory-buffer,run,3463,2547600,0,0,0,7927,1000000,16777216,read,495
measured,probe-memory-buffer,run,3464,2548000,0,0,0,7928,1000000,16777216,read,495
measured,probe-memory-buffer,run,3465,2548500,0,0,0,7930,1000000,16777216,read,495
measured,probe-memory-buffer,run,3466,2548900,0,0,0,7932,1000000,16777216,read,495
measured,probe-memory-buffer,run,3467,2549900,0,0,0,7936,1000000,16777216,read,496
measured,probe-memory-buffer,run,3468,2550400,0,0,0,7938,1000000,16777216,read,496
measured,probe-memory-buffer,run,3469,2550800,0,0,0,7939,1000000,16777216,read,496
measured,probe-memory-buffer,run,3470,2551200,0,0,0,7941,1000000,16777216,read,496
measured,probe-memory-buffer,run,3471,2551600,0,0,0,7942,1000000,16777216,read,496
measured,probe-memory-buffer,run,3472,2552200,0,0,0,7945,1000000,16777216,read,496
measured,probe-memory-buffer,run,3473,2552600,0,0,0,7946,1000000,16777216,read,496
measured,probe-memory-buffer,run,3474,2553000,0,0,0,7948,1000000,16777216,read,496
measured,probe-memory-buffer,run,3475,2553400,0,0,0,7950,1000000,16777216,read,496
measured,probe-memory-buffer,run,3476,2553900,0,0,0,7951,1000000,16777216,read,496
measured,probe-memory-buffer,run,3477,2554300,0,0,0,7953,1000000,16777216,read,497
measured,probe-memory-buffer,run,3478,2554800,0,0,0,7955,1000000,16777216,read,497
measured,probe-memory-buffer,run,3479,2555200,0,0,0,7957,1000000,16777216,read,497
measured,probe-memory-buffer,run,3480,2555600,0,0,0,7958,1000000,16777216,read,497
measured,probe-memory-buffer,run,3481,2556000,0,0,0,7960,1000000,16777216,read,497
measured,probe-memory-buffer,run,3482,2556500,0,0,0,7961,1000000,16777216,read,497
measured,probe-memory-buffer,run,3483,2556900,0,0,0,7963,1000000,16777216,read,497
measured,probe-memory-buffer,run,3484,2557300,0,0,0,7965,1000000,16777216,read,497
measured,probe-memory-buffer,run,3485,2557700,0,0,0,7966,1000000,16777216,read,497
measured,probe-memory-buffer,run,3486,2558100,0,0,0,7968,1000000,16777216,read,498
measured,probe-memory-buffer,run,3487,2558600,0,0,0,7969,1000000,16777216,read,498
measured,probe-memory-buffer,run,3488,2559000,0,0,0,7971,1000000,16777216,read,498
measured,probe-memory-buffer,run,3489,2559400,0,0,0,7973,1000000,16777216,read,498
measured,probe-memory-buffer,run,3490,2559800,0,0,0,7975,1000000,16777216,read,498
measured,probe-memory-buffer,run,3491,2560300,0,0,0,7976,1000000,16777216,read,498
measured,probe-memory-buffer,run,3492,2560700,0,0,0,7978,1000000,16777216,read,498
measured,probe-memory-buffer,run,3493,2561100,0,0,0,7980,1000000,16777216,read,498
measured,probe-memory-buffer,run,3494,2561500,0,0,0,7981,1000000,16777216,read,498
measured,probe-memory-buffer,run,3495,2561900,0,0,0,7983,1000000,16777216,read,498
measured,probe-memory-buffer,run,3496,2563200,0,0,0,7988,1000000,16777216,read,499
measured,probe-memory-buffer,run,3497,2563700,0,0,0,7989,1000000,16777216,read,499
measured,probe-memory-buffer,run,3498,2564100,0,0,0,7991,1000000,16777216,read,499
measured,probe-memory-buffer,run,3499,2564500,0,0,0,7993,1000000,16777216,read,499
measured,probe-memory-buffer,run,3500,2564900,0,0,0,7994,1000000,16777216,read,499
measured,probe-memory-buffer,run,3501,2565300,0,0,0,7996,1000000,16777216,read,499
measured,probe-memory-buffer,run,3502,2565800,0,0,0,7998,1000000,16777216,read,499
measured,probe-memory-buffer,run,3503,2566200,0,0,0,8000,1000000,16777216,read,500
measured,probe-memory-buffer,run,3504,2566600,0,0,0,8001,1000000,16777216,read,500
measured,probe-memory-buffer,run,3505,2567000,0,0,0,8003,1000000,16777216,read,500
measured,probe-memory-buffer,run,3506,2567500,0,0,0,8004,1000000,16777216,read,500
measured,probe-memory-buffer,run,3507,2567900,0,0,0,8006,1000000,16777216,read,500
measured,probe-memory-buffer,run,3508,2568300,0,0,0,8008,1000000,16777216,read,500
measured,probe-memory-buffer,run,3509,2568700,0,0,0,8009,1000000,16777216,read,500
measured,probe-memory-buffer,run,3510,2569100,0,0,0,8011,1000000,16777216,read,500
measured,probe-memory-buffer,run,3511,2569600,0,0,0,8012,1000000,16777216,read,500
measured,probe-memory-buffer,run,3512,2570000,0,0,0,8014,1000000,16777216,read,500
measured,probe-memory-buffer,run,3513,2570400,0,0,0,8016,1000000,16777216,read,501
measured,probe-memory-buffer,run,3514,2570900,0,0,0,8017,1000000,16777216,read,501
measured,probe-memory-buffer,run,3515,2571300,0,0,0,8019,1000000,16777216,read,501
measured,probe-memory-buffer,run,3516,2571800,0,0,0,8021,1000000,16777216,read,501
measured,probe-memory-buffer,run,3517,2572200,0,0,0,8023,1000000,16777216,read,501
measured,probe-memory-buffer,run,3518,2572700,0,0,0,8025,1000000,16777216,read,501
measured,probe-memory-buffer,run,3519,2573100,0,0,0,8026,1000000,16777216,read,501
measured,probe-memory-buffer,run,3520,2573500,0,0,0,8028,1000000,16777216,read,501
measured,probe-memory-buffer,run,3521,2573900,0,0,0,8030,1000000,16777216,read,501
measured,probe-memory-buffer,run,3522,2574300,0,0,0,8031,1000000,16777216,read,501
measured,probe-memory-buffer,run,3523,2574800,0,0,0,8033,1000000,16777216,read,502
measured,probe-memory-buffer,run,3524,2575200,0,0,0,8035,1000000,16777216,read,502
measured,probe-memory-buffer,run,3525,2575600,0,0,0,8036,1000000,16777216,read,502
measured,probe-memory-buffer,run,3526,2576000,0,0,0,8038,1000000,16777216,read,502
measured,probe-memory-buffer,run,3527,2576400,0,0,0,8039,1000000,16777216,read,502
measured,probe-memory-buffer,run,3528,2576900,0,0,0,8041,1000000,16777216,read,502
measured,probe-memory-buffer,run,3529,2577300,0,0,0,8043,1000000,16777216,read,502
measured,probe-memory-buffer,run,3530,2577700,0,0,0,8044,1000000,16777216,read,502
measured,probe-memory-buffer,run,3531,2578100,0,0,0,8046,1000000,16777216,read,502
measured,probe-memory-buffer,run,3532,2578600,0,0,0,8048,1000000,16777216,read,503
measured,probe-memory-buffer,run,3533,2579000,0,0,0,8049,1000000,16777216,read,503
measured,probe-memory-buffer,run,3534,2579400,0,0,0,8051,1000000,16777216,read,503
measured,probe-memory-buffer,run,3535,2579900,0,0,0,8053,1000000,16777216,read,503
measured,probe-memory-buffer,run,3536,2580300,0,0,0,8055,1000000,16777216,read,503
measured,probe-memory-buffer,run,3537,2580700,0,0,0,8056,1000000,16777216,read,503
measured,probe-memory-buffer,run,3538,2581100,0,0,0,8058,1000000,16777216,read,503
measured,probe-memory-buffer,run,3539,2581600,0,0,0,8059,1000000,16777216,read,503
measured,probe-memory-buffer,run,3540,2582000,0,0,0,8061,1000000,16777216,read,503
measured,probe-memory-buffer,run,3541,2582400,0,0,0,8063,1000000,16777216,read,503
measured,probe-memory-buffer,run,3542,2582800,0,0,0,8064,1000000,16777216,read,504
measured,probe-memory-buffer,run,3543,2583200,0,0,0,8066,1000000,16777216,read,504
measured,probe-memory-buffer,run,3544,2583700,0,0,0,8067,1000000,16777216,read,504
measured,probe-memory-buffer,run,3545,2584100,0,0,0,8069,1000000,16777216,read,504
measured,probe-memory-buffer,run,3546,2584500,0,0,0,8071,1000000,16777216,read,504
measured,probe-memory-buffer,run,3547,2584900,0,0,0,8073,1000000,16777216,read,504
measured,probe-memory-buffer,run,3548,2585400,0,0,0,8074,1000000,16777216,read,504
measured,probe-memory-buffer,run,3549,2585800,0,0,0,8076,1000000,16777216,read,504
measured,probe-memory-buffer,run,3550,2586200,0,0,0,8078,1000000,16777216,read,504
measured,probe-memory-buffer,run,3551,2586600,0,0,0,8079,1000000,16777216,read,504
measured,probe-memory-buffer,run,3552,2587000,0,0,0,8081,1000000,16777216,read,505
measured,probe-memory-buffer,run,3553,2588400,0,0,0,8086,1000000,16777216,read,505
measured,probe-memory-buffer,run,3554,2588800,0,0,0,8088,1000000,16777216,read,505
measured,probe-memory-buffer,run,3555,2589200,0,0,0,8089,1000000,16777216,read,505
measured,probe-memory-buffer,run,3556,2589700,0,0,0,8091,1000000,16777216,read,505
measured,probe-memory-buffer,run,3557,2590100,0,0,0,8093,1000000,16777216,read,505
measured,probe-memory-buffer,run,3558,2590500,0,0,0,8094,1000000,16777216,read,505
measured,probe-memory-buffer,run,3559,2590900,0,0,0,8096,1000000,16777216,read,506
measured,probe-memory-buffer,run,3560,2591400,0,0,0,8098,1000000,16777216,read,506
measured,probe-memory-buffer,run,3561,2591800,0,0,0,8100,1000000,16777216,read,506
measured,probe-memory-buffer,run,3562,2592200,0,0,0,8101,1000000,16777216,read,506
measured,probe-memory-buffer,run,3563,2592600,0,0,0,8103,1000000,16777216,read,506
measured,probe-memory-buffer,run,3564,2593100,0,0,0,8104,1000000,16777216,read,506
measured,probe-memory-buffer,run,3565,2593500,0,0,0,8106,1000000,16777216,read,506
measured,probe-memory-buffer,run,3566,2593900,0,0,0,8108,1000000,16777216,read,506
measured,probe-memory-buffer,run,3567,2594300,0,0,0,8109,1000000,16777216,read,506
measured,probe-memory-buffer,run,3568,2594700,0,0,0,8111,1000000,16777216,read,506
measured,probe-memory-buffer,run,3569,2595200,0,0,0,8112,1000000,16777216,read,507
measured,probe-memory-buffer,run,3570,2595600,0,0,0,8114,1000000,16777216,read,507
measured,probe-memory-buffer,run,3571,2596000,0,0,0,8116,1000000,16777216,read,507
measured,probe-memory-buffer,run,3572,2596500,0,0,0,8117,1000000,16777216,read,507
measured,probe-memory-buffer,run,3573,2596900,0,0,0,8119,1000000,16777216,read,507
measured,probe-memory-buffer,run,3574,2597300,0,0,0,8121,1000000,16777216,read,507
measured,probe-memory-buffer,run,3575,2597700,0,0,0,8123,1000000,16777216,read,507
measured,probe-memory-buffer,run,3576,2598100,0,0,0,8124,1000000,16777216,read,507
measured,probe-memory-buffer,run,3577,2598600,0,0,0,8126,1000000,16777216,read,507
measured,probe-memory-buffer,run,3578,2599000,0,0,0,8128,1000000,16777216,read,508
measured,probe-memory-buffer,run,3579,2599400,0,0,0,8129,1000000,16777216,read,508
measured,probe-memory-buffer,run,3580,2599800,0,0,0,8131,1000000,16777216,read,508
measured,probe-memory-buffer,run,3581,2600300,0,0,0,8132,1000000,16777216,read,508
measured,probe-memory-buffer,run,3582,2600700,0,0,0,8134,1000000,16777216,read,508
measured,probe-memory-buffer,run,3583,2601100,0,0,0,8136,1000000,16777216,read,508
measured,probe-memory-buffer,run,3584,2601500,0,0,0,8137,1000000,16777216,read,508
measured,probe-memory-buffer,run,3585,2602000,0,0,0,8139,1000000,16777216,read,508
measured,probe-memory-buffer,run,3586,2602400,0,0,0,8141,1000000,16777216,read,508
measured,probe-memory-buffer,run,3587,2602800,0,0,0,8142,1000000,16777216,read,508
measured,probe-memory-buffer,run,3588,2603300,0,0,0,8144,1000000,16777216,read,509
measured,probe-memory-buffer,run,3589,2603700,0,0,0,8146,1000000,16777216,read,509
measured,probe-memory-buffer,run,3590,2604100,0,0,0,8148,1000000,16777216,read,509
measured,probe-memory-buffer,run,3591,2604500,0,0,0,8149,1000000,16777216,read,509
measured,probe-memory-buffer,run,3592,2605000,0,0,0,8151,1000000,16777216,read,509
measured,probe-memory-buffer,run,3593,2605400,0,0,0,8153,1000000,16777216,read,509
measured,probe-memory-buffer,run,3594,2605800,0,0,0,8154,1000000,16777216,read,509
measured,probe-memory-buffer,run,3595,2606200,0,0,0,8156,1000000,16777216,read,509
measured,probe-memory-buffer,run,3596,2606700,0,0,0,8158,1000000,16777216,read,509
measured,probe-memory-buffer,run,3597,2607100,0,0,0,8159,1000000,16777216,read,509
measured,probe-memory-buffer,run,3598,2607600,0,0,0,8161,1000000,16777216,read,510
measured,probe-memory-buffer,run,3599,2608000,0,0,0,8163,1000000,16777216,read,510
measured,probe-memory-buffer,run,3600,2608400,0,0,0,8164,1000000,16777216,read,510
measured,probe-memory-buffer,run,3601,2608800,0,0,0,8166,1000000,16777216,read,510
measured,probe-memory-buffer,run,3602,2609200,0,0,0,8167,1000000,16777216,read,510
measured,probe-memory-buffer,run,3603,2609700,0,0,0,8169,1000000,16777216,read,510
measured,probe-memory-buffer,run,3604,2610100,0,0,0,8171,1000000,16777216,read,510
measured,probe-memory-buffer,run,3605,2610500,0,0,0,8173,1000000,16777216,read,510
measured,probe-memory-buffer,run,3606,2610900,0,0,0,8174,1000000,16777216,read,510
measured,probe-memory-buffer,run,3607,2611300,0,0,0,8176,1000000,16777216,read,511
measured,probe-memory-buffer,run,3608,2611800,0,0,0,8177,1000000,16777216,read,511
measured,probe-memory-buffer,run,3609,2612200,0,0,0,8179,1000000,16777216,read,511
measured,probe-memory-buffer,run,3610,2613500,0,0,0,8184,1000000,16777216,read,511
measured,probe-memory-buffer,run,3611,2613900,0,0,0,8186,1000000,16777216,read,511
measured,probe-memory-buffer,run,3612,2614300,0,0,0,8187,1000000,16777216,read,511
measured,probe-memory-buffer,run,3613,2614800,0,0,0,8189,1000000,16777216,read,511
measured,probe-memory-buffer,run,3614,2615200,0,0,0,8191,1000000,16777216,read,511
measured,probe-memory-buffer,run,3615,2615600,0,0,0,8192,1000000,16777216,read,512
measured,probe-memory-buffer,run,3616,2616000,0,0,0,8194,1000000,16777216,read,512
measured,probe-memory-buffer,run,3617,2616500,0,0,0,8196,1000000,16777216,read,512
measured,probe-memory-buffer,run,3618,2616900,0,0,0,8198,1000000,16777216,read,512
measured,probe-memory-buffer,run,3619,2617300,0,0,0,8199,1000000,16777216,read,512
measured,probe-memory-buffer,run,3620,2617700,0,0,0,8201,1000000,16777216,read,512
measured,probe-memory-buffer,run,3621,2618200,0,0,0,8202,1000000,16777216,read,512
measured,probe-memory-buffer,run,3622,2618600,0,0,0,8204,1000000,16777216,read,512
measured,probe-memory-buffer,run,3623,2619000,0,0,0,8206,1000000,16777216,read,512
measured,probe-memory-buffer,run,3624,2619400,0,0,0,8207,1000000,16777216,read,512
measured,probe-memory-buffer,run,3625,2619800,0,0,0,8209,1000000,16777216,read,513
measured,probe-memory-buffer,run,3626,2620300,0,0,0,8210,1000000,16777216,read,513
measured,probe-memory-buffer,run,3627,2620700,0,0,0,8212,1000000,16777216,read,513
measured,probe-memory-buffer,run,3628,2621200,0,0,0,8214,1000000,16777216,read,513
measured,probe-memory-buffer,run,3629,2621600,0,0,0,8216,1000000,16777216,read,513
measured,probe-memory-buffer,run,3630,2622000,0,0,0,8217,1000000,16777216,read,513
measured,probe-memory-buffer,run,3631,2622400,0,0,0,8219,1000000,16777216,read,513
measured,probe-memory-buffer,run,3632,2622900,0,0,0,8221,1000000,16777216,read,513
measured,probe-memory-buffer,run,3633,2623300,0,0,0,8223,1000000,16777216,read,513
measured,probe-memory-buffer,run,3634,2623700,0,0,0,8224,1000000,16777216,read,514
measured,probe-memory-buffer,run,3635,2624100,0,0,0,8226,1000000,16777216,read,514
measured,probe-memory-buffer,run,3636,2624500,0,0,0,8227,1000000,16777216,read,514
measured,probe-memory-buffer,run,3637,2625000,0,0,0,8229,1000000,16777216,read,514
measured,probe-memory-buffer,run,3638,2625400,0,0,0,8231,1000000,16777216,read,514
measured,probe-memory-buffer,run,3639,2625800,0,0,0,8232,1000000,16777216,read,514
measured,probe-memory-buffer,run,3640,2626200,0,0,0,8234,1000000,16777216,read,514
measured,probe-memory-buffer,run,3641,2626700,0,0,0,8235,1000000,16777216,read,514
measured,probe-memory-buffer,run,3642,2627100,0,0,0,8237,1000000,16777216,read,514
measured,probe-memory-buffer,run,3643,2627500,0,0,0,8239,1000000,16777216,read,514
measured,probe-memory-buffer,run,3644,2627900,0,0,0,8241,1000000,16777216,read,515
measured,probe-memory-buffer,run,3645,2628400,0,0,0,8242,1000000,16777216,read,515
measured,probe-memory-buffer,run,3646,2628800,0,0,0,8244,1000000,16777216,read,515
measured,probe-memory-buffer,run,3647,2629200,0,0,0,8246,1000000,16777216,read,515
measured,probe-memory-buffer,run,3648,2629600,0,0,0,8247,1000000,16777216,read,515
measured,probe-memory-buffer,run,3649,2630000,0,0,0,8249,1000000,16777216,read,515
measured,probe-memory-buffer,run,3650,2630500,0,0,0,8250,1000000,16777216,read,515
measured,probe-memory-buffer,run,3651,2630900,0,0,0,8252,1000000,16777216,read,515
measured,probe-memory-buffer,run,3652,2631300,0,0,0,8254,1000000,16777216,read,515
measured,probe-memory-buffer,run,3653,2631700,0,0,0,8255,1000000,16777216,read,515
measured,probe-memory-buffer,run,3654,2632200,0,0,0,8257,1000000,16777216,read,516
measured,probe-memory-buffer,run,3655,2632600,0,0,0,8259,1000000,16777216,read,516
measured,probe-memory-buffer,run,3656,2633000,0,0,0,8260,1000000,16777216,read,516
measured,probe-memory-buffer,run,3657,2633400,0,0,0,8262,1000000,16777216,read,516
measured,probe-memory-buffer,run,3658,2633900,0,0,0,8264,1000000,16777216,read,516
measured,probe-memory-buffer,run,3659,2634300,0,0,0,8266,1000000,16777216,read,516
measured,probe-memory-buffer,run,3660,2634700,0,0,0,8267,1000000,16777216,read,516
measured,probe-memory-buffer,run,3661,2635100,0,0,0,8269,1000000,16777216,read,516
measured,probe-memory-buffer,run,3662,2646900,0,0,0,8315,1000000,16777216,read,519
measured,probe-memory-buffer,run,3663,2647500,0,0,0,8317,1000000,16777216,read,519
measured,probe-memory-buffer,run,3664,2647900,0,0,0,8319,1000000,16777216,read,519
measured,probe-memory-buffer,run,3665,2648400,0,0,0,8320,1000000,16777216,read,520
measured,probe-memory-buffer,run,3666,2648800,0,0,0,8322,1000000,16777216,read,520
measured,probe-memory-buffer,run,3667,2650600,0,0,0,8329,1000000,16777216,read,520
measured,probe-memory-buffer,run,3668,2651000,0,0,0,8331,1000000,16777216,read,520
measured,probe-memory-buffer,run,3669,2651500,0,0,0,8332,1000000,16777216,read,520
measured,probe-memory-buffer,run,3670,2651900,0,0,0,8334,1000000,16777216,read,520
measured,probe-memory-buffer,run,3671,2652300,0,0,0,8336,1000000,16777216,read,521
measured,probe-memory-buffer,run,3672,2652700,0,0,0,8337,1000000,16777216,read,521
measured,probe-memory-buffer,run,3673,2653200,0,0,0,8339,1000000,16777216,read,521
measured,probe-memory-buffer,run,3674,2653600,0,0,0,8341,1000000,16777216,read,521
measured,probe-memory-buffer,run,3675,2654000,0,0,0,8342,1000000,16777216,read,521
measured,probe-memory-buffer,run,3676,2654400,0,0,0,8344,1000000,16777216,read,521
measured,probe-memory-buffer,run,3677,2654900,0,0,0,8346,1000000,16777216,read,521
measured,probe-memory-buffer,run,3678,2655300,0,0,0,8348,1000000,16777216,read,521
measured,probe-memory-buffer,run,3679,2655700,0,0,0,8349,1000000,16777216,read,521
measured,probe-memory-buffer,run,3680,2656100,0,0,0,8351,1000000,16777216,read,521
measured,probe-memory-buffer,run,3681,2656600,0,0,0,8352,1000000,16777216,read,522
measured,probe-memory-buffer,run,3682,2657000,0,0,0,8354,1000000,16777216,read,522
measured,probe-memory-buffer,run,3683,2657400,0,0,0,8356,1000000,16777216,read,522
measured,probe-memory-buffer,run,3684,2657800,0,0,0,8357,1000000,16777216,read,522
measured,probe-memory-buffer,run,3685,2658200,0,0,0,8359,1000000,16777216,read,522
measured,probe-memory-buffer,run,3686,2658700,0,0,0,8360,1000000,16777216,read,522
measured,probe-memory-buffer,run,3687,2659100,0,0,0,8362,1000000,16777216,read,522
measured,probe-memory-buffer,run,3688,2659500,0,0,0,8364,1000000,16777216,read,522
measured,probe-memory-buffer,run,3689,2659900,0,0,0,8366,1000000,16777216,read,522
measured,probe-memory-buffer,run,3690,2660300,0,0,0,8367,1000000,16777216,read,522
measured,probe-memory-buffer,run,3691,2660800,0,0,0,8369,1000000,16777216,read,523
measured,probe-memory-buffer,run,3692,2661200,0,0,0,8371,1000000,16777216,read,523
measured,probe-memory-buffer,run,3693,2661600,0,0,0,8372,1000000,16777216,read,523
measured,probe-memory-buffer,run,3694,2662000,0,0,0,8374,1000000,16777216,read,523
measured,probe-memory-buffer,run,3695,2662400,0,0,0,8375,1000000,16777216,read,523
measured,probe-memory-buffer,run,3696,2662900,0,0,0,8377,1000000,16777216,read,523
measured,probe-memory-buffer,run,3697,2663300,0,0,0,8379,1000000,16777216,read,523
measured,probe-memory-buffer,run,3698,2663700,0,0,0,8380,1000000,16777216,read,523
measured,probe-memory-buffer,run,3699,2664100,0,0,0,8382,1000000,16777216,read,523
measured,probe-memory-buffer,run,3700,2664500,0,0,0,8383,1000000,16777216,read,523
measured,probe-memory-buffer,run,3701,2665000,0,0,0,8385,1000000,16777216,read,524
measured,probe-memory-buffer,run,3702,2665400,0,0,0,8387,1000000,16777216,read,524
measured,probe-memory-buffer,run,3703,2665800,0,0,0,8389,1000000,16777216,read,524
measured,probe-memory-buffer,run,3704,2666200,0,0,0,8390,1000000,16777216,read,524
measured,probe-memory-buffer,run,3705,2666600,0,0,0,8392,1000000,16777216,read,524
measured,probe-memory-buffer,run,3706,2667100,0,0,0,8393,1000000,16777216,read,524
measured,probe-memory-buffer,run,3707,2667500,0,0,0,8395,1000000,16777216,read,524
measured,probe-memory-buffer,run,3708,2667900,0,0,0,8397,1000000,16777216,read,524
measured,probe-memory-buffer,run,3709,2668300,0,0,0,8398,1000000,16777216,read,524
measured,probe-memory-buffer,run,3710,2668700,0,0,0,8400,1000000,16777216,read,525
measured,probe-memory-buffer,run,3711,2669200,0,0,0,8401,1000000,16777216,read,525
measured,probe-memory-buffer,run,3712,2669600,0,0,0,8403,1000000,16777216,read,525
measured,probe-memory-buffer,run,3713,2670000,0,0,0,8405,1000000,16777216,read,525
measured,probe-memory-buffer,run,3714,2670500,0,0,0,8407,1000000,16777216,read,525
measured,probe-memory-buffer,run,3715,2670900,0,0,0,8408,1000000,16777216,read,525
measured,probe-memory-buffer,run,3716,2671300,0,0,0,8410,1000000,16777216,read,525
measured,probe-memory-buffer,run,3717,2671700,0,0,0,8412,1000000,16777216,read,525
measured,probe-memory-buffer,run,3718,2672100,0,0,0,8413,1000000,16777216,read,525
measured,probe-memory-buffer,run,3719,2672500,0,0,0,8415,1000000,16777216,read,525
measured,probe-memory-buffer,run,3720,2673000,0,0,0,8416,1000000,16777216,read,526
measured,probe-memory-buffer,run,3721,2673400,0,0,0,8418,1000000,16777216,read,526
measured,probe-memory-buffer,run,3722,2673800,0,0,0,8420,1000000,16777216,read,526
measured,probe-memory-buffer,run,3723,2674200,0,0,0,8421,1000000,16777216,read,526
measured,probe-memory-buffer,run,3724,2675800,0,0,0,8427,1000000,16777216,read,526
measured,probe-memory-buffer,run,3725,2676200,0,0,0,8429,1000000,16777216,read,526
measured,probe-memory-buffer,run,3726,2676600,0,0,0,8431,1000000,16777216,read,526
measured,probe-memory-buffer,run,3727,2677000,0,0,0,8432,1000000,16777216,read,527
measured,probe-memory-buffer,run,3728,2677500,0,0,0,8434,1000000,16777216,read,527
measured,probe-memory-buffer,run,3729,2677900,0,0,0,8436,1000000,16777216,read,527
measured,probe-memory-buffer,run,3730,2678300,0,0,0,8437,1000000,16777216,read,527
measured,probe-memory-buffer,run,3731,2678700,0,0,0,8439,1000000,16777216,read,527
measured,probe-memory-buffer,run,3732,2679200,0,0,0,8441,1000000,16777216,read,527
measured,probe-memory-buffer,run,3733,2679600,0,0,0,8442,1000000,16777216,read,527
measured,probe-memory-buffer,run,3734,2680000,0,0,0,8444,1000000,16777216,read,527
measured,probe-memory-buffer,run,3735,2680400,0,0,0,8446,1000000,16777216,read,527
measured,probe-memory-buffer,run,3736,2680800,0,0,0,8447,1000000,16777216,read,527
measured,probe-memory-buffer,run,3737,2681300,0,0,0,8449,1000000,16777216,read,528
measured,probe-memory-buffer,run,3738,2681700,0,0,0,8451,1000000,16777216,read,528
measured,probe-memory-buffer,run,3739,2682200,0,0,0,8452,1000000,16777216,read,528
measured,probe-memory-buffer,run,3740,2682600,0,0,0,8454,1000000,16777216,read,528
measured,probe-memory-buffer,run,3741,2683000,0,0,0,8456,1000000,16777216,read,528
measured,probe-memory-buffer,run,3742,2683400,0,0,0,8457,1000000,16777216,read,528
measured,probe-memory-buffer,run,3743,2683900,0,0,0,8459,1000000,16777216,read,528
measured,probe-memory-buffer,run,3744,2684300,0,0,0,8460,1000000,16777216,read,528
measured,probe-memory-buffer,run,3745,2684700,0,0,0,8462,1000000,16777216,read,528
measured,probe-memory-buffer,run,3746,2685100,0,0,0,8464,1000000,16777216,read,529
measured,probe-memory-buffer,run,3747,2685500,0,0,0,8466,1000000,16777216,read,529
measured,probe-memory-buffer,run,3748,2686000,0,0,0,8467,1000000,16777216,read,529
measured,probe-memory-buffer,run,3749,2761800,0,0,0,8763,1000000,16777216,read,547
measured,probe-memory-buffer,run,3750,2762700,0,0,0,8767,1000000,16777216,read,547
measured,probe-memory-buffer,run,3751,2763200,0,0,0,8769,1000000,16777216,read,548
measured,probe-memory-buffer,run,3752,2763700,0,0,0,8771,1000000,16777216,read,548
measured,probe-memory-buffer,run,3753,2764100,0,0,0,8773,1000000,16777216,read,548
measured,probe-memory-buffer,run,3754,2764600,0,0,0,8774,1000000,16777216,read,548
measured,probe-memory-buffer,run,3755,2765000,0,0,0,8776,1000000,16777216,read,548
measured,probe-memory-buffer,run,3756,2765400,0,0,0,8778,1000000,16777216,read,548
measured,probe-memory-buffer,run,3757,2765800,0,0,0,8779,1000000,16777216,read,548
measured,probe-memory-buffer,run,3758,2766300,0,0,0,8781,1000000,16777216,read,548
measured,probe-memory-buffer,run,3759,2766700,0,0,0,8783,1000000,16777216,read,548
measured,probe-memory-buffer,run,3760,2767100,0,0,0,8784,1000000,16777216,read,549
measured,probe-memory-buffer,run,3761,2767500,0,0,0,8786,1000000,16777216,read,549
measured,probe-memory-buffer,run,3762,2767900,0,0,0,8787,1000000,16777216,read,549
measured,probe-memory-buffer,run,3763,2768400,0,0,0,8789,1000000,16777216,read,549
measured,probe-memory-buffer,run,3764,2768800,0,0,0,8791,1000000,16777216,read,549
measured,probe-memory-buffer,run,3765,2769200,0,0,0,8792,1000000,16777216,read,549
measured,probe-memory-buffer,run,3766,2769600,0,0,0,8794,1000000,16777216,read,549
measured,probe-memory-buffer,run,3767,2770100,0,0,0,8796,1000000,16777216,read,549
measured,probe-memory-buffer,run,3768,2770500,0,0,0,8798,1000000,16777216,read,549
measured,probe-memory-buffer,run,3769,2770900,0,0,0,8799,1000000,16777216,read,549
measured,probe-memory-buffer,run,3770,2771300,0,0,0,8801,1000000,16777216,read,550
measured,probe-memory-buffer,run,3771,2771700,0,0,0,8802,1000000,16777216,read,550
measured,probe-memory-buffer,run,3772,2772200,0,0,0,8804,1000000,16777216,read,550
measured,probe-memory-buffer,run,3773,2772600,0,0,0,8806,1000000,16777216,read,550
measured,probe-memory-buffer,run,3774,2773000,0,0,0,8807,1000000,16777216,read,550
measured,probe-memory-buffer,run,3775,2773400,0,0,0,8809,1000000,16777216,read,550
measured,probe-memory-buffer,run,3776,2773800,0,0,0,8810,1000000,16777216,read,550
measured,probe-memory-buffer,run,3777,2774300,0,0,0,8812,1000000,16777216,read,550
measured,probe-memory-buffer,run,3778,2774700,0,0,0,8814,1000000,16777216,read,550
measured,probe-memory-buffer,run,3779,2775100,0,0,0,8816,1000000,16777216,read,551
measured,probe-memory-buffer,run,3780,2775500,0,0,0,8817,1000000,16777216,read,551
measured,probe-memory-buffer,run,3781,2779200,0,0,0,8832,1000000,16777216,read,552
measured,probe-memory-buffer,run,3782,2781300,0,0,0,8840,1000000,16777216,read,552
measured,probe-memory-buffer,run,3783,2781800,0,0,0,8841,1000000,16777216,read,552
measured,probe-memory-buffer,run,3784,2782200,0,0,0,8843,1000000,16777216,read,552
measured,probe-memory-buffer,run,3785,2782600,0,0,0,8845,1000000,16777216,read,552
measured,probe-memory-buffer,run,3786,2783000,0,0,0,8846,1000000,16777216,read,552
measured,probe-memory-buffer,run,3787,2783500,0,0,0,8848,1000000,16777216,read,553
measured,probe-memory-buffer,run,3788,2783900,0,0,0,8850,1000000,16777216,read,553
measured,probe-memory-buffer,run,3789,2784300,0,0,0,8851,1000000,16777216,read,553
measured,probe-memory-buffer,run,3790,2784700,0,0,0,8853,1000000,16777216,read,553
measured,probe-memory-buffer,run,3791,2785200,0,0,0,8855,1000000,16777216,read,553
measured,probe-memory-buffer,run,3792,2785600,0,0,0,8857,1000000,16777216,read,553
measured,probe-memory-buffer,run,3793,2786000,0,0,0,8858,1000000,16777216,read,553
measured,probe-memory-buffer,run,3794,2786400,0,0,0,8860,1000000,16777216,read,553
measured,probe-memory-buffer,run,3795,2786900,0,0,0,8861,1000000,16777216,read,553
measured,probe-memory-buffer,run,3796,2787300,0,0,0,8863,1000000,16777216,read,553
measured,probe-memory-buffer,run,3797,2787700,0,0,0,8865,1000000,16777216,read,554
measured,probe-memory-buffer,run,3798,2788100,0,0,0,8866,1000000,16777216,read,554
measured,probe-memory-buffer,run,3799,2788600,0,0,0,8868,1000000,16777216,read,554
measured,probe-memory-buffer,run,3800,2789000,0,0,0,8869,1000000,16777216,read,554
measured,probe-memory-buffer,run,3801,2789400,0,0,0,8871,1000000,16777216,read,554
measured,probe-memory-buffer,run,3802,2789800,0,0,0,8873,1000000,16777216,read,554
measured,probe-memory-buffer,run,3803,2790200,0,0,0,8875,1000000,16777216,read,554
measured,probe-memory-buffer,run,3804,2790700,0,0,0,8876,1000000,16777216,read,554
measured,probe-memory-buffer,run,3805,2791100,0,0,0,8878,1000000,16777216,read,554
measured,probe-memory-buffer,run,3806,2791500,0,0,0,8880,1000000,16777216,read,555
measured,probe-memory-buffer,run,3807,2791900,0,0,0,8881,1000000,16777216,read,555
measured,probe-memory-buffer,run,3808,2792300,0,0,0,8883,1000000,16777216,read,555
measured,probe-memory-buffer,run,3809,2792800,0,0,0,8884,1000000,16777216,read,555
measured,probe-memory-buffer,run,3810,2793200,0,0,0,8886,1000000,16777216,read,555
measured,probe-memory-buffer,run,3811,2793600,0,0,0,8888,1000000,16777216,read,555
measured,probe-memory-buffer,run,3812,2794000,0,0,0,8889,1000000,16777216,read,555
measured,probe-memory-buffer,run,3813,2794400,0,0,0,8891,1000000,16777216,read,555
measured,probe-memory-buffer,run,3814,2794900,0,0,0,8892,1000000,16777216,read,555
measured,probe-memory-buffer,run,3815,2795300,0,0,0,8894,1000000,16777216,read,555
measured,probe-memory-buffer,run,3816,2795700,0,0,0,8896,1000000,16777216,read,556
measured,probe-memory-buffer,run,3817,2796100,0,0,0,8898,1000000,16777216,read,556
measured,probe-memory-buffer,run,3818,2796500,0,0,0,8899,1000000,16777216,read,556
measured,probe-memory-buffer,run,3819,2797000,0,0,0,8901,1000000,16777216,read,556
measured,probe-memory-buffer,run,3820,2797400,0,0,0,8903,1000000,16777216,read,556
measured,probe-memory-buffer,run,3821,2797800,0,0,0,8904,1000000,16777216,read,556
measured,probe-memory-buffer,run,3822,2798200,0,0,0,8906,1000000,16777216,read,556
measured,probe-memory-buffer,run,3823,2798600,0,0,0,8907,1000000,16777216,read,556
measured,probe-memory-buffer,run,3824,2799100,0,0,0,8909,1000000,16777216,read,556
measured,probe-memory-buffer,run,3825,2799500,0,0,0,8911,1000000,16777216,read,556
measured,probe-memory-buffer,run,3826,2799900,0,0,0,8912,1000000,16777216,read,557
measured,probe-memory-buffer,run,3827,2800300,0,0,0,8914,1000000,16777216,read,557
measured,probe-memory-buffer,run,3828,2800700,0,0,0,8916,1000000,16777216,read,557
measured,probe-memory-buffer,run,3829,2801200,0,0,0,8917,1000000,16777216,read,557
measured,probe-memory-buffer,run,3830,2801600,0,0,0,8919,1000000,16777216,read,557
measured,probe-memory-buffer,run,3831,2802000,0,0,0,8921,1000000,16777216,read,557
measured,probe-memory-buffer,run,3832,2802400,0,0,0,8922,1000000,16777216,read,557
measured,probe-memory-buffer,run,3833,2802900,0,0,0,8924,1000000,16777216,read,557
measured,probe-memory-buffer,run,3834,2803300,0,0,0,8925,1000000,16777216,read,557
measured,probe-memory-buffer,run,3835,2803700,0,0,0,8927,1000000,16777216,read,557
measured,probe-memory-buffer,run,3836,2804100,0,0,0,8929,1000000,16777216,read,558
measured,probe-memory-buffer,run,3837,2805600,0,0,0,8935,1000000,16777216,read,558
measured,probe-memory-buffer,run,3838,2806000,0,0,0,8936,1000000,16777216,read,558
measured,probe-memory-buffer,run,3839,2806400,0,0,0,8938,1000000,16777216,read,558
measured,probe-memory-buffer,run,3840,2806900,0,0,0,8939,1000000,16777216,read,558
measured,probe-memory-buffer,run,3841,2807300,0,0,0,8941,1000000,16777216,read,558
measured,probe-memory-buffer,run,3842,2807700,0,0,0,8943,1000000,16777216,read,558
measured,probe-memory-buffer,run,3843,2808100,0,0,0,8944,1000000,16777216,read,559
measured,probe-memory-buffer,run,3844,2808600,0,0,0,8946,1000000,16777216,read,559
measured,probe-memory-buffer,run,3845,2809000,0,0,0,8948,1000000,16777216,read,559
measured,probe-memory-buffer,run,3846,2809400,0,0,0,8950,1000000,16777216,read,559
measured,probe-memory-buffer,run,3847,2809800,0,0,0,8951,1000000,16777216,read,559
measured,probe-memory-buffer,run,3848,2810200,0,0,0,8953,1000000,16777216,read,559
measured,probe-memory-buffer,run,3849,2810700,0,0,0,8954,1000000,16777216,read,559
measured,probe-memory-buffer,run,3850,2811100,0,0,0,8956,1000000,16777216,read,559
measured,probe-memory-buffer,run,3851,2811500,0,0,0,8958,1000000,16777216,read,559
measured,probe-memory-buffer,run,3852,2811900,0,0,0,8959,1000000,16777216,read,559
measured,probe-memory-buffer,run,3853,2812400,0,0,0,8961,1000000,16777216,read,560
measured,probe-memory-buffer,run,3854,2812800,0,0,0,8963,1000000,16777216,read,560
measured,probe-memory-buffer,run,3855,2813200,0,0,0,8964,1000000,16777216,read,560
measured,probe-memory-buffer,run,3856,2813600,0,0,0,8966,1000000,16777216,read,560
measured,probe-memory-buffer,run,3857,2814000,0,0,0,8967,1000000,16777216,read,560
measured,probe-memory-buffer,run,3858,2814500,0,0,0,8969,1000000,16777216,read,560
measured,probe-memory-buffer,run,3859,2814900,0,0,0,8971,1000000,16777216,read,560
measured,probe-memory-buffer,run,3860,2815300,0,0,0,8973,1000000,16777216,read,560
measured,probe-memory-buffer,run,3861,2815700,0,0,0,8974,1000000,16777216,read,560
measured,probe-memory-buffer,run,3862,2816200,0,0,0,8976,1000000,16777216,read,561
measured,probe-memory-buffer,run,3863,2816600,0,0,0,8977,1000000,16777216,read,561
measured,probe-memory-buffer,run,3864,2817000,0,0,0,8979,1000000,16777216,read,561
measured,probe-memory-buffer,run,3865,2817400,0,0,0,8981,1000000,16777216,read,561
measured,probe-memory-buffer,run,3866,2817800,0,0,0,8982,1000000,16777216,read,561
measured,probe-memory-buffer,run,3867,2818300,0,0,0,8984,1000000,16777216,read,561
measured,probe-memory-buffer,run,3868,2818700,0,0,0,8986,1000000,16777216,read,561
measured,probe-memory-buffer,run,3869,2819100,0,0,0,8987,1000000,16777216,read,561
measured,probe-memory-buffer,run,3870,2819600,0,0,0,8989,1000000,16777216,read,561
measured,probe-memory-buffer,run,3871,2820000,0,0,0,8991,1000000,16777216,read,561
measured,probe-memory-buffer,run,3872,2820400,0,0,0,8992,1000000,16777216,read,562
measured,probe-memory-buffer,run,3873,2820800,0,0,0,8994,1000000,16777216,read,562
measured,probe-memory-buffer,run,3874,2821200,0,0,0,8996,1000000,16777216,read,562
measured,probe-memory-buffer,run,3875,2821700,0,0,0,8997,1000000,16777216,read,562
measured,probe-memory-buffer,run,3876,2822100,0,0,0,8999,1000000,16777216,read,562
measured,probe-memory-buffer,run,3877,2822500,0,0,0,9001,1000000,16777216,read,562
measured,probe-memory-buffer,run,3878,2847700,0,0,0,9099,1000000,16777216,read,568
measured,probe-memory-buffer,run,3879,2848900,0,0,0,9103,1000000,16777216,read,568
measured,probe-memory-buffer,run,3880,2849400,0,0,0,9105,1000000,16777216,read,569
measured,probe-memory-buffer,run,3881,2849800,0,0,0,9107,1000000,16777216,read,569
measured,probe-memory-buffer,run,3882,2850200,0,0,0,9109,1000000,16777216,read,569
measured,probe-memory-buffer,run,3883,2850600,0,0,0,9110,1000000,16777216,read,569
measured,probe-memory-buffer,run,3884,2851100,0,0,0,9112,1000000,16777216,read,569
measured,probe-memory-buffer,run,3885,2851500,0,0,0,9114,1000000,16777216,read,569
measured,probe-memory-buffer,run,3886,2851900,0,0,0,9116,1000000,16777216,read,569
measured,probe-memory-buffer,run,3887,2852300,0,0,0,9117,1000000,16777216,read,569
measured,probe-memory-buffer,run,3888,2852800,0,0,0,9119,1000000,16777216,read,569
measured,probe-memory-buffer,run,3889,2853200,0,0,0,9121,1000000,16777216,read,570
measured,probe-memory-buffer,run,3890,2853600,0,0,0,9122,1000000,16777216,read,570
measured,probe-memory-buffer,run,3891,2854000,0,0,0,9124,1000000,16777216,read,570
measured,probe-memory-buffer,run,3892,2854500,0,0,0,9125,1000000,16777216,read,570
measured,probe-memory-buffer,run,3893,2854900,0,0,0,9127,1000000,16777216,read,570
measured,probe-memory-buffer,run,3894,2858000,0,0,0,9139,1000000,16777216,read,571
measured,probe-memory-buffer,run,3895,2858400,0,0,0,9141,1000000,16777216,read,571
measured,probe-memory-buffer,run,3896,2858800,0,0,0,9142,1000000,16777216,read,571
measured,probe-memory-buffer,run,3897,2859200,0,0,0,9144,1000000,16777216,read,571
measured,probe-memory-buffer,run,3898,2859700,0,0,0,9146,1000000,16777216,read,571
measured,probe-memory-buffer,run,3899,2860100,0,0,0,9148,1000000,16777216,read,571
measured,probe-memory-buffer,run,3900,2860500,0,0,0,9149,1000000,16777216,read,571
measured,probe-memory-buffer,run,3901,2860900,0,0,0,9151,1000000,16777216,read,571
measured,probe-memory-buffer,run,3902,2861300,0,0,0,9152,1000000,16777216,read,572
measured,probe-memory-buffer,run,3903,2861800,0,0,0,9154,1000000,16777216,read,572
measured,probe-memory-buffer,run,3904,2862200,0,0,0,9156,1000000,16777216,read,572
measured,probe-memory-buffer,run,3905,2862600,0,0,0,9157,1000000,16777216,read,572
measured,probe-memory-buffer,run,3906,2863000,0,0,0,9159,1000000,16777216,read,572
measured,probe-memory-buffer,run,3907,2863400,0,0,0,9160,1000000,16777216,read,572
measured,probe-memory-buffer,run,3908,2863900,0,0,0,9162,1000000,16777216,read,572
measured,probe-memory-buffer,run,3909,2864300,0,0,0,9164,1000000,16777216,read,572
measured,probe-memory-buffer,run,3910,2864700,0,0,0,9166,1000000,16777216,read,572
measured,probe-memory-buffer,run,3911,2865100,0,0,0,9167,1000000,16777216,read,572
measured,probe-memory-buffer,run,3912,2865500,0,0,0,9169,1000000,16777216,read,573
measured,probe-memory-buffer,run,3913,2866000,0,0,0,9170,1000000,16777216,read,573
measured,probe-memory-buffer,run,3914,2866400,0,0,0,9172,1000000,16777216,read,573
measured,probe-memory-buffer,run,3915,2866800,0,0,0,9174,1000000,16777216,read,573
measured,probe-memory-buffer,run,3916,2867200,0,0,0,9175,1000000,16777216,read,573
measured,probe-memory-buffer,run,3917,2867700,0,0,0,9177,1000000,16777216,read,573
measured,probe-memory-buffer,run,3918,2868100,0,0,0,9179,1000000,16777216,read,573
measured,probe-memory-buffer,run,3919,2868500,0,0,0,9180,1000000,16777216,read,573
measured,probe-memory-buffer,run,3920,2868900,0,0,0,9182,1000000,16777216,read,573
measured,probe-memory-buffer,run,3921,2869300,0,0,0,9183,1000000,16777216,read,573
measured,probe-memory-buffer,run,3922,2869800,0,0,0,9185,1000000,16777216,read,574
measured,probe-memory-buffer,run,3923,2870200,0,0,0,9187,1000000,16777216,read,574
measured,probe-memory-buffer,run,3924,2870600,0,0,0,9189,1000000,16777216,read,574
measured,probe-memory-buffer,run,3925,2871000,0,0,0,9190,1000000,16777216,read,574
measured,probe-memory-buffer,run,3926,2871500,0,0,0,9192,1000000,16777216,read,574
measured,probe-memory-buffer,run,3927,2871900,0,0,0,9194,1000000,16777216,read,574
measured,probe-memory-buffer,run,3928,2872300,0,0,0,9195,1000000,16777216,read,574
measured,probe-memory-buffer,run,3929,2872700,0,0,0,9197,1000000,16777216,read,574
measured,probe-memory-buffer,run,3930,2873100,0,0,0,9198,1000000,16777216,read,574
measured,probe-memory-buffer,run,3931,2873600,0,0,0,9200,1000000,16777216,read,575
measured,probe-memory-buffer,run,3932,2874000,0,0,0,9202,1000000,16777216,read,575
measured,probe-memory-buffer,run,3933,2874400,0,0,0,9203,1000000,16777216,read,575
measured,probe-memory-buffer,run,3934,2874800,0,0,0,9205,1000000,16777216,read,575
measured,probe-memory-buffer,run,3935,2875300,0,0,0,9207,1000000,16777216,read,575
measured,probe-memory-buffer,run,3936,2875700,0,0,0,9208,1000000,16777216,read,575
measured,probe-memory-buffer,run,3937,2876100,0,0,0,9210,1000000,16777216,read,575
measured,probe-memory-buffer,run,3938,2876500,0,0,0,9212,1000000,16777216,read,575
measured,probe-memory-buffer,run,3939,2877000,0,0,0,9213,1000000,16777216,read,575
measured,probe-memory-buffer,run,3940,2877400,0,0,0,9215,1000000,16777216,read,575
measured,probe-memory-buffer,run,3941,2877800,0,0,0,9217,1000000,16777216,read,576
measured,probe-memory-buffer,run,3942,2878200,0,0,0,9218,1000000,16777216,read,576
measured,probe-memory-buffer,run,3943,2878700,0,0,0,9220,1000000,16777216,read,576
measured,probe-memory-buffer,run,3944,2879100,0,0,0,9222,1000000,16777216,read,576
measured,probe-memory-buffer,run,3945,2879500,0,0,0,9223,1000000,16777216,read,576
measured,probe-memory-buffer,run,3946,2879900,0,0,0,9225,1000000,16777216,read,576
measured,probe-memory-buffer,run,3947,2880300,0,0,0,9226,1000000,16777216,read,576
measured,probe-memory-buffer,run,3948,2880800,0,0,0,9228,1000000,16777216,read,576
measured,probe-memory-buffer,run,3949,2881200,0,0,0,9230,1000000,16777216,read,576
measured,probe-memory-buffer,run,3950,2881600,0,0,0,9232,1000000,16777216,read,577
measured,probe-memory-buffer,run,3951,2883200,0,0,0,9238,1000000,16777216,read,577
measured,probe-memory-buffer,run,3952,2883600,0,0,0,9239,1000000,16777216,read,577
measured,probe-memory-buffer,run,3953,2884100,0,0,0,9241,1000000,16777216,read,577
measured,probe-memory-buffer,run,3954,2884500,0,0,0,9243,1000000,16777216,read,577
measured,probe-memory-buffer,run,3955,2884900,0,0,0,9244,1000000,16777216,read,577
measured,probe-memory-buffer,run,3956,2885300,0,0,0,9246,1000000,16777216,read,577
measured,probe-memory-buffer,run,3957,2885700,0,0,0,9248,1000000,16777216,read,578
measured,probe-memory-buffer,run,3958,2886200,0,0,0,9250,1000000,16777216,read,578
measured,probe-memory-buffer,run,3959,2886600,0,0,0,9251,1000000,16777216,read,578
measured,probe-memory-buffer,run,3960,2887000,0,0,0,9253,1000000,16777216,read,578
measured,probe-memory-buffer,run,3961,2887400,0,0,0,9254,1000000,16777216,read,578
measured,probe-memory-buffer,run,3962,2887900,0,0,0,9256,1000000,16777216,read,578
measured,probe-memory-buffer,run,3963,2888300,0,0,0,9258,1000000,16777216,read,578
measured,probe-memory-buffer,run,3964,2888700,0,0,0,9259,1000000,16777216,read,578
measured,probe-memory-buffer,run,3965,2889100,0,0,0,9261,1000000,16777216,read,578
measured,probe-memory-buffer,run,3966,2889600,0,0,0,9262,1000000,16777216,read,578
measured,probe-memory-buffer,run,3967,2890000,0,0,0,9264,1000000,16777216,read,579
measured,probe-memory-buffer,run,3968,2890400,0,0,0,9266,1000000,16777216,read,579
measured,probe-memory-buffer,run,3969,2890800,0,0,0,9267,1000000,16777216,read,579
measured,probe-memory-buffer,run,3970,2891200,0,0,0,9269,1000000,16777216,read,579
measured,probe-memory-buffer,run,3971,2891700,0,0,0,9271,1000000,16777216,read,579
measured,probe-memory-buffer,run,3972,2892100,0,0,0,9273,1000000,16777216,read,579
measured,probe-memory-buffer,run,3973,2892500,0,0,0,9274,1000000,16777216,read,579
measured,probe-memory-buffer,run,3974,2892900,0,0,0,9276,1000000,16777216,read,579
measured,probe-memory-buffer,run,3975,2893300,0,0,0,9277,1000000,16777216,read,579
measured,probe-memory-buffer,run,3976,2893800,0,0,0,9279,1000000,16777216,read,579
measured,probe-memory-buffer,run,3977,2894200,0,0,0,9281,1000000,16777216,read,580
measured,probe-memory-buffer,run,3978,2894600,0,0,0,9282,1000000,16777216,read,580
measured,probe-memory-buffer,run,3979,2895000,0,0,0,9284,1000000,16777216,read,580
measured,probe-memory-buffer,run,3980,2895500,0,0,0,9285,1000000,16777216,read,580
measured,probe-memory-buffer,run,3981,2895900,0,0,0,9287,1000000,16777216,read,580
measured,probe-memory-buffer,run,3982,2896300,0,0,0,9289,1000000,16777216,read,580
measured,probe-memory-buffer,run,3983,2896700,0,0,0,9291,1000000,16777216,read,580
measured,probe-memory-buffer,run,3984,2897100,0,0,0,9292,1000000,16777216,read,580
measured,probe-memory-buffer,run,3985,2897600,0,0,0,9294,1000000,16777216,read,580
measured,probe-memory-buffer,run,3986,2898000,0,0,0,9296,1000000,16777216,read,581
measured,probe-memory-buffer,run,3987,2898400,0,0,0,9297,1000000,16777216,read,581
measured,probe-memory-buffer,run,3988,2898800,0,0,0,9299,1000000,16777216,read,581
measured,probe-memory-buffer,run,3989,2899200,0,0,0,9300,1000000,16777216,read,581
measured,probe-memory-buffer,run,3990,2899700,0,0,0,9302,1000000,16777216,read,581
measured,probe-memory-buffer,run,3991,2900100,0,0,0,9304,1000000,16777216,read,581
measured,probe-memory-buffer,run,3992,2900500,0,0,0,9305,1000000,16777216,read,581
measured,probe-memory-buffer,run,3993,2900900,0,0,0,9307,1000000,16777216,read,581
measured,probe-memory-buffer,run,3994,2901400,0,0,0,9308,1000000,16777216,read,581
measured,probe-memory-buffer,run,3995,2901800,0,0,0,9310,1000000,16777216,read,581
measured,probe-memory-buffer,run,3996,2902200,0,0,0,9312,1000000,16777216,read,582
measured,probe-memory-buffer,run,3997,2902600,0,0,0,9314,1000000,16777216,read,582
measured,probe-memory-buffer,run,3998,2903000,0,0,0,9315,1000000,16777216,read,582
measured,probe-memory-buffer,run,3999,2903500,0,0,0,9317,1000000,16777216,read,582
measured,probe-memory-buffer,run,4000,2903900,0,0,0,9319,1000000,16777216,read,582
measured,probe-memory-buffer,run,4001,2904300,0,0,0,9320,1000000,16777216,read,582
