evidence,source_log,run_id,seq,host_ns,cpu,global_icount,model_ns,visible_ns,window_ns,slope_q32,event,counter_ticks
measured,probe-memory-buffer,run,0,144300,0,0,0,0,10000,0,update,0
measured,probe-memory-buffer,run,1,288300,0,0,0,0,10000,16777216,resume,0
measured,probe-memory-buffer,run,2,839000,0,0,0,2150,10000,16777216,read,134
measured,probe-memory-buffer,run,3,1029900,0,0,0,2896,10000,16777216,read,181
measured,probe-memory-buffer,run,4,1204500,0,0,0,3578,10000,16777216,read,223
measured,probe-memory-buffer,run,5,1327800,0,0,0,4060,10000,16777216,read,253
measured,probe-memory-buffer,run,6,1450800,0,0,0,4540,10000,16777216,read,283
measured,probe-memory-buffer,run,7,1573600,0,0,0,5020,10000,16777216,read,313
measured,probe-memory-buffer,run,8,1695800,0,0,0,5497,10000,16777216,read,343
measured,probe-memory-buffer,run,9,1816000,0,0,0,5967,10000,16777216,read,372
measured,probe-memory-buffer,run,10,1934800,0,0,0,6431,10000,16777216,read,401
measured,probe-memory-buffer,run,11,2053500,0,0,0,6895,10000,16777216,read,430
measured,probe-memory-buffer,run,12,2172800,0,0,0,7361,10000,16777216,read,460
measured,probe-memory-buffer,run,13,2335500,0,0,0,7996,10000,16777216,read,499
measured,probe-memory-buffer,run,14,2462800,0,0,0,8494,10000,16777216,read,530
measured,probe-memory-buffer,run,15,2587000,0,0,0,8979,10000,16777216,read,561
measured,probe-memory-buffer,run,16,2711100,0,0,0,9464,10000,16777216,read,591
measured,probe-memory-buffer,run,17,2834900,0,0,0,9947,10000,16777216,read,621
measured,probe-memory-buffer,run,18,2959300,0,0,0,10000,10000,16777216,bound_hit,625
measured,probe-memory-buffer,run,19,3172400,0,0,0,10000,10000,16777216,bound_hit,625
measured,probe-memory-buffer,run,20,3373200,0,0,0,10000,10000,16777216,bound_hit,625
measured,probe-memory-buffer,run,21,3499400,0,0,0,10000,10000,16777216,bound_hit,625
measured,probe-memory-buffer,run,22,3622800,0,0,0,10000,10000,16777216,bound_hit,625
measured,probe-memory-buffer,run,23,3745700,0,0,0,10000,10000,16777216,bound_hit,625
measured,probe-memory-buffer,run,24,3868900,0,0,0,10000,10000,16777216,bound_hit,625
measured,probe-memory-buffer,run,25,4082900,0,0,0,10000,10000,16777216,bound_hit,625
measured,probe-memory-buffer,run,26,4232300,0,0,0,10000,10000,16777216,bound_hit,625
measured,probe-memory-buffer,run,27,4408200,0,0,0,10000,10000,16777216,bound_hit,625
measured,probe-memory-buffer,run,28,4548000,0,0,0,10000,10000,16777216,bound_hit,625
measured,probe-memory-buffer,run,29,4684900,0,0,0,10000,10000,16777216,bound_hit,625
measured,probe-memory-buffer,run,30,4820100,0,0,0,10000,10000,16777216,bound_hit,625
measured,probe-memory-buffer,run,31,4947600,0,0,0,10000,10000,16777216,bound_hit,625
measured,probe-memory-buffer,run,32,5073800,0,0,0,10000,10000,16777216,bound_hit,625
measured,probe-memory-buffer,run,33,5217900,0,0,0,10000,10000,16777216,bound_hit,625
measured,probe-memory-buffer,run,34,5342000,0,0,0,10000,10000,16777216,bound_hit,625
measured,probe-memory-buffer,run,35,5488600,0,0,0,10000,10000,16777216,bound_hit,625
measured,probe-memory-buffer,run,36,5614400,0,0,0,10000,10000,16777216,bound_hit,625
measured,probe-memory-buffer,run,37,5737400,0,0,0,10000,10000,16777216,bound_hit,625
measured,probe-memory-buffer,run,38,5858500,0,0,0,10000,10000,16777216,bound_hit,625
measured,probe-memory-buffer,run,39,5977900,0,0,0,10000,10000,16777216,bound_hit,625
measured,probe-memory-buffer,run,40,6096700,0,0,0,10000,10000,16777216,bound_hit,625
measured,probe-memory-buffer,run,41,6215500,0,0,0,10000,10000,16777216,bound_hit,625
measured,probe-memory-buffer,run,42,6334400,0,0,0,10000,10000,16777216,bound_hit,625
measured,probe-memory-buffer,run,43,6453200,0,0,0,10000,10000,16777216,bound_hit,625
measured,probe-memory-buffer,run,44,6573400,0,0,0,10000,10000,16777216,bound_hit,625
measured,probe-memory-buffer,run,45,6692400,0,0,0,10000,10000,16777216,bound_hit,625
measured,probe-memory-buffer,run,46,6811700,0,0,0,10000,10000,16777216,bound_hit,625
measured,probe-memory-buffer,run,47,6930700,0,0,0,10000,10000,16777216,bound_hit,625
measured,probe-memory-buffer,run,48,7049500,0,0,0,10000,10000,16777216,bound_hit,625
measured,probe-memory-buffer,run,49,7168300,0,0,0,10000,10000,16777216,bound_hit,625
measured,probe-memory-buffer,run,50,7287400,0,0,0,10000,10000,16777216,bound_hit,625
measured,probe-memory-buffer,run,51,7406200,0,0,0,10000,10000,16777216,bound_hit,625
measured,probe-memory-buffer,run,52,7525100,0,0,0,10000,10000,16777216,bound_hit,625
measured,probe-memory-buffer,run,53,7644100,0,0,0,10000,10000,16777216,bound_hit,625
measured,probe-memory-buffer,run,54,7763100,0,0,0,10000,10000,16777216,bound_hit,625
measured,probe-memory-buffer,run,55,7881900,0,0,0,10000,10000,16777216,bound_hit,625
measured,probe-memory-buffer,run,56,8002000,0,0,0,10000,10000,16777216,bound_hit,625
measured,probe-memory-buffer,run,57,8122100,0,0,0,10000,10000,16777216,bound_hit,625
measured,probe-memory-buffer,run,58,8241900,0,0,0,10000,10000,16777216,bound_hit,625
measured,probe-memory-buffer,run,59,8361200,0,0,0,10000,10000,16777216,bound_hit,625
measured,probe-memory-buffer,run,60,8480500,0,0,0,10000,10000,16777216,bound_hit,625
measured,probe-memory-buffer,run,61,8599900,0,0,0,10000,10000,16777216,bound_hit,625
measured,probe-memory-buffer,run,62,8719100,0,0,0,10000,10000,16777216,bound_hit,625
measured,probe-memory-buffer,run,63,8838100,0,0,0,10000,10000,16777216,bound_hit,625
measured,probe-memory-buffer,run,64,8957300,0,0,0,10000,10000,16777216,bound_hit,625
measured,probe-memory-buffer,run,65,9076400,0,0,0,10000,10000,16777216,bound_hit,625
measured,probe-memory-buffer,run,66,9195600,0,0,0,10000,10000,16777216,bound_hit,625
measured,probe-memory-buffer,run,67,9314900,0,0,0,10000,10000,16777216,bound_hit,625
measured,probe-memory-buffer,run,68,9434200,0,0,0,10000,10000,16777216,bound_hit,625
measured,probe-memory-buffer,run,69,9553700,0,0,0,10000,10000,16777216,bound_hit,625
measured,probe-memory-buffer,run,70,9672900,0,0,0,10000,10000,16777216,bound_hit,625
measured,probe-memory-buffer,run,71,9792400,0,0,0,10000,10000,16777216,bound_hit,625
measured,probe-memory-buffer,run,72,9911600,0,0,0,10000,10000,16777216,bound_hit,625
measured,probe-memory-buffer,run,73,10030800,0,0,0,10000,10000,16777216,bound_hit,625
measured,probe-memory-buffer,run,74,10149900,0,0,0,10000,10000,16777216,bound_hit,625
measured,probe-memory-buffer,run,75,10269100,0,0,0,10000,10000,16777216,bound_hit,625
measured,probe-memory-buffer,run,76,10388400,0,0,0,10000,10000,16777216,bound_hit,625
measured,probe-memory-buffer,run,77,10507700,0,0,0,10000,10000,16777216,bound_hit,625
measured,probe-memory-buffer,run,78,10627400,0,0,0,10000,10000,16777216,bound_hit,625
measured,probe-memory-buffer,run,79,10746500,0,0,0,10000,10000,16777216,bound_hit,625
measured,probe-memory-buffer,run,80,10867300,0,0,0,10000,10000,16777216,bound_hit,625
measured,probe-memory-buffer,run,81,11030800,0,0,0,10000,10000,16777216,bound_hit,625
measured,probe-memory-buffer,run,82,11159500,0,0,0,10000,10000,16777216,bound_hit,625
measured,probe-memory-buffer,run,83,11318800,0,0,0,10000,10000,16777216,bound_hit,625
measured,probe-memory-buffer,run,84,11447400,0,0,0,10000,10000,16777216,bound_hit,625
measured,probe-memory-buffer,run,85,11575400,0,0,0,10000,10000,16777216,bound_hit,625
measured,probe-memory-buffer,run,86,11705100,0,0,0,10000,10000,16777216,bound_hit,625
measured,probe-memory-buffer,run,87,11836300,0,0,0,10000,10000,16777216,bound_hit,625
measured,probe-memory-buffer,run,88,11966000,0,0,0,10000,10000,16777216,bound_hit,625
measured,probe-memory-buffer,run,89,12074500,0,0,0,10000,10000,16777216,bound_hit,625
measured,probe-memory-buffer,run,90,12194700,0,0,0,10000,10000,16777216,bound_hit,625
measured,probe-memory-buffer,run,91,12338500,0,0,0,10000,10000,16777216,bound_hit,625
measured,probe-memory-buffer,run,92,12475800,0,0,0,10000,10000,16777216,bound_hit,625
measured,probe-memory-buffer,run,93,12623800,0,0,0,10000,10000,16777216,bound_hit,625
measured,probe-memory-buffer,run,94,12765900,0,0,0,10000,10000,16777216,bound_hit,625
measured,probe-memory-buffer,run,95,12891300,0,0,0,10000,10000,16777216,bound_hit,625
measured,probe-memory-buffer,run,96,13028100,0,0,0,10000,10000,16777216,bound_hit,625
measured,probe-memory-buffer,run,97,13169100,0,0,0,10000,10000,16777216,bound_hit,625
measured,probe-memory-buffer,run,98,13303700,0,0,0,10000,10000,16777216,bound_hit,625
measured,probe-memory-buffer,run,99,13443300,0,0,0,10000,10000,16777216,bound_hit,625
measured,probe-memory-buffer,run,100,13596100,0,0,0,10000,10000,16777216,bound_hit,625
measured,probe-memory-buffer,run,101,13729400,0,0,0,10000,10000,16777216,bound_hit,625
measured,probe-memory-buffer,run,102,13853300,0,0,0,10000,10000,16777216,bound_hit,625
measured,probe-memory-buffer,run,103,13995500,0,0,0,10000,10000,16777216,bound_hit,625
measured,probe-memory-buffer,run,104,14140000,0,0,0,10000,10000,16777216,bound_hit,625
measured,probe-memory-buffer,run,105,14268700,0,0,0,10000,10000,16777216,bound_hit,625
measured,probe-memory-buffer,run,106,14407500,0,0,0,10000,10000,16777216,bound_hit,625
measured,probe-memory-buffer,run,107,14529300,0,0,0,10000,10000,16777216,bound_hit,625
measured,probe-memory-buffer,run,108,14672500,0,0,0,10000,10000,16777216,bound_hit,625
measured,probe-memory-buffer,run,109,14790800,0,0,0,10000,10000,16777216,bound_hit,625
measured,probe-memory-buffer,run,110,14909000,0,0,0,10000,10000,16777216,bound_hit,625
measured,probe-memory-buffer,run,111,15026900,0,0,0,10000,10000,16777216,bound_hit,625
measured,probe-memory-buffer,run,112,15144700,0,0,0,10000,10000,16777216,bound_hit,625
measured,probe-memory-buffer,run,113,15262400,0,0,0,10000,10000,16777216,bound_hit,625
measured,probe-memory-buffer,run,114,15380200,0,0,0,10000,10000,16777216,bound_hit,625
measured,probe-memory-buffer,run,115,15499000,0,0,0,10000,10000,16777216,bound_hit,625
measured,probe-memory-buffer,run,116,15617100,0,0,0,10000,10000,16777216,bound_hit,625
measured,probe-memory-buffer,run,117,15736200,0,0,0,10000,10000,16777216,bound_hit,625
measured,probe-memory-buffer,run,118,15855700,0,0,0,10000,10000,16777216,bound_hit,625
measured,probe-memory-buffer,run,119,15974200,0,0,0,10000,10000,16777216,bound_hit,625
measured,probe-memory-buffer,run,120,16092700,0,0,0,10000,10000,16777216,bound_hit,625
measured,probe-memory-buffer,run,121,16210900,0,0,0,10000,10000,16777216,bound_hit,625
measured,probe-memory-buffer,run,122,16328800,0,0,0,10000,10000,16777216,bound_hit,625
measured,probe-memory-buffer,run,123,16447400,0,0,0,10000,10000,16777216,bound_hit,625
measured,probe-memory-buffer,run,124,16565400,0,0,0,10000,10000,16777216,bound_hit,625
measured,probe-memory-buffer,run,125,16683800,0,0,0,10000,10000,16777216,bound_hit,625
measured,probe-memory-buffer,run,126,16802500,0,0,0,10000,10000,16777216,bound_hit,625
measured,probe-memory-buffer,run,127,16921300,0,0,0,10000,10000,16777216,bound_hit,625
measured,probe-memory-buffer,run,128,17041000,0,0,0,10000,10000,16777216,bound_hit,625
measured,probe-memory-buffer,run,129,17160800,0,0,0,10000,10000,16777216,bound_hit,625
measured,probe-memory-buffer,run,130,17279100,0,0,0,10000,10000,16777216,bound_hit,625
measured,probe-memory-buffer,run,131,17397700,0,0,0,10000,10000,16777216,bound_hit,625
measured,probe-memory-buffer,run,132,17517000,0,0,0,10000,10000,16777216,bound_hit,625
measured,probe-memory-buffer,run,133,17637600,0,0,0,10000,10000,16777216,bound_hit,625
measured,probe-memory-buffer,run,134,17756700,0,0,0,10000,10000,16777216,bound_hit,625
measured,probe-memory-buffer,run,135,17913200,0,0,0,10000,10000,16777216,bound_hit,625
measured,probe-memory-buffer,run,136,18056000,0,0,0,10000,10000,16777216,bound_hit,625
measured,probe-memory-buffer,run,137,18187500,0,0,0,10000,10000,16777216,bound_hit,625
measured,probe-memory-buffer,run,138,18320500,0,0,0,10000,10000,16777216,bound_hit,625
measured,probe-memory-buffer,run,139,18452200,0,0,0,10000,10000,16777216,bound_hit,625
measured,probe-memory-buffer,run,140,18594500,0,0,0,10000,10000,16777216,bound_hit,625
measured,probe-memory-buffer,run,141,18725000,0,0,0,10000,10000,16777216,bound_hit,625
measured,probe-memory-buffer,run,142,18848300,0,0,0,10000,10000,16777216,bound_hit,625
measured,probe-memory-buffer,run,143,18969700,0,0,0,10000,10000,16777216,bound_hit,625
measured,probe-memory-buffer,run,144,19100300,0,0,0,10000,10000,16777216,bound_hit,625
measured,probe-memory-buffer,run,145,19224200,0,0,0,10000,10000,16777216,bound_hit,625
measured,probe-memory-buffer,run,146,19344500,0,0,0,10000,10000,16777216,bound_hit,625
measured,probe-memory-buffer,run,147,19466300,0,0,0,10000,10000,16777216,bound_hit,625
measured,probe-memory-buffer,run,148,19586400,0,0,0,10000,10000,16777216,bound_hit,625
measured,probe-memory-buffer,run,149,19706800,0,0,0,10000,10000,16777216,bound_hit,625
measured,probe-memory-buffer,run,150,19829400,0,0,0,10000,10000,16777216,bound_hit,625
measured,probe-memory-buffer,run,151,19949700,0,0,0,10000,10000,16777216,bound_hit,625
measured,probe-memory-buffer,run,152,20132100,0,0,0,10000,10000,16777216,bound_hit,625
measured,probe-memory-buffer,run,153,20265000,0,0,0,10000,10000,16777216,bound_hit,625
measured,probe-memory-buffer,run,154,20392300,0,0,0,10000,10000,16777216,bound_hit,625
measured,probe-memory-buffer,run,155,20518900,0,0,0,10000,10000,16777216,bound_hit,625
measured,probe-memory-buffer,run,156,20645200,0,0,0,10000,10000,16777216,bound_hit,625
measured,probe-memory-buffer,run,157,20773400,0,0,0,10000,10000,16777216,bound_hit,625
measured,probe-memory-buffer,run,158,20900800,0,0,0,10000,10000,16777216,bound_hit,625
measured,probe-memory-buffer,run,159,21027800,0,0,0,10000,10000,16777216,bound_hit,625
measured,probe-memory-buffer,run,160,21154400,0,0,0,10000,10000,16777216,bound_hit,625
measured,probe-memory-buffer,run,161,21281000,0,0,0,10000,10000,16777216,bound_hit,625
measured,probe-memory-buffer,run,162,21409700,0,0,0,10000,10000,16777216,bound_hit,625
measured,probe-memory-buffer,run,163,21537300,0,0,0,10000,10000,16777216,bound_hit,625
measured,probe-memory-buffer,run,164,21661700,0,0,0,10000,10000,16777216,bound_hit,625
measured,probe-memory-buffer,run,165,21784300,0,0,0,10000,10000,16777216,bound_hit,625
measured,probe-memory-buffer,run,166,21904600,0,0,0,10000,10000,16777216,bound_hit,625
measured,probe-memory-buffer,run,167,22024700,0,0,0,10000,10000,16777216,bound_hit,625
measured,probe-memory-buffer,run,168,22145300,0,0,0,10000,10000,16777216,bound_hit,625
measured,probe-memory-buffer,run,169,22265900,0,0,0,10000,10000,16777216,bound_hit,625
measured,probe-memory-buffer,run,170,22386800,0,0,0,10000,10000,16777216,bound_hit,625
measured,probe-memory-buffer,run,171,22508500,0,0,0,10000,10000,16777216,bound_hit,625
measured,probe-memory-buffer,run,172,22628000,0,0,0,10000,10000,16777216,bound_hit,625
measured,probe-memory-buffer,run,173,22747200,0,0,0,10000,10000,16777216,bound_hit,625
measured,probe-memory-buffer,run,174,22917400,0,0,0,10000,10000,16777216,bound_hit,625
measured,probe-memory-buffer,run,175,23048500,0,0,0,10000,10000,16777216,bound_hit,625
measured,probe-memory-buffer,run,176,23172300,0,0,0,10000,10000,16777216,bound_hit,625
measured,probe-memory-buffer,run,177,23294600,0,0,0,10000,10000,16777216,bound_hit,625
measured,probe-memory-buffer,run,178,23437300,0,0,0,10000,10000,16777216,bound_hit,625
measured,probe-memory-buffer,run,179,23559500,0,0,0,10000,10000,16777216,bound_hit,625
measured,probe-memory-buffer,run,180,23680900,0,0,0,10000,10000,16777216,bound_hit,625
measured,probe-memory-buffer,run,181,23801000,0,0,0,10000,10000,16777216,bound_hit,625
measured,probe-memory-buffer,run,182,23922500,0,0,0,10000,10000,16777216,bound_hit,625
measured,probe-memory-buffer,run,183,24042700,0,0,0,10000,10000,16777216,bound_hit,625
measured,probe-memory-buffer,run,184,24178100,0,0,0,10000,10000,16777216,bound_hit,625
measured,probe-memory-buffer,run,185,24344400,0,0,0,10000,10000,16777216,bound_hit,625
measured,probe-memory-buffer,run,186,24474000,0,0,0,10000,10000,16777216,bound_hit,625
measured,probe-memory-buffer,run,187,24598500,0,0,0,10000,10000,16777216,bound_hit,625
measured,probe-memory-buffer,run,188,24723200,0,0,0,10000,10000,16777216,bound_hit,625
measured,probe-memory-buffer,run,189,24854700,0,0,0,10000,10000,16777216,bound_hit,625
measured,probe-memory-buffer,run,190,24977700,0,0,0,10000,10000,16777216,bound_hit,625
measured,probe-memory-buffer,run,191,25122400,0,0,0,10000,10000,16777216,bound_hit,625
measured,probe-memory-buffer,run,192,25272200,0,0,0,10000,10000,16777216,bound_hit,625
measured,probe-memory-buffer,run,193,25449100,0,0,0,10000,10000,16777216,bound_hit,625
measured,probe-memory-buffer,run,194,25583600,0,0,0,10000,10000,16777216,bound_hit,625
measured,probe-memory-buffer,run,195,25724100,0,0,0,10000,10000,16777216,bound_hit,625
measured,probe-memory-buffer,run,196,25862900,0,0,0,10000,10000,16777216,bound_hit,625
measured,probe-memory-buffer,run,197,26021200,0,0,0,10000,10000,16777216,bound_hit,625
measured,probe-memory-buffer,run,198,26142500,0,0,0,10000,10000,16777216,bound_hit,625
measured,probe-memory-buffer,run,199,26262300,0,0,0,10000,10000,16777216,bound_hit,625
measured,probe-memory-buffer,run,200,26381700,0,0,0,10000,10000,16777216,bound_hit,625
measured,probe-memory-buffer,run,201,26500800,0,0,0,10000,10000,16777216,bound_hit,625
measured,probe-memory-buffer,run,202,26620400,0,0,0,10000,10000,16777216,bound_hit,625
measured,probe-memory-buffer,run,203,26743800,0,0,0,10000,10000,16777216,bound_hit,625
measured,probe-memory-buffer,run,204,26916900,0,0,0,10000,10000,16777216,bound_hit,625
measured,probe-memory-buffer,run,205,27046300,0,0,0,10000,10000,16777216,bound_hit,625
measured,probe-memory-buffer,run,206,27172800,0,0,0,10000,10000,16777216,bound_hit,625
measured,probe-memory-buffer,run,207,27298900,0,0,0,10000,10000,16777216,bound_hit,625
measured,probe-memory-buffer,run,208,27424600,0,0,0,10000,10000,16777216,bound_hit,625
measured,probe-memory-buffer,run,209,27550500,0,0,0,10000,10000,16777216,bound_hit,625
measured,probe-memory-buffer,run,210,27676200,0,0,0,10000,10000,16777216,bound_hit,625
measured,probe-memory-buffer,run,211,27799000,0,0,0,10000,10000,16777216,bound_hit,625
measured,probe-memory-buffer,run,212,27920200,0,0,0,10000,10000,16777216,bound_hit,625
measured,probe-memory-buffer,run,213,28040900,0,0,0,10000,10000,16777216,bound_hit,625
measured,probe-memory-buffer,run,214,28163600,0,0,0,10000,10000,16777216,bound_hit,625
measured,probe-memory-buffer,run,215,28285200,0,0,0,10000,10000,16777216,bound_hit,625
measured,probe-memory-buffer,run,216,28406000,0,0,0,10000,10000,16777216,bound_hit,625
measured,probe-memory-buffer,run,217,28526600,0,0,0,10000,10000,16777216,bound_hit,625
measured,probe-memory-buffer,run,218,28647400,0,0,0,10000,10000,16777216,bound_hit,625
measured,probe-memory-buffer,run,219,28767900,0,0,0,10000,10000,16777216,bound_hit,625
measured,probe-memory-buffer,run,220,28889000,0,0,0,10000,10000,16777216,bound_hit,625
measured,probe-memory-buffer,run,221,29009500,0,0,0,10000,10000,16777216,bound_hit,625
measured,probe-memory-buffer,run,222,29129900,0,0,0,10000,10000,16777216,bound_hit,625
measured,probe-memory-buffer,run,223,29250300,0,0,0,10000,10000,16777216,bound_hit,625
measured,probe-memory-buffer,run,224,29370900,0,0,0,10000,10000,16777216,bound_hit,625
measured,probe-memory-buffer,run,225,29491800,0,0,0,10000,10000,16777216,bound_hit,625
measured,probe-memory-buffer,run,226,29613200,0,0,0,10000,10000,16777216,bound_hit,625
measured,probe-memory-buffer,run,227,29733800,0,0,0,10000,10000,16777216,bound_hit,625
measured,probe-memory-buffer,run,228,29854300,0,0,0,10000,10000,16777216,bound_hit,625
measured,probe-memory-buffer,run,229,29974900,0,0,0,10000,10000,16777216,bound_hit,625
measured,probe-memory-buffer,run,230,30095600,0,0,0,10000,10000,16777216,bound_hit,625
measured,probe-memory-buffer,run,231,30216000,0,0,0,10000,10000,16777216,bound_hit,625
measured,probe-memory-buffer,run,232,30336700,0,0,0,10000,10000,16777216,bound_hit,625
measured,probe-memory-buffer,run,233,30457300,0,0,0,10000,10000,16777216,bound_hit,625
measured,probe-memory-buffer,run,234,30577900,0,0,0,10000,10000,16777216,bound_hit,625
measured,probe-memory-buffer,run,235,30698700,0,0,0,10000,10000,16777216,bound_hit,625
measured,probe-memory-buffer,run,236,30819200,0,0,0,10000,10000,16777216,bound_hit,625
measured,probe-memory-buffer,run,237,30940000,0,0,0,10000,10000,16777216,bound_hit,625
measured,probe-memory-buffer,run,238,31060600,0,0,0,10000,10000,16777216,bound_hit,625
measured,probe-memory-buffer,run,239,31180900,0,0,0,10000,10000,16777216,bound_hit,625
measured,probe-memory-buffer,run,240,31300600,0,0,0,10000,10000,16777216,bound_hit,625
measured,probe-memory-buffer,run,241,31420600,0,0,0,10000,10000,16777216,bound_hit,625
measured,probe-memory-buffer,run,242,31540400,0,0,0,10000,10000,16777216,bound_hit,625
measured,probe-memory-buffer,run,243,31660100,0,0,0,10000,10000,16777216,bound_hit,625
measured,probe-memory-buffer,run,244,31793400,0,0,0,10000,10000,16777216,bound_hit,625
measured,probe-memory-buffer,run,245,31923600,0,0,0,10000,10000,16777216,bound_hit,625
measured,probe-memory-buffer,run,246,32155900,0,0,0,10000,10000,16777216,bound_hit,625
measured,probe-memory-buffer,run,247,32293600,0,0,0,10000,10000,16777216,bound_hit,625
measured,probe-memory-buffer,run,248,32429701,0,0,0,10000,10000,16777216,bound_hit,625
measured,probe-memory-buffer,run,249,32564201,0,0,0,10000,10000,16777216,bound_hit,625
measured,probe-memory-buffer,run,250,32713301,0,0,0,10000,10000,16777216,bound_hit,625
measured,probe-memory-buffer,run,251,32851901,0,0,0,10000,10000,16777216,bound_hit,625
measured,probe-memory-buffer,run,252,32978901,0,0,0,10000,10000,16777216,bound_hit,625
measured,probe-memory-buffer,run,253,33113701,0,0,0,10000,10000,16777216,bound_hit,625
measured,probe-memory-buffer,run,254,33240701,0,0,0,10000,10000,16777216,bound_hit,625
measured,probe-memory-buffer,run,255,33384601,0,0,0,10000,10000,16777216,bound_hit,625
measured,probe-memory-buffer,run,256,33533601,0,0,0,10000,10000,16777216,bound_hit,625
measured,probe-memory-buffer,run,257,33658401,0,0,0,10000,10000,16777216,bound_hit,625
measured,probe-memory-buffer,run,258,33782601,0,0,0,10000,10000,16777216,bound_hit,625
measured,probe-memory-buffer,run,259,33904101,0,0,0,10000,10000,16777216,bound_hit,625
measured,probe-memory-buffer,run,260,34025601,0,0,0,10000,10000,16777216,bound_hit,625
measured,probe-memory-buffer,run,261,34144901,0,0,0,10000,10000,16777216,bound_hit,625
measured,probe-memory-buffer,run,262,34264401,0,0,0,10000,10000,16777216,bound_hit,625
measured,probe-memory-buffer,run,263,34383801,0,0,0,10000,10000,16777216,bound_hit,625
measured,probe-memory-buffer,run,264,34503301,0,0,0,10000,10000,16777216,bound_hit,625
measured,probe-memory-buffer,run,265,34622801,0,0,0,10000,10000,16777216,bound_hit,625
measured,probe-memory-buffer,run,266,34742501,0,0,0,10000,10000,16777216,bound_hit,625
measured,probe-memory-buffer,run,267,34862601,0,0,0,10000,10000,16777216,bound_hit,625
measured,probe-memory-buffer,run,268,34982001,0,0,0,10000,10000,16777216,bound_hit,625
measured,probe-memory-buffer,run,269,35101701,0,0,0,10000,10000,16777216,bound_hit,625
measured,probe-memory-buffer,run,270,35221001,0,0,0,10000,10000,16777216,bound_hit,625
measured,probe-memory-buffer,run,271,35340301,0,0,0,10000,10000,16777216,bound_hit,625
measured,probe-memory-buffer,run,272,35459501,0,0,0,10000,10000,16777216,bound_hit,625
measured,probe-memory-buffer,run,273,35579101,0,0,0,10000,10000,16777216,bound_hit,625
measured,probe-memory-buffer,run,274,35698501,0,0,0,10000,10000,16777216,bound_hit,625
measured,probe-memory-buffer,run,275,35817901,0,0,0,10000,10000,16777216,bound_hit,625
measured,probe-memory-buffer,run,276,35937401,0,0,0,10000,10000,16777216,bound_hit,625
measured,probe-memory-buffer,run,277,36100801,0,0,0,10000,10000,16777216,bound_hit,625
measured,probe-memory-buffer,run,278,36221001,0,0,0,10000,10000,16777216,bound_hit,625
measured,probe-memory-buffer,run,279,36340601,0,0,0,10000,10000,16777216,bound_hit,625
measured,probe-memory-buffer,run,280,36460101,0,0,0,10000,10000,16777216,bound_hit,625
measured,probe-memory-buffer,run,281,36579401,0,0,0,10000,10000,16777216,bound_hit,625
measured,probe-memory-buffer,run,282,36699101,0,0,0,10000,10000,16777216,bound_hit,625
measured,probe-memory-buffer,run,283,36818601,0,0,0,10000,10000,16777216,bound_hit,625
measured,probe-memory-buffer,run,284,36938101,0,0,0,10000,10000,16777216,bound_hit,625
measured,probe-memory-buffer,run,285,37057401,0,0,0,10000,10000,16777216,bound_hit,625
measured,probe-memory-buffer,run,286,37176601,0,0,0,10000,10000,16777216,bound_hit,625
measured,probe-memory-buffer,run,287,37296001,0,0,0,10000,10000,16777216,bound_hit,625
measured,probe-memory-buffer,run,288,37415301,0,0,0,10000,10000,16777216,bound_hit,625
measured,probe-memory-buffer,run,289,37534601,0,0,0,10000,10000,16777216,bound_hit,625
measured,probe-memory-buffer,run,290,37653901,0,0,0,10000,10000,16777216,bound_hit,625
measured,probe-memory-buffer,run,291,37773201,0,0,0,10000,10000,16777216,bound_hit,625
measured,probe-memory-buffer,run,292,37892401,0,0,0,10000,10000,16777216,bound_hit,625
measured,probe-memory-buffer,run,293,38011701,0,0,0,10000,10000,16777216,bound_hit,625
measured,probe-memory-buffer,run,294,38131001,0,0,0,10000,10000,16777216,bound_hit,625
measured,probe-memory-buffer,run,295,38250501,0,0,0,10000,10000,16777216,bound_hit,625
measured,probe-memory-buffer,run,296,38370001,0,0,0,10000,10000,16777216,bound_hit,625
measured,probe-memory-buffer,run,297,38489501,0,0,0,10000,10000,16777216,bound_hit,625
measured,probe-memory-buffer,run,298,38609101,0,0,0,10000,10000,16777216,bound_hit,625
measured,probe-memory-buffer,run,299,38744001,0,0,0,10000,10000,16777216,bound_hit,625
measured,probe-memory-buffer,run,300,38893701,0,0,0,10000,10000,16777216,bound_hit,625
measured,probe-memory-buffer,run,301,39107201,0,0,0,10000,10000,16777216,bound_hit,625
measured,probe-memory-buffer,run,302,39239101,0,0,0,10000,10000,16777216,bound_hit,625
measured,probe-memory-buffer,run,303,39369901,0,0,0,10000,10000,16777216,bound_hit,625
measured,probe-memory-buffer,run,304,39855201,0,0,0,10000,10000,16777216,bound_hit,625
measured,probe-memory-buffer,run,305,39981901,0,0,0,10000,10000,16777216,bound_hit,625
measured,probe-memory-buffer,run,306,40196901,0,0,0,10000,10000,16777216,bound_hit,625
measured,probe-memory-buffer,run,307,40362001,0,0,0,10000,10000,16777216,bound_hit,625
measured,probe-memory-buffer,run,308,40486701,0,0,0,10000,10000,16777216,bound_hit,625
measured,probe-memory-buffer,run,309,40642701,0,0,0,10000,10000,16777216,bound_hit,625
measured,probe-memory-buffer,run,310,40801601,0,0,0,10000,10000,16777216,bound_hit,625
measured,probe-memory-buffer,run,311,40966701,0,0,0,10000,10000,16777216,bound_hit,625
measured,probe-memory-buffer,run,312,41132501,0,0,0,10000,10000,16777216,bound_hit,625
measured,probe-memory-buffer,run,313,41267301,0,0,0,10000,10000,16777216,bound_hit,625
measured,probe-memory-buffer,run,314,41409101,0,0,0,10000,10000,16777216,bound_hit,625
measured,probe-memory-buffer,run,315,41529401,0,0,0,10000,10000,16777216,bound_hit,625
measured,probe-memory-buffer,run,316,41649801,0,0,0,10000,10000,16777216,bound_hit,625
measured,probe-memory-buffer,run,317,41769201,0,0,0,10000,10000,16777216,bound_hit,625
measured,probe-memory-buffer,run,318,41889301,0,0,0,10000,10000,16777216,bound_hit,625
measured,probe-memory-buffer,run,319,42008901,0,0,0,10000,10000,16777216,bound_hit,625
measured,probe-memory-buffer,run,320,42128401,0,0,0,10000,10000,16777216,bound_hit,625
measured,probe-memory-buffer,run,321,42247701,0,0,0,10000,10000,16777216,bound_hit,625
measured,probe-memory-buffer,run,322,42367201,0,0,0,10000,10000,16777216,bound_hit,625
measured,probe-memory-buffer,run,323,42486901,0,0,0,10000,10000,16777216,bound_hit,625
measured,probe-memory-buffer,run,324,42606501,0,0,0,10000,10000,16777216,bound_hit,625
measured,probe-memory-buffer,run,325,42725901,0,0,0,10000,10000,16777216,bound_hit,625
measured,probe-memory-buffer,run,326,42845401,0,0,0,10000,10000,16777216,bound_hit,625
measured,probe-memory-buffer,run,327,42964901,0,0,0,10000,10000,16777216,bound_hit,625
measured,probe-memory-buffer,run,328,43084401,0,0,0,10000,10000,16777216,bound_hit,625
measured,probe-memory-buffer,run,329,43204001,0,0,0,10000,10000,16777216,bound_hit,625
measured,probe-memory-buffer,run,330,43323901,0,0,0,10000,10000,16777216,bound_hit,625
measured,probe-memory-buffer,run,331,43443701,0,0,0,10000,10000,16777216,bound_hit,625
measured,probe-memory-buffer,run,332,43563701,0,0,0,10000,10000,16777216,bound_hit,625
measured,probe-memory-buffer,run,333,43683301,0,0,0,10000,10000,16777216,bound_hit,625
measured,probe-memory-buffer,run,334,43802901,0,0,0,10000,10000,16777216,bound_hit,625
measured,probe-memory-buffer,run,335,43922601,0,0,0,10000,10000,16777216,bound_hit,625
measured,probe-memory-buffer,run,336,44042601,0,0,0,10000,10000,16777216,bound_hit,625
measured,probe-memory-buffer,run,337,44163201,0,0,0,10000,10000,16777216,bound_hit,625
measured,probe-memory-buffer,run,338,44282901,0,0,0,10000,10000,16777216,bound_hit,625
measured,probe-memory-buffer,run,339,44402201,0,0,0,10000,10000,16777216,bound_hit,625
measured,probe-memory-buffer,run,340,44521301,0,0,0,10000,10000,16777216,bound_hit,625
measured,probe-memory-buffer,run,341,44640401,0,0,0,10000,10000,16777216,bound_hit,625
measured,probe-memory-buffer,run,342,44759601,0,0,0,10000,10000,16777216,bound_hit,625
measured,probe-memory-buffer,run,343,44878901,0,0,0,10000,10000,16777216,bound_hit,625
measured,probe-memory-buffer,run,344,44998301,0,0,0,10000,10000,16777216,bound_hit,625
measured,probe-memory-buffer,run,345,45118101,0,0,0,10000,10000,16777216,bound_hit,625
measured,probe-memory-buffer,run,346,45237601,0,0,0,10000,10000,16777216,bound_hit,625
measured,probe-memory-buffer,run,347,45356801,0,0,0,10000,10000,16777216,bound_hit,625
measured,probe-memory-buffer,run,348,45476201,0,0,0,10000,10000,16777216,bound_hit,625
measured,probe-memory-buffer,run,349,45596201,0,0,0,10000,10000,16777216,bound_hit,625
measured,probe-memory-buffer,run,350,45785601,0,0,0,10000,10000,16777216,bound_hit,625
measured,probe-memory-buffer,run,351,45949301,0,0,0,10000,10000,16777216,bound_hit,625
measured,probe-memory-buffer,run,352,46092001,0,0,0,10000,10000,16777216,bound_hit,625
measured,probe-memory-buffer,run,353,46241301,0,0,0,10000,10000,16777216,bound_hit,625
measured,probe-memory-buffer,run,354,46380501,0,0,0,10000,10000,16777216,bound_hit,625
measured,probe-memory-buffer,run,355,46544001,0,0,0,10000,10000,16777216,bound_hit,625
measured,probe-memory-buffer,run,356,46693701,0,0,0,10000,10000,16777216,bound_hit,625
measured,probe-memory-buffer,run,357,46816301,0,0,0,10000,10000,16777216,bound_hit,625
measured,probe-memory-buffer,run,358,46937001,0,0,0,10000,10000,16777216,bound_hit,625
measured,probe-memory-buffer,run,359,47106801,0,0,0,10000,10000,16777216,bound_hit,625
measured,probe-memory-buffer,run,360,47255001,0,0,0,10000,10000,16777216,bound_hit,625
measured,probe-memory-buffer,run,361,47380401,0,0,0,10000,10000,16777216,bound_hit,625
measured,probe-memory-buffer,run,362,47504701,0,0,0,10000,10000,16777216,bound_hit,625
measured,probe-memory-buffer,run,363,47629001,0,0,0,10000,10000,16777216,bound_hit,625
measured,probe-memory-buffer,run,364,47753201,0,0,0,10000,10000,16777216,bound_hit,625
measured,probe-memory-buffer,run,365,47877301,0,0,0,10000,10000,16777216,bound_hit,625
measured,probe-memory-buffer,run,366,48001501,0,0,0,10000,10000,16777216,bound_hit,625
measured,probe-memory-buffer,run,367,48138101,0,0,0,10000,10000,16777216,bound_hit,625
measured,probe-memory-buffer,run,368,48270301,0,0,0,10000,10000,16777216,bound_hit,625
measured,probe-memory-buffer,run,369,48399601,0,0,0,10000,10000,16777216,bound_hit,625
measured,probe-memory-buffer,run,370,48527301,0,0,0,10000,10000,16777216,bound_hit,625
measured,probe-memory-buffer,run,371,48651601,0,0,0,10000,10000,16777216,bound_hit,625
measured,probe-memory-buffer,run,372,48783201,0,0,0,10000,10000,16777216,bound_hit,625
measured,probe-memory-buffer,run,373,48925701,0,0,0,10000,10000,16777216,bound_hit,625
measured,probe-memory-buffer,run,374,49069401,0,0,0,10000,10000,16777216,bound_hit,625
measured,probe-memory-buffer,run,375,49212101,0,0,0,10000,10000,16777216,bound_hit,625
measured,probe-memory-buffer,run,376,49346501,0,0,0,10000,10000,16777216,bound_hit,625
measured,probe-memory-buffer,run,377,49469401,0,0,0,10000,10000,16777216,bound_hit,625
measured,probe-memory-buffer,run,378,49591901,0,0,0,10000,10000,16777216,bound_hit,625
measured,probe-memory-buffer,run,379,49714701,0,0,0,10000,10000,16777216,bound_hit,625
measured,probe-memory-buffer,run,380,49837501,0,0,0,10000,10000,16777216,bound_hit,625
measured,probe-memory-buffer,run,381,49960001,0,0,0,10000,10000,16777216,bound_hit,625
measured,probe-memory-buffer,run,382,50082501,0,0,0,10000,10000,16777216,bound_hit,625
measured,probe-memory-buffer,run,383,50204901,0,0,0,10000,10000,16777216,bound_hit,625
measured,probe-memory-buffer,run,384,50327201,0,0,0,10000,10000,16777216,bound_hit,625
measured,probe-memory-buffer,run,385,50449601,0,0,0,10000,10000,16777216,bound_hit,625
measured,probe-memory-buffer,run,386,50572101,0,0,0,10000,10000,16777216,bound_hit,625
measured,probe-memory-buffer,run,387,50694701,0,0,0,10000,10000,16777216,bound_hit,625
measured,probe-memory-buffer,run,388,50815001,0,0,0,10000,10000,16777216,bound_hit,625
measured,probe-memory-buffer,run,389,50933601,0,0,0,10000,10000,16777216,bound_hit,625
measured,probe-memory-buffer,run,390,51051901,0,0,0,10000,10000,16777216,bound_hit,625
measured,probe-memory-buffer,run,391,51170001,0,0,0,10000,10000,16777216,bound_hit,625
measured,probe-memory-buffer,run,392,51288101,0,0,0,10000,10000,16777216,bound_hit,625
measured,probe-memory-buffer,run,393,51406401,0,0,0,10000,10000,16777216,bound_hit,625
measured,probe-memory-buffer,run,394,51524501,0,0,0,10000,10000,16777216,bound_hit,625
measured,probe-memory-buffer,run,395,51642601,0,0,0,10000,10000,16777216,bound_hit,625
measured,probe-memory-buffer,run,396,51760801,0,0,0,10000,10000,16777216,bound_hit,625
measured,probe-memory-buffer,run,397,51879301,0,0,0,10000,10000,16777216,bound_hit,625
measured,probe-memory-buffer,run,398,51997701,0,0,0,10000,10000,16777216,bound_hit,625
measured,probe-memory-buffer,run,399,52117001,0,0,0,10000,10000,16777216,bound_hit,625
measured,probe-memory-buffer,run,400,52235301,0,0,0,10000,10000,16777216,bound_hit,625
measured,probe-memory-buffer,run,401,52353401,0,0,0,10000,10000,16777216,bound_hit,625
measured,probe-memory-buffer,run,402,52471501,0,0,0,10000,10000,16777216,bound_hit,625
measured,probe-memory-buffer,run,403,52605101,0,0,0,10000,10000,16777216,bound_hit,625
measured,probe-memory-buffer,run,404,52741501,0,0,0,10000,10000,16777216,bound_hit,625
measured,probe-memory-buffer,run,405,52870001,0,0,0,10000,10000,16777216,bound_hit,625
measured,probe-memory-buffer,run,406,52996501,0,0,0,10000,10000,16777216,bound_hit,625
measured,probe-memory-buffer,run,407,53130301,0,0,0,10000,10000,16777216,bound_hit,625
measured,probe-memory-buffer,run,408,53257601,0,0,0,10000,10000,16777216,bound_hit,625
measured,probe-memory-buffer,run,409,53379301,0,0,0,10000,10000,16777216,bound_hit,625
measured,probe-memory-buffer,run,410,53500801,0,0,0,10000,10000,16777216,bound_hit,625
measured,probe-memory-buffer,run,411,53618201,0,0,0,10000,10000,16777216,bound_hit,625
measured,probe-memory-buffer,run,412,53735501,0,0,0,10000,10000,16777216,bound_hit,625
measured,probe-memory-buffer,run,413,53853001,0,0,0,10000,10000,16777216,bound_hit,625
measured,probe-memory-buffer,run,414,53970801,0,0,0,10000,10000,16777216,bound_hit,625
measured,probe-memory-buffer,run,415,54088301,0,0,0,10000,10000,16777216,bound_hit,625
measured,probe-memory-buffer,run,416,54210401,0,0,0,10000,10000,16777216,bound_hit,625
measured,probe-memory-buffer,run,417,54364401,0,0,0,10000,10000,16777216,bound_hit,625
measured,probe-memory-buffer,run,418,54520901,0,0,0,10000,10000,16777216,bound_hit,625
measured,probe-memory-buffer,run,419,54641401,0,0,0,10000,10000,16777216,bound_hit,625
measured,probe-memory-buffer,run,420,54761101,0,0,0,10000,10000,16777216,bound_hit,625
measured,probe-memory-buffer,run,421,54881401,0,0,0,10000,10000,16777216,bound_hit,625
measured,probe-memory-buffer,run,422,55001701,0,0,0,10000,10000,16777216,bound_hit,625
measured,probe-memory-buffer,run,423,55160701,0,0,0,10000,10000,16777216,bound_hit,625
measured,probe-memory-buffer,run,424,55290901,0,0,0,10000,10000,16777216,bound_hit,625
measured,probe-memory-buffer,run,425,55410801,0,0,0,10000,10000,16777216,bound_hit,625
measured,probe-memory-buffer,run,426,55530501,0,0,0,10000,10000,16777216,bound_hit,625
measured,probe-memory-buffer,run,427,55650201,0,0,0,10000,10000,16777216,bound_hit,625
measured,probe-memory-buffer,run,428,55769801,0,0,0,10000,10000,16777216,bound_hit,625
measured,probe-memory-buffer,run,429,55889601,0,0,0,10000,10000,16777216,bound_hit,625
measured,probe-memory-buffer,run,430,56009001,0,0,0,10000,10000,16777216,bound_hit,625
measured,probe-memory-buffer,run,431,56131101,0,0,0,10000,10000,16777216,bound_hit,625
measured,probe-memory-buffer,run,432,56250801,0,0,0,10000,10000,16777216,bound_hit,625
measured,probe-memory-buffer,run,433,56370301,0,0,0,10000,10000,16777216,bound_hit,625
measured,probe-memory-buffer,run,434,56489601,0,0,0,10000,10000,16777216,bound_hit,625
measured,probe-memory-buffer,run,435,56609101,0,0,0,10000,10000,16777216,bound_hit,625
measured,probe-memory-buffer,run,436,56728401,0,0,0,10000,10000,16777216,bound_hit,625
measured,probe-memory-buffer,run,437,56847701,0,0,0,10000,10000,16777216,bound_hit,625
measured,probe-memory-buffer,run,438,56967501,0,0,0,10000,10000,16777216,bound_hit,625
measured,probe-memory-buffer,run,439,57086701,0,0,0,10000,10000,16777216,bound_hit,625
measured,probe-memory-buffer,run,440,57206001,0,0,0,10000,10000,16777216,bound_hit,625
measured,probe-memory-buffer,run,441,57325501,0,0,0,10000,10000,16777216,bound_hit,625
measured,probe-memory-buffer,run,442,57445001,0,0,0,10000,10000,16777216,bound_hit,625
measured,probe-memory-buffer,run,443,57564401,0,0,0,10000,10000,16777216,bound_hit,625
measured,probe-memory-buffer,run,444,57683701,0,0,0,10000,10000,16777216,bound_hit,625
measured,probe-memory-buffer,run,445,57803101,0,0,0,10000,10000,16777216,bound_hit,625
measured,probe-memory-buffer,run,446,57922301,0,0,0,10000,10000,16777216,bound_hit,625
measured,probe-memory-buffer,run,447,58041701,0,0,0,10000,10000,16777216,bound_hit,625
measured,probe-memory-buffer,run,448,58161001,0,0,0,10000,10000,16777216,bound_hit,625
measured,probe-memory-buffer,run,449,58280201,0,0,0,10000,10000,16777216,bound_hit,625
measured,probe-memory-buffer,run,450,58399601,0,0,0,10000,10000,16777216,bound_hit,625
measured,probe-memory-buffer,run,451,58518901,0,0,0,10000,10000,16777216,bound_hit,625
measured,probe-memory-buffer,run,452,58638301,0,0,0,10000,10000,16777216,bound_hit,625
measured,probe-memory-buffer,run,453,58757601,0,0,0,10000,10000,16777216,bound_hit,625
measured,probe-memory-buffer,run,454,58876901,0,0,0,10000,10000,16777216,bound_hit,625
measured,probe-memory-buffer,run,455,58996201,0,0,0,10000,10000,16777216,bound_hit,625
measured,probe-memory-buffer,run,456,59115401,0,0,0,10000,10000,16777216,bound_hit,625
measured,probe-memory-buffer,run,457,59234901,0,0,0,10000,10000,16777216,bound_hit,625
measured,probe-memory-buffer,run,458,59354201,0,0,0,10000,10000,16777216,bound_hit,625
measured,probe-memory-buffer,run,459,59473701,0,0,0,10000,10000,16777216,bound_hit,625
measured,probe-memory-buffer,run,460,59672701,0,0,0,10000,10000,16777216,bound_hit,625
measured,probe-memory-buffer,run,461,59821501,0,0,0,10000,10000,16777216,bound_hit,625
measured,probe-memory-buffer,run,462,59946601,0,0,0,10000,10000,16777216,bound_hit,625
measured,probe-memory-buffer,run,463,60069701,0,0,0,10000,10000,16777216,bound_hit,625
measured,probe-memory-buffer,run,464,60237301,0,0,0,10000,10000,16777216,bound_hit,625
measured,probe-memory-buffer,run,465,60391201,0,0,0,10000,10000,16777216,bound_hit,625
measured,probe-memory-buffer,run,466,60520901,0,0,0,10000,10000,16777216,bound_hit,625
measured,probe-memory-buffer,run,467,60644801,0,0,0,10000,10000,16777216,bound_hit,625
measured,probe-memory-buffer,run,468,60768401,0,0,0,10000,10000,16777216,bound_hit,625
measured,probe-memory-buffer,run,469,60892001,0,0,0,10000,10000,16777216,bound_hit,625
measured,probe-memory-buffer,run,470,61054001,0,0,0,10000,10000,16777216,bound_hit,625
measured,probe-memory-buffer,run,471,61178001,0,0,0,10000,10000,16777216,bound_hit,625
measured,probe-memory-buffer,run,472,61317901,0,0,0,10000,10000,16777216,bound_hit,625
measured,probe-memory-buffer,run,473,61442801,0,0,0,10000,10000,16777216,bound_hit,625
measured,probe-memory-buffer,run,474,61566101,0,0,0,10000,10000,16777216,bound_hit,625
measured,probe-memory-buffer,run,475,61689701,0,0,0,10000,10000,16777216,bound_hit,625
measured,probe-memory-buffer,run,476,61809901,0,0,0,10000,10000,16777216,bound_hit,625
measured,probe-memory-buffer,run,477,61928601,0,0,0,10000,10000,16777216,bound_hit,625
measured,probe-memory-buffer,run,478,62047301,0,0,0,10000,10000,16777216,bound_hit,625
measured,probe-memory-buffer,run,479,62165901,0,0,0,10000,10000,16777216,bound_hit,625
measured,probe-memory-buffer,run,480,62284701,0,0,0,10000,10000,16777216,bound_hit,625
measured,probe-memory-buffer,run,481,62411401,0,0,0,10000,10000,16777216,bound_hit,625
measured,probe-memory-buffer,run,482,62530101,0,0,0,10000,10000,16777216,bound_hit,625
measured,probe-memory-buffer,run,483,62648801,0,0,0,10000,10000,16777216,bound_hit,625
measured,probe-memory-buffer,run,484,62767401,0,0,0,10000,10000,16777216,bound_hit,625
measured,probe-memory-buffer,run,485,62885901,0,0,0,10000,10000,16777216,bound_hit,625
measured,probe-memory-buffer,run,486,63004601,0,0,0,10000,10000,16777216,bound_hit,625
measured,probe-memory-buffer,run,487,63123201,0,0,0,10000,10000,16777216,bound_hit,625
measured,probe-memory-buffer,run,488,63241601,0,0,0,10000,10000,16777216,bound_hit,625
measured,probe-memory-buffer,run,489,63360001,0,0,0,10000,10000,16777216,bound_hit,625
measured,probe-memory-buffer,run,490,63478501,0,0,0,10000,10000,16777216,bound_hit,625
measured,probe-memory-buffer,run,491,63597901,0,0,0,10000,10000,16777216,bound_hit,625
measured,probe-memory-buffer,run,492,63716601,0,0,0,10000,10000,16777216,bound_hit,625
measured,probe-memory-buffer,run,493,63835201,0,0,0,10000,10000,16777216,bound_hit,625
measured,probe-memory-buffer,run,494,63953701,0,0,0,10000,10000,16777216,bound_hit,625
measured,probe-memory-buffer,run,495,64065601,0,0,0,10000,10000,16777216,bound_hit,625
measured,probe-memory-buffer,run,496,64184501,0,0,0,10000,10000,16777216,bound_hit,625
measured,probe-memory-buffer,run,497,64303001,0,0,0,10000,10000,16777216,bound_hit,625
measured,probe-memory-buffer,run,498,64421501,0,0,0,10000,10000,16777216,bound_hit,625
measured,probe-memory-buffer,run,499,64539901,0,0,0,10000,10000,16777216,bound_hit,625
measured,probe-memory-buffer,run,500,64658401,0,0,0,10000,10000,16777216,bound_hit,625
measured,probe-memory-buffer,run,501,64776901,0,0,0,10000,10000,16777216,bound_hit,625
measured,probe-memory-buffer,run,502,64895301,0,0,0,10000,10000,16777216,bound_hit,625
measured,probe-memory-buffer,run,503,65013901,0,0,0,10000,10000,16777216,bound_hit,625
measured,probe-memory-buffer,run,504,65132501,0,0,0,10000,10000,16777216,bound_hit,625
measured,probe-memory-buffer,run,505,65251001,0,0,0,10000,10000,16777216,bound_hit,625
measured,probe-memory-buffer,run,506,65369601,0,0,0,10000,10000,16777216,bound_hit,625
measured,probe-memory-buffer,run,507,65488001,0,0,0,10000,10000,16777216,bound_hit,625
measured,probe-memory-buffer,run,508,65606501,0,0,0,10000,10000,16777216,bound_hit,625
measured,probe-memory-buffer,run,509,65725101,0,0,0,10000,10000,16777216,bound_hit,625
measured,probe-memory-buffer,run,510,65843701,0,0,0,10000,10000,16777216,bound_hit,625
measured,probe-memory-buffer,run,511,65962301,0,0,0,10000,10000,16777216,bound_hit,625
measured,probe-memory-buffer,run,512,66080701,0,0,0,10000,10000,16777216,bound_hit,625
measured,probe-memory-buffer,run,513,66199301,0,0,0,10000,10000,16777216,bound_hit,625
measured,probe-memory-buffer,run,514,66317801,0,0,0,10000,10000,16777216,bound_hit,625
measured,probe-memory-buffer,run,515,66473601,0,0,0,10000,10000,16777216,bound_hit,625
measured,probe-memory-buffer,run,516,66597801,0,0,0,10000,10000,16777216,bound_hit,625
measured,probe-memory-buffer,run,517,66739001,0,0,0,10000,10000,16777216,bound_hit,625
measured,probe-memory-buffer,run,518,66871601,0,0,0,10000,10000,16777216,bound_hit,625
measured,probe-memory-buffer,run,519,66991701,0,0,0,10000,10000,16777216,bound_hit,625
measured,probe-memory-buffer,run,520,67111901,0,0,0,10000,10000,16777216,bound_hit,625
measured,probe-memory-buffer,run,521,67231701,0,0,0,10000,10000,16777216,bound_hit,625
measured,probe-memory-buffer,run,522,67354101,0,0,0,10000,10000,16777216,bound_hit,625
measured,probe-memory-buffer,run,523,67474001,0,0,0,10000,10000,16777216,bound_hit,625
measured,probe-memory-buffer,run,524,67626601,0,0,0,10000,10000,16777216,bound_hit,625
measured,probe-memory-buffer,run,525,67797301,0,0,0,10000,10000,16777216,bound_hit,625
measured,probe-memory-buffer,run,526,67949101,0,0,0,10000,10000,16777216,bound_hit,625
measured,probe-memory-buffer,run,527,68071401,0,0,0,10000,10000,16777216,bound_hit,625
measured,probe-memory-buffer,run,528,68195701,0,0,0,10000,10000,16777216,bound_hit,625
measured,probe-memory-buffer,run,529,68320301,0,0,0,10000,10000,16777216,bound_hit,625
measured,probe-memory-buffer,run,530,68444701,0,0,0,10000,10000,16777216,bound_hit,625
measured,probe-memory-buffer,run,531,68569001,0,0,0,10000,10000,16777216,bound_hit,625
measured,probe-memory-buffer,run,532,68693301,0,0,0,10000,10000,16777216,bound_hit,625
measured,probe-memory-buffer,run,533,68817701,0,0,0,10000,10000,16777216,bound_hit,625
measured,probe-memory-buffer,run,534,68941801,0,0,0,10000,10000,16777216,bound_hit,625
measured,probe-memory-buffer,run,535,69065901,0,0,0,10000,10000,16777216,bound_hit,625
measured,probe-memory-buffer,run,536,69190301,0,0,0,10000,10000,16777216,bound_hit,625
measured,probe-memory-buffer,run,537,69314701,0,0,0,10000,10000,16777216,bound_hit,625
measured,probe-memory-buffer,run,538,69446601,0,0,0,10000,10000,16777216,bound_hit,625
measured,probe-memory-buffer,run,539,69571001,0,0,0,10000,10000,16777216,bound_hit,625
measured,probe-memory-buffer,run,540,69695301,0,0,0,10000,10000,16777216,bound_hit,625
measured,probe-memory-buffer,run,541,69816501,0,0,0,10000,10000,16777216,bound_hit,625
measured,probe-memory-buffer,run,542,69936201,0,0,0,10000,10000,16777216,bound_hit,625
measured,probe-memory-buffer,run,543,70055601,0,0,0,10000,10000,16777216,bound_hit,625
measured,probe-memory-buffer,run,544,70175001,0,0,0,10000,10000,16777216,bound_hit,625
measured,probe-memory-buffer,run,545,70294401,0,0,0,10000,10000,16777216,bound_hit,625
measured,probe-memory-buffer,run,546,70414001,0,0,0,10000,10000,16777216,bound_hit,625
measured,probe-memory-buffer,run,547,70533101,0,0,0,10000,10000,16777216,bound_hit,625
measured,probe-memory-buffer,run,548,70652301,0,0,0,10000,10000,16777216,bound_hit,625
measured,probe-memory-buffer,run,549,70771401,0,0,0,10000,10000,16777216,bound_hit,625
measured,probe-memory-buffer,run,550,70890601,0,0,0,10000,10000,16777216,bound_hit,625
measured,probe-memory-buffer,run,551,71009801,0,0,0,10000,10000,16777216,bound_hit,625
measured,probe-memory-buffer,run,552,71129201,0,0,0,10000,10000,16777216,bound_hit,625
measured,probe-memory-buffer,run,553,71248501,0,0,0,10000,10000,16777216,bound_hit,625
measured,probe-memory-buffer,run,554,71367901,0,0,0,10000,10000,16777216,bound_hit,625
measured,probe-memory-buffer,run,555,71487301,0,0,0,10000,10000,16777216,bound_hit,625
measured,probe-memory-buffer,run,556,71606701,0,0,0,10000,10000,16777216,bound_hit,625
measured,probe-memory-buffer,run,557,71725701,0,0,0,10000,10000,16777216,bound_hit,625
measured,probe-memory-buffer,run,558,71844801,0,0,0,10000,10000,16777216,bound_hit,625
measured,probe-memory-buffer,run,559,71963901,0,0,0,10000,10000,16777216,bound_hit,625
measured,probe-memory-buffer,run,560,72084201,0,0,0,10000,10000,16777216,bound_hit,625
measured,probe-memory-buffer,run,561,72203801,0,0,0,10000,10000,16777216,bound_hit,625
measured,probe-memory-buffer,run,562,72323201,0,0,0,10000,10000,16777216,bound_hit,625
measured,probe-memory-buffer,run,563,72442501,0,0,0,10000,10000,16777216,bound_hit,625
measured,probe-memory-buffer,run,564,72561701,0,0,0,10000,10000,16777216,bound_hit,625
measured,probe-memory-buffer,run,565,72682001,0,0,0,10000,10000,16777216,bound_hit,625
measured,probe-memory-buffer,run,566,72802001,0,0,0,10000,10000,16777216,bound_hit,625
measured,probe-memory-buffer,run,567,72922101,0,0,0,10000,10000,16777216,bound_hit,625
measured,probe-memory-buffer,run,568,73042101,0,0,0,10000,10000,16777216,bound_hit,625
measured,probe-memory-buffer,run,569,73162201,0,0,0,10000,10000,16777216,bound_hit,625
measured,probe-memory-buffer,run,570,73282401,0,0,0,10000,10000,16777216,bound_hit,625
measured,probe-memory-buffer,run,571,73414001,0,0,0,10000,10000,16777216,bound_hit,625
measured,probe-memory-buffer,run,572,73546001,0,0,0,10000,10000,16777216,bound_hit,625
measured,probe-memory-buffer,run,573,73700701,0,0,0,10000,10000,16777216,bound_hit,625
measured,probe-memory-buffer,run,574,73872001,0,0,0,10000,10000,16777216,bound_hit,625
measured,probe-memory-buffer,run,575,74014001,0,0,0,10000,10000,16777216,bound_hit,625
measured,probe-memory-buffer,run,576,74140901,0,0,0,10000,10000,16777216,bound_hit,625
measured,probe-memory-buffer,run,577,74262001,0,0,0,10000,10000,16777216,bound_hit,625
measured,probe-memory-buffer,run,578,74382401,0,0,0,10000,10000,16777216,bound_hit,625
measured,probe-memory-buffer,run,579,74503901,0,0,0,10000,10000,16777216,bound_hit,625
measured,probe-memory-buffer,run,580,74631101,0,0,0,10000,10000,16777216,bound_hit,625
measured,probe-memory-buffer,run,581,74760101,0,0,0,10000,10000,16777216,bound_hit,625
measured,probe-memory-buffer,run,582,74909201,0,0,0,10000,10000,16777216,bound_hit,625
measured,probe-memory-buffer,run,583,75031101,0,0,0,10000,10000,16777216,bound_hit,625
measured,probe-memory-buffer,run,584,75151401,0,0,0,10000,10000,16777216,bound_hit,625
measured,probe-memory-buffer,run,585,75271401,0,0,0,10000,10000,16777216,bound_hit,625
measured,probe-memory-buffer,run,586,75391601,0,0,0,10000,10000,16777216,bound_hit,625
measured,probe-memory-buffer,run,587,75511601,0,0,0,10000,10000,16777216,bound_hit,625
measured,probe-memory-buffer,run,588,75631401,0,0,0,10000,10000,16777216,bound_hit,625
measured,probe-memory-buffer,run,589,75751201,0,0,0,10000,10000,16777216,bound_hit,625
measured,probe-memory-buffer,run,590,75871301,0,0,0,10000,10000,16777216,bound_hit,625
measured,probe-memory-buffer,run,591,75991101,0,0,0,10000,10000,16777216,bound_hit,625
measured,probe-memory-buffer,run,592,76113101,0,0,0,10000,10000,16777216,bound_hit,625
measured,probe-memory-buffer,run,593,76233101,0,0,0,10000,10000,16777216,bound_hit,625
measured,probe-memory-buffer,run,594,76353401,0,0,0,10000,10000,16777216,bound_hit,625
measured,probe-memory-buffer,run,595,76481301,0,0,0,10000,10000,16777216,bound_hit,625
measured,probe-memory-buffer,run,596,76601501,0,0,0,10000,10000,16777216,bound_hit,625
measured,probe-memory-buffer,run,597,76721401,0,0,0,10000,10000,16777216,bound_hit,625
measured,probe-memory-buffer,run,598,76841101,0,0,0,10000,10000,16777216,bound_hit,625
measured,probe-memory-buffer,run,599,76961101,0,0,0,10000,10000,16777216,bound_hit,625
measured,probe-memory-buffer,run,600,77081101,0,0,0,10000,10000,16777216,bound_hit,625
measured,probe-memory-buffer,run,601,77200901,0,0,0,10000,10000,16777216,bound_hit,625
measured,probe-memory-buffer,run,602,77320701,0,0,0,10000,10000,16777216,bound_hit,625
measured,probe-memory-buffer,run,603,77440501,0,0,0,10000,10000,16777216,bound_hit,625
measured,probe-memory-buffer,run,604,77560201,0,0,0,10000,10000,16777216,bound_hit,625
measured,probe-memory-buffer,run,605,77680501,0,0,0,10000,10000,16777216,bound_hit,625
measured,probe-memory-buffer,run,606,77800401,0,0,0,10000,10000,16777216,bound_hit,625
measured,probe-memory-buffer,run,607,77920201,0,0,0,10000,10000,16777216,bound_hit,625
measured,probe-memory-buffer,run,608,78040001,0,0,0,10000,10000,16777216,bound_hit,625
measured,probe-memory-buffer,run,609,78159801,0,0,0,10000,10000,16777216,bound_hit,625
measured,probe-memory-buffer,run,610,78279401,0,0,0,10000,10000,16777216,bound_hit,625
measured,probe-memory-buffer,run,611,78399101,0,0,0,10000,10000,16777216,bound_hit,625
measured,probe-memory-buffer,run,612,78518901,0,0,0,10000,10000,16777216,bound_hit,625
measured,probe-memory-buffer,run,613,78638701,0,0,0,10000,10000,16777216,bound_hit,625
measured,probe-memory-buffer,run,614,78758301,0,0,0,10000,10000,16777216,bound_hit,625
measured,probe-memory-buffer,run,615,78878201,0,0,0,10000,10000,16777216,bound_hit,625
measured,probe-memory-buffer,run,616,78998001,0,0,0,10000,10000,16777216,bound_hit,625
measured,probe-memory-buffer,run,617,79117901,0,0,0,10000,10000,16777216,bound_hit,625
measured,probe-memory-buffer,run,618,79237801,0,0,0,10000,10000,16777216,bound_hit,625
measured,probe-memory-buffer,run,619,79357601,0,0,0,10000,10000,16777216,bound_hit,625
measured,probe-memory-buffer,run,620,79477101,0,0,0,10000,10000,16777216,bound_hit,625
measured,probe-memory-buffer,run,621,79596901,0,0,0,10000,10000,16777216,bound_hit,625
measured,probe-memory-buffer,run,622,79717001,0,0,0,10000,10000,16777216,bound_hit,625
measured,probe-memory-buffer,run,623,79836701,0,0,0,10000,10000,16777216,bound_hit,625
measured,probe-memory-buffer,run,624,79956501,0,0,0,10000,10000,16777216,bound_hit,625
measured,probe-memory-buffer,run,625,80065701,0,0,0,10000,10000,16777216,bound_hit,625
measured,probe-memory-buffer,run,626,80185501,0,0,0,10000,10000,16777216,bound_hit,625
measured,probe-memory-buffer,run,627,80305401,0,0,0,10000,10000,16777216,bound_hit,625
measured,probe-memory-buffer,run,628,80438801,0,0,0,10000,10000,16777216,bound_hit,625
measured,probe-memory-buffer,run,629,80559101,0,0,0,10000,10000,16777216,bound_hit,625
measured,probe-memory-buffer,run,630,80708901,0,0,0,10000,10000,16777216,bound_hit,625
measured,probe-memory-buffer,run,631,80850401,0,0,0,10000,10000,16777216,bound_hit,625
measured,probe-memory-buffer,run,632,80972601,0,0,0,10000,10000,16777216,bound_hit,625
measured,probe-memory-buffer,run,633,81093701,0,0,0,10000,10000,16777216,bound_hit,625
measured,probe-memory-buffer,run,634,81218001,0,0,0,10000,10000,16777216,bound_hit,625
measured,probe-memory-buffer,run,635,81339101,0,0,0,10000,10000,16777216,bound_hit,625
measured,probe-memory-buffer,run,636,81459601,0,0,0,10000,10000,16777216,bound_hit,625
measured,probe-memory-buffer,run,637,81579501,0,0,0,10000,10000,16777216,bound_hit,625
measured,probe-memory-buffer,run,638,81740001,0,0,0,10000,10000,16777216,bound_hit,625
measured,probe-memory-buffer,run,639,81914101,0,0,0,10000,10000,16777216,bound_hit,625
measured,probe-memory-buffer,run,640,82044301,0,0,0,10000,10000,16777216,bound_hit,625
measured,probe-memory-buffer,run,641,82169701,0,0,0,10000,10000,16777216,bound_hit,625
measured,probe-memory-buffer,run,642,82294701,0,0,0,10000,10000,16777216,bound_hit,625
measured,probe-memory-buffer,run,643,82419901,0,0,0,10000,10000,16777216,bound_hit,625
measured,probe-memory-buffer,run,644,82544801,0,0,0,10000,10000,16777216,bound_hit,625
measured,probe-memory-buffer,run,645,82669701,0,0,0,10000,10000,16777216,bound_hit,625
measured,probe-memory-buffer,run,646,82794601,0,0,0,10000,10000,16777216,bound_hit,625
measured,probe-memory-buffer,run,647,82919601,0,0,0,10000,10000,16777216,bound_hit,625
measured,probe-memory-buffer,run,648,83044301,0,0,0,10000,10000,16777216,bound_hit,625
measured,probe-memory-buffer,run,649,83169201,0,0,0,10000,10000,16777216,bound_hit,625
measured,probe-memory-buffer,run,650,83294001,0,0,0,10000,10000,16777216,bound_hit,625
measured,probe-memory-buffer,run,651,83418901,0,0,0,10000,10000,16777216,bound_hit,625
measured,probe-memory-buffer,run,652,83549901,0,0,0,10000,10000,16777216,bound_hit,625
measured,probe-memory-buffer,run,653,83674801,0,0,0,10000,10000,16777216,bound_hit,625
measured,probe-memory-buffer,run,654,83797001,0,0,0,10000,10000,16777216,bound_hit,625
measured,probe-memory-buffer,run,655,83917301,0,0,0,10000,10000,16777216,bound_hit,625
measured,probe-memory-buffer,run,656,84037301,0,0,0,10000,10000,16777216,bound_hit,625
measured,probe-memory-buffer,run,657,84159101,0,0,0,10000,10000,16777216,bound_hit,625
measured,probe-memory-buffer,run,658,84279501,0,0,0,10000,10000,16777216,bound_hit,625
measured,probe-memory-buffer,run,659,84399401,0,0,0,10000,10000,16777216,bound_hit,625
measured,probe-memory-buffer,run,660,84519901,0,0,0,10000,10000,16777216,bound_hit,625
measured,probe-memory-buffer,run,661,84639801,0,0,0,10000,10000,16777216,bound_hit,625
measured,probe-memory-buffer,run,662,84759601,0,0,0,10000,10000,16777216,bound_hit,625
measured,probe-memory-buffer,run,663,84879701,0,0,0,10000,10000,16777216,bound_hit,625
measured,probe-memory-buffer,run,664,84999601,0,0,0,10000,10000,16777216,bound_hit,625
measured,probe-memory-buffer,run,665,85119301,0,0,0,10000,10000,16777216,bound_hit,625
measured,probe-memory-buffer,run,666,85239001,0,0,0,10000,10000,16777216,bound_hit,625
measured,probe-memory-buffer,run,667,85358801,0,0,0,10000,10000,16777216,bound_hit,625
measured,probe-memory-buffer,run,668,85478601,0,0,0,10000,10000,16777216,bound_hit,625
measured,probe-memory-buffer,run,669,85598301,0,0,0,10000,10000,16777216,bound_hit,625
measured,probe-memory-buffer,run,670,85718201,0,0,0,10000,10000,16777216,bound_hit,625
measured,probe-memory-buffer,run,671,85838101,0,0,0,10000,10000,16777216,bound_hit,625
measured,probe-memory-buffer,run,672,85957901,0,0,0,10000,10000,16777216,bound_hit,625
measured,probe-memory-buffer,run,673,86077601,0,0,0,10000,10000,16777216,bound_hit,625
measured,probe-memory-buffer,run,674,86197401,0,0,0,10000,10000,16777216,bound_hit,625
measured,probe-memory-buffer,run,675,86317101,0,0,0,10000,10000,16777216,bound_hit,625
measured,probe-memory-buffer,run,676,86437401,0,0,0,10000,10000,16777216,bound_hit,625
measured,probe-memory-buffer,run,677,86557102,0,0,0,10000,10000,16777216,bound_hit,625
measured,probe-memory-buffer,run,678,86676902,0,0,0,10000,10000,16777216,bound_hit,625
measured,probe-memory-buffer,run,679,86796502,0,0,0,10000,10000,16777216,bound_hit,625
measured,probe-memory-buffer,run,680,86916202,0,0,0,10000,10000,16777216,bound_hit,625
measured,probe-memory-buffer,run,681,87036202,0,0,0,10000,10000,16777216,bound_hit,625
measured,probe-memory-buffer,run,682,87156102,0,0,0,10000,10000,16777216,bound_hit,625
measured,probe-memory-buffer,run,683,87275902,0,0,0,10000,10000,16777216,bound_hit,625
measured,probe-memory-buffer,run,684,87420102,0,0,0,10000,10000,16777216,bound_hit,625
measured,probe-memory-buffer,run,685,87552502,0,0,0,10000,10000,16777216,bound_hit,625
measured,probe-memory-buffer,run,686,87679402,0,0,0,10000,10000,16777216,bound_hit,625
measured,probe-memory-buffer,run,687,87803002,0,0,0,10000,10000,16777216,bound_hit,625
measured,probe-memory-buffer,run,688,87924902,0,0,0,10000,10000,16777216,bound_hit,625
measured,probe-memory-buffer,run,689,88089202,0,0,0,10000,10000,16777216,bound_hit,625
measured,probe-memory-buffer,run,690,88209502,0,0,0,10000,10000,16777216,bound_hit,625
measured,probe-memory-buffer,run,691,88329502,0,0,0,10000,10000,16777216,bound_hit,625
measured,probe-memory-buffer,run,692,88449102,0,0,0,10000,10000,16777216,bound_hit,625
measured,probe-memory-buffer,run,693,88569202,0,0,0,10000,10000,16777216,bound_hit,625
measured,probe-memory-buffer,run,694,88719302,0,0,0,10000,10000,16777216,bound_hit,625
measured,probe-memory-buffer,run,695,88843802,0,0,0,10000,10000,16777216,bound_hit,625
measured,probe-memory-buffer,run,696,88964402,0,0,0,10000,10000,16777216,bound_hit,625
measured,probe-memory-buffer,run,697,89084302,0,0,0,10000,10000,16777216,bound_hit,625
measured,probe-memory-buffer,run,698,89204502,0,0,0,10000,10000,16777216,bound_hit,625
measured,probe-memory-buffer,run,699,89324102,0,0,0,10000,10000,16777216,bound_hit,625
measured,probe-memory-buffer,run,700,89443402,0,0,0,10000,10000,16777216,bound_hit,625
measured,probe-memory-buffer,run,701,89563802,0,0,0,10000,10000,16777216,bound_hit,625
measured,probe-memory-buffer,run,702,89683602,0,0,0,10000,10000,16777216,bound_hit,625
measured,probe-memory-buffer,run,703,89804602,0,0,0,10000,10000,16777216,bound_hit,625
measured,probe-memory-buffer,run,704,89924402,0,0,0,10000,10000,16777216,bound_hit,625
measured,probe-memory-buffer,run,705,90043602,0,0,0,10000,10000,16777216,bound_hit,625
measured,probe-memory-buffer,run,706,90163302,0,0,0,10000,10000,16777216,bound_hit,625
measured,probe-memory-buffer,run,707,90283802,0,0,0,10000,10000,16777216,bound_hit,625
measured,probe-memory-buffer,run,708,90403702,0,0,0,10000,10000,16777216,bound_hit,625
measured,probe-memory-buffer,run,709,90531102,0,0,0,10000,10000,16777216,bound_hit,625
measured,probe-memory-buffer,run,710,90651402,0,0,0,10000,10000,16777216,bound_hit,625
measured,probe-memory-buffer,run,711,90771302,0,0,0,10000,10000,16777216,bound_hit,625
measured,probe-memory-buffer,run,712,90890402,0,0,0,10000,10000,16777216,bound_hit,625
measured,probe-memory-buffer,run,713,91009802,0,0,0,10000,10000,16777216,bound_hit,625
measured,probe-memory-buffer,run,714,91129102,0,0,0,10000,10000,16777216,bound_hit,625
measured,probe-memory-buffer,run,715,91248202,0,0,0,10000,10000,16777216,bound_hit,625
measured,probe-memory-buffer,run,716,91367302,0,0,0,10000,10000,16777216,bound_hit,625
measured,probe-memory-buffer,run,717,91486302,0,0,0,10000,10000,16777216,bound_hit,625
measured,probe-memory-buffer,run,718,91605602,0,0,0,10000,10000,16777216,bound_hit,625
measured,probe-memory-buffer,run,719,91724702,0,0,0,10000,10000,16777216,bound_hit,625
measured,probe-memory-buffer,run,720,91843902,0,0,0,10000,10000,16777216,bound_hit,625
measured,probe-memory-buffer,run,721,91963002,0,0,0,10000,10000,16777216,bound_hit,625
measured,probe-memory-buffer,run,722,92073602,0,0,0,10000,10000,16777216,bound_hit,625
measured,probe-memory-buffer,run,723,92193202,0,0,0,10000,10000,16777216,bound_hit,625
measured,probe-memory-buffer,run,724,92312502,0,0,0,10000,10000,16777216,bound_hit,625
measured,probe-memory-buffer,run,725,92431402,0,0,0,10000,10000,16777216,bound_hit,625
measured,probe-memory-buffer,run,726,92550202,0,0,0,10000,10000,16777216,bound_hit,625
measured,probe-memory-buffer,run,727,92669202,0,0,0,10000,10000,16777216,bound_hit,625
measured,probe-memory-buffer,run,728,92788202,0,0,0,10000,10000,16777216,bound_hit,625
measured,probe-memory-buffer,run,729,92907102,0,0,0,10000,10000,16777216,bound_hit,625
measured,probe-memory-buffer,run,730,93026302,0,0,0,10000,10000,16777216,bound_hit,625
measured,probe-memory-buffer,run,731,93146402,0,0,0,10000,10000,16777216,bound_hit,625
measured,probe-memory-buffer,run,732,93265702,0,0,0,10000,10000,16777216,bound_hit,625
measured,probe-memory-buffer,run,733,93384702,0,0,0,10000,10000,16777216,bound_hit,625
measured,probe-memory-buffer,run,734,93503702,0,0,0,10000,10000,16777216,bound_hit,625
measured,probe-memory-buffer,run,735,93622802,0,0,0,10000,10000,16777216,bound_hit,625
measured,probe-memory-buffer,run,736,93741802,0,0,0,10000,10000,16777216,bound_hit,625
measured,probe-memory-buffer,run,737,93860902,0,0,0,10000,10000,16777216,bound_hit,625
measured,probe-memory-buffer,run,738,93979902,0,0,0,10000,10000,16777216,bound_hit,625
measured,probe-memory-buffer,run,739,94098802,0,0,0,10000,10000,16777216,bound_hit,625
measured,probe-memory-buffer,run,740,94293902,0,0,0,10000,10000,16777216,bound_hit,625
measured,probe-memory-buffer,run,741,94433302,0,0,0,10000,10000,16777216,bound_hit,625
measured,probe-memory-buffer,run,742,94560702,0,0,0,10000,10000,16777216,bound_hit,625
measured,probe-memory-buffer,run,743,94681602,0,0,0,10000,10000,16777216,bound_hit,625
measured,probe-memory-buffer,run,744,94801902,0,0,0,10000,10000,16777216,bound_hit,625
measured,probe-memory-buffer,run,745,94937802,0,0,0,10000,10000,16777216,bound_hit,625
measured,probe-memory-buffer,run,746,95057502,0,0,0,10000,10000,16777216,bound_hit,625
measured,probe-memory-buffer,run,747,95176802,0,0,0,10000,10000,16777216,bound_hit,625
measured,probe-memory-buffer,run,748,95296302,0,0,0,10000,10000,16777216,bound_hit,625
measured,probe-memory-buffer,run,749,95416502,0,0,0,10000,10000,16777216,bound_hit,625
measured,probe-memory-buffer,run,750,95538702,0,0,0,10000,10000,16777216,bound_hit,625
measured,probe-memory-buffer,run,751,95683202,0,0,0,10000,10000,16777216,bound_hit,625
measured,probe-memory-buffer,run,752,95852902,0,0,0,10000,10000,16777216,bound_hit,625
measured,probe-memory-buffer,run,753,95996902,0,0,0,10000,10000,16777216,bound_hit,625
measured,probe-memory-buffer,run,754,96124102,0,0,0,10000,10000,16777216,bound_hit,625
measured,probe-memory-buffer,run,755,96250702,0,0,0,10000,10000,16777216,bound_hit,625
measured,probe-memory-buffer,run,756,96376302,0,0,0,10000,10000,16777216,bound_hit,625
measured,probe-memory-buffer,run,757,96502302,0,0,0,10000,10000,16777216,bound_hit,625
measured,probe-memory-buffer,run,758,96631402,0,0,0,10000,10000,16777216,bound_hit,625
measured,probe-memory-buffer,run,759,96755902,0,0,0,10000,10000,16777216,bound_hit,625
measured,probe-memory-buffer,run,760,96879802,0,0,0,10000,10000,16777216,bound_hit,625
measured,probe-memory-buffer,run,761,97003402,0,0,0,10000,10000,16777216,bound_hit,625
measured,probe-memory-buffer,run,762,97127402,0,0,0,10000,10000,16777216,bound_hit,625
measured,probe-memory-buffer,run,763,97251402,0,0,0,10000,10000,16777216,bound_hit,625
measured,probe-memory-buffer,run,764,97375802,0,0,0,10000,10000,16777216,bound_hit,625
measured,probe-memory-buffer,run,765,97507902,0,0,0,10000,10000,16777216,bound_hit,625
measured,probe-memory-buffer,run,766,97632002,0,0,0,10000,10000,16777216,bound_hit,625
measured,probe-memory-buffer,run,767,97755202,0,0,0,10000,10000,16777216,bound_hit,625
measured,probe-memory-buffer,run,768,97876002,0,0,0,10000,10000,16777216,bound_hit,625
measured,probe-memory-buffer,run,769,97995702,0,0,0,10000,10000,16777216,bound_hit,625
measured,probe-memory-buffer,run,770,98114902,0,0,0,10000,10000,16777216,bound_hit,625
measured,probe-memory-buffer,run,771,98234202,0,0,0,10000,10000,16777216,bound_hit,625
measured,probe-memory-buffer,run,772,98353602,0,0,0,10000,10000,16777216,bound_hit,625
measured,probe-memory-buffer,run,773,98473102,0,0,0,10000,10000,16777216,bound_hit,625
measured,probe-memory-buffer,run,774,98592602,0,0,0,10000,10000,16777216,bound_hit,625
measured,probe-memory-buffer,run,775,98712002,0,0,0,10000,10000,16777216,bound_hit,625
measured,probe-memory-buffer,run,776,98831402,0,0,0,10000,10000,16777216,bound_hit,625
measured,probe-memory-buffer,run,777,98950702,0,0,0,10000,10000,16777216,bound_hit,625
measured,probe-memory-buffer,run,778,99070202,0,0,0,10000,10000,16777216,bound_hit,625
measured,probe-memory-buffer,run,779,99189602,0,0,0,10000,10000,16777216,bound_hit,625
measured,probe-memory-buffer,run,780,99309002,0,0,0,10000,10000,16777216,bound_hit,625
measured,probe-memory-buffer,run,781,99428402,0,0,0,10000,10000,16777216,bound_hit,625
measured,probe-memory-buffer,run,782,99547902,0,0,0,10000,10000,16777216,bound_hit,625
measured,probe-memory-buffer,run,783,99668202,0,0,0,10000,10000,16777216,bound_hit,625
measured,probe-memory-buffer,run,784,99787702,0,0,0,10000,10000,16777216,bound_hit,625
measured,probe-memory-buffer,run,785,99907102,0,0,0,10000,10000,16777216,bound_hit,625
measured,probe-memory-buffer,run,786,100026602,0,0,0,10000,10000,16777216,bound_hit,625
measured,probe-memory-buffer,run,787,100147902,0,0,0,10000,10000,16777216,bound_hit,625
measured,probe-memory-buffer,run,788,100267502,0,0,0,10000,10000,16777216,bound_hit,625
measured,probe-memory-buffer,run,789,100386802,0,0,0,10000,10000,16777216,bound_hit,625
measured,probe-memory-buffer,run,790,100523802,0,0,0,10000,10000,16777216,bound_hit,625
measured,probe-memory-buffer,run,791,100657902,0,0,0,10000,10000,16777216,bound_hit,625
measured,probe-memory-buffer,run,792,100791202,0,0,0,10000,10000,16777216,bound_hit,625
measured,probe-memory-buffer,run,793,100924802,0,0,0,10000,10000,16777216,bound_hit,625
measured,probe-memory-buffer,run,794,101057802,0,0,0,10000,10000,16777216,bound_hit,625
measured,probe-memory-buffer,run,795,101257402,0,0,0,10000,10000,16777216,bound_hit,625
measured,probe-memory-buffer,run,796,101504202,0,0,0,10000,10000,16777216,bound_hit,625
measured,probe-memory-buffer,run,797,101658202,0,0,0,10000,10000,16777216,bound_hit,625
measured,probe-memory-buffer,run,798,101805502,0,0,0,10000,10000,16777216,bound_hit,625
measured,probe-memory-buffer,run,799,101950502,0,0,0,10000,10000,16777216,bound_hit,625
measured,probe-memory-buffer,run,800,102095702,0,0,0,10000,10000,16777216,bound_hit,625
measured,probe-memory-buffer,run,801,102241502,0,0,0,10000,10000,16777216,bound_hit,625
measured,probe-memory-buffer,run,802,102383002,0,0,0,10000,10000,16777216,bound_hit,625
measured,probe-memory-buffer,run,803,102553902,0,0,0,10000,10000,16777216,bound_hit,625
measured,probe-memory-buffer,run,804,102696202,0,0,0,10000,10000,16777216,bound_hit,625
measured,probe-memory-buffer,run,805,102838402,0,0,0,10000,10000,16777216,bound_hit,625
measured,probe-memory-buffer,run,806,102978602,0,0,0,10000,10000,16777216,bound_hit,625
measured,probe-memory-buffer,run,807,103118702,0,0,0,10000,10000,16777216,bound_hit,625
measured,probe-memory-buffer,run,808,103258802,0,0,0,10000,10000,16777216,bound_hit,625
measured,probe-memory-buffer,run,809,103401402,0,0,0,10000,10000,16777216,bound_hit,625
measured,probe-memory-buffer,run,810,103541502,0,0,0,10000,10000,16777216,bound_hit,625
measured,probe-memory-buffer,run,811,103681902,0,0,0,10000,10000,16777216,bound_hit,625
measured,probe-memory-buffer,run,812,103819102,0,0,0,10000,10000,16777216,bound_hit,625
measured,probe-memory-buffer,run,813,103953402,0,0,0,10000,10000,16777216,bound_hit,625
measured,probe-memory-buffer,run,814,104090002,0,0,0,10000,10000,16777216,bound_hit,625
measured,probe-memory-buffer,run,815,104220002,0,0,0,10000,10000,16777216,bound_hit,625
measured,probe-memory-buffer,run,816,104374902,0,0,0,10000,10000,16777216,bound_hit,625
measured,probe-memory-buffer,run,817,104528502,0,0,0,10000,10000,16777216,bound_hit,625
measured,probe-memory-buffer,run,818,104681902,0,0,0,10000,10000,16777216,bound_hit,625
measured,probe-memory-buffer,run,819,104835702,0,0,0,10000,10000,16777216,bound_hit,625
measured,probe-memory-buffer,run,820,104989502,0,0,0,10000,10000,16777216,bound_hit,625
measured,probe-memory-buffer,run,821,105123102,0,0,0,10000,10000,16777216,bound_hit,625
measured,probe-memory-buffer,run,822,105284802,0,0,0,10000,10000,16777216,bound_hit,625
measured,probe-memory-buffer,run,823,105438702,0,0,0,10000,10000,16777216,bound_hit,625
measured,probe-memory-buffer,run,824,105592702,0,0,0,10000,10000,16777216,bound_hit,625
measured,probe-memory-buffer,run,825,105747402,0,0,0,10000,10000,16777216,bound_hit,625
measured,probe-memory-buffer,run,826,105882302,0,0,0,10000,10000,16777216,bound_hit,625
measured,probe-memory-buffer,run,827,106017102,0,0,0,10000,10000,16777216,bound_hit,625
measured,probe-memory-buffer,run,828,106152202,0,0,0,10000,10000,16777216,bound_hit,625
measured,probe-memory-buffer,run,829,106287002,0,0,0,10000,10000,16777216,bound_hit,625
measured,probe-memory-buffer,run,830,106421702,0,0,0,10000,10000,16777216,bound_hit,625
measured,probe-memory-buffer,run,831,106556102,0,0,0,10000,10000,16777216,bound_hit,625
measured,probe-memory-buffer,run,832,106690502,0,0,0,10000,10000,16777216,bound_hit,625
measured,probe-memory-buffer,run,833,106825202,0,0,0,10000,10000,16777216,bound_hit,625
measured,probe-memory-buffer,run,834,106960102,0,0,0,10000,10000,16777216,bound_hit,625
measured,probe-memory-buffer,run,835,107095102,0,0,0,10000,10000,16777216,bound_hit,625
measured,probe-memory-buffer,run,836,107229602,0,0,0,10000,10000,16777216,bound_hit,625
measured,probe-memory-buffer,run,837,107363602,0,0,0,10000,10000,16777216,bound_hit,625
measured,probe-memory-buffer,run,838,107497402,0,0,0,10000,10000,16777216,bound_hit,625
measured,probe-memory-buffer,run,839,107631002,0,0,0,10000,10000,16777216,bound_hit,625
measured,probe-memory-buffer,run,840,107765102,0,0,0,10000,10000,16777216,bound_hit,625
measured,probe-memory-buffer,run,841,107899102,0,0,0,10000,10000,16777216,bound_hit,625
measured,probe-memory-buffer,run,842,108032802,0,0,0,10000,10000,16777216,bound_hit,625
measured,probe-memory-buffer,run,843,108093902,0,0,0,10000,10000,16777216,update,0
measured,probe-memory-buffer,run,844,108291002,0,0,0,10000,10000,16777216,bound_hit,625
measured,probe-memory-buffer,run,845,108425702,0,0,0,10000,10000,16777216,bound_hit,625
measured,probe-memory-buffer,run,846,108552902,0,0,0,10000,10000,16777216,bound_hit,625
measured,probe-memory-buffer,run,847,108676502,0,0,0,10000,10000,16777216,bound_hit,625
measured,probe-memory-buffer,run,848,108798702,0,0,0,10000,10000,16777216,bound_hit,625
measured,probe-memory-buffer,run,849,108963902,0,0,0,10000,10000,16777216,bound_hit,625
measured,probe-memory-buffer,run,850,109091102,0,0,0,10000,10000,16777216,bound_hit,625
measured,probe-memory-buffer,run,851,109215702,0,0,0,10000,10000,16777216,bound_hit,625
measured,probe-memory-buffer,run,852,109340402,0,0,0,10000,10000,16777216,bound_hit,625
measured,probe-memory-buffer,run,853,109464902,0,0,0,10000,10000,16777216,bound_hit,625
measured,probe-memory-buffer,run,854,109589002,0,0,0,10000,10000,16777216,bound_hit,625
measured,probe-memory-buffer,run,855,109712402,0,0,0,10000,10000,16777216,bound_hit,625
measured,probe-memory-buffer,run,856,109833402,0,0,0,10000,10000,16777216,bound_hit,625
measured,probe-memory-buffer,run,857,109953202,0,0,0,10000,10000,16777216,bound_hit,625
measured,probe-memory-buffer,run,858,110072802,0,0,0,10000,10000,16777216,bound_hit,625
measured,probe-memory-buffer,run,859,110192202,0,0,0,10000,10000,16777216,bound_hit,625
measured,probe-memory-buffer,run,860,110311802,0,0,0,10000,10000,16777216,bound_hit,625
measured,probe-memory-buffer,run,861,110431302,0,0,0,10000,10000,16777216,bound_hit,625
measured,probe-memory-buffer,run,862,110551002,0,0,0,10000,10000,16777216,bound_hit,625
measured,probe-memory-buffer,run,863,110670402,0,0,0,10000,10000,16777216,bound_hit,625
measured,probe-memory-buffer,run,864,110789802,0,0,0,10000,10000,16777216,bound_hit,625
measured,probe-memory-buffer,run,865,110909102,0,0,0,10000,10000,16777216,bound_hit,625
measured,probe-memory-buffer,run,866,111028802,0,0,0,10000,10000,16777216,bound_hit,625
measured,probe-memory-buffer,run,867,111148202,0,0,0,10000,10000,16777216,bound_hit,625
measured,probe-memory-buffer,run,868,111267502,0,0,0,10000,10000,16777216,bound_hit,625
measured,probe-memory-buffer,run,869,111386802,0,0,0,10000,10000,16777216,bound_hit,625
measured,probe-memory-buffer,run,870,111506102,0,0,0,10000,10000,16777216,bound_hit,625
measured,probe-memory-buffer,run,871,111625302,0,0,0,10000,10000,16777216,bound_hit,625
measured,probe-memory-buffer,run,872,111744802,0,0,0,10000,10000,16777216,bound_hit,625
measured,probe-memory-buffer,run,873,111864302,0,0,0,10000,10000,16777216,bound_hit,625
measured,probe-memory-buffer,run,874,111983602,0,0,0,10000,10000,16777216,bound_hit,625
measured,probe-memory-buffer,run,875,112105102,0,0,0,10000,10000,16777216,bound_hit,625
measured,probe-memory-buffer,run,876,112224702,0,0,0,10000,10000,16777216,bound_hit,625
measured,probe-memory-buffer,run,877,112345002,0,0,0,10000,10000,16777216,bound_hit,625
measured,probe-memory-buffer,run,878,112464702,0,0,0,10000,10000,16777216,bound_hit,625
measured,probe-memory-buffer,run,879,112591902,0,0,0,10000,10000,16777216,bound_hit,625
measured,probe-memory-buffer,run,880,112711602,0,0,0,10000,10000,16777216,bound_hit,625
measured,probe-memory-buffer,run,881,112831302,0,0,0,10000,10000,16777216,bound_hit,625
measured,probe-memory-buffer,run,882,112950702,0,0,0,10000,10000,16777216,bound_hit,625
measured,probe-memory-buffer,run,883,113069902,0,0,0,10000,10000,16777216,bound_hit,625
measured,probe-memory-buffer,run,884,113189502,0,0,0,10000,10000,16777216,bound_hit,625
measured,probe-memory-buffer,run,885,113309102,0,0,0,10000,10000,16777216,bound_hit,625
measured,probe-memory-buffer,run,886,113428702,0,0,0,10000,10000,16777216,bound_hit,625
measured,probe-memory-buffer,run,887,113547902,0,0,0,10000,10000,16777216,bound_hit,625
measured,probe-memory-buffer,run,888,113667502,0,0,0,10000,10000,16777216,bound_hit,625
measured,probe-memory-buffer,run,889,113786902,0,0,0,10000,10000,16777216,bound_hit,625
measured,probe-memory-buffer,run,890,113906602,0,0,0,10000,10000,16777216,bound_hit,625
measured,probe-memory-buffer,run,891,114025902,0,0,0,10000,10000,16777216,bound_hit,625
measured,probe-memory-buffer,run,892,114145502,0,0,0,10000,10000,16777216,bound_hit,625
measured,probe-memory-buffer,run,893,114264902,0,0,0,10000,10000,16777216,bound_hit,625
measured,probe-memory-buffer,run,894,114385002,0,0,0,10000,10000,16777216,bound_hit,625
measured,probe-memory-buffer,run,895,114505102,0,0,0,10000,10000,16777216,bound_hit,625
measured,probe-memory-buffer,run,896,114624502,0,0,0,10000,10000,16777216,bound_hit,625
measured,probe-memory-buffer,run,897,114743902,0,0,0,10000,10000,16777216,bound_hit,625
measured,probe-memory-buffer,run,898,114863402,0,0,0,10000,10000,16777216,bound_hit,625
measured,probe-memory-buffer,run,899,114982602,0,0,0,10000,10000,16777216,bound_hit,625
measured,probe-memory-buffer,run,900,115150002,0,0,0,10000,10000,16777216,bound_hit,625
measured,probe-memory-buffer,run,901,115289002,0,0,0,10000,10000,16777216,bound_hit,625
measured,probe-memory-buffer,run,902,115430802,0,0,0,10000,10000,16777216,bound_hit,625
measured,probe-memory-buffer,run,903,115581502,0,0,0,10000,10000,16777216,bound_hit,625
measured,probe-memory-buffer,run,904,115707502,0,0,0,10000,10000,16777216,bound_hit,625
measured,probe-memory-buffer,run,905,115834402,0,0,0,10000,10000,16777216,bound_hit,625
measured,probe-memory-buffer,run,906,115959502,0,0,0,10000,10000,16777216,bound_hit,625
measured,probe-memory-buffer,run,907,116071702,0,0,0,10000,10000,16777216,bound_hit,625
measured,probe-memory-buffer,run,908,116196302,0,0,0,10000,10000,16777216,bound_hit,625
measured,probe-memory-buffer,run,909,116351102,0,0,0,10000,10000,16777216,bound_hit,625
measured,probe-memory-buffer,run,910,116479402,0,0,0,10000,10000,16777216,bound_hit,625
measured,probe-memory-buffer,run,911,116605202,0,0,0,10000,10000,16777216,bound_hit,625
measured,probe-memory-buffer,run,912,116730702,0,0,0,10000,10000,16777216,bound_hit,625
measured,probe-memory-buffer,run,913,116855902,0,0,0,10000,10000,16777216,bound_hit,625
measured,probe-memory-buffer,run,914,116981202,0,0,0,10000,10000,16777216,bound_hit,625
measured,probe-memory-buffer,run,915,117106702,0,0,0,10000,10000,16777216,bound_hit,625
measured,probe-memory-buffer,run,916,117232402,0,0,0,10000,10000,16777216,bound_hit,625
measured,probe-memory-buffer,run,917,117358102,0,0,0,10000,10000,16777216,bound_hit,625
measured,probe-memory-buffer,run,918,117483702,0,0,0,10000,10000,16777216,bound_hit,625
measured,probe-memory-buffer,run,919,117609302,0,0,0,10000,10000,16777216,bound_hit,625
measured,probe-memory-buffer,run,920,117734702,0,0,0,10000,10000,16777216,bound_hit,625
measured,probe-memory-buffer,run,921,117857202,0,0,0,10000,10000,16777216,bound_hit,625
measured,probe-memory-buffer,run,922,117977902,0,0,0,10000,10000,16777216,bound_hit,625
measured,probe-memory-buffer,run,923,118098502,0,0,0,10000,10000,16777216,bound_hit,625
measured,probe-memory-buffer,run,924,118219702,0,0,0,10000,10000,16777216,bound_hit,625
measured,probe-memory-buffer,run,925,118340202,0,0,0,10000,10000,16777216,bound_hit,625
measured,probe-memory-buffer,run,926,118460702,0,0,0,10000,10000,16777216,bound_hit,625
measured,probe-memory-buffer,run,927,118581002,0,0,0,10000,10000,16777216,bound_hit,625
measured,probe-memory-buffer,run,928,118701302,0,0,0,10000,10000,16777216,bound_hit,625
measured,probe-memory-buffer,run,929,118821402,0,0,0,10000,10000,16777216,bound_hit,625
measured,probe-memory-buffer,run,930,118941802,0,0,0,10000,10000,16777216,bound_hit,625
measured,probe-memory-buffer,run,931,119062002,0,0,0,10000,10000,16777216,bound_hit,625
measured,probe-memory-buffer,run,932,119182402,0,0,0,10000,10000,16777216,bound_hit,625
measured,probe-memory-buffer,run,933,119302502,0,0,0,10000,10000,16777216,bound_hit,625
measured,probe-memory-buffer,run,934,119423002,0,0,0,10000,10000,16777216,bound_hit,625
measured,probe-memory-buffer,run,935,119543402,0,0,0,10000,10000,16777216,bound_hit,625
measured,probe-memory-buffer,run,936,119671902,0,0,0,10000,10000,16777216,bound_hit,625
measured,probe-memory-buffer,run,937,119792302,0,0,0,10000,10000,16777216,bound_hit,625
measured,probe-memory-buffer,run,938,119912702,0,0,0,10000,10000,16777216,bound_hit,625
measured,probe-memory-buffer,run,939,120033002,0,0,0,10000,10000,16777216,bound_hit,625
measured,probe-memory-buffer,run,940,120155902,0,0,0,10000,10000,16777216,bound_hit,625
measured,probe-memory-buffer,run,941,120276402,0,0,0,10000,10000,16777216,bound_hit,625
measured,probe-memory-buffer,run,942,120396802,0,0,0,10000,10000,16777216,bound_hit,625
measured,probe-memory-buffer,run,943,120517402,0,0,0,10000,10000,16777216,bound_hit,625
measured,probe-memory-buffer,run,944,120637902,0,0,0,10000,10000,16777216,bound_hit,625
measured,probe-memory-buffer,run,945,120758102,0,0,0,10000,10000,16777216,bound_hit,625
measured,probe-memory-buffer,run,946,120878402,0,0,0,10000,10000,16777216,bound_hit,625
measured,probe-memory-buffer,run,947,120998702,0,0,0,10000,10000,16777216,bound_hit,625
measured,probe-memory-buffer,run,948,121118902,0,0,0,10000,10000,16777216,bound_hit,625
measured,probe-memory-buffer,run,949,121239102,0,0,0,10000,10000,16777216,bound_hit,625
measured,probe-memory-buffer,run,950,121359602,0,0,0,10000,10000,16777216,bound_hit,625
measured,probe-memory-buffer,run,951,121480902,0,0,0,10000,10000,16777216,bound_hit,625
measured,probe-memory-buffer,run,952,121601502,0,0,0,10000,10000,16777216,bound_hit,625
measured,probe-memory-buffer,run,953,121721902,0,0,0,10000,10000,16777216,bound_hit,625
measured,probe-memory-buffer,run,954,121842202,0,0,0,10000,10000,16777216,bound_hit,625
measured,probe-memory-buffer,run,955,121962602,0,0,0,10000,10000,16777216,bound_hit,625
measured,probe-memory-buffer,run,956,122083202,0,0,0,10000,10000,16777216,bound_hit,625
measured,probe-memory-buffer,run,957,122213802,0,0,0,10000,10000,16777216,bound_hit,625
measured,probe-memory-buffer,run,958,122348002,0,0,0,10000,10000,16777216,bound_hit,625
measured,probe-memory-buffer,run,959,122480802,0,0,0,10000,10000,16777216,bound_hit,625
measured,probe-memory-buffer,run,960,122610302,0,0,0,10000,10000,16777216,bound_hit,625
measured,probe-memory-buffer,run,961,122740702,0,0,0,10000,10000,16777216,bound_hit,625
measured,probe-memory-buffer,run,962,122866002,0,0,0,10000,10000,16777216,bound_hit,625
measured,probe-memory-buffer,run,963,122987802,0,0,0,10000,10000,16777216,bound_hit,625
measured,probe-memory-buffer,run,964,123108502,0,0,0,10000,10000,16777216,bound_hit,625
measured,probe-memory-buffer,run,965,123228402,0,0,0,10000,10000,16777216,bound_hit,625
measured,probe-memory-buffer,run,966,123348102,0,0,0,10000,10000,16777216,bound_hit,625
measured,probe-memory-buffer,run,967,123468202,0,0,0,10000,10000,16777216,bound_hit,625
measured,probe-memory-buffer,run,968,123588102,0,0,0,10000,10000,16777216,bound_hit,625
measured,probe-memory-buffer,run,969,123707902,0,0,0,10000,10000,16777216,bound_hit,625
measured,probe-memory-buffer,run,970,123827902,0,0,0,10000,10000,16777216,bound_hit,625
measured,probe-memory-buffer,run,971,123948802,0,0,0,10000,10000,16777216,bound_hit,625
measured,probe-memory-buffer,run,972,124068102,0,0,0,10000,10000,16777216,bound_hit,625
measured,probe-memory-buffer,run,973,124188402,0,0,0,10000,10000,16777216,bound_hit,625
measured,probe-memory-buffer,run,974,124308102,0,0,0,10000,10000,16777216,bound_hit,625
measured,probe-memory-buffer,run,975,124427802,0,0,0,10000,10000,16777216,bound_hit,625
measured,probe-memory-buffer,run,976,124547702,0,0,0,10000,10000,16777216,bound_hit,625
measured,probe-memory-buffer,run,977,124668002,0,0,0,10000,10000,16777216,bound_hit,625
measured,probe-memory-buffer,run,978,124787702,0,0,0,10000,10000,16777216,bound_hit,625
measured,probe-memory-buffer,run,979,124908302,0,0,0,10000,10000,16777216,bound_hit,625
measured,probe-memory-buffer,run,980,125027802,0,0,0,10000,10000,16777216,bound_hit,625
measured,probe-memory-buffer,run,981,125147602,0,0,0,10000,10000,16777216,bound_hit,625
measured,probe-memory-buffer,run,982,125267202,0,0,0,10000,10000,16777216,bound_hit,625
measured,probe-memory-buffer,run,983,125386602,0,0,0,10000,10000,16777216,bound_hit,625
measured,probe-memory-buffer,run,984,125506302,0,0,0,10000,10000,16777216,bound_hit,625
measured,probe-memory-buffer,run,985,125625802,0,0,0,10000,10000,16777216,bound_hit,625
measured,probe-memory-buffer,run,986,125745402,0,0,0,10000,10000,16777216,bound_hit,625
measured,probe-memory-buffer,run,987,125864902,0,0,0,10000,10000,16777216,bound_hit,625
measured,probe-memory-buffer,run,988,125984402,0,0,0,10000,10000,16777216,bound_hit,625
measured,probe-memory-buffer,run,989,126104402,0,0,0,10000,10000,16777216,bound_hit,625
measured,probe-memory-buffer,run,990,126223602,0,0,0,10000,10000,16777216,bound_hit,625
measured,probe-memory-buffer,run,991,126343402,0,0,0,10000,10000,16777216,bound_hit,625
measured,probe-memory-buffer,run,992,126462802,0,0,0,10000,10000,16777216,bound_hit,625
measured,probe-memory-buffer,run,993,126590602,0,0,0,10000,10000,16777216,bound_hit,625
measured,probe-memory-buffer,run,994,126710202,0,0,0,10000,10000,16777216,bound_hit,625
measured,probe-memory-buffer,run,995,126829702,0,0,0,10000,10000,16777216,bound_hit,625
measured,probe-memory-buffer,run,996,126949202,0,0,0,10000,10000,16777216,bound_hit,625
measured,probe-memory-buffer,run,997,127068602,0,0,0,10000,10000,16777216,bound_hit,625
measured,probe-memory-buffer,run,998,127188202,0,0,0,10000,10000,16777216,bound_hit,625
measured,probe-memory-buffer,run,999,127308502,0,0,0,10000,10000,16777216,bound_hit,625
measured,probe-memory-buffer,run,1000,127428602,0,0,0,10000,10000,16777216,bound_hit,625
measured,probe-memory-buffer,run,1001,127548202,0,0,0,10000,10000,16777216,bound_hit,625
measured,probe-memory-buffer,run,1002,127667602,0,0,0,10000,10000,16777216,bound_hit,625
measured,probe-memory-buffer,run,1003,127786902,0,0,0,10000,10000,16777216,bound_hit,625
measured,probe-memory-buffer,run,1004,127906502,0,0,0,10000,10000,16777216,bound_hit,625
measured,probe-memory-buffer,run,1005,128026102,0,0,0,10000,10000,16777216,bound_hit,625
measured,probe-memory-buffer,run,1006,128146302,0,0,0,10000,10000,16777216,bound_hit,625
measured,probe-memory-buffer,run,1007,128278002,0,0,0,10000,10000,16777216,bound_hit,625
measured,probe-memory-buffer,run,1008,128404602,0,0,0,10000,10000,16777216,bound_hit,625
measured,probe-memory-buffer,run,1009,128529502,0,0,0,10000,10000,16777216,bound_hit,625
measured,probe-memory-buffer,run,1010,128654202,0,0,0,10000,10000,16777216,bound_hit,625
measured,probe-memory-buffer,run,1011,128778502,0,0,0,10000,10000,16777216,bound_hit,625
measured,probe-memory-buffer,run,1012,128902502,0,0,0,10000,10000,16777216,bound_hit,625
measured,probe-memory-buffer,run,1013,129027502,0,0,0,10000,10000,16777216,bound_hit,625
measured,probe-memory-buffer,run,1014,129161502,0,0,0,10000,10000,16777216,bound_hit,625
measured,probe-memory-buffer,run,1015,129289202,0,0,0,10000,10000,16777216,bound_hit,625
measured,probe-memory-buffer,run,1016,129409202,0,0,0,10000,10000,16777216,bound_hit,625
measured,probe-memory-buffer,run,1017,129530202,0,0,0,10000,10000,16777216,bound_hit,625
measured,probe-memory-buffer,run,1018,129651602,0,0,0,10000,10000,16777216,bound_hit,625
measured,probe-memory-buffer,run,1019,129771402,0,0,0,10000,10000,16777216,bound_hit,625
measured,probe-memory-buffer,run,1020,129892402,0,0,0,10000,10000,16777216,bound_hit,625
measured,probe-memory-buffer,run,1021,130014402,0,0,0,10000,10000,16777216,bound_hit,625
measured,probe-memory-buffer,run,1022,130135202,0,0,0,10000,10000,16777216,bound_hit,625
measured,probe-memory-buffer,run,1023,130255902,0,0,0,10000,10000,16777216,bound_hit,625
measured,probe-memory-buffer,run,1024,130376302,0,0,0,10000,10000,16777216,bound_hit,625
measured,probe-memory-buffer,run,1025,130496902,0,0,0,10000,10000,16777216,bound_hit,625
measured,probe-memory-buffer,run,1026,130617002,0,0,0,10000,10000,16777216,bound_hit,625
measured,probe-memory-buffer,run,1027,130737202,0,0,0,10000,10000,16777216,bound_hit,625
measured,probe-memory-buffer,run,1028,130857302,0,0,0,10000,10000,16777216,bound_hit,625
measured,probe-memory-buffer,run,1029,130977802,0,0,0,10000,10000,16777216,bound_hit,625
measured,probe-memory-buffer,run,1030,131098202,0,0,0,10000,10000,16777216,bound_hit,625
measured,probe-memory-buffer,run,1031,131218302,0,0,0,10000,10000,16777216,bound_hit,625
measured,probe-memory-buffer,run,1032,131338302,0,0,0,10000,10000,16777216,bound_hit,625
measured,probe-memory-buffer,run,1033,131458402,0,0,0,10000,10000,16777216,bound_hit,625
measured,probe-memory-buffer,run,1034,131578702,0,0,0,10000,10000,16777216,bound_hit,625
measured,probe-memory-buffer,run,1035,131699002,0,0,0,10000,10000,16777216,bound_hit,625
measured,probe-memory-buffer,run,1036,131819302,0,0,0,10000,10000,16777216,bound_hit,625
measured,probe-memory-buffer,run,1037,131939602,0,0,0,10000,10000,16777216,bound_hit,625
measured,probe-memory-buffer,run,1038,132081302,0,0,0,10000,10000,16777216,bound_hit,625
measured,probe-memory-buffer,run,1039,132201802,0,0,0,10000,10000,16777216,bound_hit,625
measured,probe-memory-buffer,run,1040,132322002,0,0,0,10000,10000,16777216,bound_hit,625
measured,probe-memory-buffer,run,1041,132441902,0,0,0,10000,10000,16777216,bound_hit,625
measured,probe-memory-buffer,run,1042,132562002,0,0,0,10000,10000,16777216,bound_hit,625
measured,probe-memory-buffer,run,1043,132682102,0,0,0,10000,10000,16777216,bound_hit,625
measured,probe-memory-buffer,run,1044,132802302,0,0,0,10000,10000,16777216,bound_hit,625
measured,probe-memory-buffer,run,1045,132922402,0,0,0,10000,10000,16777216,bound_hit,625
measured,probe-memory-buffer,run,1046,133042402,0,0,0,10000,10000,16777216,bound_hit,625
measured,probe-memory-buffer,run,1047,133162602,0,0,0,10000,10000,16777216,bound_hit,625
measured,probe-memory-buffer,run,1048,133282702,0,0,0,10000,10000,16777216,bound_hit,625
measured,probe-memory-buffer,run,1049,133403002,0,0,0,10000,10000,16777216,bound_hit,625
measured,probe-memory-buffer,run,1050,133531002,0,0,0,10000,10000,16777216,bound_hit,625
measured,probe-memory-buffer,run,1051,133651402,0,0,0,10000,10000,16777216,bound_hit,625
measured,probe-memory-buffer,run,1052,133771702,0,0,0,10000,10000,16777216,bound_hit,625
measured,probe-memory-buffer,run,1053,133892302,0,0,0,10000,10000,16777216,bound_hit,625
measured,probe-memory-buffer,run,1054,134012602,0,0,0,10000,10000,16777216,bound_hit,625
measured,probe-memory-buffer,run,1055,134132802,0,0,0,10000,10000,16777216,bound_hit,625
measured,probe-memory-buffer,run,1056,134253102,0,0,0,10000,10000,16777216,bound_hit,625
measured,probe-memory-buffer,run,1057,134373202,0,0,0,10000,10000,16777216,bound_hit,625
measured,probe-memory-buffer,run,1058,134493202,0,0,0,10000,10000,16777216,bound_hit,625
measured,probe-memory-buffer,run,1059,134613202,0,0,0,10000,10000,16777216,bound_hit,625
measured,probe-memory-buffer,run,1060,134733102,0,0,0,10000,10000,16777216,bound_hit,625
measured,probe-memory-buffer,run,1061,134853302,0,0,0,10000,10000,16777216,bound_hit,625
measured,probe-memory-buffer,run,1062,134973202,0,0,0,10000,10000,16777216,bound_hit,625
measured,probe-memory-buffer,run,1063,135093202,0,0,0,10000,10000,16777216,bound_hit,625
measured,probe-memory-buffer,run,1064,135213502,0,0,0,10000,10000,16777216,bound_hit,625
measured,probe-memory-buffer,run,1065,135333602,0,0,0,10000,10000,16777216,bound_hit,625
measured,probe-memory-buffer,run,1066,135453802,0,0,0,10000,10000,16777216,bound_hit,625
measured,probe-memory-buffer,run,1067,135573902,0,0,0,10000,10000,16777216,bound_hit,625
measured,probe-memory-buffer,run,1068,135693902,0,0,0,10000,10000,16777216,bound_hit,625
measured,probe-memory-buffer,run,1069,135814202,0,0,0,10000,10000,16777216,bound_hit,625
measured,probe-memory-buffer,run,1070,135935502,0,0,0,10000,10000,16777216,bound_hit,625
measured,probe-memory-buffer,run,1071,136100602,0,0,0,10000,10000,16777216,bound_hit,625
measured,probe-memory-buffer,run,1072,136240602,0,0,0,10000,10000,16777216,bound_hit,625
measured,probe-memory-buffer,run,1073,136371002,0,0,0,10000,10000,16777216,bound_hit,625
measured,probe-memory-buffer,run,1074,136880102,0,0,0,10000,10000,16777216,bound_hit,625
measured,probe-memory-buffer,run,1075,137034602,0,0,0,10000,10000,16777216,bound_hit,625
measured,probe-memory-buffer,run,1076,137179102,0,0,0,10000,10000,16777216,bound_hit,625
measured,probe-memory-buffer,run,1077,137306802,0,0,0,10000,10000,16777216,bound_hit,625
measured,probe-memory-buffer,run,1078,137468802,0,0,0,10000,10000,16777216,bound_hit,625
measured,probe-memory-buffer,run,1079,137642202,0,0,0,10000,10000,16777216,bound_hit,625
measured,probe-memory-buffer,run,1080,137789902,0,0,0,10000,10000,16777216,bound_hit,625
measured,probe-memory-buffer,run,1081,137961902,0,0,0,10000,10000,16777216,bound_hit,625
measured,probe-memory-buffer,run,1082,138086902,0,0,0,10000,10000,16777216,bound_hit,625
measured,probe-memory-buffer,run,1083,138234602,0,0,0,10000,10000,16777216,bound_hit,625
measured,probe-memory-buffer,run,1084,138359602,0,0,0,10000,10000,16777216,bound_hit,625
measured,probe-memory-buffer,run,1085,138502102,0,0,0,10000,10000,16777216,bound_hit,625
measured,probe-memory-buffer,run,1086,138626802,0,0,0,10000,10000,16777216,bound_hit,625
measured,probe-memory-buffer,run,1087,138751402,0,0,0,10000,10000,16777216,bound_hit,625
measured,probe-memory-buffer,run,1088,138875502,0,0,0,10000,10000,16777216,bound_hit,625
measured,probe-memory-buffer,run,1089,139001002,0,0,0,10000,10000,16777216,bound_hit,625
measured,probe-memory-buffer,run,1090,139125102,0,0,0,10000,10000,16777216,bound_hit,625
measured,probe-memory-buffer,run,1091,139249402,0,0,0,10000,10000,16777216,bound_hit,625
measured,probe-memory-buffer,run,1092,139374702,0,0,0,10000,10000,16777216,bound_hit,625
measured,probe-memory-buffer,run,1093,139499902,0,0,0,10000,10000,16777216,bound_hit,625
measured,probe-memory-buffer,run,1094,139624502,0,0,0,10000,10000,16777216,bound_hit,625
measured,probe-memory-buffer,run,1095,139749002,0,0,0,10000,10000,16777216,bound_hit,625
measured,probe-memory-buffer,run,1096,139871302,0,0,0,10000,10000,16777216,bound_hit,625
measured,probe-memory-buffer,run,1097,139990902,0,0,0,10000,10000,16777216,bound_hit,625
measured,probe-memory-buffer,run,1098,140112802,0,0,0,10000,10000,16777216,bound_hit,625
measured,probe-memory-buffer,run,1099,140233602,0,0,0,10000,10000,16777216,bound_hit,625
measured,probe-memory-buffer,run,1100,140352902,0,0,0,10000,10000,16777216,bound_hit,625
measured,probe-memory-buffer,run,1101,140472402,0,0,0,10000,10000,16777216,bound_hit,625
measured,probe-memory-buffer,run,1102,140592702,0,0,0,10000,10000,16777216,bound_hit,625
measured,probe-memory-buffer,run,1103,140712102,0,0,0,10000,10000,16777216,bound_hit,625
measured,probe-memory-buffer,run,1104,140831502,0,0,0,10000,10000,16777216,bound_hit,625
measured,probe-memory-buffer,run,1105,140950903,0,0,0,10000,10000,16777216,bound_hit,625
measured,probe-memory-buffer,run,1106,141070203,0,0,0,10000,10000,16777216,bound_hit,625
measured,probe-memory-buffer,run,1107,141198003,0,0,0,10000,10000,16777216,bound_hit,625
measured,probe-memory-buffer,run,1108,141317503,0,0,0,10000,10000,16777216,bound_hit,625
measured,probe-memory-buffer,run,1109,141437503,0,0,0,10000,10000,16777216,bound_hit,625
measured,probe-memory-buffer,run,1110,141558403,0,0,0,10000,10000,16777216,bound_hit,625
measured,probe-memory-buffer,run,1111,141694903,0,0,0,10000,10000,16777216,bound_hit,625
measured,probe-memory-buffer,run,1112,141823603,0,0,0,10000,10000,16777216,bound_hit,625
measured,probe-memory-buffer,run,1113,141954803,0,0,0,10000,10000,16777216,bound_hit,625
measured,probe-memory-buffer,run,1114,142086103,0,0,0,10000,10000,16777216,bound_hit,625
measured,probe-memory-buffer,run,1115,142218503,0,0,0,10000,10000,16777216,bound_hit,625
measured,probe-memory-buffer,run,1116,142344903,0,0,0,10000,10000,16777216,bound_hit,625
measured,probe-memory-buffer,run,1117,142469903,0,0,0,10000,10000,16777216,bound_hit,625
measured,probe-memory-buffer,run,1118,142594903,0,0,0,10000,10000,16777216,bound_hit,625
measured,probe-memory-buffer,run,1119,142719703,0,0,0,10000,10000,16777216,bound_hit,625
measured,probe-memory-buffer,run,1120,142863303,0,0,0,10000,10000,16777216,bound_hit,625
measured,probe-memory-buffer,run,1121,143040103,0,0,0,10000,10000,16777216,bound_hit,625
measured,probe-memory-buffer,run,1122,143227103,0,0,0,10000,10000,16777216,bound_hit,625
measured,probe-memory-buffer,run,1123,143398003,0,0,0,10000,10000,16777216,bound_hit,625
measured,probe-memory-buffer,run,1124,143538803,0,0,0,10000,10000,16777216,bound_hit,625
measured,probe-memory-buffer,run,1125,143660803,0,0,0,10000,10000,16777216,bound_hit,625
measured,probe-memory-buffer,run,1126,143780803,0,0,0,10000,10000,16777216,bound_hit,625
measured,probe-memory-buffer,run,1127,143901903,0,0,0,10000,10000,16777216,bound_hit,625
measured,probe-memory-buffer,run,1128,144028203,0,0,0,10000,10000,16777216,bound_hit,625
measured,probe-memory-buffer,run,1129,144157403,0,0,0,10000,10000,16777216,bound_hit,625
measured,probe-memory-buffer,run,1130,144285903,0,0,0,10000,10000,16777216,bound_hit,625
measured,probe-memory-buffer,run,1131,144430803,0,0,0,10000,10000,16777216,bound_hit,625
measured,probe-memory-buffer,run,1132,144564603,0,0,0,10000,10000,16777216,bound_hit,625
measured,probe-memory-buffer,run,1133,144703403,0,0,0,10000,10000,16777216,bound_hit,625
measured,probe-memory-buffer,run,1134,144823903,0,0,0,10000,10000,16777216,bound_hit,625
measured,probe-memory-buffer,run,1135,144949703,0,0,0,10000,10000,16777216,bound_hit,625
measured,probe-memory-buffer,run,1136,145069103,0,0,0,10000,10000,16777216,bound_hit,625
measured,probe-memory-buffer,run,1137,145188703,0,0,0,10000,10000,16777216,bound_hit,625
measured,probe-memory-buffer,run,1138,145308403,0,0,0,10000,10000,16777216,bound_hit,625
measured,probe-memory-buffer,run,1139,145428003,0,0,0,10000,10000,16777216,bound_hit,625
measured,probe-memory-buffer,run,1140,145547503,0,0,0,10000,10000,16777216,bound_hit,625
measured,probe-memory-buffer,run,1141,145667103,0,0,0,10000,10000,16777216,bound_hit,625
measured,probe-memory-buffer,run,1142,145786503,0,0,0,10000,10000,16777216,bound_hit,625
measured,probe-memory-buffer,run,1143,145905903,0,0,0,10000,10000,16777216,bound_hit,625
measured,probe-memory-buffer,run,1144,146025403,0,0,0,10000,10000,16777216,bound_hit,625
measured,probe-memory-buffer,run,1145,146145603,0,0,0,10000,10000,16777216,bound_hit,625
measured,probe-memory-buffer,run,1146,146265203,0,0,0,10000,10000,16777216,bound_hit,625
measured,probe-memory-buffer,run,1147,146384703,0,0,0,10000,10000,16777216,bound_hit,625
measured,probe-memory-buffer,run,1148,146504203,0,0,0,10000,10000,16777216,bound_hit,625
measured,probe-memory-buffer,run,1149,146623803,0,0,0,10000,10000,16777216,bound_hit,625
measured,probe-memory-buffer,run,1150,146743503,0,0,0,10000,10000,16777216,bound_hit,625
measured,probe-memory-buffer,run,1151,146863103,0,0,0,10000,10000,16777216,bound_hit,625
measured,probe-memory-buffer,run,1152,146982503,0,0,0,10000,10000,16777216,bound_hit,625
measured,probe-memory-buffer,run,1153,147102003,0,0,0,10000,10000,16777216,bound_hit,625
measured,probe-memory-buffer,run,1154,147221603,0,0,0,10000,10000,16777216,bound_hit,625
measured,probe-memory-buffer,run,1155,147341303,0,0,0,10000,10000,16777216,bound_hit,625
measured,probe-memory-buffer,run,1156,147460903,0,0,0,10000,10000,16777216,bound_hit,625
measured,probe-memory-buffer,run,1157,147581603,0,0,0,10000,10000,16777216,bound_hit,625
measured,probe-memory-buffer,run,1158,147701403,0,0,0,10000,10000,16777216,bound_hit,625
measured,probe-memory-buffer,run,1159,147821203,0,0,0,10000,10000,16777216,bound_hit,625
measured,probe-memory-buffer,run,1160,147940603,0,0,0,10000,10000,16777216,bound_hit,625
measured,probe-memory-buffer,run,1161,148080803,0,0,0,10000,10000,16777216,bound_hit,625
measured,probe-memory-buffer,run,1162,148200803,0,0,0,10000,10000,16777216,bound_hit,625
measured,probe-memory-buffer,run,1163,148320403,0,0,0,10000,10000,16777216,bound_hit,625
measured,probe-memory-buffer,run,1164,148448503,0,0,0,10000,10000,16777216,bound_hit,625
measured,probe-memory-buffer,run,1165,148568303,0,0,0,10000,10000,16777216,bound_hit,625
measured,probe-memory-buffer,run,1166,148687903,0,0,0,10000,10000,16777216,bound_hit,625
measured,probe-memory-buffer,run,1167,148807403,0,0,0,10000,10000,16777216,bound_hit,625
measured,probe-memory-buffer,run,1168,148926803,0,0,0,10000,10000,16777216,bound_hit,625
measured,probe-memory-buffer,run,1169,149048103,0,0,0,10000,10000,16777216,bound_hit,625
measured,probe-memory-buffer,run,1170,149167903,0,0,0,10000,10000,16777216,bound_hit,625
measured,probe-memory-buffer,run,1171,149287603,0,0,0,10000,10000,16777216,bound_hit,625
measured,probe-memory-buffer,run,1172,149407303,0,0,0,10000,10000,16777216,bound_hit,625
measured,probe-memory-buffer,run,1173,149527403,0,0,0,10000,10000,16777216,bound_hit,625
measured,probe-memory-buffer,run,1174,149647003,0,0,0,10000,10000,16777216,bound_hit,625
measured,probe-memory-buffer,run,1175,149835303,0,0,0,10000,10000,16777216,bound_hit,625
measured,probe-memory-buffer,run,1176,150003903,0,0,0,10000,10000,16777216,bound_hit,625
measured,probe-memory-buffer,run,1177,150134003,0,0,0,10000,10000,16777216,bound_hit,625
measured,probe-memory-buffer,run,1178,150259303,0,0,0,10000,10000,16777216,bound_hit,625
measured,probe-memory-buffer,run,1179,150391103,0,0,0,10000,10000,16777216,bound_hit,625
measured,probe-memory-buffer,run,1180,150514103,0,0,0,10000,10000,16777216,bound_hit,625
measured,probe-memory-buffer,run,1181,150636203,0,0,0,10000,10000,16777216,bound_hit,625
measured,probe-memory-buffer,run,1182,150757103,0,0,0,10000,10000,16777216,bound_hit,625
measured,probe-memory-buffer,run,1183,150877603,0,0,0,10000,10000,16777216,bound_hit,625
measured,probe-memory-buffer,run,1184,150997503,0,0,0,10000,10000,16777216,bound_hit,625
measured,probe-memory-buffer,run,1185,151119503,0,0,0,10000,10000,16777216,bound_hit,625
measured,probe-memory-buffer,run,1186,151239803,0,0,0,10000,10000,16777216,bound_hit,625
measured,probe-memory-buffer,run,1187,151359803,0,0,0,10000,10000,16777216,bound_hit,625
measured,probe-memory-buffer,run,1188,151479303,0,0,0,10000,10000,16777216,bound_hit,625
measured,probe-memory-buffer,run,1189,151599203,0,0,0,10000,10000,16777216,bound_hit,625
measured,probe-memory-buffer,run,1190,151718803,0,0,0,10000,10000,16777216,bound_hit,625
measured,probe-memory-buffer,run,1191,151838303,0,0,0,10000,10000,16777216,bound_hit,625
measured,probe-memory-buffer,run,1192,151957803,0,0,0,10000,10000,16777216,bound_hit,625
measured,probe-memory-buffer,run,1193,152068703,0,0,0,10000,10000,16777216,bound_hit,625
measured,probe-memory-buffer,run,1194,152188703,0,0,0,10000,10000,16777216,bound_hit,625
measured,probe-memory-buffer,run,1195,152308303,0,0,0,10000,10000,16777216,bound_hit,625
measured,probe-memory-buffer,run,1196,152428003,0,0,0,10000,10000,16777216,bound_hit,625
measured,probe-memory-buffer,run,1197,152547503,0,0,0,10000,10000,16777216,bound_hit,625
measured,probe-memory-buffer,run,1198,152666903,0,0,0,10000,10000,16777216,bound_hit,625
measured,probe-memory-buffer,run,1199,152786503,0,0,0,10000,10000,16777216,bound_hit,625
measured,probe-memory-buffer,run,1200,152906003,0,0,0,10000,10000,16777216,bound_hit,625
measured,probe-memory-buffer,run,1201,153025903,0,0,0,10000,10000,16777216,bound_hit,625
measured,probe-memory-buffer,run,1202,153145303,0,0,0,10000,10000,16777216,bound_hit,625
measured,probe-memory-buffer,run,1203,153265903,0,0,0,10000,10000,16777216,bound_hit,625
measured,probe-memory-buffer,run,1204,153385603,0,0,0,10000,10000,16777216,bound_hit,625
measured,probe-memory-buffer,run,1205,153505003,0,0,0,10000,10000,16777216,bound_hit,625
measured,probe-memory-buffer,run,1206,153624403,0,0,0,10000,10000,16777216,bound_hit,625
measured,probe-memory-buffer,run,1207,153743903,0,0,0,10000,10000,16777216,bound_hit,625
measured,probe-memory-buffer,run,1208,153863303,0,0,0,10000,10000,16777216,bound_hit,625
measured,probe-memory-buffer,run,1209,153982703,0,0,0,10000,10000,16777216,bound_hit,625
measured,probe-memory-buffer,run,1210,154102303,0,0,0,10000,10000,16777216,bound_hit,625
measured,probe-memory-buffer,run,1211,154221903,0,0,0,10000,10000,16777216,bound_hit,625
measured,probe-memory-buffer,run,1212,154341103,0,0,0,10000,10000,16777216,bound_hit,625
measured,probe-memory-buffer,run,1213,154460503,0,0,0,10000,10000,16777216,bound_hit,625
measured,probe-memory-buffer,run,1214,154579903,0,0,0,10000,10000,16777216,bound_hit,625
measured,probe-memory-buffer,run,1215,154699403,0,0,0,10000,10000,16777216,bound_hit,625
measured,probe-memory-buffer,run,1216,154818703,0,0,0,10000,10000,16777216,bound_hit,625
measured,probe-memory-buffer,run,1217,154938203,0,0,0,10000,10000,16777216,bound_hit,625
measured,probe-memory-buffer,run,1218,155057903,0,0,0,10000,10000,16777216,bound_hit,625
measured,probe-memory-buffer,run,1219,155177603,0,0,0,10000,10000,16777216,bound_hit,625
measured,probe-memory-buffer,run,1220,155297103,0,0,0,10000,10000,16777216,bound_hit,625
measured,probe-memory-buffer,run,1221,155424803,0,0,0,10000,10000,16777216,bound_hit,625
measured,probe-memory-buffer,run,1222,155544403,0,0,0,10000,10000,16777216,bound_hit,625
measured,probe-memory-buffer,run,1223,155663803,0,0,0,10000,10000,16777216,bound_hit,625
measured,probe-memory-buffer,run,1224,155783103,0,0,0,10000,10000,16777216,bound_hit,625
measured,probe-memory-buffer,run,1225,155902803,0,0,0,10000,10000,16777216,bound_hit,625
measured,probe-memory-buffer,run,1226,156022403,0,0,0,10000,10000,16777216,bound_hit,625
measured,probe-memory-buffer,run,1227,156142603,0,0,0,10000,10000,16777216,bound_hit,625
measured,probe-memory-buffer,run,1228,156262103,0,0,0,10000,10000,16777216,bound_hit,625
measured,probe-memory-buffer,run,1229,156381503,0,0,0,10000,10000,16777216,bound_hit,625
measured,probe-memory-buffer,run,1230,156500803,0,0,0,10000,10000,16777216,bound_hit,625
measured,probe-memory-buffer,run,1231,156620203,0,0,0,10000,10000,16777216,bound_hit,625
measured,probe-memory-buffer,run,1232,156748603,0,0,0,10000,10000,16777216,bound_hit,625
measured,probe-memory-buffer,run,1233,156880403,0,0,0,10000,10000,16777216,bound_hit,625
measured,probe-memory-buffer,run,1234,157012503,0,0,0,10000,10000,16777216,bound_hit,625
measured,probe-memory-buffer,run,1235,157134803,0,0,0,10000,10000,16777216,bound_hit,625
measured,probe-memory-buffer,run,1236,157257603,0,0,0,10000,10000,16777216,bound_hit,625
measured,probe-memory-buffer,run,1237,157425703,0,0,0,10000,10000,16777216,bound_hit,625
measured,probe-memory-buffer,run,1238,157554203,0,0,0,10000,10000,16777216,bound_hit,625
measured,probe-memory-buffer,run,1239,157679003,0,0,0,10000,10000,16777216,bound_hit,625
measured,probe-memory-buffer,run,1240,157803303,0,0,0,10000,10000,16777216,bound_hit,625
measured,probe-memory-buffer,run,1241,157927503,0,0,0,10000,10000,16777216,bound_hit,625
measured,probe-memory-buffer,run,1242,158051503,0,0,0,10000,10000,16777216,bound_hit,625
measured,probe-memory-buffer,run,1243,158175603,0,0,0,10000,10000,16777216,bound_hit,625
measured,probe-memory-buffer,run,1244,158299503,0,0,0,10000,10000,16777216,bound_hit,625
measured,probe-memory-buffer,run,1245,158423503,0,0,0,10000,10000,16777216,bound_hit,625
measured,probe-memory-buffer,run,1246,158547803,0,0,0,10000,10000,16777216,bound_hit,625
measured,probe-memory-buffer,run,1247,158671603,0,0,0,10000,10000,16777216,bound_hit,625
measured,probe-memory-buffer,run,1248,158795503,0,0,0,10000,10000,16777216,bound_hit,625
measured,probe-memory-buffer,run,1249,158919603,0,0,0,10000,10000,16777216,bound_hit,625
measured,probe-memory-buffer,run,1250,159043703,0,0,0,10000,10000,16777216,bound_hit,625
measured,probe-memory-buffer,run,1251,159167803,0,0,0,10000,10000,16777216,bound_hit,625
measured,probe-memory-buffer,run,1252,159291603,0,0,0,10000,10000,16777216,bound_hit,625
measured,probe-memory-buffer,run,1253,159415503,0,0,0,10000,10000,16777216,bound_hit,625
measured,probe-memory-buffer,run,1254,159539203,0,0,0,10000,10000,16777216,bound_hit,625
measured,probe-memory-buffer,run,1255,159663003,0,0,0,10000,10000,16777216,bound_hit,625
measured,probe-memory-buffer,run,1256,159785803,0,0,0,10000,10000,16777216,bound_hit,625
measured,probe-memory-buffer,run,1257,159906803,0,0,0,10000,10000,16777216,bound_hit,625
measured,probe-memory-buffer,run,1258,160026603,0,0,0,10000,10000,16777216,bound_hit,625
measured,probe-memory-buffer,run,1259,160146503,0,0,0,10000,10000,16777216,bound_hit,625
measured,probe-memory-buffer,run,1260,160266303,0,0,0,10000,10000,16777216,bound_hit,625
measured,probe-memory-buffer,run,1261,160385803,0,0,0,10000,10000,16777216,bound_hit,625
measured,probe-memory-buffer,run,1262,160505203,0,0,0,10000,10000,16777216,bound_hit,625
measured,probe-memory-buffer,run,1263,160624503,0,0,0,10000,10000,16777216,bound_hit,625
measured,probe-memory-buffer,run,1264,160743803,0,0,0,10000,10000,16777216,bound_hit,625
measured,probe-memory-buffer,run,1265,160863103,0,0,0,10000,10000,16777216,bound_hit,625
measured,probe-memory-buffer,run,1266,160982503,0,0,0,10000,10000,16777216,bound_hit,625
measured,probe-memory-buffer,run,1267,161101803,0,0,0,10000,10000,16777216,bound_hit,625
measured,probe-memory-buffer,run,1268,161221103,0,0,0,10000,10000,16777216,bound_hit,625
measured,probe-memory-buffer,run,1269,161340403,0,0,0,10000,10000,16777216,bound_hit,625
measured,probe-memory-buffer,run,1270,161459803,0,0,0,10000,10000,16777216,bound_hit,625
measured,probe-memory-buffer,run,1271,161579203,0,0,0,10000,10000,16777216,bound_hit,625
measured,probe-memory-buffer,run,1272,161698603,0,0,0,10000,10000,16777216,bound_hit,625
measured,probe-memory-buffer,run,1273,161817903,0,0,0,10000,10000,16777216,bound_hit,625
measured,probe-memory-buffer,run,1274,161937803,0,0,0,10000,10000,16777216,bound_hit,625
measured,probe-memory-buffer,run,1275,162057003,0,0,0,10000,10000,16777216,bound_hit,625
measured,probe-memory-buffer,run,1276,162176403,0,0,0,10000,10000,16777216,bound_hit,625
measured,probe-memory-buffer,run,1277,162304103,0,0,0,10000,10000,16777216,bound_hit,625
measured,probe-memory-buffer,run,1278,162423903,0,0,0,10000,10000,16777216,bound_hit,625
measured,probe-memory-buffer,run,1279,162543203,0,0,0,10000,10000,16777216,bound_hit,625
measured,probe-memory-buffer,run,1280,162662603,0,0,0,10000,10000,16777216,bound_hit,625
measured,probe-memory-buffer,run,1281,162782003,0,0,0,10000,10000,16777216,bound_hit,625
measured,probe-memory-buffer,run,1282,162901203,0,0,0,10000,10000,16777216,bound_hit,625
measured,probe-memory-buffer,run,1283,163020903,0,0,0,10000,10000,16777216,bound_hit,625
measured,probe-memory-buffer,run,1284,163140303,0,0,0,10000,10000,16777216,bound_hit,625
measured,probe-memory-buffer,run,1285,163259803,0,0,0,10000,10000,16777216,bound_hit,625
measured,probe-memory-buffer,run,1286,163379403,0,0,0,10000,10000,16777216,bound_hit,625
measured,probe-memory-buffer,run,1287,163498603,0,0,0,10000,10000,16777216,bound_hit,625
measured,probe-memory-buffer,run,1288,163618303,0,0,0,10000,10000,16777216,bound_hit,625
measured,probe-memory-buffer,run,1289,163740303,0,0,0,10000,10000,16777216,bound_hit,625
measured,probe-memory-buffer,run,1290,163866103,0,0,0,10000,10000,16777216,bound_hit,625
measured,probe-memory-buffer,run,1291,163990603,0,0,0,10000,10000,16777216,bound_hit,625
measured,probe-memory-buffer,run,1292,164115703,0,0,0,10000,10000,16777216,bound_hit,625
measured,probe-memory-buffer,run,1293,164236703,0,0,0,10000,10000,16777216,bound_hit,625
measured,probe-memory-buffer,run,1294,164357103,0,0,0,10000,10000,16777216,bound_hit,625
measured,probe-memory-buffer,run,1295,164478003,0,0,0,10000,10000,16777216,bound_hit,625
measured,probe-memory-buffer,run,1296,164597703,0,0,0,10000,10000,16777216,bound_hit,625
measured,probe-memory-buffer,run,1297,164717203,0,0,0,10000,10000,16777216,bound_hit,625
measured,probe-memory-buffer,run,1298,164836503,0,0,0,10000,10000,16777216,bound_hit,625
measured,probe-memory-buffer,run,1299,164956203,0,0,0,10000,10000,16777216,bound_hit,625
measured,probe-memory-buffer,run,1300,165076003,0,0,0,10000,10000,16777216,bound_hit,625
measured,probe-memory-buffer,run,1301,165195603,0,0,0,10000,10000,16777216,bound_hit,625
measured,probe-memory-buffer,run,1302,165314703,0,0,0,10000,10000,16777216,bound_hit,625
measured,probe-memory-buffer,run,1303,165434203,0,0,0,10000,10000,16777216,bound_hit,625
measured,probe-memory-buffer,run,1304,165553503,0,0,0,10000,10000,16777216,bound_hit,625
measured,probe-memory-buffer,run,1305,165673103,0,0,0,10000,10000,16777216,bound_hit,625
measured,probe-memory-buffer,run,1306,165792803,0,0,0,10000,10000,16777216,bound_hit,625
measured,probe-memory-buffer,run,1307,165912403,0,0,0,10000,10000,16777216,bound_hit,625
measured,probe-memory-buffer,run,1308,166031803,0,0,0,10000,10000,16777216,bound_hit,625
measured,probe-memory-buffer,run,1309,166151603,0,0,0,10000,10000,16777216,bound_hit,625
measured,probe-memory-buffer,run,1310,166271103,0,0,0,10000,10000,16777216,bound_hit,625
measured,probe-memory-buffer,run,1311,166390503,0,0,0,10000,10000,16777216,bound_hit,625
measured,probe-memory-buffer,run,1312,166509703,0,0,0,10000,10000,16777216,bound_hit,625
measured,probe-memory-buffer,run,1313,166629403,0,0,0,10000,10000,16777216,bound_hit,625
measured,probe-memory-buffer,run,1314,166748903,0,0,0,10000,10000,16777216,bound_hit,625
measured,probe-memory-buffer,run,1315,166868203,0,0,0,10000,10000,16777216,bound_hit,625
measured,probe-memory-buffer,run,1316,166987503,0,0,0,10000,10000,16777216,bound_hit,625
measured,probe-memory-buffer,run,1317,167106903,0,0,0,10000,10000,16777216,bound_hit,625
measured,probe-memory-buffer,run,1318,167226203,0,0,0,10000,10000,16777216,bound_hit,625
measured,probe-memory-buffer,run,1319,167345703,0,0,0,10000,10000,16777216,bound_hit,625
measured,probe-memory-buffer,run,1320,167465103,0,0,0,10000,10000,16777216,bound_hit,625
measured,probe-memory-buffer,run,1321,167584403,0,0,0,10000,10000,16777216,bound_hit,625
measured,probe-memory-buffer,run,1322,167704003,0,0,0,10000,10000,16777216,bound_hit,625
measured,probe-memory-buffer,run,1323,167823503,0,0,0,10000,10000,16777216,bound_hit,625
measured,probe-memory-buffer,run,1324,167942803,0,0,0,10000,10000,16777216,bound_hit,625
measured,probe-memory-buffer,run,1325,168080603,0,0,0,10000,10000,16777216,bound_hit,625
measured,probe-memory-buffer,run,1326,168200703,0,0,0,10000,10000,16777216,bound_hit,625
measured,probe-memory-buffer,run,1327,168320303,0,0,0,10000,10000,16777216,bound_hit,625
measured,probe-memory-buffer,run,1328,168440403,0,0,0,10000,10000,16777216,bound_hit,625
measured,probe-memory-buffer,run,1329,168560503,0,0,0,10000,10000,16777216,bound_hit,625
measured,probe-memory-buffer,run,1330,168680103,0,0,0,10000,10000,16777216,bound_hit,625
measured,probe-memory-buffer,run,1331,168799903,0,0,0,10000,10000,16777216,bound_hit,625
measured,probe-memory-buffer,run,1332,168919503,0,0,0,10000,10000,16777216,bound_hit,625
measured,probe-memory-buffer,run,1333,169038903,0,0,0,10000,10000,16777216,bound_hit,625
measured,probe-memory-buffer,run,1334,169165103,0,0,0,10000,10000,16777216,bound_hit,625
measured,probe-memory-buffer,run,1335,169284703,0,0,0,10000,10000,16777216,bound_hit,625
measured,probe-memory-buffer,run,1336,169404303,0,0,0,10000,10000,16777216,bound_hit,625
measured,probe-memory-buffer,run,1337,169523703,0,0,0,10000,10000,16777216,bound_hit,625
measured,probe-memory-buffer,run,1338,169643103,0,0,0,10000,10000,16777216,bound_hit,625
measured,probe-memory-buffer,run,1339,169762803,0,0,0,10000,10000,16777216,bound_hit,625
measured,probe-memory-buffer,run,1340,169882303,0,0,0,10000,10000,16777216,bound_hit,625
measured,probe-memory-buffer,run,1341,170001703,0,0,0,10000,10000,16777216,bound_hit,625
measured,probe-memory-buffer,run,1342,170121303,0,0,0,10000,10000,16777216,bound_hit,625
measured,probe-memory-buffer,run,1343,170240703,0,0,0,10000,10000,16777216,bound_hit,625
measured,probe-memory-buffer,run,1344,170360103,0,0,0,10000,10000,16777216,bound_hit,625
measured,probe-memory-buffer,run,1345,170479503,0,0,0,10000,10000,16777216,bound_hit,625
measured,probe-memory-buffer,run,1346,170647703,0,0,0,10000,10000,16777216,bound_hit,625
measured,probe-memory-buffer,run,1347,170799303,0,0,0,10000,10000,16777216,bound_hit,625
measured,probe-memory-buffer,run,1348,170945903,0,0,0,10000,10000,16777216,bound_hit,625
measured,probe-memory-buffer,run,1349,171127603,0,0,0,10000,10000,16777216,bound_hit,625
measured,probe-memory-buffer,run,1350,171264003,0,0,0,10000,10000,16777216,bound_hit,625
measured,probe-memory-buffer,run,1351,171396803,0,0,0,10000,10000,16777216,bound_hit,625
measured,probe-memory-buffer,run,1352,171530803,0,0,0,10000,10000,16777216,bound_hit,625
measured,probe-memory-buffer,run,1353,171660203,0,0,0,10000,10000,16777216,bound_hit,625
measured,probe-memory-buffer,run,1354,171786603,0,0,0,10000,10000,16777216,bound_hit,625
measured,probe-memory-buffer,run,1355,171912603,0,0,0,10000,10000,16777216,bound_hit,625
measured,probe-memory-buffer,run,1356,172079303,0,0,0,10000,10000,16777216,bound_hit,625
measured,probe-memory-buffer,run,1357,172205203,0,0,0,10000,10000,16777216,bound_hit,625
measured,probe-memory-buffer,run,1358,172330903,0,0,0,10000,10000,16777216,bound_hit,625
measured,probe-memory-buffer,run,1359,172456803,0,0,0,10000,10000,16777216,bound_hit,625
measured,probe-memory-buffer,run,1360,172582603,0,0,0,10000,10000,16777216,bound_hit,625
measured,probe-memory-buffer,run,1361,172707103,0,0,0,10000,10000,16777216,bound_hit,625
measured,probe-memory-buffer,run,1362,172832003,0,0,0,10000,10000,16777216,bound_hit,625
measured,probe-memory-buffer,run,1363,172956503,0,0,0,10000,10000,16777216,bound_hit,625
measured,probe-memory-buffer,run,1364,173080903,0,0,0,10000,10000,16777216,bound_hit,625
measured,probe-memory-buffer,run,1365,173205203,0,0,0,10000,10000,16777216,bound_hit,625
measured,probe-memory-buffer,run,1366,173329403,0,0,0,10000,10000,16777216,bound_hit,625
measured,probe-memory-buffer,run,1367,173453703,0,0,0,10000,10000,16777216,bound_hit,625
measured,probe-memory-buffer,run,1368,173577903,0,0,0,10000,10000,16777216,bound_hit,625
measured,probe-memory-buffer,run,1369,173701203,0,0,0,10000,10000,16777216,bound_hit,625
measured,probe-memory-buffer,run,1370,173822503,0,0,0,10000,10000,16777216,bound_hit,625
measured,probe-memory-buffer,run,1371,173942203,0,0,0,10000,10000,16777216,bound_hit,625
measured,probe-memory-buffer,run,1372,174062403,0,0,0,10000,10000,16777216,bound_hit,625
measured,probe-memory-buffer,run,1373,174182003,0,0,0,10000,10000,16777216,bound_hit,625
measured,probe-memory-buffer,run,1374,174302003,0,0,0,10000,10000,16777216,bound_hit,625
measured,probe-memory-buffer,run,1375,174421403,0,0,0,10000,10000,16777216,bound_hit,625
measured,probe-memory-buffer,run,1376,174540903,0,0,0,10000,10000,16777216,bound_hit,625
measured,probe-memory-buffer,run,1377,174660303,0,0,0,10000,10000,16777216,bound_hit,625
measured,probe-memory-buffer,run,1378,174779603,0,0,0,10000,10000,16777216,bound_hit,625
measured,probe-memory-buffer,run,1379,174899003,0,0,0,10000,10000,16777216,bound_hit,625
measured,probe-memory-buffer,run,1380,175018403,0,0,0,10000,10000,16777216,bound_hit,625
measured,probe-memory-buffer,run,1381,175137803,0,0,0,10000,10000,16777216,bound_hit,625
measured,probe-memory-buffer,run,1382,175256903,0,0,0,10000,10000,16777216,bound_hit,625
measured,probe-memory-buffer,run,1383,175376603,0,0,0,10000,10000,16777216,bound_hit,625
measured,probe-memory-buffer,run,1384,175496003,0,0,0,10000,10000,16777216,bound_hit,625
measured,probe-memory-buffer,run,1385,175615303,0,0,0,10000,10000,16777216,bound_hit,625
measured,probe-memory-buffer,run,1386,175734503,0,0,0,10000,10000,16777216,bound_hit,625
measured,probe-memory-buffer,run,1387,175853803,0,0,0,10000,10000,16777216,bound_hit,625
measured,probe-memory-buffer,run,1388,175973003,0,0,0,10000,10000,16777216,bound_hit,625
measured,probe-memory-buffer,run,1389,176092703,0,0,0,10000,10000,16777216,bound_hit,625
measured,probe-memory-buffer,run,1390,176212403,0,0,0,10000,10000,16777216,bound_hit,625
measured,probe-memory-buffer,run,1391,176340003,0,0,0,10000,10000,16777216,bound_hit,625
measured,probe-memory-buffer,run,1392,176459603,0,0,0,10000,10000,16777216,bound_hit,625
measured,probe-memory-buffer,run,1393,176579003,0,0,0,10000,10000,16777216,bound_hit,625
measured,probe-memory-buffer,run,1394,176698503,0,0,0,10000,10000,16777216,bound_hit,625
measured,probe-memory-buffer,run,1395,176817803,0,0,0,10000,10000,16777216,bound_hit,625
measured,probe-memory-buffer,run,1396,176937103,0,0,0,10000,10000,16777216,bound_hit,625
measured,probe-memory-buffer,run,1397,177056203,0,0,0,10000,10000,16777216,bound_hit,625
measured,probe-memory-buffer,run,1398,177175803,0,0,0,10000,10000,16777216,bound_hit,625
measured,probe-memory-buffer,run,1399,177295203,0,0,0,10000,10000,16777216,bound_hit,625
measured,probe-memory-buffer,run,1400,177414603,0,0,0,10000,10000,16777216,bound_hit,625
measured,probe-memory-buffer,run,1401,177534103,0,0,0,10000,10000,16777216,bound_hit,625
measured,probe-memory-buffer,run,1402,177656103,0,0,0,10000,10000,16777216,bound_hit,625
measured,probe-memory-buffer,run,1403,177790603,0,0,0,10000,10000,16777216,bound_hit,625
measured,probe-memory-buffer,run,1404,177925703,0,0,0,10000,10000,16777216,bound_hit,625
measured,probe-memory-buffer,run,1405,178056103,0,0,0,10000,10000,16777216,bound_hit,625
measured,probe-memory-buffer,run,1406,178185203,0,0,0,10000,10000,16777216,bound_hit,625
measured,probe-memory-buffer,run,1407,178314903,0,0,0,10000,10000,16777216,bound_hit,625
measured,probe-memory-buffer,run,1408,178445303,0,0,0,10000,10000,16777216,bound_hit,625
measured,probe-memory-buffer,run,1409,178574303,0,0,0,10000,10000,16777216,bound_hit,625
measured,probe-memory-buffer,run,1410,178703803,0,0,0,10000,10000,16777216,bound_hit,625
measured,probe-memory-buffer,run,1411,178832903,0,0,0,10000,10000,16777216,bound_hit,625
measured,probe-memory-buffer,run,1412,178961403,0,0,0,10000,10000,16777216,bound_hit,625
measured,probe-memory-buffer,run,1413,179090203,0,0,0,10000,10000,16777216,bound_hit,625
measured,probe-memory-buffer,run,1414,179225003,0,0,0,10000,10000,16777216,bound_hit,625
measured,probe-memory-buffer,run,1415,179347103,0,0,0,10000,10000,16777216,bound_hit,625
measured,probe-memory-buffer,run,1416,179467303,0,0,0,10000,10000,16777216,bound_hit,625
measured,probe-memory-buffer,run,1417,179587503,0,0,0,10000,10000,16777216,bound_hit,625
measured,probe-memory-buffer,run,1418,179707103,0,0,0,10000,10000,16777216,bound_hit,625
measured,probe-memory-buffer,run,1419,179826803,0,0,0,10000,10000,16777216,bound_hit,625
measured,probe-memory-buffer,run,1420,179949803,0,0,0,10000,10000,16777216,bound_hit,625
measured,probe-memory-buffer,run,1421,180092803,0,0,0,10000,10000,16777216,bound_hit,625
measured,probe-memory-buffer,run,1422,180213103,0,0,0,10000,10000,16777216,bound_hit,625
measured,probe-memory-buffer,run,1423,180333203,0,0,0,10000,10000,16777216,bound_hit,625
measured,probe-memory-buffer,run,1424,180452803,0,0,0,10000,10000,16777216,bound_hit,625
measured,probe-memory-buffer,run,1425,180572903,0,0,0,10000,10000,16777216,bound_hit,625
measured,probe-memory-buffer,run,1426,180692303,0,0,0,10000,10000,16777216,bound_hit,625
measured,probe-memory-buffer,run,1427,180811503,0,0,0,10000,10000,16777216,bound_hit,625
measured,probe-memory-buffer,run,1428,180931003,0,0,0,10000,10000,16777216,bound_hit,625
measured,probe-memory-buffer,run,1429,181050403,0,0,0,10000,10000,16777216,bound_hit,625
measured,probe-memory-buffer,run,1430,181169603,0,0,0,10000,10000,16777216,bound_hit,625
measured,probe-memory-buffer,run,1431,181288803,0,0,0,10000,10000,16777216,bound_hit,625
measured,probe-memory-buffer,run,1432,181408303,0,0,0,10000,10000,16777216,bound_hit,625
measured,probe-memory-buffer,run,1433,181527803,0,0,0,10000,10000,16777216,bound_hit,625
measured,probe-memory-buffer,run,1434,181647403,0,0,0,10000,10000,16777216,bound_hit,625
measured,probe-memory-buffer,run,1435,181767103,0,0,0,10000,10000,16777216,bound_hit,625
measured,probe-memory-buffer,run,1436,181886703,0,0,0,10000,10000,16777216,bound_hit,625
measured,probe-memory-buffer,run,1437,182006203,0,0,0,10000,10000,16777216,bound_hit,625
measured,probe-memory-buffer,run,1438,182125503,0,0,0,10000,10000,16777216,bound_hit,625
measured,probe-memory-buffer,run,1439,182244703,0,0,0,10000,10000,16777216,bound_hit,625
measured,probe-memory-buffer,run,1440,182364303,0,0,0,10000,10000,16777216,bound_hit,625
measured,probe-memory-buffer,run,1441,182483703,0,0,0,10000,10000,16777216,bound_hit,625
measured,probe-memory-buffer,run,1442,182602903,0,0,0,10000,10000,16777216,bound_hit,625
measured,probe-memory-buffer,run,1443,182722203,0,0,0,10000,10000,16777216,bound_hit,625
measured,probe-memory-buffer,run,1444,182841803,0,0,0,10000,10000,16777216,bound_hit,625
measured,probe-memory-buffer,run,1445,182961203,0,0,0,10000,10000,16777216,bound_hit,625
measured,probe-memory-buffer,run,1446,183080603,0,0,0,10000,10000,16777216,bound_hit,625
measured,probe-memory-buffer,run,1447,183200103,0,0,0,10000,10000,16777216,bound_hit,625
measured,probe-memory-buffer,run,1448,183328903,0,0,0,10000,10000,16777216,bound_hit,625
measured,probe-memory-buffer,run,1449,183448603,0,0,0,10000,10000,16777216,bound_hit,625
measured,probe-memory-buffer,run,1450,183567903,0,0,0,10000,10000,16777216,bound_hit,625
measured,probe-memory-buffer,run,1451,183687303,0,0,0,10000,10000,16777216,bound_hit,625
measured,probe-memory-buffer,run,1452,183806703,0,0,0,10000,10000,16777216,bound_hit,625
measured,probe-memory-buffer,run,1453,183926103,0,0,0,10000,10000,16777216,bound_hit,625
measured,probe-memory-buffer,run,1454,184050603,0,0,0,10000,10000,16777216,bound_hit,625
measured,probe-memory-buffer,run,1455,184170203,0,0,0,10000,10000,16777216,bound_hit,625
measured,probe-memory-buffer,run,1456,184289303,0,0,0,10000,10000,16777216,bound_hit,625
measured,probe-memory-buffer,run,1457,184408903,0,0,0,10000,10000,16777216,bound_hit,625
measured,probe-memory-buffer,run,1458,184528503,0,0,0,10000,10000,16777216,bound_hit,625
measured,probe-memory-buffer,run,1459,184674903,0,0,0,10000,10000,16777216,bound_hit,625
measured,probe-memory-buffer,run,1460,184811003,0,0,0,10000,10000,16777216,bound_hit,625
measured,probe-memory-buffer,run,1461,184960603,0,0,0,10000,10000,16777216,bound_hit,625
measured,probe-memory-buffer,run,1462,185091003,0,0,0,10000,10000,16777216,bound_hit,625
measured,probe-memory-buffer,run,1463,185220003,0,0,0,10000,10000,16777216,bound_hit,625
measured,probe-memory-buffer,run,1464,185350403,0,0,0,10000,10000,16777216,bound_hit,625
measured,probe-memory-buffer,run,1465,185478603,0,0,0,10000,10000,16777216,bound_hit,625
measured,probe-memory-buffer,run,1466,185600503,0,0,0,10000,10000,16777216,bound_hit,625
measured,probe-memory-buffer,run,1467,185720603,0,0,0,10000,10000,16777216,bound_hit,625
measured,probe-memory-buffer,run,1468,185872403,0,0,0,10000,10000,16777216,bound_hit,625
measured,probe-memory-buffer,run,1469,185993703,0,0,0,10000,10000,16777216,bound_hit,625
measured,probe-memory-buffer,run,1470,186113603,0,0,0,10000,10000,16777216,bound_hit,625
measured,probe-memory-buffer,run,1471,186233303,0,0,0,10000,10000,16777216,bound_hit,625
measured,probe-memory-buffer,run,1472,186352903,0,0,0,10000,10000,16777216,bound_hit,625
measured,probe-memory-buffer,run,1473,186472403,0,0,0,10000,10000,16777216,bound_hit,625
measured,probe-memory-buffer,run,1474,186592203,0,0,0,10000,10000,16777216,bound_hit,625
measured,probe-memory-buffer,run,1475,186712103,0,0,0,10000,10000,16777216,bound_hit,625
measured,probe-memory-buffer,run,1476,186831403,0,0,0,10000,10000,16777216,bound_hit,625
measured,probe-memory-buffer,run,1477,186950903,0,0,0,10000,10000,16777216,bound_hit,625
measured,probe-memory-buffer,run,1478,187070603,0,0,0,10000,10000,16777216,bound_hit,625
measured,probe-memory-buffer,run,1479,187189803,0,0,0,10000,10000,16777216,bound_hit,625
measured,probe-memory-buffer,run,1480,187309203,0,0,0,10000,10000,16777216,bound_hit,625
measured,probe-memory-buffer,run,1481,187428903,0,0,0,10000,10000,16777216,bound_hit,625
measured,probe-memory-buffer,run,1482,187548303,0,0,0,10000,10000,16777216,bound_hit,625
measured,probe-memory-buffer,run,1483,187667803,0,0,0,10000,10000,16777216,bound_hit,625
measured,probe-memory-buffer,run,1484,187787303,0,0,0,10000,10000,16777216,bound_hit,625
measured,probe-memory-buffer,run,1485,187908503,0,0,0,10000,10000,16777216,bound_hit,625
measured,probe-memory-buffer,run,1486,188028103,0,0,0,10000,10000,16777216,bound_hit,625
measured,probe-memory-buffer,run,1487,188150003,0,0,0,10000,10000,16777216,bound_hit,625
measured,probe-memory-buffer,run,1488,188269503,0,0,0,10000,10000,16777216,bound_hit,625
measured,probe-memory-buffer,run,1489,188388803,0,0,0,10000,10000,16777216,bound_hit,625
measured,probe-memory-buffer,run,1490,188508203,0,0,0,10000,10000,16777216,bound_hit,625
measured,probe-memory-buffer,run,1491,188627603,0,0,0,10000,10000,16777216,bound_hit,625
measured,probe-memory-buffer,run,1492,188747303,0,0,0,10000,10000,16777216,bound_hit,625
measured,probe-memory-buffer,run,1493,188867003,0,0,0,10000,10000,16777216,bound_hit,625
measured,probe-memory-buffer,run,1494,188986803,0,0,0,10000,10000,16777216,bound_hit,625
measured,probe-memory-buffer,run,1495,189106403,0,0,0,10000,10000,16777216,bound_hit,625
measured,probe-memory-buffer,run,1496,189225803,0,0,0,10000,10000,16777216,bound_hit,625
measured,probe-memory-buffer,run,1497,189345103,0,0,0,10000,10000,16777216,bound_hit,625
measured,probe-memory-buffer,run,1498,189464603,0,0,0,10000,10000,16777216,bound_hit,625
measured,probe-memory-buffer,run,1499,189584003,0,0,0,10000,10000,16777216,bound_hit,625
measured,probe-memory-buffer,run,1500,189703503,0,0,0,10000,10000,16777216,bound_hit,625
measured,probe-memory-buffer,run,1501,189823103,0,0,0,10000,10000,16777216,bound_hit,625
measured,probe-memory-buffer,run,1502,189942203,0,0,0,10000,10000,16777216,bound_hit,625
measured,probe-memory-buffer,run,1503,190061603,0,0,0,10000,10000,16777216,bound_hit,625
measured,probe-memory-buffer,run,1504,190180803,0,0,0,10000,10000,16777216,bound_hit,625
measured,probe-memory-buffer,run,1505,190308303,0,0,0,10000,10000,16777216,bound_hit,625
measured,probe-memory-buffer,run,1506,190428203,0,0,0,10000,10000,16777216,bound_hit,625
measured,probe-memory-buffer,run,1507,190547503,0,0,0,10000,10000,16777216,bound_hit,625
measured,probe-memory-buffer,run,1508,190667003,0,0,0,10000,10000,16777216,bound_hit,625
measured,probe-memory-buffer,run,1509,190786603,0,0,0,10000,10000,16777216,bound_hit,625
measured,probe-memory-buffer,run,1510,190906303,0,0,0,10000,10000,16777216,bound_hit,625
measured,probe-memory-buffer,run,1511,191025703,0,0,0,10000,10000,16777216,bound_hit,625
measured,probe-memory-buffer,run,1512,191145103,0,0,0,10000,10000,16777216,bound_hit,625
measured,probe-memory-buffer,run,1513,191264503,0,0,0,10000,10000,16777216,bound_hit,625
measured,probe-memory-buffer,run,1514,191384003,0,0,0,10000,10000,16777216,bound_hit,625
measured,probe-memory-buffer,run,1515,191503803,0,0,0,10000,10000,16777216,bound_hit,625
measured,probe-memory-buffer,run,1516,191670703,0,0,0,10000,10000,16777216,bound_hit,625
measured,probe-memory-buffer,run,1517,191827703,0,0,0,10000,10000,16777216,bound_hit,625
measured,probe-memory-buffer,run,1518,191965803,0,0,0,10000,10000,16777216,bound_hit,625
measured,probe-memory-buffer,run,1519,192086603,0,0,0,10000,10000,16777216,bound_hit,625
measured,probe-memory-buffer,run,1520,192225703,0,0,0,10000,10000,16777216,bound_hit,625
measured,probe-memory-buffer,run,1521,192394903,0,0,0,10000,10000,16777216,bound_hit,625
measured,probe-memory-buffer,run,1522,192522103,0,0,0,10000,10000,16777216,bound_hit,625
measured,probe-memory-buffer,run,1523,192646403,0,0,0,10000,10000,16777216,bound_hit,625
measured,probe-memory-buffer,run,1524,192773303,0,0,0,10000,10000,16777216,bound_hit,625
measured,probe-memory-buffer,run,1525,192897603,0,0,0,10000,10000,16777216,bound_hit,625
measured,probe-memory-buffer,run,1526,193022003,0,0,0,10000,10000,16777216,bound_hit,625
measured,probe-memory-buffer,run,1527,193145503,0,0,0,10000,10000,16777216,bound_hit,625
measured,probe-memory-buffer,run,1528,193269003,0,0,0,10000,10000,16777216,bound_hit,625
measured,probe-memory-buffer,run,1529,193392203,0,0,0,10000,10000,16777216,bound_hit,625
measured,probe-memory-buffer,run,1530,193515603,0,0,0,10000,10000,16777216,bound_hit,625
measured,probe-memory-buffer,run,1531,193639503,0,0,0,10000,10000,16777216,bound_hit,625
measured,probe-memory-buffer,run,1532,193760003,0,0,0,10000,10000,16777216,bound_hit,625
measured,probe-memory-buffer,run,1533,193879103,0,0,0,10000,10000,16777216,bound_hit,625
measured,probe-memory-buffer,run,1534,193999503,0,0,0,10000,10000,16777216,bound_hit,625
measured,probe-memory-buffer,run,1535,194118403,0,0,0,10000,10000,16777216,bound_hit,625
measured,probe-memory-buffer,run,1536,194237303,0,0,0,10000,10000,16777216,bound_hit,625
measured,probe-memory-buffer,run,1537,194356103,0,0,0,10000,10000,16777216,bound_hit,625
measured,probe-memory-buffer,run,1538,194474703,0,0,0,10000,10000,16777216,bound_hit,625
measured,probe-memory-buffer,run,1539,194593403,0,0,0,10000,10000,16777216,bound_hit,625
measured,probe-memory-buffer,run,1540,194712203,0,0,0,10000,10000,16777216,bound_hit,625
measured,probe-memory-buffer,run,1541,194830703,0,0,0,10000,10000,16777216,bound_hit,625
measured,probe-memory-buffer,run,1542,194949603,0,0,0,10000,10000,16777216,bound_hit,625
measured,probe-memory-buffer,run,1543,195068403,0,0,0,10000,10000,16777216,bound_hit,625
measured,probe-memory-buffer,run,1544,195187103,0,0,0,10000,10000,16777216,bound_hit,625
measured,probe-memory-buffer,run,1545,195306004,0,0,0,10000,10000,16777216,bound_hit,625
measured,probe-memory-buffer,run,1546,195424904,0,0,0,10000,10000,16777216,bound_hit,625
measured,probe-memory-buffer,run,1547,195544004,0,0,0,10000,10000,16777216,bound_hit,625
measured,probe-memory-buffer,run,1548,195662904,0,0,0,10000,10000,16777216,bound_hit,625
measured,probe-memory-buffer,run,1549,195781704,0,0,0,10000,10000,16777216,bound_hit,625
measured,probe-memory-buffer,run,1550,195900504,0,0,0,10000,10000,16777216,bound_hit,625
measured,probe-memory-buffer,run,1551,196019604,0,0,0,10000,10000,16777216,bound_hit,625
measured,probe-memory-buffer,run,1552,196140204,0,0,0,10000,10000,16777216,bound_hit,625
measured,probe-memory-buffer,run,1553,196259004,0,0,0,10000,10000,16777216,bound_hit,625
measured,probe-memory-buffer,run,1554,196377904,0,0,0,10000,10000,16777216,bound_hit,625
measured,probe-memory-buffer,run,1555,196496804,0,0,0,10000,10000,16777216,bound_hit,625
measured,probe-memory-buffer,run,1556,196615504,0,0,0,10000,10000,16777216,bound_hit,625
measured,probe-memory-buffer,run,1557,196734104,0,0,0,10000,10000,16777216,bound_hit,625
measured,probe-memory-buffer,run,1558,196853004,0,0,0,10000,10000,16777216,bound_hit,625
measured,probe-memory-buffer,run,1559,196971704,0,0,0,10000,10000,16777216,bound_hit,625
measured,probe-memory-buffer,run,1560,197090404,0,0,0,10000,10000,16777216,bound_hit,625
measured,probe-memory-buffer,run,1561,197209604,0,0,0,10000,10000,16777216,bound_hit,625
measured,probe-memory-buffer,run,1562,197336104,0,0,0,10000,10000,16777216,bound_hit,625
measured,probe-memory-buffer,run,1563,197454904,0,0,0,10000,10000,16777216,bound_hit,625
measured,probe-memory-buffer,run,1564,197573604,0,0,0,10000,10000,16777216,bound_hit,625
measured,probe-memory-buffer,run,1565,197692604,0,0,0,10000,10000,16777216,bound_hit,625
measured,probe-memory-buffer,run,1566,197811204,0,0,0,10000,10000,16777216,bound_hit,625
measured,probe-memory-buffer,run,1567,197929804,0,0,0,10000,10000,16777216,bound_hit,625
measured,probe-memory-buffer,run,1568,198048404,0,0,0,10000,10000,16777216,bound_hit,625
measured,probe-memory-buffer,run,1569,198167104,0,0,0,10000,10000,16777216,bound_hit,625
measured,probe-memory-buffer,run,1570,198285604,0,0,0,10000,10000,16777216,bound_hit,625
measured,probe-memory-buffer,run,1571,198411604,0,0,0,10000,10000,16777216,bound_hit,625
measured,probe-memory-buffer,run,1572,198536604,0,0,0,10000,10000,16777216,bound_hit,625
measured,probe-memory-buffer,run,1573,198678304,0,0,0,10000,10000,16777216,bound_hit,625
measured,probe-memory-buffer,run,1574,198815304,0,0,0,10000,10000,16777216,bound_hit,625
measured,probe-memory-buffer,run,1575,198990604,0,0,0,10000,10000,16777216,bound_hit,625
measured,probe-memory-buffer,run,1576,199117104,0,0,0,10000,10000,16777216,bound_hit,625
measured,probe-memory-buffer,run,1577,199264804,0,0,0,10000,10000,16777216,bound_hit,625
measured,probe-memory-buffer,run,1578,199388304,0,0,0,10000,10000,16777216,bound_hit,625
measured,probe-memory-buffer,run,1579,199511904,0,0,0,10000,10000,16777216,bound_hit,625
measured,probe-memory-buffer,run,1580,199635904,0,0,0,10000,10000,16777216,bound_hit,625
measured,probe-memory-buffer,run,1581,199795004,0,0,0,10000,10000,16777216,bound_hit,625
measured,probe-memory-buffer,run,1582,199917004,0,0,0,10000,10000,16777216,bound_hit,625
measured,probe-memory-buffer,run,1583,200036204,0,0,0,10000,10000,16777216,bound_hit,625
measured,probe-memory-buffer,run,1584,200157304,0,0,0,10000,10000,16777216,bound_hit,625
measured,probe-memory-buffer,run,1585,200276604,0,0,0,10000,10000,16777216,bound_hit,625
measured,probe-memory-buffer,run,1586,200395204,0,0,0,10000,10000,16777216,bound_hit,625
measured,probe-memory-buffer,run,1587,200513804,0,0,0,10000,10000,16777216,bound_hit,625
measured,probe-memory-buffer,run,1588,200632304,0,0,0,10000,10000,16777216,bound_hit,625
measured,probe-memory-buffer,run,1589,200751204,0,0,0,10000,10000,16777216,bound_hit,625
measured,probe-memory-buffer,run,1590,200870004,0,0,0,10000,10000,16777216,bound_hit,625
measured,probe-memory-buffer,run,1591,200988604,0,0,0,10000,10000,16777216,bound_hit,625
measured,probe-memory-buffer,run,1592,201107504,0,0,0,10000,10000,16777216,bound_hit,625
measured,probe-memory-buffer,run,1593,201226404,0,0,0,10000,10000,16777216,bound_hit,625
measured,probe-memory-buffer,run,1594,201344904,0,0,0,10000,10000,16777216,bound_hit,625
measured,probe-memory-buffer,run,1595,201463604,0,0,0,10000,10000,16777216,bound_hit,625
measured,probe-memory-buffer,run,1596,201582004,0,0,0,10000,10000,16777216,bound_hit,625
measured,probe-memory-buffer,run,1597,201700504,0,0,0,10000,10000,16777216,bound_hit,625
measured,probe-memory-buffer,run,1598,201819204,0,0,0,10000,10000,16777216,bound_hit,625
measured,probe-memory-buffer,run,1599,201937704,0,0,0,10000,10000,16777216,bound_hit,625
measured,probe-memory-buffer,run,1600,202056104,0,0,0,10000,10000,16777216,bound_hit,625
measured,probe-memory-buffer,run,1601,202174404,0,0,0,10000,10000,16777216,bound_hit,625
measured,probe-memory-buffer,run,1602,202292904,0,0,0,10000,10000,16777216,bound_hit,625
measured,probe-memory-buffer,run,1603,202411404,0,0,0,10000,10000,16777216,bound_hit,625
measured,probe-memory-buffer,run,1604,202530004,0,0,0,10000,10000,16777216,bound_hit,625
measured,probe-memory-buffer,run,1605,202648504,0,0,0,10000,10000,16777216,bound_hit,625
measured,probe-memory-buffer,run,1606,202766804,0,0,0,10000,10000,16777216,bound_hit,625
measured,probe-memory-buffer,run,1607,202885404,0,0,0,10000,10000,16777216,bound_hit,625
measured,probe-memory-buffer,run,1608,203004004,0,0,0,10000,10000,16777216,bound_hit,625
measured,probe-memory-buffer,run,1609,203122604,0,0,0,10000,10000,16777216,bound_hit,625
measured,probe-memory-buffer,run,1610,203241204,0,0,0,10000,10000,16777216,bound_hit,625
measured,probe-memory-buffer,run,1611,203360104,0,0,0,10000,10000,16777216,bound_hit,625
measured,probe-memory-buffer,run,1612,203499904,0,0,0,10000,10000,16777216,bound_hit,625
measured,probe-memory-buffer,run,1613,203631104,0,0,0,10000,10000,16777216,bound_hit,625
measured,probe-memory-buffer,run,1614,203755604,0,0,0,10000,10000,16777216,bound_hit,625
measured,probe-memory-buffer,run,1615,203878404,0,0,0,10000,10000,16777216,bound_hit,625
measured,probe-memory-buffer,run,1616,204000904,0,0,0,10000,10000,16777216,bound_hit,625
measured,probe-memory-buffer,run,1617,204125504,0,0,0,10000,10000,16777216,bound_hit,625
measured,probe-memory-buffer,run,1618,204247604,0,0,0,10000,10000,16777216,bound_hit,625
measured,probe-memory-buffer,run,1619,204379504,0,0,0,10000,10000,16777216,bound_hit,625
measured,probe-memory-buffer,run,1620,204501704,0,0,0,10000,10000,16777216,bound_hit,625
measured,probe-memory-buffer,run,1621,204623904,0,0,0,10000,10000,16777216,bound_hit,625
measured,probe-memory-buffer,run,1622,204745304,0,0,0,10000,10000,16777216,bound_hit,625
measured,probe-memory-buffer,run,1623,204865504,0,0,0,10000,10000,16777216,bound_hit,625
measured,probe-memory-buffer,run,1624,204983804,0,0,0,10000,10000,16777216,bound_hit,625
measured,probe-memory-buffer,run,1625,205101904,0,0,0,10000,10000,16777216,bound_hit,625
measured,probe-memory-buffer,run,1626,205234504,0,0,0,10000,10000,16777216,bound_hit,625
measured,probe-memory-buffer,run,1627,205380904,0,0,0,10000,10000,16777216,bound_hit,625
measured,probe-memory-buffer,run,1628,205527304,0,0,0,10000,10000,16777216,bound_hit,625
measured,probe-memory-buffer,run,1629,205650404,0,0,0,10000,10000,16777216,bound_hit,625
measured,probe-memory-buffer,run,1630,205776904,0,0,0,10000,10000,16777216,bound_hit,625
measured,probe-memory-buffer,run,1631,205926804,0,0,0,10000,10000,16777216,bound_hit,625
measured,probe-memory-buffer,run,1632,206079704,0,0,0,10000,10000,16777216,bound_hit,625
measured,probe-memory-buffer,run,1633,206232804,0,0,0,10000,10000,16777216,bound_hit,625
measured,probe-memory-buffer,run,1634,206373804,0,0,0,10000,10000,16777216,bound_hit,625
measured,probe-memory-buffer,run,1635,206518004,0,0,0,10000,10000,16777216,bound_hit,625
measured,probe-memory-buffer,run,1636,206662604,0,0,0,10000,10000,16777216,bound_hit,625
measured,probe-memory-buffer,run,1637,206785104,0,0,0,10000,10000,16777216,bound_hit,625
measured,probe-memory-buffer,run,1638,206913104,0,0,0,10000,10000,16777216,bound_hit,625
measured,probe-memory-buffer,run,1639,207034804,0,0,0,10000,10000,16777216,bound_hit,625
measured,probe-memory-buffer,run,1640,207173104,0,0,0,10000,10000,16777216,bound_hit,625
measured,probe-memory-buffer,run,1641,207291804,0,0,0,10000,10000,16777216,bound_hit,625
measured,probe-memory-buffer,run,1642,207410004,0,0,0,10000,10000,16777216,bound_hit,625
measured,probe-memory-buffer,run,1643,207528304,0,0,0,10000,10000,16777216,bound_hit,625
measured,probe-memory-buffer,run,1644,207646504,0,0,0,10000,10000,16777216,bound_hit,625
measured,probe-memory-buffer,run,1645,207764504,0,0,0,10000,10000,16777216,bound_hit,625
measured,probe-memory-buffer,run,1646,207882204,0,0,0,10000,10000,16777216,bound_hit,625
measured,probe-memory-buffer,run,1647,208000304,0,0,0,10000,10000,16777216,bound_hit,625
measured,probe-memory-buffer,run,1648,208120504,0,0,0,10000,10000,16777216,bound_hit,625
measured,probe-memory-buffer,run,1649,208239004,0,0,0,10000,10000,16777216,bound_hit,625
measured,probe-memory-buffer,run,1650,208374504,0,0,0,10000,10000,16777216,bound_hit,625
measured,probe-memory-buffer,run,1651,208506204,0,0,0,10000,10000,16777216,bound_hit,625
measured,probe-memory-buffer,run,1652,208637804,0,0,0,10000,10000,16777216,bound_hit,625
measured,probe-memory-buffer,run,1653,208769104,0,0,0,10000,10000,16777216,bound_hit,625
measured,probe-memory-buffer,run,1654,208900304,0,0,0,10000,10000,16777216,bound_hit,625
measured,probe-memory-buffer,run,1655,209031604,0,0,0,10000,10000,16777216,bound_hit,625
measured,probe-memory-buffer,run,1656,209163004,0,0,0,10000,10000,16777216,bound_hit,625
measured,probe-memory-buffer,run,1657,209294204,0,0,0,10000,10000,16777216,bound_hit,625
measured,probe-memory-buffer,run,1658,209425504,0,0,0,10000,10000,16777216,bound_hit,625
measured,probe-memory-buffer,run,1659,209556504,0,0,0,10000,10000,16777216,bound_hit,625
measured,probe-memory-buffer,run,1660,209687604,0,0,0,10000,10000,16777216,bound_hit,625
measured,probe-memory-buffer,run,1661,209818704,0,0,0,10000,10000,16777216,bound_hit,625
measured,probe-memory-buffer,run,1662,209949804,0,0,0,10000,10000,16777216,bound_hit,625
measured,probe-memory-buffer,run,1663,210080904,0,0,0,10000,10000,16777216,bound_hit,625
measured,probe-memory-buffer,run,1664,210212004,0,0,0,10000,10000,16777216,bound_hit,625
measured,probe-memory-buffer,run,1665,210343204,0,0,0,10000,10000,16777216,bound_hit,625
measured,probe-memory-buffer,run,1666,210474304,0,0,0,10000,10000,16777216,bound_hit,625
measured,probe-memory-buffer,run,1667,210605804,0,0,0,10000,10000,16777216,bound_hit,625
measured,probe-memory-buffer,run,1668,210737004,0,0,0,10000,10000,16777216,bound_hit,625
measured,probe-memory-buffer,run,1669,210868204,0,0,0,10000,10000,16777216,bound_hit,625
measured,probe-memory-buffer,run,1670,210999304,0,0,0,10000,10000,16777216,bound_hit,625
measured,probe-memory-buffer,run,1671,211130404,0,0,0,10000,10000,16777216,bound_hit,625
measured,probe-memory-buffer,run,1672,211261704,0,0,0,10000,10000,16777216,bound_hit,625
measured,probe-memory-buffer,run,1673,211392904,0,0,0,10000,10000,16777216,bound_hit,625
measured,probe-memory-buffer,run,1674,211524104,0,0,0,10000,10000,16777216,bound_hit,625
measured,probe-memory-buffer,run,1675,211655204,0,0,0,10000,10000,16777216,bound_hit,625
measured,probe-memory-buffer,run,1676,211794904,0,0,0,10000,10000,16777216,bound_hit,625
measured,probe-memory-buffer,run,1677,211926504,0,0,0,10000,10000,16777216,bound_hit,625
measured,probe-memory-buffer,run,1678,212074604,0,0,0,10000,10000,16777216,bound_hit,625
measured,probe-memory-buffer,run,1679,212205804,0,0,0,10000,10000,16777216,bound_hit,625
measured,probe-memory-buffer,run,1680,212344404,0,0,0,10000,10000,16777216,bound_hit,625
measured,probe-memory-buffer,run,1681,212514204,0,0,0,10000,10000,16777216,bound_hit,625
measured,probe-memory-buffer,run,1682,212673604,0,0,0,10000,10000,16777216,bound_hit,625
measured,probe-memory-buffer,run,1683,212821204,0,0,0,10000,10000,16777216,bound_hit,625
measured,probe-memory-buffer,run,1684,212959204,0,0,0,10000,10000,16777216,bound_hit,625
measured,probe-memory-buffer,run,1685,213115604,0,0,0,10000,10000,16777216,bound_hit,625
measured,probe-memory-buffer,run,1686,213253704,0,0,0,10000,10000,16777216,bound_hit,625
measured,probe-memory-buffer,run,1687,213387804,0,0,0,10000,10000,16777216,bound_hit,625
measured,probe-memory-buffer,run,1688,213523804,0,0,0,10000,10000,16777216,bound_hit,625
measured,probe-memory-buffer,run,1689,213706704,0,0,0,10000,10000,16777216,bound_hit,625
measured,probe-memory-buffer,run,1690,213861704,0,0,0,10000,10000,16777216,bound_hit,625
measured,probe-memory-buffer,run,1691,213994004,0,0,0,10000,10000,16777216,bound_hit,625
measured,probe-memory-buffer,run,1692,214125604,0,0,0,10000,10000,16777216,bound_hit,625
measured,probe-memory-buffer,run,1693,214257104,0,0,0,10000,10000,16777216,bound_hit,625
measured,probe-memory-buffer,run,1694,214388804,0,0,0,10000,10000,16777216,bound_hit,625
measured,probe-memory-buffer,run,1695,214520304,0,0,0,10000,10000,16777216,bound_hit,625
measured,probe-memory-buffer,run,1696,214651704,0,0,0,10000,10000,16777216,bound_hit,625
measured,probe-memory-buffer,run,1697,214782904,0,0,0,10000,10000,16777216,bound_hit,625
measured,probe-memory-buffer,run,1698,214914204,0,0,0,10000,10000,16777216,bound_hit,625
measured,probe-memory-buffer,run,1699,215045804,0,0,0,10000,10000,16777216,bound_hit,625
measured,probe-memory-buffer,run,1700,215177604,0,0,0,10000,10000,16777216,bound_hit,625
measured,probe-memory-buffer,run,1701,215309404,0,0,0,10000,10000,16777216,bound_hit,625
measured,probe-memory-buffer,run,1702,215441304,0,0,0,10000,10000,16777216,bound_hit,625
measured,probe-memory-buffer,run,1703,215573204,0,0,0,10000,10000,16777216,bound_hit,625
measured,probe-memory-buffer,run,1704,215705104,0,0,0,10000,10000,16777216,bound_hit,625
measured,probe-memory-buffer,run,1705,215836804,0,0,0,10000,10000,16777216,bound_hit,625
measured,probe-memory-buffer,run,1706,215968704,0,0,0,10000,10000,16777216,bound_hit,625
measured,probe-memory-buffer,run,1707,216102504,0,0,0,10000,10000,16777216,bound_hit,625
measured,probe-memory-buffer,run,1708,216234804,0,0,0,10000,10000,16777216,bound_hit,625
measured,probe-memory-buffer,run,1709,216366704,0,0,0,10000,10000,16777216,bound_hit,625
measured,probe-memory-buffer,run,1710,216499004,0,0,0,10000,10000,16777216,bound_hit,625
measured,probe-memory-buffer,run,1711,216631004,0,0,0,10000,10000,16777216,bound_hit,625
measured,probe-memory-buffer,run,1712,216763004,0,0,0,10000,10000,16777216,bound_hit,625
measured,probe-memory-buffer,run,1713,216894804,0,0,0,10000,10000,16777216,bound_hit,625
measured,probe-memory-buffer,run,1714,217026904,0,0,0,10000,10000,16777216,bound_hit,625
measured,probe-memory-buffer,run,1715,217158804,0,0,0,10000,10000,16777216,bound_hit,625
measured,probe-memory-buffer,run,1716,217291104,0,0,0,10000,10000,16777216,bound_hit,625
measured,probe-memory-buffer,run,1717,217423104,0,0,0,10000,10000,16777216,bound_hit,625
measured,probe-memory-buffer,run,1718,217555404,0,0,0,10000,10000,16777216,bound_hit,625
measured,probe-memory-buffer,run,1719,217687204,0,0,0,10000,10000,16777216,bound_hit,625
measured,probe-memory-buffer,run,1720,217818904,0,0,0,10000,10000,16777216,bound_hit,625
measured,probe-memory-buffer,run,1721,217950904,0,0,0,10000,10000,16777216,bound_hit,625
measured,probe-memory-buffer,run,1722,218082604,0,0,0,10000,10000,16777216,bound_hit,625
measured,probe-memory-buffer,run,1723,218214504,0,0,0,10000,10000,16777216,bound_hit,625
measured,probe-memory-buffer,run,1724,218346204,0,0,0,10000,10000,16777216,bound_hit,625
measured,probe-memory-buffer,run,1725,218478104,0,0,0,10000,10000,16777216,bound_hit,625
measured,probe-memory-buffer,run,1726,218610104,0,0,0,10000,10000,16777216,bound_hit,625
measured,probe-memory-buffer,run,1727,218742204,0,0,0,10000,10000,16777216,bound_hit,625
measured,probe-memory-buffer,run,1728,218874104,0,0,0,10000,10000,16777216,bound_hit,625
measured,probe-memory-buffer,run,1729,219005704,0,0,0,10000,10000,16777216,bound_hit,625
measured,probe-memory-buffer,run,1730,219137604,0,0,0,10000,10000,16777216,bound_hit,625
measured,probe-memory-buffer,run,1731,219270904,0,0,0,10000,10000,16777216,bound_hit,625
measured,probe-memory-buffer,run,1732,219427104,0,0,0,10000,10000,16777216,bound_hit,625
measured,probe-memory-buffer,run,1733,219580204,0,0,0,10000,10000,16777216,bound_hit,625
measured,probe-memory-buffer,run,1734,219720904,0,0,0,10000,10000,16777216,bound_hit,625
measured,probe-memory-buffer,run,1735,219858904,0,0,0,10000,10000,16777216,bound_hit,625
measured,probe-memory-buffer,run,1736,219996104,0,0,0,10000,10000,16777216,bound_hit,625
measured,probe-memory-buffer,run,1737,220153404,0,0,0,10000,10000,16777216,bound_hit,625
measured,probe-memory-buffer,run,1738,220295104,0,0,0,10000,10000,16777216,bound_hit,625
measured,probe-memory-buffer,run,1739,220430504,0,0,0,10000,10000,16777216,bound_hit,625
measured,probe-memory-buffer,run,1740,220566704,0,0,0,10000,10000,16777216,bound_hit,625
measured,probe-memory-buffer,run,1741,220702904,0,0,0,10000,10000,16777216,bound_hit,625
measured,probe-memory-buffer,run,1742,220840804,0,0,0,10000,10000,16777216,bound_hit,625
measured,probe-memory-buffer,run,1743,221000304,0,0,0,10000,10000,16777216,bound_hit,625
measured,probe-memory-buffer,run,1744,221194104,0,0,0,10000,10000,16777216,bound_hit,625
measured,probe-memory-buffer,run,1745,221355904,0,0,0,10000,10000,16777216,bound_hit,625
measured,probe-memory-buffer,run,1746,221515704,0,0,0,10000,10000,16777216,bound_hit,625
measured,probe-memory-buffer,run,1747,221673404,0,0,0,10000,10000,16777216,bound_hit,625
measured,probe-memory-buffer,run,1748,221809204,0,0,0,10000,10000,16777216,bound_hit,625
measured,probe-memory-buffer,run,1749,222030304,0,0,0,10000,10000,16777216,bound_hit,625
measured,probe-memory-buffer,run,1750,222254304,0,0,0,10000,10000,16777216,bound_hit,625
measured,probe-memory-buffer,run,1751,222404004,0,0,0,10000,10000,16777216,bound_hit,625
measured,probe-memory-buffer,run,1752,222563304,0,0,0,10000,10000,16777216,bound_hit,625
measured,probe-memory-buffer,run,1753,222701304,0,0,0,10000,10000,16777216,bound_hit,625
measured,probe-memory-buffer,run,1754,222834704,0,0,0,10000,10000,16777216,bound_hit,625
measured,probe-memory-buffer,run,1755,222967104,0,0,0,10000,10000,16777216,bound_hit,625
measured,probe-memory-buffer,run,1756,223100404,0,0,0,10000,10000,16777216,bound_hit,625
measured,probe-memory-buffer,run,1757,223232904,0,0,0,10000,10000,16777216,bound_hit,625
measured,probe-memory-buffer,run,1758,223365004,0,0,0,10000,10000,16777216,bound_hit,625
measured,probe-memory-buffer,run,1759,223497104,0,0,0,10000,10000,16777216,bound_hit,625
measured,probe-memory-buffer,run,1760,223629704,0,0,0,10000,10000,16777216,bound_hit,625
measured,probe-memory-buffer,run,1761,223762304,0,0,0,10000,10000,16777216,bound_hit,625
measured,probe-memory-buffer,run,1762,223895204,0,0,0,10000,10000,16777216,bound_hit,625
measured,probe-memory-buffer,run,1763,224027704,0,0,0,10000,10000,16777216,bound_hit,625
measured,probe-memory-buffer,run,1764,224175104,0,0,0,10000,10000,16777216,bound_hit,625
measured,probe-memory-buffer,run,1765,224307904,0,0,0,10000,10000,16777216,bound_hit,625
measured,probe-memory-buffer,run,1766,224440104,0,0,0,10000,10000,16777216,bound_hit,625
measured,probe-memory-buffer,run,1767,224572704,0,0,0,10000,10000,16777216,bound_hit,625
measured,probe-memory-buffer,run,1768,224705004,0,0,0,10000,10000,16777216,bound_hit,625
measured,probe-memory-buffer,run,1769,224837404,0,0,0,10000,10000,16777216,bound_hit,625
measured,probe-memory-buffer,run,1770,224969904,0,0,0,10000,10000,16777216,bound_hit,625
measured,probe-memory-buffer,run,1771,225102404,0,0,0,10000,10000,16777216,bound_hit,625
measured,probe-memory-buffer,run,1772,225234604,0,0,0,10000,10000,16777216,bound_hit,625
measured,probe-memory-buffer,run,1773,225367304,0,0,0,10000,10000,16777216,bound_hit,625
measured,probe-memory-buffer,run,1774,225499704,0,0,0,10000,10000,16777216,bound_hit,625
measured,probe-memory-buffer,run,1775,225632204,0,0,0,10000,10000,16777216,bound_hit,625
measured,probe-memory-buffer,run,1776,225764904,0,0,0,10000,10000,16777216,bound_hit,625
measured,probe-memory-buffer,run,1777,225897304,0,0,0,10000,10000,16777216,bound_hit,625
measured,probe-memory-buffer,run,1778,226029704,0,0,0,10000,10000,16777216,bound_hit,625
measured,probe-memory-buffer,run,1779,226187104,0,0,0,10000,10000,16777216,bound_hit,625
measured,probe-memory-buffer,run,1780,226403104,0,0,0,10000,10000,16777216,bound_hit,625
measured,probe-memory-buffer,run,1781,226590604,0,0,0,10000,10000,16777216,bound_hit,625
measured,probe-memory-buffer,run,1782,226746404,0,0,0,10000,10000,16777216,bound_hit,625
measured,probe-memory-buffer,run,1783,227320304,0,0,0,10000,10000,16777216,bound_hit,625
measured,probe-memory-buffer,run,1784,227484604,0,0,0,10000,10000,16777216,bound_hit,625
measured,probe-memory-buffer,run,1785,227673804,0,0,0,10000,10000,16777216,bound_hit,625
measured,probe-memory-buffer,run,1786,227834104,0,0,0,10000,10000,16777216,bound_hit,625
measured,probe-memory-buffer,run,1787,227965704,0,0,0,10000,10000,16777216,bound_hit,625
measured,probe-memory-buffer,run,1788,228145904,0,0,0,10000,10000,16777216,bound_hit,625
measured,probe-memory-buffer,run,1789,228299204,0,0,0,10000,10000,16777216,bound_hit,625
measured,probe-memory-buffer,run,1790,228440304,0,0,0,10000,10000,16777216,bound_hit,625
measured,probe-memory-buffer,run,1791,228580504,0,0,0,10000,10000,16777216,bound_hit,625
measured,probe-memory-buffer,run,1792,228720604,0,0,0,10000,10000,16777216,bound_hit,625
measured,probe-memory-buffer,run,1793,228860904,0,0,0,10000,10000,16777216,bound_hit,625
measured,probe-memory-buffer,run,1794,229000704,0,0,0,10000,10000,16777216,bound_hit,625
measured,probe-memory-buffer,run,1795,229140404,0,0,0,10000,10000,16777216,bound_hit,625
measured,probe-memory-buffer,run,1796,229279904,0,0,0,10000,10000,16777216,bound_hit,625
measured,probe-memory-buffer,run,1797,229419204,0,0,0,10000,10000,16777216,bound_hit,625
measured,probe-memory-buffer,run,1798,229558504,0,0,0,10000,10000,16777216,bound_hit,625
measured,probe-memory-buffer,run,1799,229698004,0,0,0,10000,10000,16777216,bound_hit,625
measured,probe-memory-buffer,run,1800,229834604,0,0,0,10000,10000,16777216,bound_hit,625
measured,probe-memory-buffer,run,1801,229968504,0,0,0,10000,10000,16777216,bound_hit,625
measured,probe-memory-buffer,run,1802,230102204,0,0,0,10000,10000,16777216,bound_hit,625
measured,probe-memory-buffer,run,1803,230236004,0,0,0,10000,10000,16777216,bound_hit,625
measured,probe-memory-buffer,run,1804,230369404,0,0,0,10000,10000,16777216,bound_hit,625
measured,probe-memory-buffer,run,1805,230503204,0,0,0,10000,10000,16777216,bound_hit,625
measured,probe-memory-buffer,run,1806,230636804,0,0,0,10000,10000,16777216,bound_hit,625
measured,probe-memory-buffer,run,1807,230770104,0,0,0,10000,10000,16777216,bound_hit,625
measured,probe-memory-buffer,run,1808,230903804,0,0,0,10000,10000,16777216,bound_hit,625
measured,probe-memory-buffer,run,1809,231037504,0,0,0,10000,10000,16777216,bound_hit,625
measured,probe-memory-buffer,run,1810,231171304,0,0,0,10000,10000,16777216,bound_hit,625
measured,probe-memory-buffer,run,1811,231305704,0,0,0,10000,10000,16777216,bound_hit,625
measured,probe-memory-buffer,run,1812,231439304,0,0,0,10000,10000,16777216,bound_hit,625
measured,probe-memory-buffer,run,1813,231573204,0,0,0,10000,10000,16777216,bound_hit,625
measured,probe-memory-buffer,run,1814,231706904,0,0,0,10000,10000,16777216,bound_hit,625
measured,probe-memory-buffer,run,1815,231840704,0,0,0,10000,10000,16777216,bound_hit,625
measured,probe-memory-buffer,run,1816,231974104,0,0,0,10000,10000,16777216,bound_hit,625
measured,probe-memory-buffer,run,1817,232110704,0,0,0,10000,10000,16777216,bound_hit,625
measured,probe-memory-buffer,run,1818,232245104,0,0,0,10000,10000,16777216,bound_hit,625
measured,probe-memory-buffer,run,1819,232378704,0,0,0,10000,10000,16777216,bound_hit,625
measured,probe-memory-buffer,run,1820,232512004,0,0,0,10000,10000,16777216,bound_hit,625
measured,probe-memory-buffer,run,1821,232645404,0,0,0,10000,10000,16777216,bound_hit,625
measured,probe-memory-buffer,run,1822,232778804,0,0,0,10000,10000,16777216,bound_hit,625
measured,probe-memory-buffer,run,1823,232911904,0,0,0,10000,10000,16777216,bound_hit,625
measured,probe-memory-buffer,run,1824,233045104,0,0,0,10000,10000,16777216,bound_hit,625
measured,probe-memory-buffer,run,1825,233179604,0,0,0,10000,10000,16777216,bound_hit,625
measured,probe-memory-buffer,run,1826,233326704,0,0,0,10000,10000,16777216,bound_hit,625
measured,probe-memory-buffer,run,1827,233482404,0,0,0,10000,10000,16777216,bound_hit,625
measured,probe-memory-buffer,run,1828,233637104,0,0,0,10000,10000,16777216,bound_hit,625
measured,probe-memory-buffer,run,1829,233786404,0,0,0,10000,10000,16777216,bound_hit,625
measured,probe-memory-buffer,run,1830,233952004,0,0,0,10000,10000,16777216,bound_hit,625
measured,probe-memory-buffer,run,1831,234094404,0,0,0,10000,10000,16777216,bound_hit,625
measured,probe-memory-buffer,run,1832,234227204,0,0,0,10000,10000,16777216,bound_hit,625
measured,probe-memory-buffer,run,1833,234360804,0,0,0,10000,10000,16777216,bound_hit,625
measured,probe-memory-buffer,run,1834,234537004,0,0,0,10000,10000,16777216,bound_hit,625
measured,probe-memory-buffer,run,1835,234692404,0,0,0,10000,10000,16777216,bound_hit,625
measured,probe-memory-buffer,run,1836,234848104,0,0,0,10000,10000,16777216,bound_hit,625
measured,probe-memory-buffer,run,1837,234999704,0,0,0,10000,10000,16777216,bound_hit,625
measured,probe-memory-buffer,run,1838,235151004,0,0,0,10000,10000,16777216,bound_hit,625
measured,probe-memory-buffer,run,1839,235302204,0,0,0,10000,10000,16777216,bound_hit,625
measured,probe-memory-buffer,run,1840,235433704,0,0,0,10000,10000,16777216,bound_hit,625
measured,probe-memory-buffer,run,1841,235565304,0,0,0,10000,10000,16777216,bound_hit,625
measured,probe-memory-buffer,run,1842,235717204,0,0,0,10000,10000,16777216,bound_hit,625
measured,probe-memory-buffer,run,1843,235868904,0,0,0,10000,10000,16777216,bound_hit,625
measured,probe-memory-buffer,run,1844,236001604,0,0,0,10000,10000,16777216,bound_hit,625
measured,probe-memory-buffer,run,1845,236150104,0,0,0,10000,10000,16777216,bound_hit,625
measured,probe-memory-buffer,run,1846,236319604,0,0,0,10000,10000,16777216,bound_hit,625
measured,probe-memory-buffer,run,1847,236470404,0,0,0,10000,10000,16777216,bound_hit,625
measured,probe-memory-buffer,run,1848,236610504,0,0,0,10000,10000,16777216,bound_hit,625
measured,probe-memory-buffer,run,1849,236743904,0,0,0,10000,10000,16777216,bound_hit,625
measured,probe-memory-buffer,run,1850,236877804,0,0,0,10000,10000,16777216,bound_hit,625
measured,probe-memory-buffer,run,1851,237011104,0,0,0,10000,10000,16777216,bound_hit,625
measured,probe-memory-buffer,run,1852,237164004,0,0,0,10000,10000,16777216,bound_hit,625
measured,probe-memory-buffer,run,1853,237342904,0,0,0,10000,10000,16777216,bound_hit,625
measured,probe-memory-buffer,run,1854,237509504,0,0,0,10000,10000,16777216,bound_hit,625
measured,probe-memory-buffer,run,1855,237668504,0,0,0,10000,10000,16777216,bound_hit,625
measured,probe-memory-buffer,run,1856,237836904,0,0,0,10000,10000,16777216,bound_hit,625
measured,probe-memory-buffer,run,1857,237985304,0,0,0,10000,10000,16777216,bound_hit,625
measured,probe-memory-buffer,run,1858,238121204,0,0,0,10000,10000,16777216,bound_hit,625
measured,probe-memory-buffer,run,1859,238254004,0,0,0,10000,10000,16777216,bound_hit,625
measured,probe-memory-buffer,run,1860,238388404,0,0,0,10000,10000,16777216,bound_hit,625
measured,probe-memory-buffer,run,1861,238522304,0,0,0,10000,10000,16777216,bound_hit,625
measured,probe-memory-buffer,run,1862,238656304,0,0,0,10000,10000,16777216,bound_hit,625
measured,probe-memory-buffer,run,1863,238790204,0,0,0,10000,10000,16777216,bound_hit,625
measured,probe-memory-buffer,run,1864,238923904,0,0,0,10000,10000,16777216,bound_hit,625
measured,probe-memory-buffer,run,1865,239057804,0,0,0,10000,10000,16777216,bound_hit,625
measured,probe-memory-buffer,run,1866,239191804,0,0,0,10000,10000,16777216,bound_hit,625
measured,probe-memory-buffer,run,1867,239325504,0,0,0,10000,10000,16777216,bound_hit,625
measured,probe-memory-buffer,run,1868,239459204,0,0,0,10000,10000,16777216,bound_hit,625
measured,probe-memory-buffer,run,1869,239593004,0,0,0,10000,10000,16777216,bound_hit,625
measured,probe-memory-buffer,run,1870,239731704,0,0,0,10000,10000,16777216,bound_hit,625
measured,probe-memory-buffer,run,1871,239868104,0,0,0,10000,10000,16777216,bound_hit,625
measured,probe-memory-buffer,run,1872,240002804,0,0,0,10000,10000,16777216,bound_hit,625
measured,probe-memory-buffer,run,1873,240154304,0,0,0,10000,10000,16777216,bound_hit,625
measured,probe-memory-buffer,run,1874,240321304,0,0,0,10000,10000,16777216,bound_hit,625
measured,probe-memory-buffer,run,1875,240486304,0,0,0,10000,10000,16777216,bound_hit,625
measured,probe-memory-buffer,run,1876,240639704,0,0,0,10000,10000,16777216,bound_hit,625
measured,probe-memory-buffer,run,1877,240791104,0,0,0,10000,10000,16777216,bound_hit,625
measured,probe-memory-buffer,run,1878,240935104,0,0,0,10000,10000,16777216,bound_hit,625
measured,probe-memory-buffer,run,1879,241076004,0,0,0,10000,10000,16777216,bound_hit,625
measured,probe-memory-buffer,run,1880,241216604,0,0,0,10000,10000,16777216,bound_hit,625
measured,probe-memory-buffer,run,1881,241357804,0,0,0,10000,10000,16777216,bound_hit,625
measured,probe-memory-buffer,run,1882,241503604,0,0,0,10000,10000,16777216,bound_hit,625
measured,probe-memory-buffer,run,1883,241644804,0,0,0,10000,10000,16777216,bound_hit,625
measured,probe-memory-buffer,run,1884,241785204,0,0,0,10000,10000,16777216,bound_hit,625
measured,probe-memory-buffer,run,1885,241925604,0,0,0,10000,10000,16777216,bound_hit,625
measured,probe-memory-buffer,run,1886,242066004,0,0,0,10000,10000,16777216,bound_hit,625
measured,probe-memory-buffer,run,1887,242206504,0,0,0,10000,10000,16777216,bound_hit,625
measured,probe-memory-buffer,run,1888,242346904,0,0,0,10000,10000,16777216,bound_hit,625
measured,probe-memory-buffer,run,1889,242487204,0,0,0,10000,10000,16777216,bound_hit,625
measured,probe-memory-buffer,run,1890,242627504,0,0,0,10000,10000,16777216,bound_hit,625
measured,probe-memory-buffer,run,1891,242767704,0,0,0,10000,10000,16777216,bound_hit,625
measured,probe-memory-buffer,run,1892,242905204,0,0,0,10000,10000,16777216,bound_hit,625
measured,probe-memory-buffer,run,1893,243039904,0,0,0,10000,10000,16777216,bound_hit,625
measured,probe-memory-buffer,run,1894,243174904,0,0,0,10000,10000,16777216,bound_hit,625
measured,probe-memory-buffer,run,1895,243309204,0,0,0,10000,10000,16777216,bound_hit,625
measured,probe-memory-buffer,run,1896,243443704,0,0,0,10000,10000,16777216,bound_hit,625
measured,probe-memory-buffer,run,1897,243578204,0,0,0,10000,10000,16777216,bound_hit,625
measured,probe-memory-buffer,run,1898,243712704,0,0,0,10000,10000,16777216,bound_hit,625
measured,probe-memory-buffer,run,1899,243847104,0,0,0,10000,10000,16777216,bound_hit,625
measured,probe-memory-buffer,run,1900,243981604,0,0,0,10000,10000,16777216,bound_hit,625
measured,probe-memory-buffer,run,1901,244117504,0,0,0,10000,10000,16777216,bound_hit,625
measured,probe-memory-buffer,run,1902,244251904,0,0,0,10000,10000,16777216,bound_hit,625
measured,probe-memory-buffer,run,1903,244394604,0,0,0,10000,10000,16777216,bound_hit,625
measured,probe-memory-buffer,run,1904,244528804,0,0,0,10000,10000,16777216,bound_hit,625
measured,probe-memory-buffer,run,1905,244663104,0,0,0,10000,10000,16777216,bound_hit,625
measured,probe-memory-buffer,run,1906,244797304,0,0,0,10000,10000,16777216,bound_hit,625
measured,probe-memory-buffer,run,1907,244931504,0,0,0,10000,10000,16777216,bound_hit,625
measured,probe-memory-buffer,run,1908,245065604,0,0,0,10000,10000,16777216,bound_hit,625
measured,probe-memory-buffer,run,1909,245199704,0,0,0,10000,10000,16777216,bound_hit,625
measured,probe-memory-buffer,run,1910,245333904,0,0,0,10000,10000,16777216,bound_hit,625
measured,probe-memory-buffer,run,1911,245468104,0,0,0,10000,10000,16777216,bound_hit,625
measured,probe-memory-buffer,run,1912,245602104,0,0,0,10000,10000,16777216,bound_hit,625
measured,probe-memory-buffer,run,1913,245736004,0,0,0,10000,10000,16777216,bound_hit,625
measured,probe-memory-buffer,run,1914,245870204,0,0,0,10000,10000,16777216,bound_hit,625
measured,probe-memory-buffer,run,1915,246004404,0,0,0,10000,10000,16777216,bound_hit,625
measured,probe-memory-buffer,run,1916,246138604,0,0,0,10000,10000,16777216,bound_hit,625
measured,probe-memory-buffer,run,1917,246272604,0,0,0,10000,10000,16777216,bound_hit,625
measured,probe-memory-buffer,run,1918,246406804,0,0,0,10000,10000,16777216,bound_hit,625
measured,probe-memory-buffer,run,1919,246540804,0,0,0,10000,10000,16777216,bound_hit,625
measured,probe-memory-buffer,run,1920,246675104,0,0,0,10000,10000,16777216,bound_hit,625
measured,probe-memory-buffer,run,1921,246809604,0,0,0,10000,10000,16777216,bound_hit,625
measured,probe-memory-buffer,run,1922,246944304,0,0,0,10000,10000,16777216,bound_hit,625
measured,probe-memory-buffer,run,1923,247087304,0,0,0,10000,10000,16777216,bound_hit,625
measured,probe-memory-buffer,run,1924,247250604,0,0,0,10000,10000,16777216,bound_hit,625
measured,probe-memory-buffer,run,1925,247401004,0,0,0,10000,10000,16777216,bound_hit,625
measured,probe-memory-buffer,run,1926,247538904,0,0,0,10000,10000,16777216,bound_hit,625
measured,probe-memory-buffer,run,1927,247686104,0,0,0,10000,10000,16777216,bound_hit,625
measured,probe-memory-buffer,run,1928,247836404,0,0,0,10000,10000,16777216,bound_hit,625
measured,probe-memory-buffer,run,1929,248000404,0,0,0,10000,10000,16777216,bound_hit,625
measured,probe-memory-buffer,run,1930,248134804,0,0,0,10000,10000,16777216,bound_hit,625
measured,probe-memory-buffer,run,1931,248272804,0,0,0,10000,10000,16777216,bound_hit,625
measured,probe-memory-buffer,run,1932,248410104,0,0,0,10000,10000,16777216,bound_hit,625
measured,probe-memory-buffer,run,1933,248581104,0,0,0,10000,10000,16777216,bound_hit,625
measured,probe-memory-buffer,run,1934,248723104,0,0,0,10000,10000,16777216,bound_hit,625
measured,probe-memory-buffer,run,1935,248865104,0,0,0,10000,10000,16777216,bound_hit,625
measured,probe-memory-buffer,run,1936,249006704,0,0,0,10000,10000,16777216,bound_hit,625
measured,probe-memory-buffer,run,1937,249147004,0,0,0,10000,10000,16777216,bound_hit,625
measured,probe-memory-buffer,run,1938,249287504,0,0,0,10000,10000,16777216,bound_hit,625
measured,probe-memory-buffer,run,1939,249428104,0,0,0,10000,10000,16777216,bound_hit,625
measured,probe-memory-buffer,run,1940,249568104,0,0,0,10000,10000,16777216,bound_hit,625
measured,probe-memory-buffer,run,1941,249707405,0,0,0,10000,10000,16777216,bound_hit,625
measured,probe-memory-buffer,run,1942,249844705,0,0,0,10000,10000,16777216,bound_hit,625
measured,probe-memory-buffer,run,1943,249979205,0,0,0,10000,10000,16777216,bound_hit,625
measured,probe-memory-buffer,run,1944,250113805,0,0,0,10000,10000,16777216,bound_hit,625
measured,probe-memory-buffer,run,1945,250248005,0,0,0,10000,10000,16777216,bound_hit,625
measured,probe-memory-buffer,run,1946,250382005,0,0,0,10000,10000,16777216,bound_hit,625
measured,probe-memory-buffer,run,1947,250516105,0,0,0,10000,10000,16777216,bound_hit,625
measured,probe-memory-buffer,run,1948,250650205,0,0,0,10000,10000,16777216,bound_hit,625
measured,probe-memory-buffer,run,1949,250784005,0,0,0,10000,10000,16777216,bound_hit,625
measured,probe-memory-buffer,run,1950,250917905,0,0,0,10000,10000,16777216,bound_hit,625
measured,probe-memory-buffer,run,1951,251051805,0,0,0,10000,10000,16777216,bound_hit,625
measured,probe-memory-buffer,run,1952,251185805,0,0,0,10000,10000,16777216,bound_hit,625
measured,probe-memory-buffer,run,1953,251319805,0,0,0,10000,10000,16777216,bound_hit,625
measured,probe-memory-buffer,run,1954,251453905,0,0,0,10000,10000,16777216,bound_hit,625
measured,probe-memory-buffer,run,1955,251587705,0,0,0,10000,10000,16777216,bound_hit,625
measured,probe-memory-buffer,run,1956,251721405,0,0,0,10000,10000,16777216,bound_hit,625
measured,probe-memory-buffer,run,1957,251855405,0,0,0,10000,10000,16777216,bound_hit,625
measured,probe-memory-buffer,run,1958,251989305,0,0,0,10000,10000,16777216,bound_hit,625
measured,probe-memory-buffer,run,1959,252124905,0,0,0,10000,10000,16777216,bound_hit,625
measured,probe-memory-buffer,run,1960,252272705,0,0,0,10000,10000,16777216,bound_hit,625
measured,probe-memory-buffer,run,1961,252407405,0,0,0,10000,10000,16777216,bound_hit,625
measured,probe-memory-buffer,run,1962,252541305,0,0,0,10000,10000,16777216,bound_hit,625
measured,probe-memory-buffer,run,1963,252675205,0,0,0,10000,10000,16777216,bound_hit,625
measured,probe-memory-buffer,run,1964,252808905,0,0,0,10000,10000,16777216,bound_hit,625
measured,probe-memory-buffer,run,1965,252943205,0,0,0,10000,10000,16777216,bound_hit,625
measured,probe-memory-buffer,run,1966,253077305,0,0,0,10000,10000,16777216,bound_hit,625
measured,probe-memory-buffer,run,1967,253211105,0,0,0,10000,10000,16777216,bound_hit,625
measured,probe-memory-buffer,run,1968,253344805,0,0,0,10000,10000,16777216,bound_hit,625
measured,probe-memory-buffer,run,1969,253478605,0,0,0,10000,10000,16777216,bound_hit,625
measured,probe-memory-buffer,run,1970,253612205,0,0,0,10000,10000,16777216,bound_hit,625
measured,probe-memory-buffer,run,1971,253746005,0,0,0,10000,10000,16777216,bound_hit,625
measured,probe-memory-buffer,run,1972,253879905,0,0,0,10000,10000,16777216,bound_hit,625
measured,probe-memory-buffer,run,1973,254017205,0,0,0,10000,10000,16777216,bound_hit,625
measured,probe-memory-buffer,run,1974,254158405,0,0,0,10000,10000,16777216,bound_hit,625
measured,probe-memory-buffer,run,1975,254303305,0,0,0,10000,10000,16777216,bound_hit,625
measured,probe-memory-buffer,run,1976,254444405,0,0,0,10000,10000,16777216,bound_hit,625
measured,probe-memory-buffer,run,1977,254592005,0,0,0,10000,10000,16777216,bound_hit,625
measured,probe-memory-buffer,run,1978,254752305,0,0,0,10000,10000,16777216,bound_hit,625
measured,probe-memory-buffer,run,1979,254886805,0,0,0,10000,10000,16777216,bound_hit,625
measured,probe-memory-buffer,run,1980,255021805,0,0,0,10000,10000,16777216,bound_hit,625
measured,probe-memory-buffer,run,1981,255192705,0,0,0,10000,10000,16777216,bound_hit,625
measured,probe-memory-buffer,run,1982,255326305,0,0,0,10000,10000,16777216,bound_hit,625
measured,probe-memory-buffer,run,1983,255466505,0,0,0,10000,10000,16777216,bound_hit,625
measured,probe-memory-buffer,run,1984,255606105,0,0,0,10000,10000,16777216,bound_hit,625
measured,probe-memory-buffer,run,1985,255740605,0,0,0,10000,10000,16777216,bound_hit,625
measured,probe-memory-buffer,run,1986,255873805,0,0,0,10000,10000,16777216,bound_hit,625
measured,probe-memory-buffer,run,1987,256007705,0,0,0,10000,10000,16777216,bound_hit,625
measured,probe-memory-buffer,run,1988,256143905,0,0,0,10000,10000,16777216,bound_hit,625
measured,probe-memory-buffer,run,1989,256277705,0,0,0,10000,10000,16777216,bound_hit,625
measured,probe-memory-buffer,run,1990,256412405,0,0,0,10000,10000,16777216,bound_hit,625
measured,probe-memory-buffer,run,1991,256545905,0,0,0,10000,10000,16777216,bound_hit,625
measured,probe-memory-buffer,run,1992,256679105,0,0,0,10000,10000,16777216,bound_hit,625
measured,probe-memory-buffer,run,1993,256812505,0,0,0,10000,10000,16777216,bound_hit,625
measured,probe-memory-buffer,run,1994,256945805,0,0,0,10000,10000,16777216,bound_hit,625
measured,probe-memory-buffer,run,1995,257078705,0,0,0,10000,10000,16777216,bound_hit,625
measured,probe-memory-buffer,run,1996,257211805,0,0,0,10000,10000,16777216,bound_hit,625
measured,probe-memory-buffer,run,1997,257344805,0,0,0,10000,10000,16777216,bound_hit,625
measured,probe-memory-buffer,run,1998,257477905,0,0,0,10000,10000,16777216,bound_hit,625
measured,probe-memory-buffer,run,1999,257610705,0,0,0,10000,10000,16777216,bound_hit,625
measured,probe-memory-buffer,run,2000,257743905,0,0,0,10000,10000,16777216,bound_hit,625
measured,probe-memory-buffer,run,2001,257877005,0,0,0,10000,10000,16777216,bound_hit,625
measured,probe-memory-buffer,run,2002,258010105,0,0,0,10000,10000,16777216,bound_hit,625
measured,probe-memory-buffer,run,2003,258143505,0,0,0,10000,10000,16777216,bound_hit,625
measured,probe-memory-buffer,run,2004,258276605,0,0,0,10000,10000,16777216,bound_hit,625
measured,probe-memory-buffer,run,2005,258410105,0,0,0,10000,10000,16777216,bound_hit,625
measured,probe-memory-buffer,run,2006,258543805,0,0,0,10000,10000,16777216,bound_hit,625
measured,probe-memory-buffer,run,2007,258677005,0,0,0,10000,10000,16777216,bound_hit,625
measured,probe-memory-buffer,run,2008,258810205,0,0,0,10000,10000,16777216,bound_hit,625
measured,probe-memory-buffer,run,2009,258943305,0,0,0,10000,10000,16777216,bound_hit,625
measured,probe-memory-buffer,run,2010,259077105,0,0,0,10000,10000,16777216,bound_hit,625
measured,probe-memory-buffer,run,2011,259210605,0,0,0,10000,10000,16777216,bound_hit,625
measured,probe-memory-buffer,run,2012,259343905,0,0,0,10000,10000,16777216,bound_hit,625
measured,probe-memory-buffer,run,2013,259477005,0,0,0,10000,10000,16777216,bound_hit,625
measured,probe-memory-buffer,run,2014,259610105,0,0,0,10000,10000,16777216,bound_hit,625
measured,probe-memory-buffer,run,2015,259743305,0,0,0,10000,10000,16777216,bound_hit,625
measured,probe-memory-buffer,run,2016,259876905,0,0,0,10000,10000,16777216,bound_hit,625
measured,probe-memory-buffer,run,2017,259911905,0,0,0,10000,10000,16777216,update,0
measured,probe-memory-buffer,run,2018,360083107,0,28201,9999,10000,10000,16777216,update,0
measured,probe-memory-buffer,run,2019,360341007,0,28201,9999,11007,10000,16777216,read,687
measured,probe-memory-buffer,run,2020,360466407,0,28201,9999,11497,10000,16777216,read,718
measured,probe-memory-buffer,run,2021,360590807,0,28201,9999,11983,10000,16777216,read,748
measured,probe-memory-buffer,run,2022,360715007,0,28201,9999,12468,10000,16777216,read,779
measured,probe-memory-buffer,run,2023,360838607,0,28201,9999,12951,10000,16777216,read,809
measured,probe-memory-buffer,run,2024,360962507,0,28201,9999,13435,10000,16777216,read,839
measured,probe-memory-buffer,run,2025,361086207,0,28201,9999,13918,10000,16777216,read,869
measured,probe-memory-buffer,run,2026,361209807,0,28201,9999,14401,10000,16777216,read,900
measured,probe-memory-buffer,run,2027,361333307,0,28201,9999,14883,10000,16777216,read,930
measured,probe-memory-buffer,run,2028,361456807,0,28201,9999,15366,10000,16777216,read,960
measured,probe-memory-buffer,run,2029,361580307,0,28201,9999,15848,10000,16777216,read,990
measured,probe-memory-buffer,run,2030,361703907,0,28201,9999,16331,10000,16777216,read,1020
measured,probe-memory-buffer,run,2031,361824607,0,28201,9999,16802,10000,16777216,read,1050
measured,probe-memory-buffer,run,2032,361943807,0,28201,9999,17268,10000,16777216,read,1079
measured,probe-memory-buffer,run,2033,362062807,0,28201,9999,17733,10000,16777216,read,1108
measured,probe-memory-buffer,run,2034,362181707,0,28201,9999,18197,10000,16777216,read,1137
measured,probe-memory-buffer,run,2035,362300807,0,28201,9999,18663,10000,16777216,read,1166
measured,probe-memory-buffer,run,2036,362419807,0,28201,9999,19127,10000,16777216,read,1195
measured,probe-memory-buffer,run,2037,362538807,0,28201,9999,19592,10000,16777216,read,1224
measured,probe-memory-buffer,run,2038,362658007,0,28201,9999,19999,10000,16777216,bound_hit,1249
measured,probe-memory-buffer,run,2039,362776907,0,28201,9999,19999,10000,16777216,bound_hit,1249
measured,probe-memory-buffer,run,2040,362895907,0,28201,9999,19999,10000,16777216,bound_hit,1249
measured,probe-memory-buffer,run,2041,363014907,0,28201,9999,19999,10000,16777216,bound_hit,1249
measured,probe-memory-buffer,run,2042,363133807,0,28201,9999,19999,10000,16777216,bound_hit,1249
measured,probe-memory-buffer,run,2043,363252807,0,28201,9999,19999,10000,16777216,bound_hit,1249
measured,probe-memory-buffer,run,2044,363371707,0,28201,9999,19999,10000,16777216,bound_hit,1249
measured,probe-memory-buffer,run,2045,363490607,0,28201,9999,19999,10000,16777216,bound_hit,1249
measured,probe-memory-buffer,run,2046,363609507,0,28201,9999,19999,10000,16777216,bound_hit,1249
measured,probe-memory-buffer,run,2047,363728407,0,28201,9999,19999,10000,16777216,bound_hit,1249
measured,probe-memory-buffer,run,2048,363847307,0,28201,9999,19999,10000,16777216,bound_hit,1249
measured,probe-memory-buffer,run,2049,363966307,0,28201,9999,19999,10000,16777216,bound_hit,1249
measured,probe-memory-buffer,run,2050,364085607,0,28201,9999,19999,10000,16777216,bound_hit,1249
measured,probe-memory-buffer,run,2051,364204607,0,28201,9999,19999,10000,16777216,bound_hit,1249
measured,probe-memory-buffer,run,2052,364323407,0,28201,9999,19999,10000,16777216,bound_hit,1249
measured,probe-memory-buffer,run,2053,364441907,0,28201,9999,19999,10000,16777216,bound_hit,1249
measured,probe-memory-buffer,run,2054,364560507,0,28201,9999,19999,10000,16777216,bound_hit,1249
measured,probe-memory-buffer,run,2055,364678807,0,28201,9999,19999,10000,16777216,bound_hit,1249
measured,probe-memory-buffer,run,2056,364797607,0,28201,9999,19999,10000,16777216,bound_hit,1249
measured,probe-memory-buffer,run,2057,364916307,0,28201,9999,19999,10000,16777216,bound_hit,1249
measured,probe-memory-buffer,run,2058,365034807,0,28201,9999,19999,10000,16777216,bound_hit,1249
measured,probe-memory-buffer,run,2059,365192007,0,28201,9999,19999,10000,16777216,bound_hit,1249
measured,probe-memory-buffer,run,2060,365361407,0,28201,9999,19999,10000,16777216,bound_hit,1249
measured,probe-memory-buffer,run,2061,365497707,0,28201,9999,19999,10000,16777216,bound_hit,1249
measured,probe-memory-buffer,run,2062,365640807,0,28201,9999,19999,10000,16777216,bound_hit,1249
measured,probe-memory-buffer,run,2063,365766307,0,28201,9999,19999,10000,16777216,bound_hit,1249
measured,probe-memory-buffer,run,2064,365898907,0,28201,9999,19999,10000,16777216,bound_hit,1249
measured,probe-memory-buffer,run,2065,366023607,0,28201,9999,19999,10000,16777216,bound_hit,1249
measured,probe-memory-buffer,run,2066,366147707,0,28201,9999,19999,10000,16777216,bound_hit,1249
measured,probe-memory-buffer,run,2067,366278607,0,28201,9999,19999,10000,16777216,bound_hit,1249
measured,probe-memory-buffer,run,2068,366407307,0,28201,9999,19999,10000,16777216,bound_hit,1249
measured,probe-memory-buffer,run,2069,366532207,0,28201,9999,19999,10000,16777216,bound_hit,1249
measured,probe-memory-buffer,run,2070,366656207,0,28201,9999,19999,10000,16777216,bound_hit,1249
measured,probe-memory-buffer,run,2071,366779307,0,28201,9999,19999,10000,16777216,bound_hit,1249
measured,probe-memory-buffer,run,2072,366902007,0,28201,9999,19999,10000,16777216,bound_hit,1249
measured,probe-memory-buffer,run,2073,367021907,0,28201,9999,19999,10000,16777216,bound_hit,1249
measured,probe-memory-buffer,run,2074,367150207,0,28201,9999,19999,10000,16777216,bound_hit,1249
measured,probe-memory-buffer,run,2075,367269807,0,28201,9999,19999,10000,16777216,bound_hit,1249
measured,probe-memory-buffer,run,2076,367389607,0,28201,9999,19999,10000,16777216,bound_hit,1249
measured,probe-memory-buffer,run,2077,367509207,0,28201,9999,19999,10000,16777216,bound_hit,1249
measured,probe-memory-buffer,run,2078,367629007,0,28201,9999,19999,10000,16777216,bound_hit,1249
measured,probe-memory-buffer,run,2079,367749507,0,28201,9999,19999,10000,16777216,bound_hit,1249
measured,probe-memory-buffer,run,2080,367869207,0,28201,9999,19999,10000,16777216,bound_hit,1249
measured,probe-memory-buffer,run,2081,367988907,0,28201,9999,19999,10000,16777216,bound_hit,1249
measured,probe-memory-buffer,run,2082,368110707,0,28201,9999,19999,10000,16777216,bound_hit,1249
measured,probe-memory-buffer,run,2083,368230407,0,28201,9999,19999,10000,16777216,bound_hit,1249
measured,probe-memory-buffer,run,2084,368349907,0,28201,9999,19999,10000,16777216,bound_hit,1249
measured,probe-memory-buffer,run,2085,368469507,0,28201,9999,19999,10000,16777216,bound_hit,1249
measured,probe-memory-buffer,run,2086,368589107,0,28201,9999,19999,10000,16777216,bound_hit,1249
measured,probe-memory-buffer,run,2087,368708407,0,28201,9999,19999,10000,16777216,bound_hit,1249
measured,probe-memory-buffer,run,2088,368827707,0,28201,9999,19999,10000,16777216,bound_hit,1249
measured,probe-memory-buffer,run,2089,368947107,0,28201,9999,19999,10000,16777216,bound_hit,1249
measured,probe-memory-buffer,run,2090,369066407,0,28201,9999,19999,10000,16777216,bound_hit,1249
measured,probe-memory-buffer,run,2091,369185707,0,28201,9999,19999,10000,16777216,bound_hit,1249
measured,probe-memory-buffer,run,2092,369305107,0,28201,9999,19999,10000,16777216,bound_hit,1249
measured,probe-memory-buffer,run,2093,369424707,0,28201,9999,19999,10000,16777216,bound_hit,1249
measured,probe-memory-buffer,run,2094,369544107,0,28201,9999,19999,10000,16777216,bound_hit,1249
measured,probe-memory-buffer,run,2095,369663807,0,28201,9999,19999,10000,16777216,bound_hit,1249
measured,probe-memory-buffer,run,2096,369817607,0,28201,9999,19999,10000,16777216,bound_hit,1249
measured,probe-memory-buffer,run,2097,369984207,0,28201,9999,19999,10000,16777216,bound_hit,1249
measured,probe-memory-buffer,run,2098,370127807,0,28201,9999,19999,10000,16777216,bound_hit,1249
measured,probe-memory-buffer,run,2099,370254607,0,28201,9999,19999,10000,16777216,bound_hit,1249
measured,probe-memory-buffer,run,2100,370378607,0,28201,9999,19999,10000,16777216,bound_hit,1249
measured,probe-memory-buffer,run,2101,370506707,0,28201,9999,19999,10000,16777216,bound_hit,1249
measured,probe-memory-buffer,run,2102,370635707,0,28201,9999,19999,10000,16777216,bound_hit,1249
measured,probe-memory-buffer,run,2103,370779607,0,28201,9999,19999,10000,16777216,bound_hit,1249
measured,probe-memory-buffer,run,2104,370903107,0,28201,9999,19999,10000,16777216,bound_hit,1249
measured,probe-memory-buffer,run,2105,371023507,0,28201,9999,19999,10000,16777216,bound_hit,1249
measured,probe-memory-buffer,run,2106,371143107,0,28201,9999,19999,10000,16777216,bound_hit,1249
measured,probe-memory-buffer,run,2107,371262207,0,28201,9999,19999,10000,16777216,bound_hit,1249
measured,probe-memory-buffer,run,2108,371381007,0,28201,9999,19999,10000,16777216,bound_hit,1249
measured,probe-memory-buffer,run,2109,371499707,0,28201,9999,19999,10000,16777216,bound_hit,1249
measured,probe-memory-buffer,run,2110,371618407,0,28201,9999,19999,10000,16777216,bound_hit,1249
measured,probe-memory-buffer,run,2111,371737407,0,28201,9999,19999,10000,16777216,bound_hit,1249
measured,probe-memory-buffer,run,2112,371856107,0,28201,9999,19999,10000,16777216,bound_hit,1249
measured,probe-memory-buffer,run,2113,371974907,0,28201,9999,19999,10000,16777216,bound_hit,1249
measured,probe-memory-buffer,run,2114,372088307,0,28201,9999,19999,10000,16777216,bound_hit,1249
measured,probe-memory-buffer,run,2115,372215107,0,28201,9999,19999,10000,16777216,bound_hit,1249
measured,probe-memory-buffer,run,2116,372345007,0,28201,9999,19999,10000,16777216,bound_hit,1249
measured,probe-memory-buffer,run,2117,372485507,0,28201,9999,19999,10000,16777216,bound_hit,1249
measured,probe-memory-buffer,run,2118,372664607,0,28201,9999,19999,10000,16777216,bound_hit,1249
measured,probe-memory-buffer,run,2119,372819607,0,28201,9999,19999,10000,16777216,bound_hit,1249
measured,probe-memory-buffer,run,2120,372979707,0,28201,9999,19999,10000,16777216,bound_hit,1249
measured,probe-memory-buffer,run,2121,373114307,0,28201,9999,19999,10000,16777216,bound_hit,1249
measured,probe-memory-buffer,run,2122,373242507,0,28201,9999,19999,10000,16777216,bound_hit,1249
measured,probe-memory-buffer,run,2123,373367207,0,28201,9999,19999,10000,16777216,bound_hit,1249
measured,probe-memory-buffer,run,2124,373491707,0,28201,9999,19999,10000,16777216,bound_hit,1249
measured,probe-memory-buffer,run,2125,373616607,0,28201,9999,19999,10000,16777216,bound_hit,1249
measured,probe-memory-buffer,run,2126,373740707,0,28201,9999,19999,10000,16777216,bound_hit,1249
measured,probe-memory-buffer,run,2127,373864907,0,28201,9999,19999,10000,16777216,bound_hit,1249
measured,probe-memory-buffer,run,2128,373989107,0,28201,9999,19999,10000,16777216,bound_hit,1249
measured,probe-memory-buffer,run,2129,374113507,0,28201,9999,19999,10000,16777216,bound_hit,1249
measured,probe-memory-buffer,run,2130,374237807,0,28201,9999,19999,10000,16777216,bound_hit,1249
measured,probe-memory-buffer,run,2131,374370907,0,28201,9999,19999,10000,16777216,bound_hit,1249
measured,probe-memory-buffer,run,2132,374494907,0,28201,9999,19999,10000,16777216,bound_hit,1249
measured,probe-memory-buffer,run,2133,374618707,0,28201,9999,19999,10000,16777216,bound_hit,1249
measured,probe-memory-buffer,run,2134,374742607,0,28201,9999,19999,10000,16777216,bound_hit,1249
measured,probe-memory-buffer,run,2135,374863907,0,28201,9999,19999,10000,16777216,bound_hit,1249
measured,probe-memory-buffer,run,2136,374983607,0,28201,9999,19999,10000,16777216,bound_hit,1249
measured,probe-memory-buffer,run,2137,375103307,0,28201,9999,19999,10000,16777216,bound_hit,1249
measured,probe-memory-buffer,run,2138,375222907,0,28201,9999,19999,10000,16777216,bound_hit,1249
measured,probe-memory-buffer,run,2139,375343207,0,28201,9999,19999,10000,16777216,bound_hit,1249
measured,probe-memory-buffer,run,2140,375462907,0,28201,9999,19999,10000,16777216,bound_hit,1249
measured,probe-memory-buffer,run,2141,375582607,0,28201,9999,19999,10000,16777216,bound_hit,1249
measured,probe-memory-buffer,run,2142,375702707,0,28201,9999,19999,10000,16777216,bound_hit,1249
measured,probe-memory-buffer,run,2143,375822207,0,28201,9999,19999,10000,16777216,bound_hit,1249
measured,probe-memory-buffer,run,2144,375941707,0,28201,9999,19999,10000,16777216,bound_hit,1249
measured,probe-memory-buffer,run,2145,376083507,0,28201,9999,19999,10000,16777216,bound_hit,1249
measured,probe-memory-buffer,run,2146,376203307,0,28201,9999,19999,10000,16777216,bound_hit,1249
measured,probe-memory-buffer,run,2147,376322807,0,28201,9999,19999,10000,16777216,bound_hit,1249
measured,probe-memory-buffer,run,2148,376442507,0,28201,9999,19999,10000,16777216,bound_hit,1249
measured,probe-memory-buffer,run,2149,376562207,0,28201,9999,19999,10000,16777216,bound_hit,1249
measured,probe-memory-buffer,run,2150,376681807,0,28201,9999,19999,10000,16777216,bound_hit,1249
measured,probe-memory-buffer,run,2151,376802107,0,28201,9999,19999,10000,16777216,bound_hit,1249
measured,probe-memory-buffer,run,2152,376921807,0,28201,9999,19999,10000,16777216,bound_hit,1249
measured,probe-memory-buffer,run,2153,377041507,0,28201,9999,19999,10000,16777216,bound_hit,1249
measured,probe-memory-buffer,run,2154,377160807,0,28201,9999,19999,10000,16777216,bound_hit,1249
measured,probe-memory-buffer,run,2155,377280307,0,28201,9999,19999,10000,16777216,bound_hit,1249
measured,probe-memory-buffer,run,2156,377400007,0,28201,9999,19999,10000,16777216,bound_hit,1249
measured,probe-memory-buffer,run,2157,377519607,0,28201,9999,19999,10000,16777216,bound_hit,1249
measured,probe-memory-buffer,run,2158,377639207,0,28201,9999,19999,10000,16777216,bound_hit,1249
measured,probe-memory-buffer,run,2159,377758707,0,28201,9999,19999,10000,16777216,bound_hit,1249
measured,probe-memory-buffer,run,2160,377878307,0,28201,9999,19999,10000,16777216,bound_hit,1249
measured,probe-memory-buffer,run,2161,377997907,0,28201,9999,19999,10000,16777216,bound_hit,1249
measured,probe-memory-buffer,run,2162,378117307,0,28201,9999,19999,10000,16777216,bound_hit,1249
measured,probe-memory-buffer,run,2163,378236907,0,28201,9999,19999,10000,16777216,bound_hit,1249
measured,probe-memory-buffer,run,2164,378356707,0,28201,9999,19999,10000,16777216,bound_hit,1249
measured,probe-memory-buffer,run,2165,378476307,0,28201,9999,19999,10000,16777216,bound_hit,1249
measured,probe-memory-buffer,run,2166,378596007,0,28201,9999,19999,10000,16777216,bound_hit,1249
measured,probe-memory-buffer,run,2167,378715407,0,28201,9999,19999,10000,16777216,bound_hit,1249
measured,probe-memory-buffer,run,2168,378834907,0,28201,9999,19999,10000,16777216,bound_hit,1249
measured,probe-memory-buffer,run,2169,378959707,0,28201,9999,19999,10000,16777216,bound_hit,1249
measured,probe-memory-buffer,run,2170,379088307,0,28201,9999,19999,10000,16777216,bound_hit,1249
measured,probe-memory-buffer,run,2171,379221207,0,28201,9999,19999,10000,16777216,bound_hit,1249
measured,probe-memory-buffer,run,2172,379351307,0,28201,9999,19999,10000,16777216,bound_hit,1249
measured,probe-memory-buffer,run,2173,379480907,0,28201,9999,19999,10000,16777216,bound_hit,1249
measured,probe-memory-buffer,run,2174,379610807,0,28201,9999,19999,10000,16777216,bound_hit,1249
measured,probe-memory-buffer,run,2175,379734507,0,28201,9999,19999,10000,16777216,bound_hit,1249
measured,probe-memory-buffer,run,2176,379855407,0,28201,9999,19999,10000,16777216,bound_hit,1249
measured,probe-memory-buffer,run,2177,379998307,0,28201,9999,19999,10000,16777216,bound_hit,1249
measured,probe-memory-buffer,run,2178,380120607,0,28201,9999,19999,10000,16777216,bound_hit,1249
measured,probe-memory-buffer,run,2179,380241907,0,28201,9999,19999,10000,16777216,bound_hit,1249
measured,probe-memory-buffer,run,2180,380362107,0,28201,9999,19999,10000,16777216,bound_hit,1249
measured,probe-memory-buffer,run,2181,380484707,0,28201,9999,19999,10000,16777216,bound_hit,1249
measured,probe-memory-buffer,run,2182,380606207,0,28201,9999,19999,10000,16777216,bound_hit,1249
measured,probe-memory-buffer,run,2183,380726307,0,28201,9999,19999,10000,16777216,bound_hit,1249
measured,probe-memory-buffer,run,2184,380845607,0,28201,9999,19999,10000,16777216,bound_hit,1249
measured,probe-memory-buffer,run,2185,380965107,0,28201,9999,19999,10000,16777216,bound_hit,1249
measured,probe-memory-buffer,run,2186,381084407,0,28201,9999,19999,10000,16777216,bound_hit,1249
measured,probe-memory-buffer,run,2187,381203807,0,28201,9999,19999,10000,16777216,bound_hit,1249
measured,probe-memory-buffer,run,2188,381331607,0,28201,9999,19999,10000,16777216,bound_hit,1249
measured,probe-memory-buffer,run,2189,381451207,0,28201,9999,19999,10000,16777216,bound_hit,1249
measured,probe-memory-buffer,run,2190,381570707,0,28201,9999,19999,10000,16777216,bound_hit,1249
measured,probe-memory-buffer,run,2191,381689907,0,28201,9999,19999,10000,16777216,bound_hit,1249
measured,probe-memory-buffer,run,2192,381809307,0,28201,9999,19999,10000,16777216,bound_hit,1249
measured,probe-memory-buffer,run,2193,381928607,0,28201,9999,19999,10000,16777216,bound_hit,1249
measured,probe-memory-buffer,run,2194,382049207,0,28201,9999,19999,10000,16777216,bound_hit,1249
measured,probe-memory-buffer,run,2195,382168807,0,28201,9999,19999,10000,16777216,bound_hit,1249
measured,probe-memory-buffer,run,2196,382289107,0,28201,9999,19999,10000,16777216,bound_hit,1249
measured,probe-memory-buffer,run,2197,382408607,0,28201,9999,19999,10000,16777216,bound_hit,1249
measured,probe-memory-buffer,run,2198,382528007,0,28201,9999,19999,10000,16777216,bound_hit,1249
measured,probe-memory-buffer,run,2199,382648207,0,28201,9999,19999,10000,16777216,bound_hit,1249
measured,probe-memory-buffer,run,2200,382767907,0,28201,9999,19999,10000,16777216,bound_hit,1249
measured,probe-memory-buffer,run,2201,382887507,0,28201,9999,19999,10000,16777216,bound_hit,1249
measured,probe-memory-buffer,run,2202,383007007,0,28201,9999,19999,10000,16777216,bound_hit,1249
measured,probe-memory-buffer,run,2203,383126407,0,28201,9999,19999,10000,16777216,bound_hit,1249
measured,probe-memory-buffer,run,2204,383245707,0,28201,9999,19999,10000,16777216,bound_hit,1249
measured,probe-memory-buffer,run,2205,383365107,0,28201,9999,19999,10000,16777216,bound_hit,1249
measured,probe-memory-buffer,run,2206,383484507,0,28201,9999,19999,10000,16777216,bound_hit,1249
measured,probe-memory-buffer,run,2207,383603907,0,28201,9999,19999,10000,16777216,bound_hit,1249
measured,probe-memory-buffer,run,2208,383723307,0,28201,9999,19999,10000,16777216,bound_hit,1249
measured,probe-memory-buffer,run,2209,383842807,0,28201,9999,19999,10000,16777216,bound_hit,1249
measured,probe-memory-buffer,run,2210,383962407,0,28201,9999,19999,10000,16777216,bound_hit,1249
measured,probe-memory-buffer,run,2211,384072407,0,28201,9999,19999,10000,16777216,bound_hit,1249
measured,probe-memory-buffer,run,2212,384192207,0,28201,9999,19999,10000,16777216,bound_hit,1249
measured,probe-memory-buffer,run,2213,384311907,0,28201,9999,19999,10000,16777216,bound_hit,1249
measured,probe-memory-buffer,run,2214,384431407,0,28201,9999,19999,10000,16777216,bound_hit,1249
measured,probe-memory-buffer,run,2215,384550807,0,28201,9999,19999,10000,16777216,bound_hit,1249
measured,probe-memory-buffer,run,2216,384670207,0,28201,9999,19999,10000,16777216,bound_hit,1249
measured,probe-memory-buffer,run,2217,384789607,0,28201,9999,19999,10000,16777216,bound_hit,1249
measured,probe-memory-buffer,run,2218,384909207,0,28201,9999,19999,10000,16777216,bound_hit,1249
measured,probe-memory-buffer,run,2219,385028407,0,28201,9999,19999,10000,16777216,bound_hit,1249
measured,probe-memory-buffer,run,2220,385147607,0,28201,9999,19999,10000,16777216,bound_hit,1249
measured,probe-memory-buffer,run,2221,385266907,0,28201,9999,19999,10000,16777216,bound_hit,1249
measured,probe-memory-buffer,run,2222,385386407,0,28201,9999,19999,10000,16777216,bound_hit,1249
measured,probe-memory-buffer,run,2223,385505907,0,28201,9999,19999,10000,16777216,bound_hit,1249
measured,probe-memory-buffer,run,2224,385625307,0,28201,9999,19999,10000,16777216,bound_hit,1249
measured,probe-memory-buffer,run,2225,385744407,0,28201,9999,19999,10000,16777216,bound_hit,1249
measured,probe-memory-buffer,run,2226,385867307,0,28201,9999,19999,10000,16777216,bound_hit,1249
measured,probe-memory-buffer,run,2227,385995507,0,28201,9999,19999,10000,16777216,bound_hit,1249
measured,probe-memory-buffer,run,2228,386136507,0,28201,9999,19999,10000,16777216,bound_hit,1249
measured,probe-memory-buffer,run,2229,386326007,0,28201,9999,19999,10000,16777216,bound_hit,1249
measured,probe-memory-buffer,run,2230,386492607,0,28201,9999,19999,10000,16777216,bound_hit,1249
measured,probe-memory-buffer,run,2231,386618407,0,28201,9999,19999,10000,16777216,bound_hit,1249
measured,probe-memory-buffer,run,2232,386743507,0,28201,9999,19999,10000,16777216,bound_hit,1249
measured,probe-memory-buffer,run,2233,386869007,0,28201,9999,19999,10000,16777216,bound_hit,1249
measured,probe-memory-buffer,run,2234,386993807,0,28201,9999,19999,10000,16777216,bound_hit,1249
measured,probe-memory-buffer,run,2235,387118707,0,28201,9999,19999,10000,16777216,bound_hit,1249
measured,probe-memory-buffer,run,2236,387244107,0,28201,9999,19999,10000,16777216,bound_hit,1249
measured,probe-memory-buffer,run,2237,387368907,0,28201,9999,19999,10000,16777216,bound_hit,1249
measured,probe-memory-buffer,run,2238,387494007,0,28201,9999,19999,10000,16777216,bound_hit,1249
measured,probe-memory-buffer,run,2239,387643407,0,28201,9999,19999,10000,16777216,bound_hit,1249
measured,probe-memory-buffer,run,2240,387770407,0,28201,9999,19999,10000,16777216,bound_hit,1249
measured,probe-memory-buffer,run,2241,387895507,0,28201,9999,19999,10000,16777216,bound_hit,1249
measured,probe-memory-buffer,run,2242,388090007,0,28201,9999,19999,10000,16777216,bound_hit,1249
measured,probe-memory-buffer,run,2243,388258707,0,28201,9999,19999,10000,16777216,bound_hit,1249
measured,probe-memory-buffer,run,2244,388384007,0,28201,9999,19999,10000,16777216,bound_hit,1249
measured,probe-memory-buffer,run,2245,388522707,0,28201,9999,19999,10000,16777216,bound_hit,1249
measured,probe-memory-buffer,run,2246,388675607,0,28201,9999,19999,10000,16777216,bound_hit,1249
measured,probe-memory-buffer,run,2247,388795807,0,28201,9999,19999,10000,16777216,bound_hit,1249
measured,probe-memory-buffer,run,2248,388915807,0,28201,9999,19999,10000,16777216,bound_hit,1249
measured,probe-memory-buffer,run,2249,389035507,0,28201,9999,19999,10000,16777216,bound_hit,1249
measured,probe-memory-buffer,run,2250,389155107,0,28201,9999,19999,10000,16777216,bound_hit,1249
measured,probe-memory-buffer,run,2251,389274607,0,28201,9999,19999,10000,16777216,bound_hit,1249
measured,probe-memory-buffer,run,2252,389394207,0,28201,9999,19999,10000,16777216,bound_hit,1249
measured,probe-memory-buffer,run,2253,389513807,0,28201,9999,19999,10000,16777216,bound_hit,1249
measured,probe-memory-buffer,run,2254,389633607,0,28201,9999,19999,10000,16777216,bound_hit,1249
measured,probe-memory-buffer,run,2255,389753307,0,28201,9999,19999,10000,16777216,bound_hit,1249
measured,probe-memory-buffer,run,2256,389872807,0,28201,9999,19999,10000,16777216,bound_hit,1249
measured,probe-memory-buffer,run,2257,389992907,0,28201,9999,19999,10000,16777216,bound_hit,1249
measured,probe-memory-buffer,run,2258,390112707,0,28201,9999,19999,10000,16777216,bound_hit,1249
measured,probe-memory-buffer,run,2259,390232307,0,28201,9999,19999,10000,16777216,bound_hit,1249
measured,probe-memory-buffer,run,2260,390351907,0,28201,9999,19999,10000,16777216,bound_hit,1249
measured,probe-memory-buffer,run,2261,390471407,0,28201,9999,19999,10000,16777216,bound_hit,1249
measured,probe-memory-buffer,run,2262,390591207,0,28201,9999,19999,10000,16777216,bound_hit,1249
measured,probe-memory-buffer,run,2263,390710907,0,28201,9999,19999,10000,16777216,bound_hit,1249
measured,probe-memory-buffer,run,2264,390830307,0,28201,9999,19999,10000,16777216,bound_hit,1249
measured,probe-memory-buffer,run,2265,390949807,0,28201,9999,19999,10000,16777216,bound_hit,1249
measured,probe-memory-buffer,run,2266,391069407,0,28201,9999,19999,10000,16777216,bound_hit,1249
measured,probe-memory-buffer,run,2267,391189107,0,28201,9999,19999,10000,16777216,bound_hit,1249
measured,probe-memory-buffer,run,2268,391308707,0,28201,9999,19999,10000,16777216,bound_hit,1249
measured,probe-memory-buffer,run,2269,391428307,0,28201,9999,19999,10000,16777216,bound_hit,1249
measured,probe-memory-buffer,run,2270,391547807,0,28201,9999,19999,10000,16777216,bound_hit,1249
measured,probe-memory-buffer,run,2271,391667507,0,28201,9999,19999,10000,16777216,bound_hit,1249
measured,probe-memory-buffer,run,2272,391787107,0,28201,9999,19999,10000,16777216,bound_hit,1249
measured,probe-memory-buffer,run,2273,391906507,0,28201,9999,19999,10000,16777216,bound_hit,1249
measured,probe-memory-buffer,run,2274,392026007,0,28201,9999,19999,10000,16777216,bound_hit,1249
measured,probe-memory-buffer,run,2275,392147507,0,28201,9999,19999,10000,16777216,bound_hit,1249
measured,probe-memory-buffer,run,2276,392267107,0,28201,9999,19999,10000,16777216,bound_hit,1249
measured,probe-memory-buffer,run,2277,392386707,0,28201,9999,19999,10000,16777216,bound_hit,1249
measured,probe-memory-buffer,run,2278,392506407,0,28201,9999,19999,10000,16777216,bound_hit,1249
measured,probe-memory-buffer,run,2279,392625907,0,28201,9999,19999,10000,16777216,bound_hit,1249
measured,probe-memory-buffer,run,2280,392745407,0,28201,9999,19999,10000,16777216,bound_hit,1249
measured,probe-memory-buffer,run,2281,392866407,0,28201,9999,19999,10000,16777216,bound_hit,1249
measured,probe-memory-buffer,run,2282,393006707,0,28201,9999,19999,10000,16777216,bound_hit,1249
measured,probe-memory-buffer,run,2283,393137307,0,28201,9999,19999,10000,16777216,bound_hit,1249
measured,probe-memory-buffer,run,2284,393284907,0,28201,9999,19999,10000,16777216,bound_hit,1249
measured,probe-memory-buffer,run,2285,393429107,0,28201,9999,19999,10000,16777216,bound_hit,1249
measured,probe-memory-buffer,run,2286,393565007,0,28201,9999,19999,10000,16777216,bound_hit,1249
measured,probe-memory-buffer,run,2287,393699207,0,28201,9999,19999,10000,16777216,bound_hit,1249
measured,probe-memory-buffer,run,2288,393833507,0,28201,9999,19999,10000,16777216,bound_hit,1249
measured,probe-memory-buffer,run,2289,393962307,0,28201,9999,19999,10000,16777216,bound_hit,1249
measured,probe-memory-buffer,run,2290,394088607,0,28201,9999,19999,10000,16777216,bound_hit,1249
measured,probe-memory-buffer,run,2291,394273107,0,28201,9999,19999,10000,16777216,bound_hit,1249
measured,probe-memory-buffer,run,2292,394397007,0,28201,9999,19999,10000,16777216,bound_hit,1249
measured,probe-memory-buffer,run,2293,394518207,0,28201,9999,19999,10000,16777216,bound_hit,1249
measured,probe-memory-buffer,run,2294,394638907,0,28201,9999,19999,10000,16777216,bound_hit,1249
measured,probe-memory-buffer,run,2295,394759107,0,28201,9999,19999,10000,16777216,bound_hit,1249
measured,probe-memory-buffer,run,2296,394879107,0,28201,9999,19999,10000,16777216,bound_hit,1249
measured,probe-memory-buffer,run,2297,394999407,0,28201,9999,19999,10000,16777216,bound_hit,1249
measured,probe-memory-buffer,run,2298,395119407,0,28201,9999,19999,10000,16777216,bound_hit,1249
measured,probe-memory-buffer,run,2299,395239407,0,28201,9999,19999,10000,16777216,bound_hit,1249
measured,probe-memory-buffer,run,2300,395359407,0,28201,9999,19999,10000,16777216,bound_hit,1249
measured,probe-memory-buffer,run,2301,395488007,0,28201,9999,19999,10000,16777216,bound_hit,1249
measured,probe-memory-buffer,run,2302,395608407,0,28201,9999,19999,10000,16777216,bound_hit,1249
measured,probe-memory-buffer,run,2303,395728507,0,28201,9999,19999,10000,16777216,bound_hit,1249
measured,probe-memory-buffer,run,2304,395848607,0,28201,9999,19999,10000,16777216,bound_hit,1249
measured,probe-memory-buffer,run,2305,395969007,0,28201,9999,19999,10000,16777216,bound_hit,1249
measured,probe-memory-buffer,run,2306,396088407,0,28201,9999,19999,10000,16777216,bound_hit,1249
measured,probe-memory-buffer,run,2307,396208407,0,28201,9999,19999,10000,16777216,bound_hit,1249
measured,probe-memory-buffer,run,2308,396328607,0,28201,9999,19999,10000,16777216,bound_hit,1249
measured,probe-memory-buffer,run,2309,396448707,0,28201,9999,19999,10000,16777216,bound_hit,1249
measured,probe-memory-buffer,run,2310,396569207,0,28201,9999,19999,10000,16777216,bound_hit,1249
measured,probe-memory-buffer,run,2311,396689107,0,28201,9999,19999,10000,16777216,bound_hit,1249
measured,probe-memory-buffer,run,2312,396809007,0,28201,9999,19999,10000,16777216,bound_hit,1249
measured,probe-memory-buffer,run,2313,396929107,0,28201,9999,19999,10000,16777216,bound_hit,1249
measured,probe-memory-buffer,run,2314,397049307,0,28201,9999,19999,10000,16777216,bound_hit,1249
measured,probe-memory-buffer,run,2315,397169307,0,28201,9999,19999,10000,16777216,bound_hit,1249
measured,probe-memory-buffer,run,2316,397290107,0,28201,9999,19999,10000,16777216,bound_hit,1249
measured,probe-memory-buffer,run,2317,397410307,0,28201,9999,19999,10000,16777216,bound_hit,1249
measured,probe-memory-buffer,run,2318,397530507,0,28201,9999,19999,10000,16777216,bound_hit,1249
measured,probe-memory-buffer,run,2319,397650407,0,28201,9999,19999,10000,16777216,bound_hit,1249
measured,probe-memory-buffer,run,2320,397770207,0,28201,9999,19999,10000,16777216,bound_hit,1249
measured,probe-memory-buffer,run,2321,397890007,0,28201,9999,19999,10000,16777216,bound_hit,1249
measured,probe-memory-buffer,run,2322,398009807,0,28201,9999,19999,10000,16777216,bound_hit,1249
measured,probe-memory-buffer,run,2323,398130007,0,28201,9999,19999,10000,16777216,bound_hit,1249
measured,probe-memory-buffer,run,2324,398250007,0,28201,9999,19999,10000,16777216,bound_hit,1249
measured,probe-memory-buffer,run,2325,398370007,0,28201,9999,19999,10000,16777216,bound_hit,1249
measured,probe-memory-buffer,run,2326,398489807,0,28201,9999,19999,10000,16777216,bound_hit,1249
measured,probe-memory-buffer,run,2327,398609807,0,28201,9999,19999,10000,16777216,bound_hit,1249
measured,probe-memory-buffer,run,2328,398729807,0,28201,9999,19999,10000,16777216,bound_hit,1249
measured,probe-memory-buffer,run,2329,398850107,0,28201,9999,19999,10000,16777216,bound_hit,1249
measured,probe-memory-buffer,run,2330,398969907,0,28201,9999,19999,10000,16777216,bound_hit,1249
measured,probe-memory-buffer,run,2331,399089807,0,28201,9999,19999,10000,16777216,bound_hit,1249
measured,probe-memory-buffer,run,2332,399209707,0,28201,9999,19999,10000,16777216,bound_hit,1249
measured,probe-memory-buffer,run,2333,399329607,0,28201,9999,19999,10000,16777216,bound_hit,1249
measured,probe-memory-buffer,run,2334,399449707,0,28201,9999,19999,10000,16777216,bound_hit,1249
measured,probe-memory-buffer,run,2335,399569807,0,28201,9999,19999,10000,16777216,bound_hit,1249
measured,probe-memory-buffer,run,2336,399689707,0,28201,9999,19999,10000,16777216,bound_hit,1249
measured,probe-memory-buffer,run,2337,399818407,0,28201,9999,19999,10000,16777216,bound_hit,1249
measured,probe-memory-buffer,run,2338,399948207,0,28201,9999,19999,10000,16777216,bound_hit,1249
measured,probe-memory-buffer,run,2339,400081907,0,28201,9999,19999,10000,16777216,bound_hit,1249
measured,probe-memory-buffer,run,2340,400215007,0,28201,9999,19999,10000,16777216,bound_hit,1249
measured,probe-memory-buffer,run,2341,400337707,0,28201,9999,19999,10000,16777216,bound_hit,1249
measured,probe-memory-buffer,run,2342,400459007,0,28201,9999,19999,10000,16777216,bound_hit,1249
measured,probe-memory-buffer,run,2343,400580307,0,28201,9999,19999,10000,16777216,bound_hit,1249
measured,probe-memory-buffer,run,2344,400700707,0,28201,9999,19999,10000,16777216,bound_hit,1249
measured,probe-memory-buffer,run,2345,400821307,0,28201,9999,19999,10000,16777216,bound_hit,1249
measured,probe-memory-buffer,run,2346,400941207,0,28201,9999,19999,10000,16777216,bound_hit,1249
measured,probe-memory-buffer,run,2347,401061207,0,28201,9999,19999,10000,16777216,bound_hit,1249
measured,probe-memory-buffer,run,2348,401182507,0,28201,9999,19999,10000,16777216,bound_hit,1249
measured,probe-memory-buffer,run,2349,401303207,0,28201,9999,19999,10000,16777216,bound_hit,1249
measured,probe-memory-buffer,run,2350,401478007,0,28201,9999,19999,10000,16777216,bound_hit,1249
measured,probe-memory-buffer,run,2351,401608707,0,28201,9999,19999,10000,16777216,bound_hit,1249
measured,probe-memory-buffer,run,2352,401733907,0,28201,9999,19999,10000,16777216,bound_hit,1249
measured,probe-memory-buffer,run,2353,401858407,0,28201,9999,19999,10000,16777216,bound_hit,1249
measured,probe-memory-buffer,run,2354,401982707,0,28201,9999,19999,10000,16777216,bound_hit,1249
measured,probe-memory-buffer,run,2355,402110607,0,28201,9999,19999,10000,16777216,bound_hit,1249
measured,probe-memory-buffer,run,2356,402255907,0,28201,9999,19999,10000,16777216,bound_hit,1249
measured,probe-memory-buffer,run,2357,402380607,0,28201,9999,19999,10000,16777216,bound_hit,1249
measured,probe-memory-buffer,run,2358,402513007,0,28201,9999,19999,10000,16777216,bound_hit,1249
measured,probe-memory-buffer,run,2359,402637207,0,28201,9999,19999,10000,16777216,bound_hit,1249
measured,probe-memory-buffer,run,2360,402761507,0,28201,9999,19999,10000,16777216,bound_hit,1249
measured,probe-memory-buffer,run,2361,402885307,0,28201,9999,19999,10000,16777216,bound_hit,1249
measured,probe-memory-buffer,run,2362,403009207,0,28201,9999,19999,10000,16777216,bound_hit,1249
measured,probe-memory-buffer,run,2363,403133507,0,28201,9999,19999,10000,16777216,bound_hit,1249
measured,probe-memory-buffer,run,2364,403257707,0,28201,9999,19999,10000,16777216,bound_hit,1249
measured,probe-memory-buffer,run,2365,403381707,0,28201,9999,19999,10000,16777216,bound_hit,1249
measured,probe-memory-buffer,run,2366,403505707,0,28201,9999,19999,10000,16777216,bound_hit,1249
measured,probe-memory-buffer,run,2367,403629707,0,28201,9999,19999,10000,16777216,bound_hit,1249
measured,probe-memory-buffer,run,2368,403750607,0,28201,9999,19999,10000,16777216,bound_hit,1249
measured,probe-memory-buffer,run,2369,403870007,0,28201,9999,19999,10000,16777216,bound_hit,1249
measured,probe-memory-buffer,run,2370,403989307,0,28201,9999,19999,10000,16777216,bound_hit,1249
measured,probe-memory-buffer,run,2371,404111707,0,28201,9999,19999,10000,16777216,bound_hit,1249
measured,probe-memory-buffer,run,2372,404231307,0,28201,9999,19999,10000,16777216,bound_hit,1249
measured,probe-memory-buffer,run,2373,404350807,0,28201,9999,19999,10000,16777216,bound_hit,1249
measured,probe-memory-buffer,run,2374,404472207,0,28201,9999,19999,10000,16777216,bound_hit,1249
measured,probe-memory-buffer,run,2375,404590807,0,28201,9999,19999,10000,16777216,bound_hit,1249
measured,probe-memory-buffer,run,2376,404709507,0,28201,9999,19999,10000,16777216,bound_hit,1249
measured,probe-memory-buffer,run,2377,404828107,0,28201,9999,19999,10000,16777216,bound_hit,1249
measured,probe-memory-buffer,run,2378,404946907,0,28201,9999,19999,10000,16777216,bound_hit,1249
measured,probe-memory-buffer,run,2379,405065507,0,28201,9999,19999,10000,16777216,bound_hit,1249
measured,probe-memory-buffer,run,2380,405185607,0,28201,9999,19999,10000,16777216,bound_hit,1249
measured,probe-memory-buffer,run,2381,405304307,0,28201,9999,19999,10000,16777216,bound_hit,1249
measured,probe-memory-buffer,run,2382,405422807,0,28201,9999,19999,10000,16777216,bound_hit,1249
measured,probe-memory-buffer,run,2383,405541207,0,28201,9999,19999,10000,16777216,bound_hit,1249
measured,probe-memory-buffer,run,2384,405660007,0,28201,9999,19999,10000,16777216,bound_hit,1249
measured,probe-memory-buffer,run,2385,405778607,0,28201,9999,19999,10000,16777216,bound_hit,1249
measured,probe-memory-buffer,run,2386,405897107,0,28201,9999,19999,10000,16777216,bound_hit,1249
measured,probe-memory-buffer,run,2387,406015507,0,28201,9999,19999,10000,16777216,bound_hit,1249
measured,probe-memory-buffer,run,2388,406134007,0,28201,9999,19999,10000,16777216,bound_hit,1249
measured,probe-memory-buffer,run,2389,406252507,0,28201,9999,19999,10000,16777216,bound_hit,1249
measured,probe-memory-buffer,run,2390,406371107,0,28201,9999,19999,10000,16777216,bound_hit,1249
measured,probe-memory-buffer,run,2391,406489807,0,28201,9999,19999,10000,16777216,bound_hit,1249
measured,probe-memory-buffer,run,2392,406608507,0,28201,9999,19999,10000,16777216,bound_hit,1249
measured,probe-memory-buffer,run,2393,406761107,0,28201,9999,19999,10000,16777216,bound_hit,1249
measured,probe-memory-buffer,run,2394,406887307,0,28201,9999,19999,10000,16777216,bound_hit,1249
measured,probe-memory-buffer,run,2395,407010407,0,28201,9999,19999,10000,16777216,bound_hit,1249
measured,probe-memory-buffer,run,2396,407131507,0,28201,9999,19999,10000,16777216,bound_hit,1249
measured,probe-memory-buffer,run,2397,407252107,0,28201,9999,19999,10000,16777216,bound_hit,1249
measured,probe-memory-buffer,run,2398,407401007,0,28201,9999,19999,10000,16777216,bound_hit,1249
measured,probe-memory-buffer,run,2399,407531707,0,28201,9999,19999,10000,16777216,bound_hit,1249
measured,probe-memory-buffer,run,2400,407656607,0,28201,9999,19999,10000,16777216,bound_hit,1249
measured,probe-memory-buffer,run,2401,407777707,0,28201,9999,19999,10000,16777216,bound_hit,1249
measured,probe-memory-buffer,run,2402,407899107,0,28201,9999,19999,10000,16777216,bound_hit,1249
measured,probe-memory-buffer,run,2403,408020207,0,28201,9999,19999,10000,16777216,bound_hit,1249
measured,probe-memory-buffer,run,2404,408166407,0,28201,9999,19999,10000,16777216,bound_hit,1249
measured,probe-memory-buffer,run,2405,408286507,0,28201,9999,19999,10000,16777216,bound_hit,1249
measured,probe-memory-buffer,run,2406,408426807,0,28201,9999,19999,10000,16777216,bound_hit,1249
measured,probe-memory-buffer,run,2407,408546907,0,28201,9999,19999,10000,16777216,bound_hit,1249
measured,probe-memory-buffer,run,2408,408666807,0,28201,9999,19999,10000,16777216,bound_hit,1249
measured,probe-memory-buffer,run,2409,408786507,0,28201,9999,19999,10000,16777216,bound_hit,1249
measured,probe-memory-buffer,run,2410,408906307,0,28201,9999,19999,10000,16777216,bound_hit,1249
measured,probe-memory-buffer,run,2411,409026207,0,28201,9999,19999,10000,16777216,bound_hit,1249
measured,probe-memory-buffer,run,2412,409145907,0,28201,9999,19999,10000,16777216,bound_hit,1249
measured,probe-memory-buffer,run,2413,409265607,0,28201,9999,19999,10000,16777216,bound_hit,1249
measured,probe-memory-buffer,run,2414,409385507,0,28201,9999,19999,10000,16777216,bound_hit,1249
measured,probe-memory-buffer,run,2415,409513707,0,28201,9999,19999,10000,16777216,bound_hit,1249
measured,probe-memory-buffer,run,2416,409633507,0,28201,9999,19999,10000,16777216,bound_hit,1249
measured,probe-memory-buffer,run,2417,409753407,0,28201,9999,19999,10000,16777216,bound_hit,1249
measured,probe-memory-buffer,run,2418,409873007,0,28201,9999,19999,10000,16777216,bound_hit,1249
measured,probe-memory-buffer,run,2419,409992907,0,28201,9999,19999,10000,16777216,bound_hit,1249
measured,probe-memory-buffer,run,2420,410113207,0,28201,9999,19999,10000,16777216,bound_hit,1249
measured,probe-memory-buffer,run,2421,410232807,0,28201,9999,19999,10000,16777216,bound_hit,1249
measured,probe-memory-buffer,run,2422,410352507,0,28201,9999,19999,10000,16777216,bound_hit,1249
measured,probe-memory-buffer,run,2423,410472207,0,28201,9999,19999,10000,16777216,bound_hit,1249
measured,probe-memory-buffer,run,2424,410592107,0,28201,9999,19999,10000,16777216,bound_hit,1249
measured,probe-memory-buffer,run,2425,410712007,0,28201,9999,19999,10000,16777216,bound_hit,1249
measured,probe-memory-buffer,run,2426,410831907,0,28201,9999,19999,10000,16777216,bound_hit,1249
measured,probe-memory-buffer,run,2427,410951707,0,28201,9999,19999,10000,16777216,bound_hit,1249
measured,probe-memory-buffer,run,2428,411071607,0,28201,9999,19999,10000,16777216,bound_hit,1249
measured,probe-memory-buffer,run,2429,411191407,0,28201,9999,19999,10000,16777216,bound_hit,1249
measured,probe-memory-buffer,run,2430,411311507,0,28201,9999,19999,10000,16777216,bound_hit,1249
measured,probe-memory-buffer,run,2431,411431207,0,28201,9999,19999,10000,16777216,bound_hit,1249
measured,probe-memory-buffer,run,2432,411551207,0,28201,9999,19999,10000,16777216,bound_hit,1249
measured,probe-memory-buffer,run,2433,411671207,0,28201,9999,19999,10000,16777216,bound_hit,1249
measured,probe-memory-buffer,run,2434,411791107,0,28201,9999,19999,10000,16777216,bound_hit,1249
measured,probe-memory-buffer,run,2435,411910907,0,28201,9999,19999,10000,16777216,bound_hit,1249
measured,probe-memory-buffer,run,2436,412031107,0,28201,9999,19999,10000,16777216,bound_hit,1249
measured,probe-memory-buffer,run,2437,412152607,0,28201,9999,19999,10000,16777216,bound_hit,1249
measured,probe-memory-buffer,run,2438,412272907,0,28201,9999,19999,10000,16777216,bound_hit,1249
measured,probe-memory-buffer,run,2439,412392707,0,28201,9999,19999,10000,16777216,bound_hit,1249
measured,probe-memory-buffer,run,2440,412512407,0,28201,9999,19999,10000,16777216,bound_hit,1249
measured,probe-memory-buffer,run,2441,412632207,0,28201,9999,19999,10000,16777216,bound_hit,1249
measured,probe-memory-buffer,run,2442,412752107,0,28201,9999,19999,10000,16777216,bound_hit,1249
measured,probe-memory-buffer,run,2443,412872007,0,28201,9999,19999,10000,16777216,bound_hit,1249
measured,probe-memory-buffer,run,2444,412991807,0,28201,9999,19999,10000,16777216,bound_hit,1249
measured,probe-memory-buffer,run,2445,413111907,0,28201,9999,19999,10000,16777216,bound_hit,1249
measured,probe-memory-buffer,run,2446,413231807,0,28201,9999,19999,10000,16777216,bound_hit,1249
measured,probe-memory-buffer,run,2447,413351607,0,28201,9999,19999,10000,16777216,bound_hit,1249
measured,probe-memory-buffer,run,2448,413471207,0,28201,9999,19999,10000,16777216,bound_hit,1249
measured,probe-memory-buffer,run,2449,413591107,0,28201,9999,19999,10000,16777216,bound_hit,1249
measured,probe-memory-buffer,run,2450,413718307,0,28201,9999,19999,10000,16777216,bound_hit,1249
measured,probe-memory-buffer,run,2451,413845007,0,28201,9999,19999,10000,16777216,bound_hit,1249
measured,probe-memory-buffer,run,2452,413974407,0,28201,9999,19999,10000,16777216,bound_hit,1249
measured,probe-memory-buffer,run,2453,414106107,0,28201,9999,19999,10000,16777216,bound_hit,1249
measured,probe-memory-buffer,run,2454,414237708,0,28201,9999,19999,10000,16777216,bound_hit,1249
measured,probe-memory-buffer,run,2455,414368808,0,28201,9999,19999,10000,16777216,bound_hit,1249
measured,probe-memory-buffer,run,2456,414545208,0,28201,9999,19999,10000,16777216,bound_hit,1249
measured,probe-memory-buffer,run,2457,414673808,0,28201,9999,19999,10000,16777216,bound_hit,1249
measured,probe-memory-buffer,run,2458,414797108,0,28201,9999,19999,10000,16777216,bound_hit,1249
measured,probe-memory-buffer,run,2459,414918708,0,28201,9999,19999,10000,16777216,bound_hit,1249
measured,probe-memory-buffer,run,2460,415054908,0,28201,9999,19999,10000,16777216,bound_hit,1249
measured,probe-memory-buffer,run,2461,415175308,0,28201,9999,19999,10000,16777216,bound_hit,1249
measured,probe-memory-buffer,run,2462,415369008,0,28201,9999,19999,10000,16777216,bound_hit,1249
measured,probe-memory-buffer,run,2463,415498708,0,28201,9999,19999,10000,16777216,bound_hit,1249
measured,probe-memory-buffer,run,2464,415625108,0,28201,9999,19999,10000,16777216,bound_hit,1249
measured,probe-memory-buffer,run,2465,415751808,0,28201,9999,19999,10000,16777216,bound_hit,1249
measured,probe-memory-buffer,run,2466,415877908,0,28201,9999,19999,10000,16777216,bound_hit,1249
measured,probe-memory-buffer,run,2467,416004008,0,28201,9999,19999,10000,16777216,bound_hit,1249
measured,probe-memory-buffer,run,2468,416130508,0,28201,9999,19999,10000,16777216,bound_hit,1249
measured,probe-memory-buffer,run,2469,416257208,0,28201,9999,19999,10000,16777216,bound_hit,1249
measured,probe-memory-buffer,run,2470,416383308,0,28201,9999,19999,10000,16777216,bound_hit,1249
measured,probe-memory-buffer,run,2471,416509408,0,28201,9999,19999,10000,16777216,bound_hit,1249
measured,probe-memory-buffer,run,2472,416642508,0,28201,9999,19999,10000,16777216,bound_hit,1249
measured,probe-memory-buffer,run,2473,416768708,0,28201,9999,19999,10000,16777216,bound_hit,1249
measured,probe-memory-buffer,run,2474,416894508,0,28201,9999,19999,10000,16777216,bound_hit,1249
measured,probe-memory-buffer,run,2475,417020408,0,28201,9999,19999,10000,16777216,bound_hit,1249
measured,probe-memory-buffer,run,2476,417146408,0,28201,9999,19999,10000,16777216,bound_hit,1249
measured,probe-memory-buffer,run,2477,417272408,0,28201,9999,19999,10000,16777216,bound_hit,1249
measured,probe-memory-buffer,run,2478,417398508,0,28201,9999,19999,10000,16777216,bound_hit,1249
measured,probe-memory-buffer,run,2479,417524608,0,28201,9999,19999,10000,16777216,bound_hit,1249
measured,probe-memory-buffer,run,2480,417650508,0,28201,9999,19999,10000,16777216,bound_hit,1249
measured,probe-memory-buffer,run,2481,417776808,0,28201,9999,19999,10000,16777216,bound_hit,1249
measured,probe-memory-buffer,run,2482,417899408,0,28201,9999,19999,10000,16777216,bound_hit,1249
measured,probe-memory-buffer,run,2483,418020608,0,28201,9999,19999,10000,16777216,bound_hit,1249
measured,probe-memory-buffer,run,2484,418141408,0,28201,9999,19999,10000,16777216,bound_hit,1249
measured,probe-memory-buffer,run,2485,418262108,0,28201,9999,19999,10000,16777216,bound_hit,1249
measured,probe-memory-buffer,run,2486,418383008,0,28201,9999,19999,10000,16777216,bound_hit,1249
measured,probe-memory-buffer,run,2487,418503808,0,28201,9999,19999,10000,16777216,bound_hit,1249
measured,probe-memory-buffer,run,2488,418640008,0,28201,9999,19999,10000,16777216,bound_hit,1249
measured,probe-memory-buffer,run,2489,418760008,0,28201,9999,19999,10000,16777216,bound_hit,1249
measured,probe-memory-buffer,run,2490,418880008,0,28201,9999,19999,10000,16777216,bound_hit,1249
measured,probe-memory-buffer,run,2491,419000308,0,28201,9999,19999,10000,16777216,bound_hit,1249
measured,probe-memory-buffer,run,2492,419120408,0,28201,9999,19999,10000,16777216,bound_hit,1249
measured,probe-memory-buffer,run,2493,419240708,0,28201,9999,19999,10000,16777216,bound_hit,1249
measured,probe-memory-buffer,run,2494,419361108,0,28201,9999,19999,10000,16777216,bound_hit,1249
measured,probe-memory-buffer,run,2495,419481408,0,28201,9999,19999,10000,16777216,bound_hit,1249
measured,probe-memory-buffer,run,2496,419601508,0,28201,9999,19999,10000,16777216,bound_hit,1249
measured,probe-memory-buffer,run,2497,419721608,0,28201,9999,19999,10000,16777216,bound_hit,1249
measured,probe-memory-buffer,run,2498,419841908,0,28201,9999,19999,10000,16777216,bound_hit,1249
measured,probe-memory-buffer,run,2499,419962008,0,28201,9999,19999,10000,16777216,bound_hit,1249
measured,probe-memory-buffer,run,2500,420073408,0,28201,9999,19999,10000,16777216,bound_hit,1249
measured,probe-memory-buffer,run,2501,420194008,0,28201,9999,19999,10000,16777216,bound_hit,1249
measured,probe-memory-buffer,run,2502,420314408,0,28201,9999,19999,10000,16777216,bound_hit,1249
measured,probe-memory-buffer,run,2503,420434508,0,28201,9999,19999,10000,16777216,bound_hit,1249
measured,probe-memory-buffer,run,2504,420554708,0,28201,9999,19999,10000,16777216,bound_hit,1249
measured,probe-memory-buffer,run,2505,420675008,0,28201,9999,19999,10000,16777216,bound_hit,1249
measured,probe-memory-buffer,run,2506,420795308,0,28201,9999,19999,10000,16777216,bound_hit,1249
measured,probe-memory-buffer,run,2507,420915808,0,28201,9999,19999,10000,16777216,bound_hit,1249
measured,probe-memory-buffer,run,2508,421036008,0,28201,9999,19999,10000,16777216,bound_hit,1249
measured,probe-memory-buffer,run,2509,421170108,0,28201,9999,19999,10000,16777216,bound_hit,1249
measured,probe-memory-buffer,run,2510,421316808,0,28201,9999,19999,10000,16777216,bound_hit,1249
measured,probe-memory-buffer,run,2511,421448008,0,28201,9999,19999,10000,16777216,bound_hit,1249
measured,probe-memory-buffer,run,2512,421568408,0,28201,9999,19999,10000,16777216,bound_hit,1249
measured,probe-memory-buffer,run,2513,421687908,0,28201,9999,19999,10000,16777216,bound_hit,1249
measured,probe-memory-buffer,run,2514,421807408,0,28201,9999,19999,10000,16777216,bound_hit,1249
measured,probe-memory-buffer,run,2515,421927208,0,28201,9999,19999,10000,16777216,bound_hit,1249
measured,probe-memory-buffer,run,2516,422046808,0,28201,9999,19999,10000,16777216,bound_hit,1249
measured,probe-memory-buffer,run,2517,422166208,0,28201,9999,19999,10000,16777216,bound_hit,1249
measured,probe-memory-buffer,run,2518,422285808,0,28201,9999,19999,10000,16777216,bound_hit,1249
measured,probe-memory-buffer,run,2519,422405208,0,28201,9999,19999,10000,16777216,bound_hit,1249
measured,probe-memory-buffer,run,2520,422577108,0,28201,9999,19999,10000,16777216,bound_hit,1249
measured,probe-memory-buffer,run,2521,422709308,0,28201,9999,19999,10000,16777216,bound_hit,1249
measured,probe-memory-buffer,run,2522,422834708,0,28201,9999,19999,10000,16777216,bound_hit,1249
measured,probe-memory-buffer,run,2523,422959008,0,28201,9999,19999,10000,16777216,bound_hit,1249
measured,probe-memory-buffer,run,2524,423084408,0,28201,9999,19999,10000,16777216,bound_hit,1249
measured,probe-memory-buffer,run,2525,423208808,0,28201,9999,19999,10000,16777216,bound_hit,1249
measured,probe-memory-buffer,run,2526,423337608,0,28201,9999,19999,10000,16777216,bound_hit,1249
measured,probe-memory-buffer,run,2527,423477908,0,28201,9999,19999,10000,16777216,bound_hit,1249
measured,probe-memory-buffer,run,2528,423602608,0,28201,9999,19999,10000,16777216,bound_hit,1249
measured,probe-memory-buffer,run,2529,423735008,0,28201,9999,19999,10000,16777216,bound_hit,1249
measured,probe-memory-buffer,run,2530,423856308,0,28201,9999,19999,10000,16777216,bound_hit,1249
measured,probe-memory-buffer,run,2531,423976008,0,28201,9999,19999,10000,16777216,bound_hit,1249
measured,probe-memory-buffer,run,2532,424098108,0,28201,9999,19999,10000,16777216,bound_hit,1249
measured,probe-memory-buffer,run,2533,424217608,0,28201,9999,19999,10000,16777216,bound_hit,1249
measured,probe-memory-buffer,run,2534,424336808,0,28201,9999,19999,10000,16777216,bound_hit,1249
measured,probe-memory-buffer,run,2535,424456108,0,28201,9999,19999,10000,16777216,bound_hit,1249
measured,probe-memory-buffer,run,2536,424575608,0,28201,9999,19999,10000,16777216,bound_hit,1249
measured,probe-memory-buffer,run,2537,424694908,0,28201,9999,19999,10000,16777216,bound_hit,1249
measured,probe-memory-buffer,run,2538,424814108,0,28201,9999,19999,10000,16777216,bound_hit,1249
measured,probe-memory-buffer,run,2539,424933308,0,28201,9999,19999,10000,16777216,bound_hit,1249
measured,probe-memory-buffer,run,2540,425052708,0,28201,9999,19999,10000,16777216,bound_hit,1249
measured,probe-memory-buffer,run,2541,425172108,0,28201,9999,19999,10000,16777216,bound_hit,1249
measured,probe-memory-buffer,run,2542,425291408,0,28201,9999,19999,10000,16777216,bound_hit,1249
measured,probe-memory-buffer,run,2543,425410608,0,28201,9999,19999,10000,16777216,bound_hit,1249
measured,probe-memory-buffer,run,2544,425530008,0,28201,9999,19999,10000,16777216,bound_hit,1249
measured,probe-memory-buffer,run,2545,425649508,0,28201,9999,19999,10000,16777216,bound_hit,1249
measured,probe-memory-buffer,run,2546,425769008,0,28201,9999,19999,10000,16777216,bound_hit,1249
measured,probe-memory-buffer,run,2547,425888208,0,28201,9999,19999,10000,16777216,bound_hit,1249
measured,probe-memory-buffer,run,2548,426007508,0,28201,9999,19999,10000,16777216,bound_hit,1249
measured,probe-memory-buffer,run,2549,426126808,0,28201,9999,19999,10000,16777216,bound_hit,1249
measured,probe-memory-buffer,run,2550,426246108,0,28201,9999,19999,10000,16777216,bound_hit,1249
measured,probe-memory-buffer,run,2551,426365608,0,28201,9999,19999,10000,16777216,bound_hit,1249
measured,probe-memory-buffer,run,2552,426484808,0,28201,9999,19999,10000,16777216,bound_hit,1249
measured,probe-memory-buffer,run,2553,426604808,0,28201,9999,19999,10000,16777216,bound_hit,1249
measured,probe-memory-buffer,run,2554,426724208,0,28201,9999,19999,10000,16777216,bound_hit,1249
measured,probe-memory-buffer,run,2555,426843608,0,28201,9999,19999,10000,16777216,bound_hit,1249
measured,probe-memory-buffer,run,2556,426962908,0,28201,9999,19999,10000,16777216,bound_hit,1249
measured,probe-memory-buffer,run,2557,427082208,0,28201,9999,19999,10000,16777216,bound_hit,1249
measured,probe-memory-buffer,run,2558,427202308,0,28201,9999,19999,10000,16777216,bound_hit,1249
measured,probe-memory-buffer,run,2559,427321808,0,28201,9999,19999,10000,16777216,bound_hit,1249
measured,probe-memory-buffer,run,2560,427441008,0,28201,9999,19999,10000,16777216,bound_hit,1249
measured,probe-memory-buffer,run,2561,427617308,0,28201,9999,19999,10000,16777216,bound_hit,1249
measured,probe-memory-buffer,run,2562,427785308,0,28201,9999,19999,10000,16777216,bound_hit,1249
measured,probe-memory-buffer,run,2563,427930608,0,28201,9999,19999,10000,16777216,bound_hit,1249
measured,probe-memory-buffer,run,2564,428154608,0,28201,9999,19999,10000,16777216,bound_hit,1249
measured,probe-memory-buffer,run,2565,428282808,0,28201,9999,19999,10000,16777216,bound_hit,1249
measured,probe-memory-buffer,run,2566,428410308,0,28201,9999,19999,10000,16777216,bound_hit,1249
measured,probe-memory-buffer,run,2567,428534808,0,28201,9999,19999,10000,16777216,bound_hit,1249
measured,probe-memory-buffer,run,2568,428660408,0,28201,9999,19999,10000,16777216,bound_hit,1249
measured,probe-memory-buffer,run,2569,428785408,0,28201,9999,19999,10000,16777216,bound_hit,1249
measured,probe-memory-buffer,run,2570,428910708,0,28201,9999,19999,10000,16777216,bound_hit,1249
measured,probe-memory-buffer,run,2571,429033808,0,28201,9999,19999,10000,16777216,bound_hit,1249
measured,probe-memory-buffer,run,2572,429156008,0,28201,9999,19999,10000,16777216,bound_hit,1249
measured,probe-memory-buffer,run,2573,429284408,0,28201,9999,19999,10000,16777216,bound_hit,1249
measured,probe-memory-buffer,run,2574,429411108,0,28201,9999,19999,10000,16777216,bound_hit,1249
measured,probe-memory-buffer,run,2575,429533108,0,28201,9999,19999,10000,16777216,bound_hit,1249
measured,probe-memory-buffer,run,2576,429654908,0,28201,9999,19999,10000,16777216,bound_hit,1249
measured,probe-memory-buffer,run,2577,429775808,0,28201,9999,19999,10000,16777216,bound_hit,1249
measured,probe-memory-buffer,run,2578,429901008,0,28201,9999,19999,10000,16777216,bound_hit,1249
measured,probe-memory-buffer,run,2579,430030808,0,28201,9999,19999,10000,16777216,bound_hit,1249
measured,probe-memory-buffer,run,2580,430157008,0,28201,9999,19999,10000,16777216,bound_hit,1249
measured,probe-memory-buffer,run,2581,430279208,0,28201,9999,19999,10000,16777216,bound_hit,1249
measured,probe-memory-buffer,run,2582,430399708,0,28201,9999,19999,10000,16777216,bound_hit,1249
measured,probe-memory-buffer,run,2583,430520108,0,28201,9999,19999,10000,16777216,bound_hit,1249
measured,probe-memory-buffer,run,2584,430647908,0,28201,9999,19999,10000,16777216,bound_hit,1249
measured,probe-memory-buffer,run,2585,430771708,0,28201,9999,19999,10000,16777216,bound_hit,1249
measured,probe-memory-buffer,run,2586,430902508,0,28201,9999,19999,10000,16777216,bound_hit,1249
measured,probe-memory-buffer,run,2587,431024708,0,28201,9999,19999,10000,16777216,bound_hit,1249
measured,probe-memory-buffer,run,2588,431146008,0,28201,9999,19999,10000,16777216,bound_hit,1249
measured,probe-memory-buffer,run,2589,431266608,0,28201,9999,19999,10000,16777216,bound_hit,1249
measured,probe-memory-buffer,run,2590,431387208,0,28201,9999,19999,10000,16777216,bound_hit,1249
measured,probe-memory-buffer,run,2591,431507608,0,28201,9999,19999,10000,16777216,bound_hit,1249
measured,probe-memory-buffer,run,2592,431628008,0,28201,9999,19999,10000,16777216,bound_hit,1249
measured,probe-memory-buffer,run,2593,431748308,0,28201,9999,19999,10000,16777216,bound_hit,1249
measured,probe-memory-buffer,run,2594,431868708,0,28201,9999,19999,10000,16777216,bound_hit,1249
measured,probe-memory-buffer,run,2595,431989108,0,28201,9999,19999,10000,16777216,bound_hit,1249
measured,probe-memory-buffer,run,2596,432112108,0,28201,9999,19999,10000,16777216,bound_hit,1249
measured,probe-memory-buffer,run,2597,432232808,0,28201,9999,19999,10000,16777216,bound_hit,1249
measured,probe-memory-buffer,run,2598,432353408,0,28201,9999,19999,10000,16777216,bound_hit,1249
measured,probe-memory-buffer,run,2599,432473808,0,28201,9999,19999,10000,16777216,bound_hit,1249
measured,probe-memory-buffer,run,2600,432594208,0,28201,9999,19999,10000,16777216,bound_hit,1249
measured,probe-memory-buffer,run,2601,432714408,0,28201,9999,19999,10000,16777216,bound_hit,1249
measured,probe-memory-buffer,run,2602,432834508,0,28201,9999,19999,10000,16777216,bound_hit,1249
measured,probe-memory-buffer,run,2603,432954608,0,28201,9999,19999,10000,16777216,bound_hit,1249
measured,probe-memory-buffer,run,2604,433075308,0,28201,9999,19999,10000,16777216,bound_hit,1249
measured,probe-memory-buffer,run,2605,433195708,0,28201,9999,19999,10000,16777216,bound_hit,1249
measured,probe-memory-buffer,run,2606,433316008,0,28201,9999,19999,10000,16777216,bound_hit,1249
measured,probe-memory-buffer,run,2607,433436208,0,28201,9999,19999,10000,16777216,bound_hit,1249
measured,probe-memory-buffer,run,2608,433556708,0,28201,9999,19999,10000,16777216,bound_hit,1249
measured,probe-memory-buffer,run,2609,433677108,0,28201,9999,19999,10000,16777216,bound_hit,1249
measured,probe-memory-buffer,run,2610,433797508,0,28201,9999,19999,10000,16777216,bound_hit,1249
measured,probe-memory-buffer,run,2611,433918108,0,28201,9999,19999,10000,16777216,bound_hit,1249
measured,probe-memory-buffer,run,2612,434038508,0,28201,9999,19999,10000,16777216,bound_hit,1249
measured,probe-memory-buffer,run,2613,434158708,0,28201,9999,19999,10000,16777216,bound_hit,1249
measured,probe-memory-buffer,run,2614,434279108,0,28201,9999,19999,10000,16777216,bound_hit,1249
measured,probe-memory-buffer,run,2615,434399708,0,28201,9999,19999,10000,16777216,bound_hit,1249
measured,probe-memory-buffer,run,2616,434548108,0,28201,9999,19999,10000,16777216,bound_hit,1249
measured,probe-memory-buffer,run,2617,434707808,0,28201,9999,19999,10000,16777216,bound_hit,1249
measured,probe-memory-buffer,run,2618,434847908,0,28201,9999,19999,10000,16777216,bound_hit,1249
measured,probe-memory-buffer,run,2619,434990708,0,28201,9999,19999,10000,16777216,bound_hit,1249
measured,probe-memory-buffer,run,2620,435113108,0,28201,9999,19999,10000,16777216,bound_hit,1249
measured,probe-memory-buffer,run,2621,435236308,0,28201,9999,19999,10000,16777216,bound_hit,1249
measured,probe-memory-buffer,run,2622,435370408,0,28201,9999,19999,10000,16777216,bound_hit,1249
measured,probe-memory-buffer,run,2623,435502608,0,28201,9999,19999,10000,16777216,bound_hit,1249
measured,probe-memory-buffer,run,2624,435630808,0,28201,9999,19999,10000,16777216,bound_hit,1249
measured,probe-memory-buffer,run,2625,435760808,0,28201,9999,19999,10000,16777216,bound_hit,1249
measured,probe-memory-buffer,run,2626,435886108,0,28201,9999,19999,10000,16777216,bound_hit,1249
measured,probe-memory-buffer,run,2627,436008908,0,28201,9999,19999,10000,16777216,bound_hit,1249
measured,probe-memory-buffer,run,2628,436132108,0,28201,9999,19999,10000,16777216,bound_hit,1249
measured,probe-memory-buffer,run,2629,436252708,0,28201,9999,19999,10000,16777216,bound_hit,1249
measured,probe-memory-buffer,run,2630,436373008,0,28201,9999,19999,10000,16777216,bound_hit,1249
measured,probe-memory-buffer,run,2631,436493408,0,28201,9999,19999,10000,16777216,bound_hit,1249
measured,probe-memory-buffer,run,2632,436613908,0,28201,9999,19999,10000,16777216,bound_hit,1249
measured,probe-memory-buffer,run,2633,436734208,0,28201,9999,19999,10000,16777216,bound_hit,1249
measured,probe-memory-buffer,run,2634,436854608,0,28201,9999,19999,10000,16777216,bound_hit,1249
measured,probe-memory-buffer,run,2635,436974808,0,28201,9999,19999,10000,16777216,bound_hit,1249
measured,probe-memory-buffer,run,2636,437095008,0,28201,9999,19999,10000,16777216,bound_hit,1249
measured,probe-memory-buffer,run,2637,437215408,0,28201,9999,19999,10000,16777216,bound_hit,1249
measured,probe-memory-buffer,run,2638,437335908,0,28201,9999,19999,10000,16777216,bound_hit,1249
measured,probe-memory-buffer,run,2639,437456208,0,28201,9999,19999,10000,16777216,bound_hit,1249
measured,probe-memory-buffer,run,2640,437576608,0,28201,9999,19999,10000,16777216,bound_hit,1249
measured,probe-memory-buffer,run,2641,437696808,0,28201,9999,19999,10000,16777216,bound_hit,1249
measured,probe-memory-buffer,run,2642,437817308,0,28201,9999,19999,10000,16777216,bound_hit,1249
measured,probe-memory-buffer,run,2643,437946008,0,28201,9999,19999,10000,16777216,bound_hit,1249
measured,probe-memory-buffer,run,2644,438066208,0,28201,9999,19999,10000,16777216,bound_hit,1249
measured,probe-memory-buffer,run,2645,438186508,0,28201,9999,19999,10000,16777216,bound_hit,1249
measured,probe-memory-buffer,run,2646,438307108,0,28201,9999,19999,10000,16777216,bound_hit,1249
measured,probe-memory-buffer,run,2647,438427508,0,28201,9999,19999,10000,16777216,bound_hit,1249
measured,probe-memory-buffer,run,2648,438547808,0,28201,9999,19999,10000,16777216,bound_hit,1249
measured,probe-memory-buffer,run,2649,438668108,0,28201,9999,19999,10000,16777216,bound_hit,1249
measured,probe-memory-buffer,run,2650,438788408,0,28201,9999,19999,10000,16777216,bound_hit,1249
measured,probe-memory-buffer,run,2651,438908508,0,28201,9999,19999,10000,16777216,bound_hit,1249
measured,probe-memory-buffer,run,2652,439029108,0,28201,9999,19999,10000,16777216,bound_hit,1249
measured,probe-memory-buffer,run,2653,439149408,0,28201,9999,19999,10000,16777216,bound_hit,1249
measured,probe-memory-buffer,run,2654,439269708,0,28201,9999,19999,10000,16777216,bound_hit,1249
measured,probe-memory-buffer,run,2655,439390108,0,28201,9999,19999,10000,16777216,bound_hit,1249
measured,probe-memory-buffer,run,2656,439510008,0,28201,9999,19999,10000,16777216,bound_hit,1249
measured,probe-memory-buffer,run,2657,439630308,0,28201,9999,19999,10000,16777216,bound_hit,1249
measured,probe-memory-buffer,run,2658,439750908,0,28201,9999,19999,10000,16777216,bound_hit,1249
measured,probe-memory-buffer,run,2659,439871108,0,28201,9999,19999,10000,16777216,bound_hit,1249
measured,probe-memory-buffer,run,2660,439991408,0,28201,9999,19999,10000,16777216,bound_hit,1249
measured,probe-memory-buffer,run,2661,440113708,0,28201,9999,19999,10000,16777216,bound_hit,1249
measured,probe-memory-buffer,run,2662,440234208,0,28201,9999,19999,10000,16777216,bound_hit,1249
measured,probe-memory-buffer,run,2663,440354708,0,28201,9999,19999,10000,16777216,bound_hit,1249
measured,probe-memory-buffer,run,2664,440475008,0,28201,9999,19999,10000,16777216,bound_hit,1249
measured,probe-memory-buffer,run,2665,440595508,0,28201,9999,19999,10000,16777216,bound_hit,1249
measured,probe-memory-buffer,run,2666,440715708,0,28201,9999,19999,10000,16777216,bound_hit,1249
measured,probe-memory-buffer,run,2667,440836208,0,28201,9999,19999,10000,16777216,bound_hit,1249
measured,probe-memory-buffer,run,2668,440956608,0,28201,9999,19999,10000,16777216,bound_hit,1249
measured,probe-memory-buffer,run,2669,441077008,0,28201,9999,19999,10000,16777216,bound_hit,1249
measured,probe-memory-buffer,run,2670,441197208,0,28201,9999,19999,10000,16777216,bound_hit,1249
measured,probe-memory-buffer,run,2671,441317708,0,28201,9999,19999,10000,16777216,bound_hit,1249
measured,probe-memory-buffer,run,2672,441443908,0,28201,9999,19999,10000,16777216,bound_hit,1249
measured,probe-memory-buffer,run,2673,441568908,0,28201,9999,19999,10000,16777216,bound_hit,1249
measured,probe-memory-buffer,run,2674,441702408,0,28201,9999,19999,10000,16777216,bound_hit,1249
measured,probe-memory-buffer,run,2675,441829508,0,28201,9999,19999,10000,16777216,bound_hit,1249
measured,probe-memory-buffer,run,2676,441998008,0,28201,9999,19999,10000,16777216,bound_hit,1249
measured,probe-memory-buffer,run,2677,442165908,0,28201,9999,19999,10000,16777216,bound_hit,1249
measured,probe-memory-buffer,run,2678,442294008,0,28201,9999,19999,10000,16777216,bound_hit,1249
measured,probe-memory-buffer,run,2679,442419708,0,28201,9999,19999,10000,16777216,bound_hit,1249
measured,probe-memory-buffer,run,2680,442544608,0,28201,9999,19999,10000,16777216,bound_hit,1249
measured,probe-memory-buffer,run,2681,442669608,0,28201,9999,19999,10000,16777216,bound_hit,1249
measured,probe-memory-buffer,run,2682,442794408,0,28201,9999,19999,10000,16777216,bound_hit,1249
measured,probe-memory-buffer,run,2683,442919108,0,28201,9999,19999,10000,16777216,bound_hit,1249
measured,probe-memory-buffer,run,2684,443045608,0,28201,9999,19999,10000,16777216,bound_hit,1249
measured,probe-memory-buffer,run,2685,443171708,0,28201,9999,19999,10000,16777216,bound_hit,1249
measured,probe-memory-buffer,run,2686,443297008,0,28201,9999,19999,10000,16777216,bound_hit,1249
measured,probe-memory-buffer,run,2687,443422108,0,28201,9999,19999,10000,16777216,bound_hit,1249
measured,probe-memory-buffer,run,2688,443546508,0,28201,9999,19999,10000,16777216,bound_hit,1249
measured,probe-memory-buffer,run,2689,443670008,0,28201,9999,19999,10000,16777216,bound_hit,1249
measured,probe-memory-buffer,run,2690,443791708,0,28201,9999,19999,10000,16777216,bound_hit,1249
measured,probe-memory-buffer,run,2691,443933608,0,28201,9999,19999,10000,16777216,bound_hit,1249
measured,probe-memory-buffer,run,2692,444086408,0,28201,9999,19999,10000,16777216,bound_hit,1249
measured,probe-memory-buffer,run,2693,444211808,0,28201,9999,19999,10000,16777216,bound_hit,1249
measured,probe-memory-buffer,run,2694,444336408,0,28201,9999,19999,10000,16777216,bound_hit,1249
measured,probe-memory-buffer,run,2695,444460908,0,28201,9999,19999,10000,16777216,bound_hit,1249
measured,probe-memory-buffer,run,2696,444586108,0,28201,9999,19999,10000,16777216,bound_hit,1249
measured,probe-memory-buffer,run,2697,444710508,0,28201,9999,19999,10000,16777216,bound_hit,1249
measured,probe-memory-buffer,run,2698,444834908,0,28201,9999,19999,10000,16777216,bound_hit,1249
measured,probe-memory-buffer,run,2699,444959308,0,28201,9999,19999,10000,16777216,bound_hit,1249
measured,probe-memory-buffer,run,2700,445092508,0,28201,9999,19999,10000,16777216,bound_hit,1249
measured,probe-memory-buffer,run,2701,445217108,0,28201,9999,19999,10000,16777216,bound_hit,1249
measured,probe-memory-buffer,run,2702,445341808,0,28201,9999,19999,10000,16777216,bound_hit,1249
measured,probe-memory-buffer,run,2703,445466208,0,28201,9999,19999,10000,16777216,bound_hit,1249
measured,probe-memory-buffer,run,2704,445590908,0,28201,9999,19999,10000,16777216,bound_hit,1249
measured,probe-memory-buffer,run,2705,445714508,0,28201,9999,19999,10000,16777216,bound_hit,1249
measured,probe-memory-buffer,run,2706,445836208,0,28201,9999,19999,10000,16777216,bound_hit,1249
measured,probe-memory-buffer,run,2707,445955808,0,28201,9999,19999,10000,16777216,bound_hit,1249
measured,probe-memory-buffer,run,2708,446075408,0,28201,9999,19999,10000,16777216,bound_hit,1249
measured,probe-memory-buffer,run,2709,446194808,0,28201,9999,19999,10000,16777216,bound_hit,1249
measured,probe-memory-buffer,run,2710,446314408,0,28201,9999,19999,10000,16777216,bound_hit,1249
measured,probe-memory-buffer,run,2711,446434108,0,28201,9999,19999,10000,16777216,bound_hit,1249
measured,probe-memory-buffer,run,2712,446553608,0,28201,9999,19999,10000,16777216,bound_hit,1249
measured,probe-memory-buffer,run,2713,446673508,0,28201,9999,19999,10000,16777216,bound_hit,1249
measured,probe-memory-buffer,run,2714,446793308,0,28201,9999,19999,10000,16777216,bound_hit,1249
measured,probe-memory-buffer,run,2715,446913608,0,28201,9999,19999,10000,16777216,bound_hit,1249
measured,probe-memory-buffer,run,2716,447033308,0,28201,9999,19999,10000,16777216,bound_hit,1249
measured,probe-memory-buffer,run,2717,447152908,0,28201,9999,19999,10000,16777216,bound_hit,1249
measured,probe-memory-buffer,run,2718,447272508,0,28201,9999,19999,10000,16777216,bound_hit,1249
measured,probe-memory-buffer,run,2719,447392208,0,28201,9999,19999,10000,16777216,bound_hit,1249
measured,probe-memory-buffer,run,2720,447511608,0,28201,9999,19999,10000,16777216,bound_hit,1249
measured,probe-memory-buffer,run,2721,447631108,0,28201,9999,19999,10000,16777216,bound_hit,1249
measured,probe-memory-buffer,run,2722,447750708,0,28201,9999,19999,10000,16777216,bound_hit,1249
measured,probe-memory-buffer,run,2723,447870408,0,28201,9999,19999,10000,16777216,bound_hit,1249
measured,probe-memory-buffer,run,2724,447990008,0,28201,9999,19999,10000,16777216,bound_hit,1249
measured,probe-memory-buffer,run,2725,448112008,0,28201,9999,19999,10000,16777216,bound_hit,1249
measured,probe-memory-buffer,run,2726,448231808,0,28201,9999,19999,10000,16777216,bound_hit,1249
measured,probe-memory-buffer,run,2727,448351608,0,28201,9999,19999,10000,16777216,bound_hit,1249
measured,probe-memory-buffer,run,2728,448471608,0,28201,9999,19999,10000,16777216,bound_hit,1249
measured,probe-memory-buffer,run,2729,448591708,0,28201,9999,19999,10000,16777216,bound_hit,1249
measured,probe-memory-buffer,run,2730,448711808,0,28201,9999,19999,10000,16777216,bound_hit,1249
measured,probe-memory-buffer,run,2731,448831508,0,28201,9999,19999,10000,16777216,bound_hit,1249
measured,probe-memory-buffer,run,2732,448952608,0,28201,9999,19999,10000,16777216,bound_hit,1249
measured,probe-memory-buffer,run,2733,449089708,0,28201,9999,19999,10000,16777216,bound_hit,1249
measured,probe-memory-buffer,run,2734,449220108,0,28201,9999,19999,10000,16777216,bound_hit,1249
measured,probe-memory-buffer,run,2735,449344308,0,28201,9999,19999,10000,16777216,bound_hit,1249
measured,probe-memory-buffer,run,2736,449509208,0,28201,9999,19999,10000,16777216,bound_hit,1249
measured,probe-memory-buffer,run,2737,449638208,0,28201,9999,19999,10000,16777216,bound_hit,1249
measured,probe-memory-buffer,run,2738,449765808,0,28201,9999,19999,10000,16777216,bound_hit,1249
measured,probe-memory-buffer,run,2739,449890708,0,28201,9999,19999,10000,16777216,bound_hit,1249
measured,probe-memory-buffer,run,2740,450015908,0,28201,9999,19999,10000,16777216,bound_hit,1249
measured,probe-memory-buffer,run,2741,450139908,0,28201,9999,19999,10000,16777216,bound_hit,1249
measured,probe-memory-buffer,run,2742,450264108,0,28201,9999,19999,10000,16777216,bound_hit,1249
measured,probe-memory-buffer,run,2743,450388208,0,28201,9999,19999,10000,16777216,bound_hit,1249
measured,probe-memory-buffer,run,2744,450511908,0,28201,9999,19999,10000,16777216,bound_hit,1249
measured,probe-memory-buffer,run,2745,450635908,0,28201,9999,19999,10000,16777216,bound_hit,1249
measured,probe-memory-buffer,run,2746,450759508,0,28201,9999,19999,10000,16777216,bound_hit,1249
measured,probe-memory-buffer,run,2747,450883308,0,28201,9999,19999,10000,16777216,bound_hit,1249
measured,probe-memory-buffer,run,2748,451007108,0,28201,9999,19999,10000,16777216,bound_hit,1249
measured,probe-memory-buffer,run,2749,451131308,0,28201,9999,19999,10000,16777216,bound_hit,1249
measured,probe-memory-buffer,run,2750,451255208,0,28201,9999,19999,10000,16777216,bound_hit,1249
measured,probe-memory-buffer,run,2751,451379008,0,28201,9999,19999,10000,16777216,bound_hit,1249
measured,probe-memory-buffer,run,2752,451502608,0,28201,9999,19999,10000,16777216,bound_hit,1249
measured,probe-memory-buffer,run,2753,451626408,0,28201,9999,19999,10000,16777216,bound_hit,1249
measured,probe-memory-buffer,run,2754,451750008,0,28201,9999,19999,10000,16777216,bound_hit,1249
measured,probe-memory-buffer,run,2755,451871808,0,28201,9999,19999,10000,16777216,bound_hit,1249
measured,probe-memory-buffer,run,2756,451991508,0,28201,9999,19999,10000,16777216,bound_hit,1249
measured,probe-memory-buffer,run,2757,452120808,0,28201,9999,19999,10000,16777216,bound_hit,1249
measured,probe-memory-buffer,run,2758,452240308,0,28201,9999,19999,10000,16777216,bound_hit,1249
measured,probe-memory-buffer,run,2759,452359708,0,28201,9999,19999,10000,16777216,bound_hit,1249
measured,probe-memory-buffer,run,2760,452479308,0,28201,9999,19999,10000,16777216,bound_hit,1249
measured,probe-memory-buffer,run,2761,452598808,0,28201,9999,19999,10000,16777216,bound_hit,1249
measured,probe-memory-buffer,run,2762,452718308,0,28201,9999,19999,10000,16777216,bound_hit,1249
measured,probe-memory-buffer,run,2763,452837708,0,28201,9999,19999,10000,16777216,bound_hit,1249
measured,probe-memory-buffer,run,2764,452957008,0,28201,9999,19999,10000,16777216,bound_hit,1249
measured,probe-memory-buffer,run,2765,453076308,0,28201,9999,19999,10000,16777216,bound_hit,1249
measured,probe-memory-buffer,run,2766,453195508,0,28201,9999,19999,10000,16777216,bound_hit,1249
measured,probe-memory-buffer,run,2767,453314708,0,28201,9999,19999,10000,16777216,bound_hit,1249
measured,probe-memory-buffer,run,2768,453433908,0,28201,9999,19999,10000,16777216,bound_hit,1249
measured,probe-memory-buffer,run,2769,453553508,0,28201,9999,19999,10000,16777216,bound_hit,1249
measured,probe-memory-buffer,run,2770,453672908,0,28201,9999,19999,10000,16777216,bound_hit,1249
measured,probe-memory-buffer,run,2771,453792308,0,28201,9999,19999,10000,16777216,bound_hit,1249
measured,probe-memory-buffer,run,2772,453911608,0,28201,9999,19999,10000,16777216,bound_hit,1249
measured,probe-memory-buffer,run,2773,454031208,0,28201,9999,19999,10000,16777216,bound_hit,1249
measured,probe-memory-buffer,run,2774,454150508,0,28201,9999,19999,10000,16777216,bound_hit,1249
measured,probe-memory-buffer,run,2775,454270208,0,28201,9999,19999,10000,16777216,bound_hit,1249
measured,probe-memory-buffer,run,2776,454389508,0,28201,9999,19999,10000,16777216,bound_hit,1249
measured,probe-memory-buffer,run,2777,454508708,0,28201,9999,19999,10000,16777216,bound_hit,1249
measured,probe-memory-buffer,run,2778,454628008,0,28201,9999,19999,10000,16777216,bound_hit,1249
measured,probe-memory-buffer,run,2779,454747608,0,28201,9999,19999,10000,16777216,bound_hit,1249
measured,probe-memory-buffer,run,2780,454866908,0,28201,9999,19999,10000,16777216,bound_hit,1249
measured,probe-memory-buffer,run,2781,454986408,0,28201,9999,19999,10000,16777216,bound_hit,1249
measured,probe-memory-buffer,run,2782,455105708,0,28201,9999,19999,10000,16777216,bound_hit,1249
measured,probe-memory-buffer,run,2783,455225008,0,28201,9999,19999,10000,16777216,bound_hit,1249
measured,probe-memory-buffer,run,2784,455347508,0,28201,9999,19999,10000,16777216,bound_hit,1249
measured,probe-memory-buffer,run,2785,455467308,0,28201,9999,19999,10000,16777216,bound_hit,1249
measured,probe-memory-buffer,run,2786,455644208,0,28201,9999,19999,10000,16777216,bound_hit,1249
measured,probe-memory-buffer,run,2787,455813508,0,28201,9999,19999,10000,16777216,bound_hit,1249
measured,probe-memory-buffer,run,2788,455956908,0,28201,9999,19999,10000,16777216,bound_hit,1249
measured,probe-memory-buffer,run,2789,456076208,0,28201,9999,19999,10000,16777216,bound_hit,1249
measured,probe-memory-buffer,run,2790,456204508,0,28201,9999,19999,10000,16777216,bound_hit,1249
measured,probe-memory-buffer,run,2791,456354908,0,28201,9999,19999,10000,16777216,bound_hit,1249
measured,probe-memory-buffer,run,2792,456479908,0,28201,9999,19999,10000,16777216,bound_hit,1249
measured,probe-memory-buffer,run,2793,456636408,0,28201,9999,19999,10000,16777216,bound_hit,1249
measured,probe-memory-buffer,run,2794,456759108,0,28201,9999,19999,10000,16777216,bound_hit,1249
measured,probe-memory-buffer,run,2795,456879508,0,28201,9999,19999,10000,16777216,bound_hit,1249
measured,probe-memory-buffer,run,2796,457029308,0,28201,9999,19999,10000,16777216,bound_hit,1249
measured,probe-memory-buffer,run,2797,457150508,0,28201,9999,19999,10000,16777216,bound_hit,1249
measured,probe-memory-buffer,run,2798,457270908,0,28201,9999,19999,10000,16777216,bound_hit,1249
measured,probe-memory-buffer,run,2799,457391108,0,28201,9999,19999,10000,16777216,bound_hit,1249
measured,probe-memory-buffer,run,2800,457511208,0,28201,9999,19999,10000,16777216,bound_hit,1249
measured,probe-memory-buffer,run,2801,457631408,0,28201,9999,19999,10000,16777216,bound_hit,1249
measured,probe-memory-buffer,run,2802,457751708,0,28201,9999,19999,10000,16777216,bound_hit,1249
measured,probe-memory-buffer,run,2803,457872008,0,28201,9999,19999,10000,16777216,bound_hit,1249
measured,probe-memory-buffer,run,2804,457992308,0,28201,9999,19999,10000,16777216,bound_hit,1249
measured,probe-memory-buffer,run,2805,458112408,0,28201,9999,19999,10000,16777216,bound_hit,1249
measured,probe-memory-buffer,run,2806,458233808,0,28201,9999,19999,10000,16777216,bound_hit,1249
measured,probe-memory-buffer,run,2807,458354008,0,28201,9999,19999,10000,16777216,bound_hit,1249
measured,probe-memory-buffer,run,2808,458474308,0,28201,9999,19999,10000,16777216,bound_hit,1249
measured,probe-memory-buffer,run,2809,458594708,0,28201,9999,19999,10000,16777216,bound_hit,1249
measured,probe-memory-buffer,run,2810,458714908,0,28201,9999,19999,10000,16777216,bound_hit,1249
measured,probe-memory-buffer,run,2811,458835008,0,28201,9999,19999,10000,16777216,bound_hit,1249
measured,probe-memory-buffer,run,2812,458955108,0,28201,9999,19999,10000,16777216,bound_hit,1249
measured,probe-memory-buffer,run,2813,459083108,0,28201,9999,19999,10000,16777216,bound_hit,1249
measured,probe-memory-buffer,run,2814,459203408,0,28201,9999,19999,10000,16777216,bound_hit,1249
measured,probe-memory-buffer,run,2815,459323608,0,28201,9999,19999,10000,16777216,bound_hit,1249
measured,probe-memory-buffer,run,2816,459443808,0,28201,9999,19999,10000,16777216,bound_hit,1249
measured,probe-memory-buffer,run,2817,459563908,0,28201,9999,19999,10000,16777216,bound_hit,1249
measured,probe-memory-buffer,run,2818,459684608,0,28201,9999,19999,10000,16777216,bound_hit,1249
measured,probe-memory-buffer,run,2819,459804708,0,28201,9999,19999,10000,16777216,bound_hit,1249
measured,probe-memory-buffer,run,2820,459924808,0,28201,9999,19999,10000,16777216,bound_hit,1249
measured,probe-memory-buffer,run,2821,460069908,0,28201,9999,19999,10000,16777216,bound_hit,1249
measured,probe-memory-buffer,run,2822,460191308,0,28201,9999,19999,10000,16777216,bound_hit,1249
measured,probe-memory-buffer,run,2823,460311608,0,28201,9999,19999,10000,16777216,bound_hit,1249
measured,probe-memory-buffer,run,2824,460447108,0,28201,9999,19999,10000,16777216,bound_hit,1249
measured,probe-memory-buffer,run,2825,460581508,0,28201,9999,19999,10000,16777216,bound_hit,1249
measured,probe-memory-buffer,run,2826,460715308,0,28201,9999,19999,10000,16777216,bound_hit,1249
measured,probe-memory-buffer,run,2827,460849308,0,28201,9999,19999,10000,16777216,bound_hit,1249
measured,probe-memory-buffer,run,2828,460983108,0,28201,9999,19999,10000,16777216,bound_hit,1249
measured,probe-memory-buffer,run,2829,461117008,0,28201,9999,19999,10000,16777216,bound_hit,1249
measured,probe-memory-buffer,run,2830,461250708,0,28201,9999,19999,10000,16777216,bound_hit,1249
measured,probe-memory-buffer,run,2831,461384508,0,28201,9999,19999,10000,16777216,bound_hit,1249
measured,probe-memory-buffer,run,2832,461518408,0,28201,9999,19999,10000,16777216,bound_hit,1249
measured,probe-memory-buffer,run,2833,461652108,0,28201,9999,19999,10000,16777216,bound_hit,1249
measured,probe-memory-buffer,run,2834,461786508,0,28201,9999,19999,10000,16777216,bound_hit,1249
measured,probe-memory-buffer,run,2835,461920708,0,28201,9999,19999,10000,16777216,bound_hit,1249
measured,probe-memory-buffer,run,2836,462055108,0,28201,9999,19999,10000,16777216,bound_hit,1249
measured,probe-memory-buffer,run,2837,462189608,0,28201,9999,19999,10000,16777216,bound_hit,1249
measured,probe-memory-buffer,run,2838,462333408,0,28201,9999,19999,10000,16777216,bound_hit,1249
measured,probe-memory-buffer,run,2839,462509208,0,28201,9999,19999,10000,16777216,bound_hit,1249
measured,probe-memory-buffer,run,2840,462704208,0,28201,9999,19999,10000,16777216,bound_hit,1249
measured,probe-memory-buffer,run,2841,462853408,0,28201,9999,19999,10000,16777216,bound_hit,1249
measured,probe-memory-buffer,run,2842,462995508,0,28201,9999,19999,10000,16777216,bound_hit,1249
measured,probe-memory-buffer,run,2843,463137708,0,28201,9999,19999,10000,16777216,bound_hit,1249
measured,probe-memory-buffer,run,2844,463279208,0,28201,9999,19999,10000,16777216,bound_hit,1249
measured,probe-memory-buffer,run,2845,463420408,0,28201,9999,19999,10000,16777216,bound_hit,1249
measured,probe-memory-buffer,run,2846,463561308,0,28201,9999,19999,10000,16777216,bound_hit,1249
measured,probe-memory-buffer,run,2847,463702008,0,28201,9999,19999,10000,16777216,bound_hit,1249
measured,probe-memory-buffer,run,2848,463842708,0,28201,9999,19999,10000,16777216,bound_hit,1249
measured,probe-memory-buffer,run,2849,463992608,0,28201,9999,19999,10000,16777216,bound_hit,1249
measured,probe-memory-buffer,run,2850,464150908,0,28201,9999,19999,10000,16777216,bound_hit,1249
measured,probe-memory-buffer,run,2851,464303108,0,28201,9999,19999,10000,16777216,bound_hit,1249
measured,probe-memory-buffer,run,2852,464493808,0,28201,9999,19999,10000,16777216,bound_hit,1249
measured,probe-memory-buffer,run,2853,464655208,0,28201,9999,19999,10000,16777216,bound_hit,1249
measured,probe-memory-buffer,run,2854,464811408,0,28201,9999,19999,10000,16777216,bound_hit,1249
measured,probe-memory-buffer,run,2855,464969908,0,28201,9999,19999,10000,16777216,bound_hit,1249
measured,probe-memory-buffer,run,2856,465169808,0,28201,9999,19999,10000,16777216,bound_hit,1249
measured,probe-memory-buffer,run,2857,465321008,0,28201,9999,19999,10000,16777216,bound_hit,1249
measured,probe-memory-buffer,run,2858,465464808,0,28201,9999,19999,10000,16777216,bound_hit,1249
measured,probe-memory-buffer,run,2859,465628308,0,28201,9999,19999,10000,16777216,bound_hit,1249
measured,probe-memory-buffer,run,2860,465791408,0,28201,9999,19999,10000,16777216,bound_hit,1249
measured,probe-memory-buffer,run,2861,465954908,0,28201,9999,19999,10000,16777216,bound_hit,1249
measured,probe-memory-buffer,run,2862,466117308,0,28201,9999,19999,10000,16777216,bound_hit,1249
measured,probe-memory-buffer,run,2863,466280808,0,28201,9999,19999,10000,16777216,bound_hit,1249
measured,probe-memory-buffer,run,2864,466443308,0,28201,9999,19999,10000,16777216,bound_hit,1249
measured,probe-memory-buffer,run,2865,466607108,0,28201,9999,19999,10000,16777216,bound_hit,1249
measured,probe-memory-buffer,run,2866,466766908,0,28201,9999,19999,10000,16777216,bound_hit,1249
measured,probe-memory-buffer,run,2867,466902908,0,28201,9999,19999,10000,16777216,bound_hit,1249
measured,probe-memory-buffer,run,2868,467038908,0,28201,9999,19999,10000,16777216,bound_hit,1249
measured,probe-memory-buffer,run,2869,467174608,0,28201,9999,19999,10000,16777216,bound_hit,1249
measured,probe-memory-buffer,run,2870,467319808,0,28201,9999,19999,10000,16777216,bound_hit,1249
measured,probe-memory-buffer,run,2871,467455708,0,28201,9999,19999,10000,16777216,bound_hit,1249
measured,probe-memory-buffer,run,2872,467591408,0,28201,9999,19999,10000,16777216,bound_hit,1249
measured,probe-memory-buffer,run,2873,467742808,0,28201,9999,19999,10000,16777216,bound_hit,1249
measured,probe-memory-buffer,run,2874,467877408,0,28201,9999,19999,10000,16777216,bound_hit,1249
measured,probe-memory-buffer,run,2875,468012108,0,28201,9999,19999,10000,16777216,bound_hit,1249
measured,probe-memory-buffer,run,2876,468148508,0,28201,9999,19999,10000,16777216,bound_hit,1249
measured,probe-memory-buffer,run,2877,468283609,0,28201,9999,19999,10000,16777216,bound_hit,1249
measured,probe-memory-buffer,run,2878,468418209,0,28201,9999,19999,10000,16777216,bound_hit,1249
measured,probe-memory-buffer,run,2879,468552609,0,28201,9999,19999,10000,16777216,bound_hit,1249
measured,probe-memory-buffer,run,2880,468687309,0,28201,9999,19999,10000,16777216,bound_hit,1249
measured,probe-memory-buffer,run,2881,468821609,0,28201,9999,19999,10000,16777216,bound_hit,1249
measured,probe-memory-buffer,run,2882,468956009,0,28201,9999,19999,10000,16777216,bound_hit,1249
measured,probe-memory-buffer,run,2883,469090409,0,28201,9999,19999,10000,16777216,bound_hit,1249
measured,probe-memory-buffer,run,2884,469241009,0,28201,9999,19999,10000,16777216,bound_hit,1249
measured,probe-memory-buffer,run,2885,469392509,0,28201,9999,19999,10000,16777216,bound_hit,1249
measured,probe-memory-buffer,run,2886,469555609,0,28201,9999,19999,10000,16777216,bound_hit,1249
measured,probe-memory-buffer,run,2887,469728709,0,28201,9999,19999,10000,16777216,bound_hit,1249
measured,probe-memory-buffer,run,2888,469880209,0,28201,9999,19999,10000,16777216,bound_hit,1249
measured,probe-memory-buffer,run,2889,470066209,0,28201,9999,19999,10000,16777216,bound_hit,1249
measured,probe-memory-buffer,run,2890,470309109,0,28201,9999,19999,10000,16777216,bound_hit,1249
measured,probe-memory-buffer,run,2891,470497309,0,28201,9999,19999,10000,16777216,bound_hit,1249
measured,probe-memory-buffer,run,2892,470648909,0,28201,9999,19999,10000,16777216,bound_hit,1249
measured,probe-memory-buffer,run,2893,470790709,0,28201,9999,19999,10000,16777216,bound_hit,1249
measured,probe-memory-buffer,run,2894,470934109,0,28201,9999,19999,10000,16777216,bound_hit,1249
measured,probe-memory-buffer,run,2895,471075909,0,28201,9999,19999,10000,16777216,bound_hit,1249
measured,probe-memory-buffer,run,2896,471217809,0,28201,9999,19999,10000,16777216,bound_hit,1249
measured,probe-memory-buffer,run,2897,471359109,0,28201,9999,19999,10000,16777216,bound_hit,1249
measured,probe-memory-buffer,run,2898,471501809,0,28201,9999,19999,10000,16777216,bound_hit,1249
measured,probe-memory-buffer,run,2899,471643609,0,28201,9999,19999,10000,16777216,bound_hit,1249
measured,probe-memory-buffer,run,2900,471794309,0,28201,9999,19999,10000,16777216,bound_hit,1249
measured,probe-memory-buffer,run,2901,471932609,0,28201,9999,19999,10000,16777216,bound_hit,1249
measured,probe-memory-buffer,run,2902,472094209,0,28201,9999,19999,10000,16777216,bound_hit,1249
measured,probe-memory-buffer,run,2903,472217609,0,28201,9999,19999,10000,16777216,bound_hit,1249
measured,probe-memory-buffer,run,2904,472353109,0,28201,9999,19999,10000,16777216,bound_hit,1249
measured,probe-memory-buffer,run,2905,472487709,0,28201,9999,19999,10000,16777216,bound_hit,1249
measured,probe-memory-buffer,run,2906,472622409,0,28201,9999,19999,10000,16777216,bound_hit,1249
measured,probe-memory-buffer,run,2907,472771909,0,28201,9999,19999,10000,16777216,bound_hit,1249
measured,probe-memory-buffer,run,2908,472905509,0,28201,9999,19999,10000,16777216,bound_hit,1249
measured,probe-memory-buffer,run,2909,473038809,0,28201,9999,19999,10000,16777216,bound_hit,1249
measured,probe-memory-buffer,run,2910,473172109,0,28201,9999,19999,10000,16777216,bound_hit,1249
measured,probe-memory-buffer,run,2911,473305409,0,28201,9999,19999,10000,16777216,bound_hit,1249
measured,probe-memory-buffer,run,2912,473438609,0,28201,9999,19999,10000,16777216,bound_hit,1249
measured,probe-memory-buffer,run,2913,473572009,0,28201,9999,19999,10000,16777216,bound_hit,1249
measured,probe-memory-buffer,run,2914,473706009,0,28201,9999,19999,10000,16777216,bound_hit,1249
measured,probe-memory-buffer,run,2915,473839609,0,28201,9999,19999,10000,16777216,bound_hit,1249
measured,probe-memory-buffer,run,2916,473991109,0,28201,9999,19999,10000,16777216,bound_hit,1249
measured,probe-memory-buffer,run,2917,474129809,0,28201,9999,19999,10000,16777216,bound_hit,1249
measured,probe-memory-buffer,run,2918,474276909,0,28201,9999,19999,10000,16777216,bound_hit,1249
measured,probe-memory-buffer,run,2919,474437109,0,28201,9999,19999,10000,16777216,bound_hit,1249
measured,probe-memory-buffer,run,2920,474573509,0,28201,9999,19999,10000,16777216,bound_hit,1249
measured,probe-memory-buffer,run,2921,474708609,0,28201,9999,19999,10000,16777216,bound_hit,1249
measured,probe-memory-buffer,run,2922,474844109,0,28201,9999,19999,10000,16777216,bound_hit,1249
measured,probe-memory-buffer,run,2923,474979409,0,28201,9999,19999,10000,16777216,bound_hit,1249
measured,probe-memory-buffer,run,2924,475114609,0,28201,9999,19999,10000,16777216,bound_hit,1249
measured,probe-memory-buffer,run,2925,475250309,0,28201,9999,19999,10000,16777216,bound_hit,1249
measured,probe-memory-buffer,run,2926,475385309,0,28201,9999,19999,10000,16777216,bound_hit,1249
measured,probe-memory-buffer,run,2927,475530209,0,28201,9999,19999,10000,16777216,bound_hit,1249
measured,probe-memory-buffer,run,2928,475665409,0,28201,9999,19999,10000,16777216,bound_hit,1249
measured,probe-memory-buffer,run,2929,475800509,0,28201,9999,19999,10000,16777216,bound_hit,1249
measured,probe-memory-buffer,run,2930,475935209,0,28201,9999,19999,10000,16777216,bound_hit,1249
measured,probe-memory-buffer,run,2931,476077809,0,28201,9999,19999,10000,16777216,bound_hit,1249
measured,probe-memory-buffer,run,2932,476128409,0,28201,9999,19999,10000,16777216,update,0
measured,probe-memory-buffer,run,2933,476285509,0,28201,9999,19999,10000,16777216,bound_hit,1249
measured,probe-memory-buffer,run,2934,476421109,0,28201,9999,19999,10000,16777216,bound_hit,1249
measured,probe-memory-buffer,run,2935,476564709,0,28201,9999,19999,10000,16777216,bound_hit,1249
measured,probe-memory-buffer,run,2936,476695809,0,28201,9999,19999,10000,16777216,bound_hit,1249
measured,probe-memory-buffer,run,2937,476822109,0,28201,9999,19999,10000,16777216,bound_hit,1249
measured,probe-memory-buffer,run,2938,476948209,0,28201,9999,19999,10000,16777216,bound_hit,1249
measured,probe-memory-buffer,run,2939,477074309,0,28201,9999,19999,10000,16777216,bound_hit,1249
measured,probe-memory-buffer,run,2940,477199609,0,28201,9999,19999,10000,16777216,bound_hit,1249
measured,probe-memory-buffer,run,2941,477324209,0,28201,9999,19999,10000,16777216,bound_hit,1249
measured,probe-memory-buffer,run,2942,477448709,0,28201,9999,19999,10000,16777216,bound_hit,1249
measured,probe-memory-buffer,run,2943,477578009,0,28201,9999,19999,10000,16777216,bound_hit,1249
measured,probe-memory-buffer,run,2944,477702209,0,28201,9999,19999,10000,16777216,bound_hit,1249
measured,probe-memory-buffer,run,2945,477823909,0,28201,9999,19999,10000,16777216,bound_hit,1249
measured,probe-memory-buffer,run,2946,477943809,0,28201,9999,19999,10000,16777216,bound_hit,1249
measured,probe-memory-buffer,run,2947,478063909,0,28201,9999,19999,10000,16777216,bound_hit,1249
measured,probe-memory-buffer,run,2948,478183809,0,28201,9999,19999,10000,16777216,bound_hit,1249
measured,probe-memory-buffer,run,2949,478303709,0,28201,9999,19999,10000,16777216,bound_hit,1249
measured,probe-memory-buffer,run,2950,478423709,0,28201,9999,19999,10000,16777216,bound_hit,1249
measured,probe-memory-buffer,run,2951,478544209,0,28201,9999,19999,10000,16777216,bound_hit,1249
measured,probe-memory-buffer,run,2952,478664009,0,28201,9999,19999,10000,16777216,bound_hit,1249
measured,probe-memory-buffer,run,2953,478783709,0,28201,9999,19999,10000,16777216,bound_hit,1249
measured,probe-memory-buffer,run,2954,478903309,0,28201,9999,19999,10000,16777216,bound_hit,1249
measured,probe-memory-buffer,run,2955,479022809,0,28201,9999,19999,10000,16777216,bound_hit,1249
measured,probe-memory-buffer,run,2956,479142509,0,28201,9999,19999,10000,16777216,bound_hit,1249
measured,probe-memory-buffer,run,2957,479262409,0,28201,9999,19999,10000,16777216,bound_hit,1249
measured,probe-memory-buffer,run,2958,479382109,0,28201,9999,19999,10000,16777216,bound_hit,1249
measured,probe-memory-buffer,run,2959,479501909,0,28201,9999,19999,10000,16777216,bound_hit,1249
measured,probe-memory-buffer,run,2960,479622309,0,28201,9999,19999,10000,16777216,bound_hit,1249
measured,probe-memory-buffer,run,2961,479742109,0,28201,9999,19999,10000,16777216,bound_hit,1249
measured,probe-memory-buffer,run,2962,479861809,0,28201,9999,19999,10000,16777216,bound_hit,1249
measured,probe-memory-buffer,run,2963,479981309,0,28201,9999,19999,10000,16777216,bound_hit,1249
measured,probe-memory-buffer,run,2964,480103009,0,28201,9999,19999,10000,16777216,bound_hit,1249
measured,probe-memory-buffer,run,2965,480222809,0,28201,9999,19999,10000,16777216,bound_hit,1249
measured,probe-memory-buffer,run,2966,480342509,0,28201,9999,19999,10000,16777216,bound_hit,1249
measured,probe-memory-buffer,run,2967,480462009,0,28201,9999,19999,10000,16777216,bound_hit,1249
measured,probe-memory-buffer,run,2968,480581509,0,28201,9999,19999,10000,16777216,bound_hit,1249
measured,probe-memory-buffer,run,2969,480700909,0,28201,9999,19999,10000,16777216,bound_hit,1249
measured,probe-memory-buffer,run,2970,480820609,0,28201,9999,19999,10000,16777216,bound_hit,1249
measured,probe-memory-buffer,run,2971,480939909,0,28201,9999,19999,10000,16777216,bound_hit,1249
measured,probe-memory-buffer,run,2972,481059509,0,28201,9999,19999,10000,16777216,bound_hit,1249
measured,probe-memory-buffer,run,2973,481179009,0,28201,9999,19999,10000,16777216,bound_hit,1249
measured,probe-memory-buffer,run,2974,481298709,0,28201,9999,19999,10000,16777216,bound_hit,1249
measured,probe-memory-buffer,run,2975,481418309,0,28201,9999,19999,10000,16777216,bound_hit,1249
measured,probe-memory-buffer,run,2976,481537709,0,28201,9999,19999,10000,16777216,bound_hit,1249
measured,probe-memory-buffer,run,2977,481657109,0,28201,9999,19999,10000,16777216,bound_hit,1249
measured,probe-memory-buffer,run,2978,481776509,0,28201,9999,19999,10000,16777216,bound_hit,1249
measured,probe-memory-buffer,run,2979,481895909,0,28201,9999,19999,10000,16777216,bound_hit,1249
measured,probe-memory-buffer,run,2980,482015309,0,28201,9999,19999,10000,16777216,bound_hit,1249
measured,probe-memory-buffer,run,2981,482135109,0,28201,9999,19999,10000,16777216,bound_hit,1249
measured,probe-memory-buffer,run,2982,482254809,0,28201,9999,19999,10000,16777216,bound_hit,1249
measured,probe-memory-buffer,run,2983,482374209,0,28201,9999,19999,10000,16777216,bound_hit,1249
measured,probe-memory-buffer,run,2984,482502609,0,28201,9999,19999,10000,16777216,bound_hit,1249
measured,probe-memory-buffer,run,2985,482622209,0,28201,9999,19999,10000,16777216,bound_hit,1249
measured,probe-memory-buffer,run,2986,482741709,0,28201,9999,19999,10000,16777216,bound_hit,1249
measured,probe-memory-buffer,run,2987,482861309,0,28201,9999,19999,10000,16777216,bound_hit,1249
measured,probe-memory-buffer,run,2988,482980609,0,28201,9999,19999,10000,16777216,bound_hit,1249
measured,probe-memory-buffer,run,2989,483111909,0,28201,9999,19999,10000,16777216,bound_hit,1249
measured,probe-memory-buffer,run,2990,483258909,0,28201,9999,19999,10000,16777216,bound_hit,1249
measured,probe-memory-buffer,run,2991,483402009,0,28201,9999,19999,10000,16777216,bound_hit,1249
measured,probe-memory-buffer,run,2992,483545809,0,28201,9999,19999,10000,16777216,bound_hit,1249
measured,probe-memory-buffer,run,2993,483675609,0,28201,9999,19999,10000,16777216,bound_hit,1249
measured,probe-memory-buffer,run,2994,483798509,0,28201,9999,19999,10000,16777216,bound_hit,1249
measured,probe-memory-buffer,run,2995,483920109,0,28201,9999,19999,10000,16777216,bound_hit,1249
measured,probe-memory-buffer,run,2996,484040409,0,28201,9999,19999,10000,16777216,bound_hit,1249
measured,probe-memory-buffer,run,2997,484164409,0,28201,9999,19999,10000,16777216,bound_hit,1249
measured,probe-memory-buffer,run,2998,484289709,0,28201,9999,19999,10000,16777216,bound_hit,1249
measured,probe-memory-buffer,run,2999,484413009,0,28201,9999,19999,10000,16777216,bound_hit,1249
measured,probe-memory-buffer,run,3000,484535709,0,28201,9999,19999,10000,16777216,bound_hit,1249
measured,probe-memory-buffer,run,3001,484656809,0,28201,9999,19999,10000,16777216,bound_hit,1249
measured,probe-memory-buffer,run,3002,484799709,0,28201,9999,19999,10000,16777216,bound_hit,1249
measured,probe-memory-buffer,run,3003,484925409,0,28201,9999,19999,10000,16777216,bound_hit,1249
measured,probe-memory-buffer,run,3004,485046909,0,28201,9999,19999,10000,16777216,bound_hit,1249
measured,probe-memory-buffer,run,3005,485168609,0,28201,9999,19999,10000,16777216,bound_hit,1249
measured,probe-memory-buffer,run,3006,485289309,0,28201,9999,19999,10000,16777216,bound_hit,1249
measured,probe-memory-buffer,run,3007,485411609,0,28201,9999,19999,10000,16777216,bound_hit,1249
measured,probe-memory-buffer,run,3008,485540009,0,28201,9999,19999,10000,16777216,bound_hit,1249
measured,probe-memory-buffer,run,3009,485669809,0,28201,9999,19999,10000,16777216,bound_hit,1249
measured,probe-memory-buffer,run,3010,485792809,0,28201,9999,19999,10000,16777216,bound_hit,1249
measured,probe-memory-buffer,run,3011,485912809,0,28201,9999,19999,10000,16777216,bound_hit,1249
measured,probe-memory-buffer,run,3012,486033009,0,28201,9999,19999,10000,16777216,bound_hit,1249
measured,probe-memory-buffer,run,3013,486153009,0,28201,9999,19999,10000,16777216,bound_hit,1249
measured,probe-memory-buffer,run,3014,486272809,0,28201,9999,19999,10000,16777216,bound_hit,1249
measured,probe-memory-buffer,run,3015,486392709,0,28201,9999,19999,10000,16777216,bound_hit,1249
measured,probe-memory-buffer,run,3016,486512409,0,28201,9999,19999,10000,16777216,bound_hit,1249
measured,probe-memory-buffer,run,3017,486632109,0,28201,9999,19999,10000,16777216,bound_hit,1249
measured,probe-memory-buffer,run,3018,486751809,0,28201,9999,19999,10000,16777216,bound_hit,1249
measured,probe-memory-buffer,run,3019,486871309,0,28201,9999,19999,10000,16777216,bound_hit,1249
measured,probe-memory-buffer,run,3020,486991009,0,28201,9999,19999,10000,16777216,bound_hit,1249
measured,probe-memory-buffer,run,3021,487111709,0,28201,9999,19999,10000,16777216,bound_hit,1249
measured,probe-memory-buffer,run,3022,487245409,0,28201,9999,19999,10000,16777216,bound_hit,1249
measured,probe-memory-buffer,run,3023,487364509,0,28201,9999,19999,10000,16777216,bound_hit,1249
measured,probe-memory-buffer,run,3024,487483609,0,28201,9999,19999,10000,16777216,bound_hit,1249
measured,probe-memory-buffer,run,3025,487603209,0,28201,9999,19999,10000,16777216,bound_hit,1249
measured,probe-memory-buffer,run,3026,487722409,0,28201,9999,19999,10000,16777216,bound_hit,1249
measured,probe-memory-buffer,run,3027,487841709,0,28201,9999,19999,10000,16777216,bound_hit,1249
measured,probe-memory-buffer,run,3028,487961009,0,28201,9999,19999,10000,16777216,bound_hit,1249
measured,probe-memory-buffer,run,3029,488070409,0,28201,9999,19999,10000,16777216,bound_hit,1249
measured,probe-memory-buffer,run,3030,488190509,0,28201,9999,19999,10000,16777216,bound_hit,1249
measured,probe-memory-buffer,run,3031,488309809,0,28201,9999,19999,10000,16777216,bound_hit,1249
measured,probe-memory-buffer,run,3032,488429009,0,28201,9999,19999,10000,16777216,bound_hit,1249
measured,probe-memory-buffer,run,3033,488548509,0,28201,9999,19999,10000,16777216,bound_hit,1249
measured,probe-memory-buffer,run,3034,488667809,0,28201,9999,19999,10000,16777216,bound_hit,1249
measured,probe-memory-buffer,run,3035,488787709,0,28201,9999,19999,10000,16777216,bound_hit,1249
measured,probe-memory-buffer,run,3036,488906909,0,28201,9999,19999,10000,16777216,bound_hit,1249
measured,probe-memory-buffer,run,3037,489026209,0,28201,9999,19999,10000,16777216,bound_hit,1249
measured,probe-memory-buffer,run,3038,489145609,0,28201,9999,19999,10000,16777216,bound_hit,1249
measured,probe-memory-buffer,run,3039,489265009,0,28201,9999,19999,10000,16777216,bound_hit,1249
measured,probe-memory-buffer,run,3040,489384509,0,28201,9999,19999,10000,16777216,bound_hit,1249
measured,probe-memory-buffer,run,3041,489512509,0,28201,9999,19999,10000,16777216,bound_hit,1249
measured,probe-memory-buffer,run,3042,489632109,0,28201,9999,19999,10000,16777216,bound_hit,1249
measured,probe-memory-buffer,run,3043,489751709,0,28201,9999,19999,10000,16777216,bound_hit,1249
measured,probe-memory-buffer,run,3044,489871209,0,28201,9999,19999,10000,16777216,bound_hit,1249
measured,probe-memory-buffer,run,3045,489991409,0,28201,9999,19999,10000,16777216,bound_hit,1249
measured,probe-memory-buffer,run,3046,490117509,0,28201,9999,19999,10000,16777216,bound_hit,1249
measured,probe-memory-buffer,run,3047,490258609,0,28201,9999,19999,10000,16777216,bound_hit,1249
measured,probe-memory-buffer,run,3048,490389909,0,28201,9999,19999,10000,16777216,bound_hit,1249
measured,probe-memory-buffer,run,3049,490514109,0,28201,9999,19999,10000,16777216,bound_hit,1249
measured,probe-memory-buffer,run,3050,490640209,0,28201,9999,19999,10000,16777216,bound_hit,1249
measured,probe-memory-buffer,run,3051,490765109,0,28201,9999,19999,10000,16777216,bound_hit,1249
measured,probe-memory-buffer,run,3052,490906009,0,28201,9999,19999,10000,16777216,bound_hit,1249
measured,probe-memory-buffer,run,3053,491029009,0,28201,9999,19999,10000,16777216,bound_hit,1249
measured,probe-memory-buffer,run,3054,491156909,0,28201,9999,19999,10000,16777216,bound_hit,1249
measured,probe-memory-buffer,run,3055,491286409,0,28201,9999,19999,10000,16777216,bound_hit,1249
measured,probe-memory-buffer,run,3056,491431509,0,28201,9999,19999,10000,16777216,bound_hit,1249
measured,probe-memory-buffer,run,3057,491554809,0,28201,9999,19999,10000,16777216,bound_hit,1249
measured,probe-memory-buffer,run,3058,491677709,0,28201,9999,19999,10000,16777216,bound_hit,1249
measured,probe-memory-buffer,run,3059,491797709,0,28201,9999,19999,10000,16777216,bound_hit,1249
measured,probe-memory-buffer,run,3060,491918009,0,28201,9999,19999,10000,16777216,bound_hit,1249
measured,probe-memory-buffer,run,3061,492037709,0,28201,9999,19999,10000,16777216,bound_hit,1249
measured,probe-memory-buffer,run,3062,492159709,0,28201,9999,19999,10000,16777216,bound_hit,1249
measured,probe-memory-buffer,run,3063,492280609,0,28201,9999,19999,10000,16777216,bound_hit,1249
measured,probe-memory-buffer,run,3064,492400009,0,28201,9999,19999,10000,16777216,bound_hit,1249
measured,probe-memory-buffer,run,3065,492519409,0,28201,9999,19999,10000,16777216,bound_hit,1249
measured,probe-memory-buffer,run,3066,492638509,0,28201,9999,19999,10000,16777216,bound_hit,1249
measured,probe-memory-buffer,run,3067,492757709,0,28201,9999,19999,10000,16777216,bound_hit,1249
measured,probe-memory-buffer,run,3068,492876809,0,28201,9999,19999,10000,16777216,bound_hit,1249
measured,probe-memory-buffer,run,3069,492995909,0,28201,9999,19999,10000,16777216,bound_hit,1249
measured,probe-memory-buffer,run,3070,493115009,0,28201,9999,19999,10000,16777216,bound_hit,1249
measured,probe-memory-buffer,run,3071,493234409,0,28201,9999,19999,10000,16777216,bound_hit,1249
measured,probe-memory-buffer,run,3072,493354009,0,28201,9999,19999,10000,16777216,bound_hit,1249
measured,probe-memory-buffer,run,3073,493473009,0,28201,9999,19999,10000,16777216,bound_hit,1249
measured,probe-memory-buffer,run,3074,493592009,0,28201,9999,19999,10000,16777216,bound_hit,1249
measured,probe-memory-buffer,run,3075,493711309,0,28201,9999,19999,10000,16777216,bound_hit,1249
measured,probe-memory-buffer,run,3076,493830309,0,28201,9999,19999,10000,16777216,bound_hit,1249
measured,probe-memory-buffer,run,3077,493949209,0,28201,9999,19999,10000,16777216,bound_hit,1249
measured,probe-memory-buffer,run,3078,494068309,0,28201,9999,19999,10000,16777216,bound_hit,1249
measured,probe-memory-buffer,run,3079,494187609,0,28201,9999,19999,10000,16777216,bound_hit,1249
measured,probe-memory-buffer,run,3080,494306709,0,28201,9999,19999,10000,16777216,bound_hit,1249
measured,probe-memory-buffer,run,3081,494425809,0,28201,9999,19999,10000,16777216,bound_hit,1249
measured,probe-memory-buffer,run,3082,494545009,0,28201,9999,19999,10000,16777216,bound_hit,1249
measured,probe-memory-buffer,run,3083,494663909,0,28201,9999,19999,10000,16777216,bound_hit,1249
measured,probe-memory-buffer,run,3084,494783109,0,28201,9999,19999,10000,16777216,bound_hit,1249
measured,probe-memory-buffer,run,3085,494902209,0,28201,9999,19999,10000,16777216,bound_hit,1249
measured,probe-memory-buffer,run,3086,495021209,0,28201,9999,19999,10000,16777216,bound_hit,1249
measured,probe-memory-buffer,run,3087,495140209,0,28201,9999,19999,10000,16777216,bound_hit,1249
measured,probe-memory-buffer,run,3088,495259109,0,28201,9999,19999,10000,16777216,bound_hit,1249
measured,probe-memory-buffer,run,3089,495378009,0,28201,9999,19999,10000,16777216,bound_hit,1249
measured,probe-memory-buffer,run,3090,495497209,0,28201,9999,19999,10000,16777216,bound_hit,1249
measured,probe-memory-buffer,run,3091,495616209,0,28201,9999,19999,10000,16777216,bound_hit,1249
measured,probe-memory-buffer,run,3092,495735209,0,28201,9999,19999,10000,16777216,bound_hit,1249
measured,probe-memory-buffer,run,3093,495854209,0,28201,9999,19999,10000,16777216,bound_hit,1249
measured,probe-memory-buffer,run,3094,495973509,0,28201,9999,19999,10000,16777216,bound_hit,1249
measured,probe-memory-buffer,run,3095,496094509,0,28201,9999,19999,10000,16777216,bound_hit,1249
measured,probe-memory-buffer,run,3096,496214509,0,28201,9999,19999,10000,16777216,bound_hit,1249
measured,probe-memory-buffer,run,3097,496333609,0,28201,9999,19999,10000,16777216,bound_hit,1249
measured,probe-memory-buffer,run,3098,496460709,0,28201,9999,19999,10000,16777216,bound_hit,1249
measured,probe-memory-buffer,run,3099,496580009,0,28201,9999,19999,10000,16777216,bound_hit,1249
measured,probe-memory-buffer,run,3100,496699309,0,28201,9999,19999,10000,16777216,bound_hit,1249
measured,probe-memory-buffer,run,3101,496818309,0,28201,9999,19999,10000,16777216,bound_hit,1249
measured,probe-memory-buffer,run,3102,496937809,0,28201,9999,19999,10000,16777216,bound_hit,1249
measured,probe-memory-buffer,run,3103,497069209,0,28201,9999,19999,10000,16777216,bound_hit,1249
measured,probe-memory-buffer,run,3104,497197509,0,28201,9999,19999,10000,16777216,bound_hit,1249
measured,probe-memory-buffer,run,3105,497326609,0,28201,9999,19999,10000,16777216,bound_hit,1249
measured,probe-memory-buffer,run,3106,497456909,0,28201,9999,19999,10000,16777216,bound_hit,1249
measured,probe-memory-buffer,run,3107,497595209,0,28201,9999,19999,10000,16777216,bound_hit,1249
measured,probe-memory-buffer,run,3108,497737409,0,28201,9999,19999,10000,16777216,bound_hit,1249
measured,probe-memory-buffer,run,3109,497882809,0,28201,9999,19999,10000,16777216,bound_hit,1249
measured,probe-memory-buffer,run,3110,498006409,0,28201,9999,19999,10000,16777216,bound_hit,1249
measured,probe-memory-buffer,run,3111,498127309,0,28201,9999,19999,10000,16777216,bound_hit,1249
measured,probe-memory-buffer,run,3112,498262009,0,28201,9999,19999,10000,16777216,bound_hit,1249
measured,probe-memory-buffer,run,3113,498387509,0,28201,9999,19999,10000,16777216,bound_hit,1249
measured,probe-memory-buffer,run,3114,498506609,0,28201,9999,19999,10000,16777216,bound_hit,1249
measured,probe-memory-buffer,run,3115,498701809,0,28201,9999,19999,10000,16777216,bound_hit,1249
measured,probe-memory-buffer,run,3116,498828209,0,28201,9999,19999,10000,16777216,bound_hit,1249
measured,probe-memory-buffer,run,3117,498951809,0,28201,9999,19999,10000,16777216,bound_hit,1249
measured,probe-memory-buffer,run,3118,499074809,0,28201,9999,19999,10000,16777216,bound_hit,1249
measured,probe-memory-buffer,run,3119,499197809,0,28201,9999,19999,10000,16777216,bound_hit,1249
measured,probe-memory-buffer,run,3120,499320709,0,28201,9999,19999,10000,16777216,bound_hit,1249
measured,probe-memory-buffer,run,3121,499443509,0,28201,9999,19999,10000,16777216,bound_hit,1249
measured,probe-memory-buffer,run,3122,499566809,0,28201,9999,19999,10000,16777216,bound_hit,1249
measured,probe-memory-buffer,run,3123,499689609,0,28201,9999,19999,10000,16777216,bound_hit,1249
measured,probe-memory-buffer,run,3124,499812109,0,28201,9999,19999,10000,16777216,bound_hit,1249
measured,probe-memory-buffer,run,3125,499934909,0,28201,9999,19999,10000,16777216,bound_hit,1249
measured,probe-memory-buffer,run,3126,500079909,0,28201,9999,19999,10000,16777216,bound_hit,1249
measured,probe-memory-buffer,run,3127,500203009,0,28201,9999,19999,10000,16777216,bound_hit,1249
measured,probe-memory-buffer,run,3128,500326109,0,28201,9999,19999,10000,16777216,bound_hit,1249
measured,probe-memory-buffer,run,3129,500448909,0,28201,9999,19999,10000,16777216,bound_hit,1249
measured,probe-memory-buffer,run,3130,500571809,0,28201,9999,19999,10000,16777216,bound_hit,1249
measured,probe-memory-buffer,run,3131,500694309,0,28201,9999,19999,10000,16777216,bound_hit,1249
measured,probe-memory-buffer,run,3132,500816509,0,28201,9999,19999,10000,16777216,bound_hit,1249
measured,probe-memory-buffer,run,3133,500936509,0,28201,9999,19999,10000,16777216,bound_hit,1249
measured,probe-memory-buffer,run,3134,501055209,0,28201,9999,19999,10000,16777216,bound_hit,1249
measured,probe-memory-buffer,run,3135,501173809,0,28201,9999,19999,10000,16777216,bound_hit,1249
measured,probe-memory-buffer,run,3136,501292409,0,28201,9999,19999,10000,16777216,bound_hit,1249
measured,probe-memory-buffer,run,3137,501411709,0,28201,9999,19999,10000,16777216,bound_hit,1249
measured,probe-memory-buffer,run,3138,501530309,0,28201,9999,19999,10000,16777216,bound_hit,1249
measured,probe-memory-buffer,run,3139,501648809,0,28201,9999,19999,10000,16777216,bound_hit,1249
measured,probe-memory-buffer,run,3140,501767209,0,28201,9999,19999,10000,16777216,bound_hit,1249
measured,probe-memory-buffer,run,3141,501885709,0,28201,9999,19999,10000,16777216,bound_hit,1249
measured,probe-memory-buffer,run,3142,502004109,0,28201,9999,19999,10000,16777216,bound_hit,1249
measured,probe-memory-buffer,run,3143,502122609,0,28201,9999,19999,10000,16777216,bound_hit,1249
measured,probe-memory-buffer,run,3144,502241309,0,28201,9999,19999,10000,16777216,bound_hit,1249
measured,probe-memory-buffer,run,3145,502360109,0,28201,9999,19999,10000,16777216,bound_hit,1249
measured,probe-memory-buffer,run,3146,502478709,0,28201,9999,19999,10000,16777216,bound_hit,1249
measured,probe-memory-buffer,run,3147,502597209,0,28201,9999,19999,10000,16777216,bound_hit,1249
measured,probe-memory-buffer,run,3148,502715709,0,28201,9999,19999,10000,16777216,bound_hit,1249
measured,probe-memory-buffer,run,3149,502834109,0,28201,9999,19999,10000,16777216,bound_hit,1249
measured,probe-memory-buffer,run,3150,502952509,0,28201,9999,19999,10000,16777216,bound_hit,1249
measured,probe-memory-buffer,run,3151,503070909,0,28201,9999,19999,10000,16777216,bound_hit,1249
measured,probe-memory-buffer,run,3152,503189609,0,28201,9999,19999,10000,16777216,bound_hit,1249
measured,probe-memory-buffer,run,3153,503308209,0,28201,9999,19999,10000,16777216,bound_hit,1249
measured,probe-memory-buffer,run,3154,503426809,0,28201,9999,19999,10000,16777216,bound_hit,1249
measured,probe-memory-buffer,run,3155,503552909,0,28201,9999,19999,10000,16777216,bound_hit,1249
measured,probe-memory-buffer,run,3156,503671509,0,28201,9999,19999,10000,16777216,bound_hit,1249
measured,probe-memory-buffer,run,3157,503789809,0,28201,9999,19999,10000,16777216,bound_hit,1249
measured,probe-memory-buffer,run,3158,503908009,0,28201,9999,19999,10000,16777216,bound_hit,1249
measured,probe-memory-buffer,run,3159,504027009,0,28201,9999,19999,10000,16777216,bound_hit,1249
measured,probe-memory-buffer,run,3160,504191609,0,28201,9999,19999,10000,16777216,bound_hit,1249
measured,probe-memory-buffer,run,3161,504319909,0,28201,9999,19999,10000,16777216,bound_hit,1249
measured,probe-memory-buffer,run,3162,504485409,0,28201,9999,19999,10000,16777216,bound_hit,1249
measured,probe-memory-buffer,run,3163,504654009,0,28201,9999,19999,10000,16777216,bound_hit,1249
measured,probe-memory-buffer,run,3164,504817709,0,28201,9999,19999,10000,16777216,bound_hit,1249
measured,probe-memory-buffer,run,3165,504982309,0,28201,9999,19999,10000,16777216,bound_hit,1249
measured,probe-memory-buffer,run,3166,505113909,0,28201,9999,19999,10000,16777216,bound_hit,1249
measured,probe-memory-buffer,run,3167,505266509,0,28201,9999,19999,10000,16777216,bound_hit,1249
measured,probe-memory-buffer,run,3168,505398009,0,28201,9999,19999,10000,16777216,bound_hit,1249
measured,probe-memory-buffer,run,3169,505570209,0,28201,9999,19999,10000,16777216,bound_hit,1249
measured,probe-memory-buffer,run,3170,505704609,0,28201,9999,19999,10000,16777216,bound_hit,1249
measured,probe-memory-buffer,run,3171,505839109,0,28201,9999,19999,10000,16777216,bound_hit,1249
measured,probe-memory-buffer,run,3172,505970509,0,28201,9999,19999,10000,16777216,bound_hit,1249
measured,probe-memory-buffer,run,3173,506120009,0,28201,9999,19999,10000,16777216,bound_hit,1249
measured,probe-memory-buffer,run,3174,506267109,0,28201,9999,19999,10000,16777216,bound_hit,1249
measured,probe-memory-buffer,run,3175,506412309,0,28201,9999,19999,10000,16777216,bound_hit,1249
measured,probe-memory-buffer,run,3176,506583709,0,28201,9999,19999,10000,16777216,bound_hit,1249
measured,probe-memory-buffer,run,3177,506733909,0,28201,9999,19999,10000,16777216,bound_hit,1249
measured,probe-memory-buffer,run,3178,506900109,0,28201,9999,19999,10000,16777216,bound_hit,1249
measured,probe-memory-buffer,run,3179,507059809,0,28201,9999,19999,10000,16777216,bound_hit,1249
measured,probe-memory-buffer,run,3180,507198609,0,28201,9999,19999,10000,16777216,bound_hit,1249
measured,probe-memory-buffer,run,3181,507330709,0,28201,9999,19999,10000,16777216,bound_hit,1249
measured,probe-memory-buffer,run,3182,507463709,0,28201,9999,19999,10000,16777216,bound_hit,1249
measured,probe-memory-buffer,run,3183,507596609,0,28201,9999,19999,10000,16777216,bound_hit,1249
measured,probe-memory-buffer,run,3184,507725609,0,28201,9999,19999,10000,16777216,bound_hit,1249
measured,probe-memory-buffer,run,3185,507858609,0,28201,9999,19999,10000,16777216,bound_hit,1249
measured,probe-memory-buffer,run,3186,507992709,0,28201,9999,19999,10000,16777216,bound_hit,1249
measured,probe-memory-buffer,run,3187,508163609,0,28201,9999,19999,10000,16777216,bound_hit,1249
measured,probe-memory-buffer,run,3188,508297509,0,28201,9999,19999,10000,16777216,bound_hit,1249
measured,probe-memory-buffer,run,3189,508425109,0,28201,9999,19999,10000,16777216,bound_hit,1249
measured,probe-memory-buffer,run,3190,508551209,0,28201,9999,19999,10000,16777216,bound_hit,1249
measured,probe-memory-buffer,run,3191,508691309,0,28201,9999,19999,10000,16777216,bound_hit,1249
measured,probe-memory-buffer,run,3192,508831309,0,28201,9999,19999,10000,16777216,bound_hit,1249
measured,probe-memory-buffer,run,3193,508959609,0,28201,9999,19999,10000,16777216,bound_hit,1249
measured,probe-memory-buffer,run,3194,509136309,0,28201,9999,19999,10000,16777216,bound_hit,1249
measured,probe-memory-buffer,run,3195,509282309,0,28201,9999,19999,10000,16777216,bound_hit,1249
measured,probe-memory-buffer,run,3196,509409909,0,28201,9999,19999,10000,16777216,bound_hit,1249
measured,probe-memory-buffer,run,3197,509536909,0,28201,9999,19999,10000,16777216,bound_hit,1249
measured,probe-memory-buffer,run,3198,509665309,0,28201,9999,19999,10000,16777216,bound_hit,1249
measured,probe-memory-buffer,run,3199,509795009,0,28201,9999,19999,10000,16777216,bound_hit,1249
measured,probe-memory-buffer,run,3200,509926009,0,28201,9999,19999,10000,16777216,bound_hit,1249
measured,probe-memory-buffer,run,3201,510059509,0,28201,9999,19999,10000,16777216,bound_hit,1249
measured,probe-memory-buffer,run,3202,510191909,0,28201,9999,19999,10000,16777216,bound_hit,1249
measured,probe-memory-buffer,run,3203,510322909,0,28201,9999,19999,10000,16777216,bound_hit,1249
measured,probe-memory-buffer,run,3204,510457309,0,28201,9999,19999,10000,16777216,bound_hit,1249
measured,probe-memory-buffer,run,3205,510590609,0,28201,9999,19999,10000,16777216,bound_hit,1249
measured,probe-memory-buffer,run,3206,510722009,0,28201,9999,19999,10000,16777216,bound_hit,1249
measured,probe-memory-buffer,run,3207,510857009,0,28201,9999,19999,10000,16777216,bound_hit,1249
measured,probe-memory-buffer,run,3208,510996709,0,28201,9999,19999,10000,16777216,bound_hit,1249
measured,probe-memory-buffer,run,3209,511142709,0,28201,9999,19999,10000,16777216,bound_hit,1249
measured,probe-memory-buffer,run,3210,511273109,0,28201,9999,19999,10000,16777216,bound_hit,1249
measured,probe-memory-buffer,run,3211,511417609,0,28201,9999,19999,10000,16777216,bound_hit,1249
measured,probe-memory-buffer,run,3212,511589209,0,28201,9999,19999,10000,16777216,bound_hit,1249
measured,probe-memory-buffer,run,3213,511810809,0,28201,9999,19999,10000,16777216,bound_hit,1249
measured,probe-memory-buffer,run,3214,511963709,0,28201,9999,19999,10000,16777216,bound_hit,1249
measured,probe-memory-buffer,run,3215,512102809,0,28201,9999,19999,10000,16777216,bound_hit,1249
measured,probe-memory-buffer,run,3216,512292309,0,28201,9999,19999,10000,16777216,bound_hit,1249
measured,probe-memory-buffer,run,3217,512481109,0,28201,9999,19999,10000,16777216,bound_hit,1249
measured,probe-memory-buffer,run,3218,512608209,0,28201,9999,19999,10000,16777216,bound_hit,1249
measured,probe-memory-buffer,run,3219,512758109,0,28201,9999,19999,10000,16777216,bound_hit,1249
measured,probe-memory-buffer,run,3220,512902609,0,28201,9999,19999,10000,16777216,bound_hit,1249
measured,probe-memory-buffer,run,3221,513029109,0,28201,9999,19999,10000,16777216,bound_hit,1249
measured,probe-memory-buffer,run,3222,513154909,0,28201,9999,19999,10000,16777216,bound_hit,1249
measured,probe-memory-buffer,run,3223,513281409,0,28201,9999,19999,10000,16777216,bound_hit,1249
measured,probe-memory-buffer,run,3224,513447809,0,28201,9999,19999,10000,16777216,bound_hit,1249
measured,probe-memory-buffer,run,3225,513581809,0,28201,9999,19999,10000,16777216,bound_hit,1249
measured,probe-memory-buffer,run,3226,513724909,0,28201,9999,19999,10000,16777216,bound_hit,1249
measured,probe-memory-buffer,run,3227,513849109,0,28201,9999,19999,10000,16777216,bound_hit,1249
measured,probe-memory-buffer,run,3228,513972309,0,28201,9999,19999,10000,16777216,bound_hit,1249
measured,probe-memory-buffer,run,3229,514100609,0,28201,9999,19999,10000,16777216,bound_hit,1249
measured,probe-memory-buffer,run,3230,514225909,0,28201,9999,19999,10000,16777216,bound_hit,1249
measured,probe-memory-buffer,run,3231,514366009,0,28201,9999,19999,10000,16777216,bound_hit,1249
measured,probe-memory-buffer,run,3232,514518409,0,28201,9999,19999,10000,16777216,bound_hit,1249
measured,probe-memory-buffer,run,3233,514642709,0,28201,9999,19999,10000,16777216,bound_hit,1249
measured,probe-memory-buffer,run,3234,514762709,0,28201,9999,19999,10000,16777216,bound_hit,1249
measured,probe-memory-buffer,run,3235,514881709,0,28201,9999,19999,10000,16777216,bound_hit,1249
measured,probe-memory-buffer,run,3236,515000609,0,28201,9999,19999,10000,16777216,bound_hit,1249
measured,probe-memory-buffer,run,3237,515119509,0,28201,9999,19999,10000,16777216,bound_hit,1249
measured,probe-memory-buffer,run,3238,515238609,0,28201,9999,19999,10000,16777216,bound_hit,1249
measured,probe-memory-buffer,run,3239,515357609,0,28201,9999,19999,10000,16777216,bound_hit,1249
measured,probe-memory-buffer,run,3240,515476809,0,28201,9999,19999,10000,16777216,bound_hit,1249
measured,probe-memory-buffer,run,3241,515595909,0,28201,9999,19999,10000,16777216,bound_hit,1249
measured,probe-memory-buffer,run,3242,515714809,0,28201,9999,19999,10000,16777216,bound_hit,1249
measured,probe-memory-buffer,run,3243,515833709,0,28201,9999,19999,10000,16777216,bound_hit,1249
measured,probe-memory-buffer,run,3244,515952709,0,28201,9999,19999,10000,16777216,bound_hit,1249
measured,probe-memory-buffer,run,3245,516068509,0,28201,9999,19999,10000,16777216,bound_hit,1249
measured,probe-memory-buffer,run,3246,516188209,0,28201,9999,19999,10000,16777216,bound_hit,1249
measured,probe-memory-buffer,run,3247,516307209,0,28201,9999,19999,10000,16777216,bound_hit,1249
measured,probe-memory-buffer,run,3248,516426109,0,28201,9999,19999,10000,16777216,bound_hit,1249
measured,probe-memory-buffer,run,3249,516545409,0,28201,9999,19999,10000,16777216,bound_hit,1249
measured,probe-memory-buffer,run,3250,516664909,0,28201,9999,19999,10000,16777216,bound_hit,1249
measured,probe-memory-buffer,run,3251,516783509,0,28201,9999,19999,10000,16777216,bound_hit,1249
measured,probe-memory-buffer,run,3252,516902409,0,28201,9999,19999,10000,16777216,bound_hit,1249
measured,probe-memory-buffer,run,3253,517021409,0,28201,9999,19999,10000,16777216,bound_hit,1249
measured,probe-memory-buffer,run,3254,517142209,0,28201,9999,19999,10000,16777216,bound_hit,1249
measured,probe-memory-buffer,run,3255,517261609,0,28201,9999,19999,10000,16777216,bound_hit,1249
measured,probe-memory-buffer,run,3256,517380709,0,28201,9999,19999,10000,16777216,bound_hit,1249
measured,probe-memory-buffer,run,3257,517500109,0,28201,9999,19999,10000,16777216,bound_hit,1249
measured,probe-memory-buffer,run,3258,517619109,0,28201,9999,19999,10000,16777216,bound_hit,1249
measured,probe-memory-buffer,run,3259,517738009,0,28201,9999,19999,10000,16777216,bound_hit,1249
measured,probe-memory-buffer,run,3260,517925709,0,28201,9999,19999,10000,16777216,bound_hit,1249
measured,probe-memory-buffer,run,3261,518061709,0,28201,9999,19999,10000,16777216,bound_hit,1249
measured,probe-memory-buffer,run,3262,518201609,0,28201,9999,19999,10000,16777216,bound_hit,1249
measured,probe-memory-buffer,run,3263,518337809,0,28201,9999,19999,10000,16777216,bound_hit,1249
measured,probe-memory-buffer,run,3264,518469709,0,28201,9999,19999,10000,16777216,bound_hit,1249
measured,probe-memory-buffer,run,3265,518601809,0,28201,9999,19999,10000,16777216,bound_hit,1249
measured,probe-memory-buffer,run,3266,518733609,0,28201,9999,19999,10000,16777216,bound_hit,1249
measured,probe-memory-buffer,run,3267,518881509,0,28201,9999,19999,10000,16777216,bound_hit,1249
measured,probe-memory-buffer,run,3268,519041909,0,28201,9999,19999,10000,16777216,bound_hit,1249
measured,probe-memory-buffer,run,3269,519263109,0,28201,9999,19999,10000,16777216,bound_hit,1249
measured,probe-memory-buffer,run,3270,519473009,0,28201,9999,19999,10000,16777216,bound_hit,1249
measured,probe-memory-buffer,run,3271,519605809,0,28201,9999,19999,10000,16777216,bound_hit,1249
measured,probe-memory-buffer,run,3272,519730309,0,28201,9999,19999,10000,16777216,bound_hit,1249
measured,probe-memory-buffer,run,3273,519853109,0,28201,9999,19999,10000,16777216,bound_hit,1249
measured,probe-memory-buffer,run,3274,519975709,0,28201,9999,19999,10000,16777216,bound_hit,1249
measured,probe-memory-buffer,run,3275,520100009,0,28201,9999,19999,10000,16777216,bound_hit,1249
measured,probe-memory-buffer,run,3276,520268909,0,28201,9999,19999,10000,16777216,bound_hit,1249
measured,probe-memory-buffer,run,3277,520396409,0,28201,9999,19999,10000,16777216,bound_hit,1249
measured,probe-memory-buffer,run,3278,520577409,0,28201,9999,19999,10000,16777216,bound_hit,1249
measured,probe-memory-buffer,run,3279,520726809,0,28201,9999,19999,10000,16777216,bound_hit,1249
measured,probe-memory-buffer,run,3280,520849909,0,28201,9999,19999,10000,16777216,bound_hit,1249
measured,probe-memory-buffer,run,3281,520969709,0,28201,9999,19999,10000,16777216,bound_hit,1249
measured,probe-memory-buffer,run,3282,521089009,0,28201,9999,19999,10000,16777216,bound_hit,1249
measured,probe-memory-buffer,run,3283,521208509,0,28201,9999,19999,10000,16777216,bound_hit,1249
measured,probe-memory-buffer,run,3284,521327509,0,28201,9999,19999,10000,16777216,bound_hit,1249
measured,probe-memory-buffer,run,3285,521446409,0,28201,9999,19999,10000,16777216,bound_hit,1249
measured,probe-memory-buffer,run,3286,521565209,0,28201,9999,19999,10000,16777216,bound_hit,1249
measured,probe-memory-buffer,run,3287,521684209,0,28201,9999,19999,10000,16777216,bound_hit,1249
measured,probe-memory-buffer,run,3288,521803109,0,28201,9999,19999,10000,16777216,bound_hit,1249
measured,probe-memory-buffer,run,3289,521922209,0,28201,9999,19999,10000,16777216,bound_hit,1249
measured,probe-memory-buffer,run,3290,522041209,0,28201,9999,19999,10000,16777216,bound_hit,1249
measured,probe-memory-buffer,run,3291,522160209,0,28201,9999,19999,10000,16777216,bound_hit,1249
measured,probe-memory-buffer,run,3292,522279109,0,28201,9999,19999,10000,16777216,bound_hit,1249
measured,probe-memory-buffer,run,3293,522398210,0,28201,9999,19999,10000,16777216,bound_hit,1249
measured,probe-memory-buffer,run,3294,522517110,0,28201,9999,19999,10000,16777216,bound_hit,1249
measured,probe-memory-buffer,run,3295,522636110,0,28201,9999,19999,10000,16777216,bound_hit,1249
measured,probe-memory-buffer,run,3296,522755210,0,28201,9999,19999,10000,16777216,bound_hit,1249
measured,probe-memory-buffer,run,3297,522874110,0,28201,9999,19999,10000,16777216,bound_hit,1249
measured,probe-memory-buffer,run,3298,522993810,0,28201,9999,19999,10000,16777216,bound_hit,1249
measured,probe-memory-buffer,run,3299,523113010,0,28201,9999,19999,10000,16777216,bound_hit,1249
measured,probe-memory-buffer,run,3300,523232310,0,28201,9999,19999,10000,16777216,bound_hit,1249
measured,probe-memory-buffer,run,3301,523351210,0,28201,9999,19999,10000,16777216,bound_hit,1249
measured,probe-memory-buffer,run,3302,523470310,0,28201,9999,19999,10000,16777216,bound_hit,1249
measured,probe-memory-buffer,run,3303,523589310,0,28201,9999,19999,10000,16777216,bound_hit,1249
measured,probe-memory-buffer,run,3304,523708510,0,28201,9999,19999,10000,16777216,bound_hit,1249
measured,probe-memory-buffer,run,3305,523827610,0,28201,9999,19999,10000,16777216,bound_hit,1249
measured,probe-memory-buffer,run,3306,523946810,0,28201,9999,19999,10000,16777216,bound_hit,1249
measured,probe-memory-buffer,run,3307,524066810,0,28201,9999,19999,10000,16777216,bound_hit,1249
measured,probe-memory-buffer,run,3308,524186510,0,28201,9999,19999,10000,16777216,bound_hit,1249
measured,probe-memory-buffer,run,3309,524306010,0,28201,9999,19999,10000,16777216,bound_hit,1249
measured,probe-memory-buffer,run,3310,524425210,0,28201,9999,19999,10000,16777216,bound_hit,1249
measured,probe-memory-buffer,run,3311,524544210,0,28201,9999,19999,10000,16777216,bound_hit,1249
measured,probe-memory-buffer,run,3312,524663210,0,28201,9999,19999,10000,16777216,bound_hit,1249
measured,probe-memory-buffer,run,3313,524852610,0,28201,9999,19999,10000,16777216,bound_hit,1249
measured,probe-memory-buffer,run,3314,525007110,0,28201,9999,19999,10000,16777216,bound_hit,1249
measured,probe-memory-buffer,run,3315,525143210,0,28201,9999,19999,10000,16777216,bound_hit,1249
measured,probe-memory-buffer,run,3316,525288210,0,28201,9999,19999,10000,16777216,bound_hit,1249
measured,probe-memory-buffer,run,3317,525442510,0,28201,9999,19999,10000,16777216,bound_hit,1249
measured,probe-memory-buffer,run,3318,525603010,0,28201,9999,19999,10000,16777216,bound_hit,1249
measured,probe-memory-buffer,run,3319,525746410,0,28201,9999,19999,10000,16777216,bound_hit,1249
measured,probe-memory-buffer,run,3320,525915810,0,28201,9999,19999,10000,16777216,bound_hit,1249
measured,probe-memory-buffer,run,3321,526041110,0,28201,9999,19999,10000,16777216,bound_hit,1249
measured,probe-memory-buffer,run,3322,526161910,0,28201,9999,19999,10000,16777216,bound_hit,1249
measured,probe-memory-buffer,run,3323,526281910,0,28201,9999,19999,10000,16777216,bound_hit,1249
measured,probe-memory-buffer,run,3324,526401910,0,28201,9999,19999,10000,16777216,bound_hit,1249
measured,probe-memory-buffer,run,3325,526542910,0,28201,9999,19999,10000,16777216,bound_hit,1249
measured,probe-memory-buffer,run,3326,526664210,0,28201,9999,19999,10000,16777216,bound_hit,1249
measured,probe-memory-buffer,run,3327,526785410,0,28201,9999,19999,10000,16777216,bound_hit,1249
measured,probe-memory-buffer,run,3328,526969310,0,28201,9999,19999,10000,16777216,bound_hit,1249
measured,probe-memory-buffer,run,3329,527117110,0,28201,9999,19999,10000,16777216,bound_hit,1249
measured,probe-memory-buffer,run,3330,527240710,0,28201,9999,19999,10000,16777216,bound_hit,1249
measured,probe-memory-buffer,run,3331,527365210,0,28201,9999,19999,10000,16777216,bound_hit,1249
measured,probe-memory-buffer,run,3332,527488010,0,28201,9999,19999,10000,16777216,bound_hit,1249
measured,probe-memory-buffer,run,3333,527610510,0,28201,9999,19999,10000,16777216,bound_hit,1249
measured,probe-memory-buffer,run,3334,527737510,0,28201,9999,19999,10000,16777216,bound_hit,1249
measured,probe-memory-buffer,run,3335,527859810,0,28201,9999,19999,10000,16777216,bound_hit,1249
measured,probe-memory-buffer,run,3336,527988010,0,28201,9999,19999,10000,16777216,bound_hit,1249
measured,probe-memory-buffer,run,3337,528131410,0,28201,9999,19999,10000,16777216,bound_hit,1249
measured,probe-memory-buffer,run,3338,528252310,0,28201,9999,19999,10000,16777216,bound_hit,1249
measured,probe-memory-buffer,run,3339,528371010,0,28201,9999,19999,10000,16777216,bound_hit,1249
measured,probe-memory-buffer,run,3340,528489710,0,28201,9999,19999,10000,16777216,bound_hit,1249
measured,probe-memory-buffer,run,3341,528608410,0,28201,9999,19999,10000,16777216,bound_hit,1249
measured,probe-memory-buffer,run,3342,528727010,0,28201,9999,19999,10000,16777216,bound_hit,1249
measured,probe-memory-buffer,run,3343,528845510,0,28201,9999,19999,10000,16777216,bound_hit,1249
measured,probe-memory-buffer,run,3344,528964110,0,28201,9999,19999,10000,16777216,bound_hit,1249
measured,probe-memory-buffer,run,3345,529082610,0,28201,9999,19999,10000,16777216,bound_hit,1249
measured,probe-memory-buffer,run,3346,529200910,0,28201,9999,19999,10000,16777216,bound_hit,1249
measured,probe-memory-buffer,run,3347,529319310,0,28201,9999,19999,10000,16777216,bound_hit,1249
measured,probe-memory-buffer,run,3348,529437910,0,28201,9999,19999,10000,16777216,bound_hit,1249
measured,probe-memory-buffer,run,3349,529556810,0,28201,9999,19999,10000,16777216,bound_hit,1249
measured,probe-memory-buffer,run,3350,529675510,0,28201,9999,19999,10000,16777216,bound_hit,1249
measured,probe-memory-buffer,run,3351,529793910,0,28201,9999,19999,10000,16777216,bound_hit,1249
measured,probe-memory-buffer,run,3352,529912910,0,28201,9999,19999,10000,16777216,bound_hit,1249
measured,probe-memory-buffer,run,3353,530032110,0,28201,9999,19999,10000,16777216,bound_hit,1249
measured,probe-memory-buffer,run,3354,530151310,0,28201,9999,19999,10000,16777216,bound_hit,1249
measured,probe-memory-buffer,run,3355,530269810,0,28201,9999,19999,10000,16777216,bound_hit,1249
measured,probe-memory-buffer,run,3356,530388610,0,28201,9999,19999,10000,16777216,bound_hit,1249
measured,probe-memory-buffer,run,3357,530507310,0,28201,9999,19999,10000,16777216,bound_hit,1249
measured,probe-memory-buffer,run,3358,530626610,0,28201,9999,19999,10000,16777216,bound_hit,1249
measured,probe-memory-buffer,run,3359,530746410,0,28201,9999,19999,10000,16777216,bound_hit,1249
measured,probe-memory-buffer,run,3360,530865310,0,28201,9999,19999,10000,16777216,bound_hit,1249
measured,probe-memory-buffer,run,3361,530984710,0,28201,9999,19999,10000,16777216,bound_hit,1249
measured,probe-memory-buffer,run,3362,531104210,0,28201,9999,19999,10000,16777216,bound_hit,1249
measured,probe-memory-buffer,run,3363,531236910,0,28201,9999,19999,10000,16777216,bound_hit,1249
measured,probe-memory-buffer,run,3364,531356410,0,28201,9999,19999,10000,16777216,bound_hit,1249
measured,probe-memory-buffer,run,3365,531475010,0,28201,9999,19999,10000,16777216,bound_hit,1249
measured,probe-memory-buffer,run,3366,531593510,0,28201,9999,19999,10000,16777216,bound_hit,1249
measured,probe-memory-buffer,run,3367,531714210,0,28201,9999,19999,10000,16777216,bound_hit,1249
measured,probe-memory-buffer,run,3368,531911110,0,28201,9999,19999,10000,16777216,bound_hit,1249
measured,probe-memory-buffer,run,3369,532083110,0,28201,9999,19999,10000,16777216,bound_hit,1249
measured,probe-memory-buffer,run,3370,532214410,0,28201,9999,19999,10000,16777216,bound_hit,1249
measured,probe-memory-buffer,run,3371,532342710,0,28201,9999,19999,10000,16777216,bound_hit,1249
measured,probe-memory-buffer,run,3372,532486410,0,28201,9999,19999,10000,16777216,bound_hit,1249
measured,probe-memory-buffer,run,3373,532633410,0,28201,9999,19999,10000,16777216,bound_hit,1249
measured,probe-memory-buffer,run,3374,532757410,0,28201,9999,19999,10000,16777216,bound_hit,1249
measured,probe-memory-buffer,run,3375,532883610,0,28201,9999,19999,10000,16777216,bound_hit,1249
measured,probe-memory-buffer,run,3376,533010810,0,28201,9999,19999,10000,16777216,bound_hit,1249
measured,probe-memory-buffer,run,3377,533135610,0,28201,9999,19999,10000,16777216,bound_hit,1249
measured,probe-memory-buffer,run,3378,533259110,0,28201,9999,19999,10000,16777216,bound_hit,1249
measured,probe-memory-buffer,run,3379,533388410,0,28201,9999,19999,10000,16777216,bound_hit,1249
measured,probe-memory-buffer,run,3380,533559210,0,28201,9999,19999,10000,16777216,bound_hit,1249
measured,probe-memory-buffer,run,3381,533705110,0,28201,9999,19999,10000,16777216,bound_hit,1249
measured,probe-memory-buffer,run,3382,533836310,0,28201,9999,19999,10000,16777216,bound_hit,1249
measured,probe-memory-buffer,run,3383,533959410,0,28201,9999,19999,10000,16777216,bound_hit,1249
measured,probe-memory-buffer,run,3384,534082410,0,28201,9999,19999,10000,16777216,bound_hit,1249
measured,probe-memory-buffer,run,3385,534205310,0,28201,9999,19999,10000,16777216,bound_hit,1249
measured,probe-memory-buffer,run,3386,534328110,0,28201,9999,19999,10000,16777216,bound_hit,1249
measured,probe-memory-buffer,run,3387,534450910,0,28201,9999,19999,10000,16777216,bound_hit,1249
measured,probe-memory-buffer,run,3388,534573810,0,28201,9999,19999,10000,16777216,bound_hit,1249
measured,probe-memory-buffer,run,3389,534695810,0,28201,9999,19999,10000,16777216,bound_hit,1249
measured,probe-memory-buffer,run,3390,534816110,0,28201,9999,19999,10000,16777216,bound_hit,1249
measured,probe-memory-buffer,run,3391,534934910,0,28201,9999,19999,10000,16777216,bound_hit,1249
measured,probe-memory-buffer,run,3392,535053510,0,28201,9999,19999,10000,16777216,bound_hit,1249
measured,probe-memory-buffer,run,3393,535172110,0,28201,9999,19999,10000,16777216,bound_hit,1249
measured,probe-memory-buffer,run,3394,535290610,0,28201,9999,19999,10000,16777216,bound_hit,1249
measured,probe-memory-buffer,run,3395,535409210,0,28201,9999,19999,10000,16777216,bound_hit,1249
measured,probe-memory-buffer,run,3396,535527610,0,28201,9999,19999,10000,16777216,bound_hit,1249
measured,probe-memory-buffer,run,3397,535646110,0,28201,9999,19999,10000,16777216,bound_hit,1249
measured,probe-memory-buffer,run,3398,535764610,0,28201,9999,19999,10000,16777216,bound_hit,1249
measured,probe-memory-buffer,run,3399,535883710,0,28201,9999,19999,10000,16777216,bound_hit,1249
measured,probe-memory-buffer,run,3400,536002310,0,28201,9999,19999,10000,16777216,bound_hit,1249
measured,probe-memory-buffer,run,3401,536123410,0,28201,9999,19999,10000,16777216,bound_hit,1249
measured,probe-memory-buffer,run,3402,536242110,0,28201,9999,19999,10000,16777216,bound_hit,1249
measured,probe-memory-buffer,run,3403,536361010,0,28201,9999,19999,10000,16777216,bound_hit,1249
measured,probe-memory-buffer,run,3404,536479610,0,28201,9999,19999,10000,16777216,bound_hit,1249
measured,probe-memory-buffer,run,3405,536598310,0,28201,9999,19999,10000,16777216,bound_hit,1249
measured,probe-memory-buffer,run,3406,536717110,0,28201,9999,19999,10000,16777216,bound_hit,1249
measured,probe-memory-buffer,run,3407,536835510,0,28201,9999,19999,10000,16777216,bound_hit,1249
measured,probe-memory-buffer,run,3408,536954310,0,28201,9999,19999,10000,16777216,bound_hit,1249
measured,probe-memory-buffer,run,3409,537073810,0,28201,9999,19999,10000,16777216,bound_hit,1249
measured,probe-memory-buffer,run,3410,537192410,0,28201,9999,19999,10000,16777216,bound_hit,1249
measured,probe-memory-buffer,run,3411,537311210,0,28201,9999,19999,10000,16777216,bound_hit,1249
measured,probe-memory-buffer,run,3412,537429810,0,28201,9999,19999,10000,16777216,bound_hit,1249
measured,probe-memory-buffer,run,3413,537548310,0,28201,9999,19999,10000,16777216,bound_hit,1249
measured,probe-memory-buffer,run,3414,537666710,0,28201,9999,19999,10000,16777216,bound_hit,1249
measured,probe-memory-buffer,run,3415,537785210,0,28201,9999,19999,10000,16777216,bound_hit,1249
measured,probe-memory-buffer,run,3416,537903810,0,28201,9999,19999,10000,16777216,bound_hit,1249
measured,probe-memory-buffer,run,3417,538022810,0,28201,9999,19999,10000,16777216,bound_hit,1249
measured,probe-memory-buffer,run,3418,538141510,0,28201,9999,19999,10000,16777216,bound_hit,1249
measured,probe-memory-buffer,run,3419,538260010,0,28201,9999,19999,10000,16777216,bound_hit,1249
measured,probe-memory-buffer,run,3420,538378710,0,28201,9999,19999,10000,16777216,bound_hit,1249
measured,probe-memory-buffer,run,3421,538497310,0,28201,9999,19999,10000,16777216,bound_hit,1249
measured,probe-memory-buffer,run,3422,538616010,0,28201,9999,19999,10000,16777216,bound_hit,1249
measured,probe-memory-buffer,run,3423,538741810,0,28201,9999,19999,10000,16777216,bound_hit,1249
measured,probe-memory-buffer,run,3424,538870210,0,28201,9999,19999,10000,16777216,bound_hit,1249
measured,probe-memory-buffer,run,3425,539035810,0,28201,9999,19999,10000,16777216,bound_hit,1249
measured,probe-memory-buffer,run,3426,539162410,0,28201,9999,19999,10000,16777216,bound_hit,1249
measured,probe-memory-buffer,run,3427,539289310,0,28201,9999,19999,10000,16777216,bound_hit,1249
measured,probe-memory-buffer,run,3428,539436710,0,28201,9999,19999,10000,16777216,bound_hit,1249
measured,probe-memory-buffer,run,3429,539582910,0,28201,9999,19999,10000,16777216,bound_hit,1249
measured,probe-memory-buffer,run,3430,539702010,0,28201,9999,19999,10000,16777216,bound_hit,1249
measured,probe-memory-buffer,run,3431,539820210,0,28201,9999,19999,10000,16777216,bound_hit,1249
measured,probe-memory-buffer,run,3432,539938610,0,28201,9999,19999,10000,16777216,bound_hit,1249
measured,probe-memory-buffer,run,3433,540103710,0,28201,9999,19999,10000,16777216,bound_hit,1249
measured,probe-memory-buffer,run,3434,540223010,0,28201,9999,19999,10000,16777216,bound_hit,1249
measured,probe-memory-buffer,run,3435,540341210,0,28201,9999,19999,10000,16777216,bound_hit,1249
measured,probe-memory-buffer,run,3436,540459110,0,28201,9999,19999,10000,16777216,bound_hit,1249
measured,probe-memory-buffer,run,3437,540577010,0,28201,9999,19999,10000,16777216,bound_hit,1249
measured,probe-memory-buffer,run,3438,540694810,0,28201,9999,19999,10000,16777216,bound_hit,1249
measured,probe-memory-buffer,run,3439,540820610,0,28201,9999,19999,10000,16777216,bound_hit,1249
measured,probe-memory-buffer,run,3440,540941810,0,28201,9999,19999,10000,16777216,bound_hit,1249
measured,probe-memory-buffer,run,3441,541060310,0,28201,9999,19999,10000,16777216,bound_hit,1249
measured,probe-memory-buffer,run,3442,541178510,0,28201,9999,19999,10000,16777216,bound_hit,1249
measured,probe-memory-buffer,run,3443,541296410,0,28201,9999,19999,10000,16777216,bound_hit,1249
measured,probe-memory-buffer,run,3444,541414410,0,28201,9999,19999,10000,16777216,bound_hit,1249
measured,probe-memory-buffer,run,3445,541532410,0,28201,9999,19999,10000,16777216,bound_hit,1249
measured,probe-memory-buffer,run,3446,541650510,0,28201,9999,19999,10000,16777216,bound_hit,1249
measured,probe-memory-buffer,run,3447,541768510,0,28201,9999,19999,10000,16777216,bound_hit,1249
measured,probe-memory-buffer,run,3448,541886610,0,28201,9999,19999,10000,16777216,bound_hit,1249
measured,probe-memory-buffer,run,3449,542004510,0,28201,9999,19999,10000,16777216,bound_hit,1249
measured,probe-memory-buffer,run,3450,542122610,0,28201,9999,19999,10000,16777216,bound_hit,1249
measured,probe-memory-buffer,run,3451,542240410,0,28201,9999,19999,10000,16777216,bound_hit,1249
measured,probe-memory-buffer,run,3452,542358210,0,28201,9999,19999,10000,16777216,bound_hit,1249
measured,probe-memory-buffer,run,3453,542476410,0,28201,9999,19999,10000,16777216,bound_hit,1249
measured,probe-memory-buffer,run,3454,542594210,0,28201,9999,19999,10000,16777216,bound_hit,1249
measured,probe-memory-buffer,run,3455,542712510,0,28201,9999,19999,10000,16777216,bound_hit,1249
measured,probe-memory-buffer,run,3456,542830510,0,28201,9999,19999,10000,16777216,bound_hit,1249
measured,probe-memory-buffer,run,3457,542948510,0,28201,9999,19999,10000,16777216,bound_hit,1249
measured,probe-memory-buffer,run,3458,543066410,0,28201,9999,19999,10000,16777216,bound_hit,1249
measured,probe-memory-buffer,run,3459,543184310,0,28201,9999,19999,10000,16777216,bound_hit,1249
measured,probe-memory-buffer,run,3460,543302310,0,28201,9999,19999,10000,16777216,bound_hit,1249
measured,probe-memory-buffer,run,3461,543420110,0,28201,9999,19999,10000,16777216,bound_hit,1249
measured,probe-memory-buffer,run,3462,543538110,0,28201,9999,19999,10000,16777216,bound_hit,1249
measured,probe-memory-buffer,run,3463,543656210,0,28201,9999,19999,10000,16777216,bound_hit,1249
measured,probe-memory-buffer,run,3464,543774110,0,28201,9999,19999,10000,16777216,bound_hit,1249
measured,probe-memory-buffer,run,3465,543891910,0,28201,9999,19999,10000,16777216,bound_hit,1249
measured,probe-memory-buffer,run,3466,544009810,0,28201,9999,19999,10000,16777216,bound_hit,1249
measured,probe-memory-buffer,run,3467,544205710,0,28201,9999,19999,10000,16777216,bound_hit,1249
measured,probe-memory-buffer,run,3468,544334810,0,28201,9999,19999,10000,16777216,bound_hit,1249
measured,probe-memory-buffer,run,3469,544459810,0,28201,9999,19999,10000,16777216,bound_hit,1249
measured,probe-memory-buffer,run,3470,544584710,0,28201,9999,19999,10000,16777216,bound_hit,1249
measured,probe-memory-buffer,run,3471,544711310,0,28201,9999,19999,10000,16777216,bound_hit,1249
measured,probe-memory-buffer,run,3472,544837210,0,28201,9999,19999,10000,16777216,bound_hit,1249
measured,probe-memory-buffer,run,3473,544961610,0,28201,9999,19999,10000,16777216,bound_hit,1249
measured,probe-memory-buffer,run,3474,545085910,0,28201,9999,19999,10000,16777216,bound_hit,1249
measured,probe-memory-buffer,run,3475,545211710,0,28201,9999,19999,10000,16777216,bound_hit,1249
measured,probe-memory-buffer,run,3476,545337410,0,28201,9999,19999,10000,16777216,bound_hit,1249
measured,probe-memory-buffer,run,3477,545461810,0,28201,9999,19999,10000,16777216,bound_hit,1249
measured,probe-memory-buffer,run,3478,545586710,0,28201,9999,19999,10000,16777216,bound_hit,1249
measured,probe-memory-buffer,run,3479,545735310,0,28201,9999,19999,10000,16777216,bound_hit,1249
measured,probe-memory-buffer,run,3480,545904810,0,28201,9999,19999,10000,16777216,bound_hit,1249
measured,probe-memory-buffer,run,3481,546048810,0,28201,9999,19999,10000,16777216,bound_hit,1249
measured,probe-memory-buffer,run,3482,546195210,0,28201,9999,19999,10000,16777216,bound_hit,1249
measured,probe-memory-buffer,run,3483,546339710,0,28201,9999,19999,10000,16777216,bound_hit,1249
measured,probe-memory-buffer,run,3484,546491310,0,28201,9999,19999,10000,16777216,bound_hit,1249
measured,probe-memory-buffer,run,3485,546621510,0,28201,9999,19999,10000,16777216,bound_hit,1249
measured,probe-memory-buffer,run,3486,546750110,0,28201,9999,19999,10000,16777216,bound_hit,1249
measured,probe-memory-buffer,run,3487,546880010,0,28201,9999,19999,10000,16777216,bound_hit,1249
measured,probe-memory-buffer,run,3488,547009010,0,28201,9999,19999,10000,16777216,bound_hit,1249
measured,probe-memory-buffer,run,3489,547137210,0,28201,9999,19999,10000,16777216,bound_hit,1249
measured,probe-memory-buffer,run,3490,547267410,0,28201,9999,19999,10000,16777216,bound_hit,1249
measured,probe-memory-buffer,run,3491,547424310,0,28201,9999,19999,10000,16777216,bound_hit,1249
measured,probe-memory-buffer,run,3492,547555810,0,28201,9999,19999,10000,16777216,bound_hit,1249
measured,probe-memory-buffer,run,3493,547693110,0,28201,9999,19999,10000,16777216,bound_hit,1249
measured,probe-memory-buffer,run,3494,547836410,0,28201,9999,19999,10000,16777216,bound_hit,1249
measured,probe-memory-buffer,run,3495,547964310,0,28201,9999,19999,10000,16777216,bound_hit,1249
measured,probe-memory-buffer,run,3496,548092510,0,28201,9999,19999,10000,16777216,bound_hit,1249
measured,probe-memory-buffer,run,3497,548222410,0,28201,9999,19999,10000,16777216,bound_hit,1249
measured,probe-memory-buffer,run,3498,548372510,0,28201,9999,19999,10000,16777216,bound_hit,1249
measured,probe-memory-buffer,run,3499,548523810,0,28201,9999,19999,10000,16777216,bound_hit,1249
measured,probe-memory-buffer,run,3500,548652910,0,28201,9999,19999,10000,16777216,bound_hit,1249
measured,probe-memory-buffer,run,3501,548782410,0,28201,9999,19999,10000,16777216,bound_hit,1249
measured,probe-memory-buffer,run,3502,548911710,0,28201,9999,19999,10000,16777216,bound_hit,1249
measured,probe-memory-buffer,run,3503,549040410,0,28201,9999,19999,10000,16777216,bound_hit,1249
measured,probe-memory-buffer,run,3504,549168010,0,28201,9999,19999,10000,16777216,bound_hit,1249
measured,probe-memory-buffer,run,3505,549296710,0,28201,9999,19999,10000,16777216,bound_hit,1249
measured,probe-memory-buffer,run,3506,549425310,0,28201,9999,19999,10000,16777216,bound_hit,1249
measured,probe-memory-buffer,run,3507,549553010,0,28201,9999,19999,10000,16777216,bound_hit,1249
measured,probe-memory-buffer,run,3508,549681010,0,28201,9999,19999,10000,16777216,bound_hit,1249
measured,probe-memory-buffer,run,3509,549808810,0,28201,9999,19999,10000,16777216,bound_hit,1249
measured,probe-memory-buffer,run,3510,549936910,0,28201,9999,19999,10000,16777216,bound_hit,1249
measured,probe-memory-buffer,run,3511,550067710,0,28201,9999,19999,10000,16777216,bound_hit,1249
measured,probe-memory-buffer,run,3512,550197710,0,28201,9999,19999,10000,16777216,bound_hit,1249
measured,probe-memory-buffer,run,3513,550325510,0,28201,9999,19999,10000,16777216,bound_hit,1249
measured,probe-memory-buffer,run,3514,550453610,0,28201,9999,19999,10000,16777216,bound_hit,1249
measured,probe-memory-buffer,run,3515,550576310,0,28201,9999,19999,10000,16777216,bound_hit,1249
measured,probe-memory-buffer,run,3516,550696210,0,28201,9999,19999,10000,16777216,bound_hit,1249
measured,probe-memory-buffer,run,3517,550815310,0,28201,9999,19999,10000,16777216,bound_hit,1249
measured,probe-memory-buffer,run,3518,550934010,0,28201,9999,19999,10000,16777216,bound_hit,1249
measured,probe-memory-buffer,run,3519,551052610,0,28201,9999,19999,10000,16777216,bound_hit,1249
measured,probe-memory-buffer,run,3520,551171510,0,28201,9999,19999,10000,16777216,bound_hit,1249
measured,probe-memory-buffer,run,3521,551290510,0,28201,9999,19999,10000,16777216,bound_hit,1249
measured,probe-memory-buffer,run,3522,551409210,0,28201,9999,19999,10000,16777216,bound_hit,1249
measured,probe-memory-buffer,run,3523,551527810,0,28201,9999,19999,10000,16777216,bound_hit,1249
measured,probe-memory-buffer,run,3524,551646610,0,28201,9999,19999,10000,16777216,bound_hit,1249
measured,probe-memory-buffer,run,3525,551765310,0,28201,9999,19999,10000,16777216,bound_hit,1249
measured,probe-memory-buffer,run,3526,551883810,0,28201,9999,19999,10000,16777216,bound_hit,1249
measured,probe-memory-buffer,run,3527,552002610,0,28201,9999,19999,10000,16777216,bound_hit,1249
measured,probe-memory-buffer,run,3528,552123110,0,28201,9999,19999,10000,16777216,bound_hit,1249
measured,probe-memory-buffer,run,3529,552241910,0,28201,9999,19999,10000,16777216,bound_hit,1249
measured,probe-memory-buffer,run,3530,552360410,0,28201,9999,19999,10000,16777216,bound_hit,1249
measured,probe-memory-buffer,run,3531,552479110,0,28201,9999,19999,10000,16777216,bound_hit,1249
measured,probe-memory-buffer,run,3532,552601110,0,28201,9999,19999,10000,16777216,bound_hit,1249
measured,probe-memory-buffer,run,3533,552721110,0,28201,9999,19999,10000,16777216,bound_hit,1249
measured,probe-memory-buffer,run,3534,552879710,0,28201,9999,19999,10000,16777216,bound_hit,1249
measured,probe-memory-buffer,run,3535,553036010,0,28201,9999,19999,10000,16777216,bound_hit,1249
measured,probe-memory-buffer,run,3536,553206510,0,28201,9999,19999,10000,16777216,bound_hit,1249
measured,probe-memory-buffer,run,3537,553339610,0,28201,9999,19999,10000,16777216,bound_hit,1249
measured,probe-memory-buffer,run,3538,553461510,0,28201,9999,19999,10000,16777216,bound_hit,1249
measured,probe-memory-buffer,run,3539,553580910,0,28201,9999,19999,10000,16777216,bound_hit,1249
measured,probe-memory-buffer,run,3540,553700210,0,28201,9999,19999,10000,16777216,bound_hit,1249
measured,probe-memory-buffer,run,3541,553819310,0,28201,9999,19999,10000,16777216,bound_hit,1249
measured,probe-memory-buffer,run,3542,553938510,0,28201,9999,19999,10000,16777216,bound_hit,1249
measured,probe-memory-buffer,run,3543,554058010,0,28201,9999,19999,10000,16777216,bound_hit,1249
measured,probe-memory-buffer,run,3544,554177210,0,28201,9999,19999,10000,16777216,bound_hit,1249
measured,probe-memory-buffer,run,3545,554297010,0,28201,9999,19999,10000,16777216,bound_hit,1249
measured,probe-memory-buffer,run,3546,554417210,0,28201,9999,19999,10000,16777216,bound_hit,1249
measured,probe-memory-buffer,run,3547,554540510,0,28201,9999,19999,10000,16777216,bound_hit,1249
measured,probe-memory-buffer,run,3548,554661210,0,28201,9999,19999,10000,16777216,bound_hit,1249
measured,probe-memory-buffer,run,3549,554824310,0,28201,9999,19999,10000,16777216,bound_hit,1249
measured,probe-memory-buffer,run,3550,554951910,0,28201,9999,19999,10000,16777216,bound_hit,1249
measured,probe-memory-buffer,run,3551,555091610,0,28201,9999,19999,10000,16777216,bound_hit,1249
measured,probe-memory-buffer,run,3552,555235010,0,28201,9999,19999,10000,16777216,bound_hit,1249
measured,probe-memory-buffer,run,3553,555394010,0,28201,9999,19999,10000,16777216,bound_hit,1249
measured,probe-memory-buffer,run,3554,555517610,0,28201,9999,19999,10000,16777216,bound_hit,1249
measured,probe-memory-buffer,run,3555,555640710,0,28201,9999,19999,10000,16777216,bound_hit,1249
measured,probe-memory-buffer,run,3556,555763210,0,28201,9999,19999,10000,16777216,bound_hit,1249
measured,probe-memory-buffer,run,3557,555883210,0,28201,9999,19999,10000,16777216,bound_hit,1249
measured,probe-memory-buffer,run,3558,556001710,0,28201,9999,19999,10000,16777216,bound_hit,1249
measured,probe-memory-buffer,run,3559,556121510,0,28201,9999,19999,10000,16777216,bound_hit,1249
measured,probe-memory-buffer,run,3560,556239910,0,28201,9999,19999,10000,16777216,bound_hit,1249
measured,probe-memory-buffer,run,3561,556358110,0,28201,9999,19999,10000,16777216,bound_hit,1249
measured,probe-memory-buffer,run,3562,556476210,0,28201,9999,19999,10000,16777216,bound_hit,1249
measured,probe-memory-buffer,run,3563,556594410,0,28201,9999,19999,10000,16777216,bound_hit,1249
measured,probe-memory-buffer,run,3564,556712610,0,28201,9999,19999,10000,16777216,bound_hit,1249
measured,probe-memory-buffer,run,3565,556830910,0,28201,9999,19999,10000,16777216,bound_hit,1249
measured,probe-memory-buffer,run,3566,556949110,0,28201,9999,19999,10000,16777216,bound_hit,1249
measured,probe-memory-buffer,run,3567,557067310,0,28201,9999,19999,10000,16777216,bound_hit,1249
measured,probe-memory-buffer,run,3568,557185710,0,28201,9999,19999,10000,16777216,bound_hit,1249
measured,probe-memory-buffer,run,3569,557303910,0,28201,9999,19999,10000,16777216,bound_hit,1249
measured,probe-memory-buffer,run,3570,557422210,0,28201,9999,19999,10000,16777216,bound_hit,1249
measured,probe-memory-buffer,run,3571,557541210,0,28201,9999,19999,10000,16777216,bound_hit,1249
measured,probe-memory-buffer,run,3572,557659510,0,28201,9999,19999,10000,16777216,bound_hit,1249
measured,probe-memory-buffer,run,3573,557778010,0,28201,9999,19999,10000,16777216,bound_hit,1249
measured,probe-memory-buffer,run,3574,557896210,0,28201,9999,19999,10000,16777216,bound_hit,1249
measured,probe-memory-buffer,run,3575,558014810,0,28201,9999,19999,10000,16777216,bound_hit,1249
measured,probe-memory-buffer,run,3576,558133110,0,28201,9999,19999,10000,16777216,bound_hit,1249
measured,probe-memory-buffer,run,3577,558251410,0,28201,9999,19999,10000,16777216,bound_hit,1249
measured,probe-memory-buffer,run,3578,558369610,0,28201,9999,19999,10000,16777216,bound_hit,1249
measured,probe-memory-buffer,run,3579,558487710,0,28201,9999,19999,10000,16777216,bound_hit,1249
measured,probe-memory-buffer,run,3580,558606310,0,28201,9999,19999,10000,16777216,bound_hit,1249
measured,probe-memory-buffer,run,3581,558724810,0,28201,9999,19999,10000,16777216,bound_hit,1249
measured,probe-memory-buffer,run,3582,558843510,0,28201,9999,19999,10000,16777216,bound_hit,1249
measured,probe-memory-buffer,run,3583,558961710,0,28201,9999,19999,10000,16777216,bound_hit,1249
measured,probe-memory-buffer,run,3584,559079910,0,28201,9999,19999,10000,16777216,bound_hit,1249
measured,probe-memory-buffer,run,3585,559198210,0,28201,9999,19999,10000,16777216,bound_hit,1249
measured,probe-memory-buffer,run,3586,559316510,0,28201,9999,19999,10000,16777216,bound_hit,1249
measured,probe-memory-buffer,run,3587,559434810,0,28201,9999,19999,10000,16777216,bound_hit,1249
measured,probe-memory-buffer,run,3588,559620810,0,28201,9999,19999,10000,16777216,bound_hit,1249
measured,probe-memory-buffer,run,3589,559805910,0,28201,9999,19999,10000,16777216,bound_hit,1249
measured,probe-memory-buffer,run,3590,559957210,0,28201,9999,19999,10000,16777216,bound_hit,1249
measured,probe-memory-buffer,run,3591,560084610,0,28201,9999,19999,10000,16777216,bound_hit,1249
measured,probe-memory-buffer,run,3592,560206010,0,28201,9999,19999,10000,16777216,bound_hit,1249
measured,probe-memory-buffer,run,3593,560326210,0,28201,9999,19999,10000,16777216,bound_hit,1249
measured,probe-memory-buffer,run,3594,560449310,0,28201,9999,19999,10000,16777216,bound_hit,1249
measured,probe-memory-buffer,run,3595,560570310,0,28201,9999,19999,10000,16777216,bound_hit,1249
measured,probe-memory-buffer,run,3596,560695110,0,28201,9999,19999,10000,16777216,bound_hit,1249
measured,probe-memory-buffer,run,3597,560821310,0,28201,9999,19999,10000,16777216,bound_hit,1249
measured,probe-memory-buffer,run,3598,560948610,0,28201,9999,19999,10000,16777216,bound_hit,1249
measured,probe-memory-buffer,run,3599,561142910,0,28201,9999,19999,10000,16777216,bound_hit,1249
measured,probe-memory-buffer,run,3600,561264410,0,28201,9999,19999,10000,16777216,bound_hit,1249
measured,probe-memory-buffer,run,3601,561408010,0,28201,9999,19999,10000,16777216,bound_hit,1249
measured,probe-memory-buffer,run,3602,561553810,0,28201,9999,19999,10000,16777216,bound_hit,1249
measured,probe-memory-buffer,run,3603,561677010,0,28201,9999,19999,10000,16777216,bound_hit,1249
measured,probe-memory-buffer,run,3604,561798410,0,28201,9999,19999,10000,16777216,bound_hit,1249
measured,probe-memory-buffer,run,3605,561917210,0,28201,9999,19999,10000,16777216,bound_hit,1249
measured,probe-memory-buffer,run,3606,562051210,0,28201,9999,19999,10000,16777216,bound_hit,1249
measured,probe-memory-buffer,run,3607,562171210,0,28201,9999,19999,10000,16777216,bound_hit,1249
measured,probe-memory-buffer,run,3608,562289810,0,28201,9999,19999,10000,16777216,bound_hit,1249
measured,probe-memory-buffer,run,3609,562408410,0,28201,9999,19999,10000,16777216,bound_hit,1249
measured,probe-memory-buffer,run,3610,562537010,0,28201,9999,19999,10000,16777216,bound_hit,1249
measured,probe-memory-buffer,run,3611,562655810,0,28201,9999,19999,10000,16777216,bound_hit,1249
measured,probe-memory-buffer,run,3612,562774110,0,28201,9999,19999,10000,16777216,bound_hit,1249
measured,probe-memory-buffer,run,3613,562892410,0,28201,9999,19999,10000,16777216,bound_hit,1249
measured,probe-memory-buffer,run,3614,563011210,0,28201,9999,19999,10000,16777216,bound_hit,1249
measured,probe-memory-buffer,run,3615,563129610,0,28201,9999,19999,10000,16777216,bound_hit,1249
measured,probe-memory-buffer,run,3616,563247710,0,28201,9999,19999,10000,16777216,bound_hit,1249
measured,probe-memory-buffer,run,3617,563366210,0,28201,9999,19999,10000,16777216,bound_hit,1249
measured,probe-memory-buffer,run,3618,563485710,0,28201,9999,19999,10000,16777216,bound_hit,1249
measured,probe-memory-buffer,run,3619,563604210,0,28201,9999,19999,10000,16777216,bound_hit,1249
measured,probe-memory-buffer,run,3620,563722410,0,28201,9999,19999,10000,16777216,bound_hit,1249
measured,probe-memory-buffer,run,3621,563840710,0,28201,9999,19999,10000,16777216,bound_hit,1249
measured,probe-memory-buffer,run,3622,563958810,0,28201,9999,19999,10000,16777216,bound_hit,1249
measured,probe-memory-buffer,run,3623,564065310,0,28201,9999,19999,10000,16777216,bound_hit,1249
measured,probe-memory-buffer,run,3624,564184010,0,28201,9999,19999,10000,16777216,bound_hit,1249
measured,probe-memory-buffer,run,3625,564302210,0,28201,9999,19999,10000,16777216,bound_hit,1249
measured,probe-memory-buffer,run,3626,564420910,0,28201,9999,19999,10000,16777216,bound_hit,1249
measured,probe-memory-buffer,run,3627,564540310,0,28201,9999,19999,10000,16777216,bound_hit,1249
measured,probe-memory-buffer,run,3628,564658610,0,28201,9999,19999,10000,16777216,bound_hit,1249
measured,probe-memory-buffer,run,3629,564777010,0,28201,9999,19999,10000,16777216,bound_hit,1249
measured,probe-memory-buffer,run,3630,564895010,0,28201,9999,19999,10000,16777216,bound_hit,1249
measured,probe-memory-buffer,run,3631,565013210,0,28201,9999,19999,10000,16777216,bound_hit,1249
measured,probe-memory-buffer,run,3632,565131510,0,28201,9999,19999,10000,16777216,bound_hit,1249
measured,probe-memory-buffer,run,3633,565249610,0,28201,9999,19999,10000,16777216,bound_hit,1249
measured,probe-memory-buffer,run,3634,565368010,0,28201,9999,19999,10000,16777216,bound_hit,1249
measured,probe-memory-buffer,run,3635,565486510,0,28201,9999,19999,10000,16777216,bound_hit,1249
measured,probe-memory-buffer,run,3636,565604910,0,28201,9999,19999,10000,16777216,bound_hit,1249
measured,probe-memory-buffer,run,3637,565723410,0,28201,9999,19999,10000,16777216,bound_hit,1249
measured,probe-memory-buffer,run,3638,565842110,0,28201,9999,19999,10000,16777216,bound_hit,1249
measured,probe-memory-buffer,run,3639,565962810,0,28201,9999,19999,10000,16777216,bound_hit,1249
measured,probe-memory-buffer,run,3640,566082110,0,28201,9999,19999,10000,16777216,bound_hit,1249
measured,probe-memory-buffer,run,3641,566200710,0,28201,9999,19999,10000,16777216,bound_hit,1249
measured,probe-memory-buffer,run,3642,566319510,0,28201,9999,19999,10000,16777216,bound_hit,1249
measured,probe-memory-buffer,run,3643,566438710,0,28201,9999,19999,10000,16777216,bound_hit,1249
measured,probe-memory-buffer,run,3644,566587110,0,28201,9999,19999,10000,16777216,bound_hit,1249
measured,probe-memory-buffer,run,3645,566737210,0,28201,9999,19999,10000,16777216,bound_hit,1249
measured,probe-memory-buffer,run,3646,566861710,0,28201,9999,19999,10000,16777216,bound_hit,1249
measured,probe-memory-buffer,run,3647,567011110,0,28201,9999,19999,10000,16777216,bound_hit,1249
measured,probe-memory-buffer,run,3648,567159610,0,28201,9999,19999,10000,16777216,bound_hit,1249
measured,probe-memory-buffer,run,3649,567291110,0,28201,9999,19999,10000,16777216,bound_hit,1249
measured,probe-memory-buffer,run,3650,567422910,0,28201,9999,19999,10000,16777216,bound_hit,1249
measured,probe-memory-buffer,run,3651,567549410,0,28201,9999,19999,10000,16777216,bound_hit,1249
measured,probe-memory-buffer,run,3652,567674110,0,28201,9999,19999,10000,16777216,bound_hit,1249
measured,probe-memory-buffer,run,3653,567795910,0,28201,9999,19999,10000,16777216,bound_hit,1249
measured,probe-memory-buffer,run,3654,567917810,0,28201,9999,19999,10000,16777216,bound_hit,1249
measured,probe-memory-buffer,run,3655,568105910,0,28201,9999,19999,10000,16777216,bound_hit,1249
measured,probe-memory-buffer,run,3656,568236210,0,28201,9999,19999,10000,16777216,bound_hit,1249
measured,probe-memory-buffer,run,3657,568376310,0,28201,9999,19999,10000,16777216,bound_hit,1249
measured,probe-memory-buffer,run,3658,568521410,0,28201,9999,19999,10000,16777216,bound_hit,1249
measured,probe-memory-buffer,run,3659,568641210,0,28201,9999,19999,10000,16777216,bound_hit,1249
measured,probe-memory-buffer,run,3660,568807410,0,28201,9999,19999,10000,16777216,bound_hit,1249
measured,probe-memory-buffer,run,3661,568966310,0,28201,9999,19999,10000,16777216,bound_hit,1249
measured,probe-memory-buffer,run,3662,569103410,0,28201,9999,19999,10000,16777216,bound_hit,1249
measured,probe-memory-buffer,run,3663,569230010,0,28201,9999,19999,10000,16777216,bound_hit,1249
measured,probe-memory-buffer,run,3664,569383410,0,28201,9999,19999,10000,16777216,bound_hit,1249
measured,probe-memory-buffer,run,3665,569520510,0,28201,9999,19999,10000,16777216,bound_hit,1249
measured,probe-memory-buffer,run,3666,569648610,0,28201,9999,19999,10000,16777216,bound_hit,1249
measured,probe-memory-buffer,run,3667,569784310,0,28201,9999,19999,10000,16777216,bound_hit,1249
measured,probe-memory-buffer,run,3668,569976910,0,28201,9999,19999,10000,16777216,bound_hit,1249
measured,probe-memory-buffer,run,3669,570107710,0,28201,9999,19999,10000,16777216,bound_hit,1249
measured,probe-memory-buffer,run,3670,570233210,0,28201,9999,19999,10000,16777216,bound_hit,1249
measured,probe-memory-buffer,run,3671,570358010,0,28201,9999,19999,10000,16777216,bound_hit,1249
measured,probe-memory-buffer,run,3672,570482810,0,28201,9999,19999,10000,16777216,bound_hit,1249
measured,probe-memory-buffer,run,3673,570607910,0,28201,9999,19999,10000,16777216,bound_hit,1249
measured,probe-memory-buffer,run,3674,570732610,0,28201,9999,19999,10000,16777216,bound_hit,1249
measured,probe-memory-buffer,run,3675,570857210,0,28201,9999,19999,10000,16777216,bound_hit,1249
measured,probe-memory-buffer,run,3676,570982210,0,28201,9999,19999,10000,16777216,bound_hit,1249
measured,probe-memory-buffer,run,3677,571106910,0,28201,9999,19999,10000,16777216,bound_hit,1249
measured,probe-memory-buffer,run,3678,571231410,0,28201,9999,19999,10000,16777216,bound_hit,1249
measured,probe-memory-buffer,run,3679,571355810,0,28201,9999,19999,10000,16777216,bound_hit,1249
measured,probe-memory-buffer,run,3680,571480310,0,28201,9999,19999,10000,16777216,bound_hit,1249
measured,probe-memory-buffer,run,3681,571605010,0,28201,9999,19999,10000,16777216,bound_hit,1249
measured,probe-memory-buffer,run,3682,571729310,0,28201,9999,19999,10000,16777216,bound_hit,1249
measured,probe-memory-buffer,run,3683,571851610,0,28201,9999,19999,10000,16777216,bound_hit,1249
measured,probe-memory-buffer,run,3684,571971710,0,28201,9999,19999,10000,16777216,bound_hit,1249
measured,probe-memory-buffer,run,3685,572121210,0,28201,9999,19999,10000,16777216,bound_hit,1249
measured,probe-memory-buffer,run,3686,572248510,0,28201,9999,19999,10000,16777216,bound_hit,1249
measured,probe-memory-buffer,run,3687,572375810,0,28201,9999,19999,10000,16777216,bound_hit,1249
measured,probe-memory-buffer,run,3688,572503310,0,28201,9999,19999,10000,16777216,bound_hit,1249
measured,probe-memory-buffer,run,3689,572648110,0,28201,9999,19999,10000,16777216,bound_hit,1249
measured,probe-memory-buffer,run,3690,572776410,0,28201,9999,19999,10000,16777216,bound_hit,1249
measured,probe-memory-buffer,run,3691,572904910,0,28201,9999,19999,10000,16777216,bound_hit,1249
measured,probe-memory-buffer,run,3692,573033510,0,28201,9999,19999,10000,16777216,bound_hit,1249
measured,probe-memory-buffer,run,3693,573162610,0,28201,9999,19999,10000,16777216,bound_hit,1249
measured,probe-memory-buffer,run,3694,573292210,0,28201,9999,19999,10000,16777216,bound_hit,1249
measured,probe-memory-buffer,run,3695,573446110,0,28201,9999,19999,10000,16777216,bound_hit,1249
measured,probe-memory-buffer,run,3696,573573810,0,28201,9999,19999,10000,16777216,bound_hit,1249
measured,probe-memory-buffer,run,3697,573722810,0,28201,9999,19999,10000,16777216,bound_hit,1249
measured,probe-memory-buffer,run,3698,573852410,0,28201,9999,19999,10000,16777216,bound_hit,1249
measured,probe-memory-buffer,run,3699,573990210,0,28201,9999,19999,10000,16777216,bound_hit,1249
measured,probe-memory-buffer,run,3700,574120510,0,28201,9999,19999,10000,16777216,bound_hit,1249
measured,probe-memory-buffer,run,3701,574250210,0,28201,9999,19999,10000,16777216,bound_hit,1249
measured,probe-memory-buffer,run,3702,574381110,0,28201,9999,19999,10000,16777216,bound_hit,1249
measured,probe-memory-buffer,run,3703,574510710,0,28201,9999,19999,10000,16777216,bound_hit,1249
measured,probe-memory-buffer,run,3704,574642110,0,28201,9999,19999,10000,16777216,bound_hit,1249
measured,probe-memory-buffer,run,3705,574776110,0,28201,9999,19999,10000,16777216,bound_hit,1249
measured,probe-memory-buffer,run,3706,574941810,0,28201,9999,19999,10000,16777216,bound_hit,1249
measured,probe-memory-buffer,run,3707,575075310,0,28201,9999,19999,10000,16777216,bound_hit,1249
measured,probe-memory-buffer,run,3708,575207510,0,28201,9999,19999,10000,16777216,bound_hit,1249
measured,probe-memory-buffer,run,3709,575340110,0,28201,9999,19999,10000,16777216,bound_hit,1249
measured,probe-memory-buffer,run,3710,575472310,0,28201,9999,19999,10000,16777216,bound_hit,1249
measured,probe-memory-buffer,run,3711,575604910,0,28201,9999,19999,10000,16777216,bound_hit,1249
measured,probe-memory-buffer,run,3712,575737810,0,28201,9999,19999,10000,16777216,bound_hit,1249
measured,probe-memory-buffer,run,3713,575869710,0,28201,9999,19999,10000,16777216,bound_hit,1249
measured,probe-memory-buffer,run,3714,576002210,0,28201,9999,19999,10000,16777216,bound_hit,1249
measured,probe-memory-buffer,run,3715,576134910,0,28201,9999,19999,10000,16777216,bound_hit,1249
measured,probe-memory-buffer,run,3716,576326810,0,28201,9999,19999,10000,16777216,bound_hit,1249
measured,probe-memory-buffer,run,3717,576473510,0,28201,9999,19999,10000,16777216,bound_hit,1249
measured,probe-memory-buffer,run,3718,576613911,0,28201,9999,19999,10000,16777216,bound_hit,1249
measured,probe-memory-buffer,run,3719,576752911,0,28201,9999,19999,10000,16777216,bound_hit,1249
measured,probe-memory-buffer,run,3720,576948411,0,28201,9999,19999,10000,16777216,bound_hit,1249
measured,probe-memory-buffer,run,3721,577140511,0,28201,9999,19999,10000,16777216,bound_hit,1249
measured,probe-memory-buffer,run,3722,577330911,0,28201,9999,19999,10000,16777216,bound_hit,1249
measured,probe-memory-buffer,run,3723,577474611,0,28201,9999,19999,10000,16777216,bound_hit,1249
measured,probe-memory-buffer,run,3724,577622811,0,28201,9999,19999,10000,16777216,bound_hit,1249
measured,probe-memory-buffer,run,3725,577759211,0,28201,9999,19999,10000,16777216,bound_hit,1249
measured,probe-memory-buffer,run,3726,577892211,0,28201,9999,19999,10000,16777216,bound_hit,1249
measured,probe-memory-buffer,run,3727,578025011,0,28201,9999,19999,10000,16777216,bound_hit,1249
measured,probe-memory-buffer,run,3728,578157611,0,28201,9999,19999,10000,16777216,bound_hit,1249
measured,probe-memory-buffer,run,3729,578290311,0,28201,9999,19999,10000,16777216,bound_hit,1249
measured,probe-memory-buffer,run,3730,578423711,0,28201,9999,19999,10000,16777216,bound_hit,1249
measured,probe-memory-buffer,run,3731,578556811,0,28201,9999,19999,10000,16777216,bound_hit,1249
measured,probe-memory-buffer,run,3732,578689911,0,28201,9999,19999,10000,16777216,bound_hit,1249
measured,probe-memory-buffer,run,3733,578822811,0,28201,9999,19999,10000,16777216,bound_hit,1249
measured,probe-memory-buffer,run,3734,578955911,0,28201,9999,19999,10000,16777216,bound_hit,1249
measured,probe-memory-buffer,run,3735,579089111,0,28201,9999,19999,10000,16777216,bound_hit,1249
measured,probe-memory-buffer,run,3736,579222811,0,28201,9999,19999,10000,16777216,bound_hit,1249
measured,probe-memory-buffer,run,3737,579356011,0,28201,9999,19999,10000,16777216,bound_hit,1249
measured,probe-memory-buffer,run,3738,579489311,0,28201,9999,19999,10000,16777216,bound_hit,1249
measured,probe-memory-buffer,run,3739,579622311,0,28201,9999,19999,10000,16777216,bound_hit,1249
measured,probe-memory-buffer,run,3740,579755411,0,28201,9999,19999,10000,16777216,bound_hit,1249
measured,probe-memory-buffer,run,3741,579888811,0,28201,9999,19999,10000,16777216,bound_hit,1249
measured,probe-memory-buffer,run,3742,580021911,0,28201,9999,19999,10000,16777216,bound_hit,1249
measured,probe-memory-buffer,run,3743,580156811,0,28201,9999,19999,10000,16777216,bound_hit,1249
measured,probe-memory-buffer,run,3744,580290211,0,28201,9999,19999,10000,16777216,bound_hit,1249
measured,probe-memory-buffer,run,3745,580471311,0,28201,9999,19999,10000,16777216,bound_hit,1249
measured,probe-memory-buffer,run,3746,580614711,0,28201,9999,19999,10000,16777216,bound_hit,1249
measured,probe-memory-buffer,run,3747,580767211,0,28201,9999,19999,10000,16777216,bound_hit,1249
measured,probe-memory-buffer,run,3748,580924411,0,28201,9999,19999,10000,16777216,bound_hit,1249
measured,probe-memory-buffer,run,3749,581081411,0,28201,9999,19999,10000,16777216,bound_hit,1249
measured,probe-memory-buffer,run,3750,581251611,0,28201,9999,19999,10000,16777216,bound_hit,1249
measured,probe-memory-buffer,run,3751,581421411,0,28201,9999,19999,10000,16777216,bound_hit,1249
measured,probe-memory-buffer,run,3752,581558411,0,28201,9999,19999,10000,16777216,bound_hit,1249
measured,probe-memory-buffer,run,3753,581692311,0,28201,9999,19999,10000,16777216,bound_hit,1249
measured,probe-memory-buffer,run,3754,581826911,0,28201,9999,19999,10000,16777216,bound_hit,1249
measured,probe-memory-buffer,run,3755,581960911,0,28201,9999,19999,10000,16777216,bound_hit,1249
measured,probe-memory-buffer,run,3756,582093611,0,28201,9999,19999,10000,16777216,bound_hit,1249
measured,probe-memory-buffer,run,3757,582236211,0,28201,9999,19999,10000,16777216,bound_hit,1249
measured,probe-memory-buffer,run,3758,582374711,0,28201,9999,19999,10000,16777216,bound_hit,1249
measured,probe-memory-buffer,run,3759,582513211,0,28201,9999,19999,10000,16777216,bound_hit,1249
measured,probe-memory-buffer,run,3760,582648811,0,28201,9999,19999,10000,16777216,bound_hit,1249
measured,probe-memory-buffer,run,3761,582783511,0,28201,9999,19999,10000,16777216,bound_hit,1249
measured,probe-memory-buffer,run,3762,582917311,0,28201,9999,19999,10000,16777216,bound_hit,1249
measured,probe-memory-buffer,run,3763,583050711,0,28201,9999,19999,10000,16777216,bound_hit,1249
measured,probe-memory-buffer,run,3764,583184511,0,28201,9999,19999,10000,16777216,bound_hit,1249
measured,probe-memory-buffer,run,3765,583317911,0,28201,9999,19999,10000,16777216,bound_hit,1249
measured,probe-memory-buffer,run,3766,583451511,0,28201,9999,19999,10000,16777216,bound_hit,1249
measured,probe-memory-buffer,run,3767,583585011,0,28201,9999,19999,10000,16777216,bound_hit,1249
measured,probe-memory-buffer,run,3768,583718511,0,28201,9999,19999,10000,16777216,bound_hit,1249
measured,probe-memory-buffer,run,3769,583851911,0,28201,9999,19999,10000,16777216,bound_hit,1249
measured,probe-memory-buffer,run,3770,583985511,0,28201,9999,19999,10000,16777216,bound_hit,1249
measured,probe-memory-buffer,run,3771,584121011,0,28201,9999,19999,10000,16777216,bound_hit,1249
measured,probe-memory-buffer,run,3772,584254911,0,28201,9999,19999,10000,16777216,bound_hit,1249
measured,probe-memory-buffer,run,3773,584388411,0,28201,9999,19999,10000,16777216,bound_hit,1249
measured,probe-memory-buffer,run,3774,584521811,0,28201,9999,19999,10000,16777216,bound_hit,1249
measured,probe-memory-buffer,run,3775,584655911,0,28201,9999,19999,10000,16777216,bound_hit,1249
measured,probe-memory-buffer,run,3776,584789511,0,28201,9999,19999,10000,16777216,bound_hit,1249
measured,probe-memory-buffer,run,3777,584922911,0,28201,9999,19999,10000,16777216,bound_hit,1249
measured,probe-memory-buffer,run,3778,585056411,0,28201,9999,19999,10000,16777216,bound_hit,1249
measured,probe-memory-buffer,run,3779,585189711,0,28201,9999,19999,10000,16777216,bound_hit,1249
measured,probe-memory-buffer,run,3780,585323211,0,28201,9999,19999,10000,16777216,bound_hit,1249
measured,probe-memory-buffer,run,3781,585465311,0,28201,9999,19999,10000,16777216,bound_hit,1249
measured,probe-memory-buffer,run,3782,585599211,0,28201,9999,19999,10000,16777216,bound_hit,1249
measured,probe-memory-buffer,run,3783,585732911,0,28201,9999,19999,10000,16777216,bound_hit,1249
measured,probe-memory-buffer,run,3784,585866611,0,28201,9999,19999,10000,16777216,bound_hit,1249
measured,probe-memory-buffer,run,3785,586000111,0,28201,9999,19999,10000,16777216,bound_hit,1249
measured,probe-memory-buffer,run,3786,586133711,0,28201,9999,19999,10000,16777216,bound_hit,1249
measured,probe-memory-buffer,run,3787,586267311,0,28201,9999,19999,10000,16777216,bound_hit,1249
measured,probe-memory-buffer,run,3788,586400411,0,28201,9999,19999,10000,16777216,bound_hit,1249
measured,probe-memory-buffer,run,3789,586533711,0,28201,9999,19999,10000,16777216,bound_hit,1249
measured,probe-memory-buffer,run,3790,586667311,0,28201,9999,19999,10000,16777216,bound_hit,1249
measured,probe-memory-buffer,run,3791,586800611,0,28201,9999,19999,10000,16777216,bound_hit,1249
measured,probe-memory-buffer,run,3792,586934211,0,28201,9999,19999,10000,16777216,bound_hit,1249
measured,probe-memory-buffer,run,3793,587067511,0,28201,9999,19999,10000,16777216,bound_hit,1249
measured,probe-memory-buffer,run,3794,587200711,0,28201,9999,19999,10000,16777216,bound_hit,1249
measured,probe-memory-buffer,run,3795,587342411,0,28201,9999,19999,10000,16777216,bound_hit,1249
measured,probe-memory-buffer,run,3796,587500411,0,28201,9999,19999,10000,16777216,bound_hit,1249
measured,probe-memory-buffer,run,3797,587659311,0,28201,9999,19999,10000,16777216,bound_hit,1249
measured,probe-memory-buffer,run,3798,587796911,0,28201,9999,19999,10000,16777216,bound_hit,1249
measured,probe-memory-buffer,run,3799,587944111,0,28201,9999,19999,10000,16777216,bound_hit,1249
measured,probe-memory-buffer,run,3800,588105911,0,28201,9999,19999,10000,16777216,bound_hit,1249
measured,probe-memory-buffer,run,3801,588234911,0,28201,9999,19999,10000,16777216,bound_hit,1249
measured,probe-memory-buffer,run,3802,588424911,0,28201,9999,19999,10000,16777216,bound_hit,1249
measured,probe-memory-buffer,run,3803,588597411,0,28201,9999,19999,10000,16777216,bound_hit,1249
measured,probe-memory-buffer,run,3804,588732911,0,28201,9999,19999,10000,16777216,bound_hit,1249
measured,probe-memory-buffer,run,3805,588868111,0,28201,9999,19999,10000,16777216,bound_hit,1249
measured,probe-memory-buffer,run,3806,589025711,0,28201,9999,19999,10000,16777216,bound_hit,1249
measured,probe-memory-buffer,run,3807,589185311,0,28201,9999,19999,10000,16777216,bound_hit,1249
measured,probe-memory-buffer,run,3808,589341711,0,28201,9999,19999,10000,16777216,bound_hit,1249
measured,probe-memory-buffer,run,3809,589498611,0,28201,9999,19999,10000,16777216,bound_hit,1249
measured,probe-memory-buffer,run,3810,589634911,0,28201,9999,19999,10000,16777216,bound_hit,1249
measured,probe-memory-buffer,run,3811,589771211,0,28201,9999,19999,10000,16777216,bound_hit,1249
measured,probe-memory-buffer,run,3812,589912411,0,28201,9999,19999,10000,16777216,bound_hit,1249
measured,probe-memory-buffer,run,3813,590054511,0,28201,9999,19999,10000,16777216,bound_hit,1249
measured,probe-memory-buffer,run,3814,590191911,0,28201,9999,19999,10000,16777216,bound_hit,1249
measured,probe-memory-buffer,run,3815,590328411,0,28201,9999,19999,10000,16777216,bound_hit,1249
measured,probe-memory-buffer,run,3816,590465011,0,28201,9999,19999,10000,16777216,bound_hit,1249
measured,probe-memory-buffer,run,3817,590602011,0,28201,9999,19999,10000,16777216,bound_hit,1249
measured,probe-memory-buffer,run,3818,590752511,0,28201,9999,19999,10000,16777216,bound_hit,1249
measured,probe-memory-buffer,run,3819,590899711,0,28201,9999,19999,10000,16777216,bound_hit,1249
measured,probe-memory-buffer,run,3820,591037311,0,28201,9999,19999,10000,16777216,bound_hit,1249
measured,probe-memory-buffer,run,3821,591174211,0,28201,9999,19999,10000,16777216,bound_hit,1249
measured,probe-memory-buffer,run,3822,591311311,0,28201,9999,19999,10000,16777216,bound_hit,1249
measured,probe-memory-buffer,run,3823,591447611,0,28201,9999,19999,10000,16777216,bound_hit,1249
measured,probe-memory-buffer,run,3824,591583811,0,28201,9999,19999,10000,16777216,bound_hit,1249
measured,probe-memory-buffer,run,3825,591720811,0,28201,9999,19999,10000,16777216,bound_hit,1249
measured,probe-memory-buffer,run,3826,591857211,0,28201,9999,19999,10000,16777216,bound_hit,1249
measured,probe-memory-buffer,run,3827,591993511,0,28201,9999,19999,10000,16777216,bound_hit,1249
measured,probe-memory-buffer,run,3828,592131711,0,28201,9999,19999,10000,16777216,bound_hit,1249
measured,probe-memory-buffer,run,3829,592268611,0,28201,9999,19999,10000,16777216,bound_hit,1249
measured,probe-memory-buffer,run,3830,592405211,0,28201,9999,19999,10000,16777216,bound_hit,1249
measured,probe-memory-buffer,run,3831,592541811,0,28201,9999,19999,10000,16777216,bound_hit,1249
measured,probe-memory-buffer,run,3832,592677911,0,28201,9999,19999,10000,16777216,bound_hit,1249
measured,probe-memory-buffer,run,3833,592814511,0,28201,9999,19999,10000,16777216,bound_hit,1249
measured,probe-memory-buffer,run,3834,592950311,0,28201,9999,19999,10000,16777216,bound_hit,1249
measured,probe-memory-buffer,run,3835,593086311,0,28201,9999,19999,10000,16777216,bound_hit,1249
measured,probe-memory-buffer,run,3836,593222811,0,28201,9999,19999,10000,16777216,bound_hit,1249
measured,probe-memory-buffer,run,3837,593368911,0,28201,9999,19999,10000,16777216,bound_hit,1249
measured,probe-memory-buffer,run,3838,593504711,0,28201,9999,19999,10000,16777216,bound_hit,1249
measured,probe-memory-buffer,run,3839,593641111,0,28201,9999,19999,10000,16777216,bound_hit,1249
measured,probe-memory-buffer,run,3840,593777211,0,28201,9999,19999,10000,16777216,bound_hit,1249
measured,probe-memory-buffer,run,3841,593913411,0,28201,9999,19999,10000,16777216,bound_hit,1249
measured,probe-memory-buffer,run,3842,594049611,0,28201,9999,19999,10000,16777216,bound_hit,1249
measured,probe-memory-buffer,run,3843,594188911,0,28201,9999,19999,10000,16777216,bound_hit,1249
measured,probe-memory-buffer,run,3844,594324711,0,28201,9999,19999,10000,16777216,bound_hit,1249
measured,probe-memory-buffer,run,3845,594361611,0,28201,9999,19999,10000,16777216,update,0
measured,probe-memory-buffer,run,3846,594533811,0,28201,9999,19999,10000,16777216,bound_hit,1249
measured,probe-memory-buffer,run,3847,594660711,0,28201,9999,19999,10000,16777216,bound_hit,1249
measured,probe-memory-buffer,run,3848,594783011,0,28201,9999,19999,10000,16777216,bound_hit,1249
measured,probe-memory-buffer,run,3849,594905311,0,28201,9999,19999,10000,16777216,bound_hit,1249
measured,probe-memory-buffer,run,3850,595027511,0,28201,9999,19999,10000,16777216,bound_hit,1249
measured,probe-memory-buffer,run,3851,595148911,0,28201,9999,19999,10000,16777216,bound_hit,1249
measured,probe-memory-buffer,run,3852,595270611,0,28201,9999,19999,10000,16777216,bound_hit,1249
measured,probe-memory-buffer,run,3853,595392211,0,28201,9999,19999,10000,16777216,bound_hit,1249
measured,probe-memory-buffer,run,3854,595514811,0,28201,9999,19999,10000,16777216,bound_hit,1249
measured,probe-memory-buffer,run,3855,595636311,0,28201,9999,19999,10000,16777216,bound_hit,1249
measured,probe-memory-buffer,run,3856,595762611,0,28201,9999,19999,10000,16777216,bound_hit,1249
measured,probe-memory-buffer,run,3857,595902811,0,28201,9999,19999,10000,16777216,bound_hit,1249
measured,probe-memory-buffer,run,3858,596038511,0,28201,9999,19999,10000,16777216,bound_hit,1249
measured,probe-memory-buffer,run,3859,596164211,0,28201,9999,19999,10000,16777216,bound_hit,1249
measured,probe-memory-buffer,run,3860,596289911,0,28201,9999,19999,10000,16777216,bound_hit,1249
measured,probe-memory-buffer,run,3861,596421011,0,28201,9999,19999,10000,16777216,bound_hit,1249
measured,probe-memory-buffer,run,3862,596545411,0,28201,9999,19999,10000,16777216,bound_hit,1249
measured,probe-memory-buffer,run,3863,596665411,0,28201,9999,19999,10000,16777216,bound_hit,1249
measured,probe-memory-buffer,run,3864,596786011,0,28201,9999,19999,10000,16777216,bound_hit,1249
measured,probe-memory-buffer,run,3865,596906111,0,28201,9999,19999,10000,16777216,bound_hit,1249
measured,probe-memory-buffer,run,3866,597025311,0,28201,9999,19999,10000,16777216,bound_hit,1249
measured,probe-memory-buffer,run,3867,597144311,0,28201,9999,19999,10000,16777216,bound_hit,1249
measured,probe-memory-buffer,run,3868,597263411,0,28201,9999,19999,10000,16777216,bound_hit,1249
measured,probe-memory-buffer,run,3869,597382511,0,28201,9999,19999,10000,16777216,bound_hit,1249
measured,probe-memory-buffer,run,3870,597501711,0,28201,9999,19999,10000,16777216,bound_hit,1249
measured,probe-memory-buffer,run,3871,597623511,0,28201,9999,19999,10000,16777216,bound_hit,1249
measured,probe-memory-buffer,run,3872,597742811,0,28201,9999,19999,10000,16777216,bound_hit,1249
measured,probe-memory-buffer,run,3873,597861911,0,28201,9999,19999,10000,16777216,bound_hit,1249
measured,probe-memory-buffer,run,3874,597981011,0,28201,9999,19999,10000,16777216,bound_hit,1249
measured,probe-memory-buffer,run,3875,598100211,0,28201,9999,19999,10000,16777216,bound_hit,1249
measured,probe-memory-buffer,run,3876,598219211,0,28201,9999,19999,10000,16777216,bound_hit,1249
measured,probe-memory-buffer,run,3877,598338311,0,28201,9999,19999,10000,16777216,bound_hit,1249
measured,probe-memory-buffer,run,3878,598457211,0,28201,9999,19999,10000,16777216,bound_hit,1249
measured,probe-memory-buffer,run,3879,598575611,0,28201,9999,19999,10000,16777216,bound_hit,1249
measured,probe-memory-buffer,run,3880,598694711,0,28201,9999,19999,10000,16777216,bound_hit,1249
measured,probe-memory-buffer,run,3881,598813911,0,28201,9999,19999,10000,16777216,bound_hit,1249
measured,probe-memory-buffer,run,3882,598932711,0,28201,9999,19999,10000,16777216,bound_hit,1249
measured,probe-memory-buffer,run,3883,599051711,0,28201,9999,19999,10000,16777216,bound_hit,1249
measured,probe-memory-buffer,run,3884,599170511,0,28201,9999,19999,10000,16777216,bound_hit,1249
measured,probe-memory-buffer,run,3885,599289611,0,28201,9999,19999,10000,16777216,bound_hit,1249
measured,probe-memory-buffer,run,3886,599408611,0,28201,9999,19999,10000,16777216,bound_hit,1249
measured,probe-memory-buffer,run,3887,599527611,0,28201,9999,19999,10000,16777216,bound_hit,1249
measured,probe-memory-buffer,run,3888,599646711,0,28201,9999,19999,10000,16777216,bound_hit,1249
measured,probe-memory-buffer,run,3889,599766211,0,28201,9999,19999,10000,16777216,bound_hit,1249
measured,probe-memory-buffer,run,3890,599885611,0,28201,9999,19999,10000,16777216,bound_hit,1249
measured,probe-memory-buffer,run,3891,600004911,0,28201,9999,19999,10000,16777216,bound_hit,1249
measured,probe-memory-buffer,run,3892,600126311,0,28201,9999,19999,10000,16777216,bound_hit,1249
measured,probe-memory-buffer,run,3893,600246511,0,28201,9999,19999,10000,16777216,bound_hit,1249
measured,probe-memory-buffer,run,3894,600374511,0,28201,9999,19999,10000,16777216,bound_hit,1249
measured,probe-memory-buffer,run,3895,600493711,0,28201,9999,19999,10000,16777216,bound_hit,1249
measured,probe-memory-buffer,run,3896,600626511,0,28201,9999,19999,10000,16777216,bound_hit,1249
measured,probe-memory-buffer,run,3897,600745311,0,28201,9999,19999,10000,16777216,bound_hit,1249
measured,probe-memory-buffer,run,3898,600864511,0,28201,9999,19999,10000,16777216,bound_hit,1249
measured,probe-memory-buffer,run,3899,600983011,0,28201,9999,19999,10000,16777216,bound_hit,1249
measured,probe-memory-buffer,run,3900,601101611,0,28201,9999,19999,10000,16777216,bound_hit,1249
measured,probe-memory-buffer,run,3901,601220511,0,28201,9999,19999,10000,16777216,bound_hit,1249
measured,probe-memory-buffer,run,3902,601339211,0,28201,9999,19999,10000,16777216,bound_hit,1249
measured,probe-memory-buffer,run,3903,601502711,0,28201,9999,19999,10000,16777216,bound_hit,1249
measured,probe-memory-buffer,run,3904,601632211,0,28201,9999,19999,10000,16777216,bound_hit,1249
measured,probe-memory-buffer,run,3905,601758511,0,28201,9999,19999,10000,16777216,bound_hit,1249
measured,probe-memory-buffer,run,3906,601900211,0,28201,9999,19999,10000,16777216,bound_hit,1249
measured,probe-memory-buffer,run,3907,602036411,0,28201,9999,19999,10000,16777216,bound_hit,1249
measured,probe-memory-buffer,run,3908,602162311,0,28201,9999,19999,10000,16777216,bound_hit,1249
measured,probe-memory-buffer,run,3909,602341111,0,28201,9999,19999,10000,16777216,bound_hit,1249
measured,probe-memory-buffer,run,3910,602570111,0,28201,9999,19999,10000,16777216,bound_hit,1249
measured,probe-memory-buffer,run,3911,602697811,0,28201,9999,19999,10000,16777216,bound_hit,1249
measured,probe-memory-buffer,run,3912,602819811,0,28201,9999,19999,10000,16777216,bound_hit,1249
measured,probe-memory-buffer,run,3913,602939611,0,28201,9999,19999,10000,16777216,bound_hit,1249
measured,probe-memory-buffer,run,3914,603059311,0,28201,9999,19999,10000,16777216,bound_hit,1249
measured,probe-memory-buffer,run,3915,603178811,0,28201,9999,19999,10000,16777216,bound_hit,1249
measured,probe-memory-buffer,run,3916,603298311,0,28201,9999,19999,10000,16777216,bound_hit,1249
measured,probe-memory-buffer,run,3917,603418411,0,28201,9999,19999,10000,16777216,bound_hit,1249
measured,probe-memory-buffer,run,3918,603537711,0,28201,9999,19999,10000,16777216,bound_hit,1249
measured,probe-memory-buffer,run,3919,603657011,0,28201,9999,19999,10000,16777216,bound_hit,1249
measured,probe-memory-buffer,run,3920,603799211,0,28201,9999,19999,10000,16777216,bound_hit,1249
measured,probe-memory-buffer,run,3921,603927111,0,28201,9999,19999,10000,16777216,bound_hit,1249
measured,probe-memory-buffer,run,3922,604090011,0,28201,9999,19999,10000,16777216,bound_hit,1249
measured,probe-memory-buffer,run,3923,604210811,0,28201,9999,19999,10000,16777216,bound_hit,1249
measured,probe-memory-buffer,run,3924,604330711,0,28201,9999,19999,10000,16777216,bound_hit,1249
measured,probe-memory-buffer,run,3925,604451211,0,28201,9999,19999,10000,16777216,bound_hit,1249
measured,probe-memory-buffer,run,3926,604571611,0,28201,9999,19999,10000,16777216,bound_hit,1249
measured,probe-memory-buffer,run,3927,604691711,0,28201,9999,19999,10000,16777216,bound_hit,1249
measured,probe-memory-buffer,run,3928,604811511,0,28201,9999,19999,10000,16777216,bound_hit,1249
measured,probe-memory-buffer,run,3929,604931711,0,28201,9999,19999,10000,16777216,bound_hit,1249
measured,probe-memory-buffer,run,3930,605051611,0,28201,9999,19999,10000,16777216,bound_hit,1249
measured,probe-memory-buffer,run,3931,605171811,0,28201,9999,19999,10000,16777216,bound_hit,1249
measured,probe-memory-buffer,run,3932,605324611,0,28201,9999,19999,10000,16777216,bound_hit,1249
measured,probe-memory-buffer,run,3933,605463711,0,28201,9999,19999,10000,16777216,bound_hit,1249
measured,probe-memory-buffer,run,3934,605589311,0,28201,9999,19999,10000,16777216,bound_hit,1249
measured,probe-memory-buffer,run,3935,605711111,0,28201,9999,19999,10000,16777216,bound_hit,1249
measured,probe-memory-buffer,run,3936,605832011,0,28201,9999,19999,10000,16777216,bound_hit,1249
measured,probe-memory-buffer,run,3937,605952811,0,28201,9999,19999,10000,16777216,bound_hit,1249
measured,probe-memory-buffer,run,3938,606073711,0,28201,9999,19999,10000,16777216,bound_hit,1249
measured,probe-memory-buffer,run,3939,606194211,0,28201,9999,19999,10000,16777216,bound_hit,1249
measured,probe-memory-buffer,run,3940,606314711,0,28201,9999,19999,10000,16777216,bound_hit,1249
measured,probe-memory-buffer,run,3941,606437011,0,28201,9999,19999,10000,16777216,bound_hit,1249
measured,probe-memory-buffer,run,3942,606557811,0,28201,9999,19999,10000,16777216,bound_hit,1249
measured,probe-memory-buffer,run,3943,606678511,0,28201,9999,19999,10000,16777216,bound_hit,1249
measured,probe-memory-buffer,run,3944,606799211,0,28201,9999,19999,10000,16777216,bound_hit,1249
measured,probe-memory-buffer,run,3945,606920111,0,28201,9999,19999,10000,16777216,bound_hit,1249
measured,probe-memory-buffer,run,3946,607040811,0,28201,9999,19999,10000,16777216,bound_hit,1249
measured,probe-memory-buffer,run,3947,607161611,0,28201,9999,19999,10000,16777216,bound_hit,1249
measured,probe-memory-buffer,run,3948,607282511,0,28201,9999,19999,10000,16777216,bound_hit,1249
measured,probe-memory-buffer,run,3949,607403311,0,28201,9999,19999,10000,16777216,bound_hit,1249
measured,probe-memory-buffer,run,3950,607944411,0,28201,9999,19999,10000,16777216,bound_hit,1249
measured,probe-memory-buffer,run,3951,608082611,0,28201,9999,19999,10000,16777216,bound_hit,1249
measured,probe-memory-buffer,run,3952,608215511,0,28201,9999,19999,10000,16777216,bound_hit,1249
measured,probe-memory-buffer,run,3953,608344311,0,28201,9999,19999,10000,16777216,bound_hit,1249
measured,probe-memory-buffer,run,3954,608467811,0,28201,9999,19999,10000,16777216,bound_hit,1249
measured,probe-memory-buffer,run,3955,608594411,0,28201,9999,19999,10000,16777216,bound_hit,1249
measured,probe-memory-buffer,run,3956,608714011,0,28201,9999,19999,10000,16777216,bound_hit,1249
measured,probe-memory-buffer,run,3957,608841911,0,28201,9999,19999,10000,16777216,bound_hit,1249
measured,probe-memory-buffer,run,3958,608961411,0,28201,9999,19999,10000,16777216,bound_hit,1249
measured,probe-memory-buffer,run,3959,609080811,0,28201,9999,19999,10000,16777216,bound_hit,1249
measured,probe-memory-buffer,run,3960,609215211,0,28201,9999,19999,10000,16777216,bound_hit,1249
measured,probe-memory-buffer,run,3961,609341011,0,28201,9999,19999,10000,16777216,bound_hit,1249
measured,probe-memory-buffer,run,3962,609503911,0,28201,9999,19999,10000,16777216,bound_hit,1249
measured,probe-memory-buffer,run,3963,609633311,0,28201,9999,19999,10000,16777216,bound_hit,1249
measured,probe-memory-buffer,run,3964,609774611,0,28201,9999,19999,10000,16777216,bound_hit,1249
measured,probe-memory-buffer,run,3965,609900811,0,28201,9999,19999,10000,16777216,bound_hit,1249
measured,probe-memory-buffer,run,3966,610026811,0,28201,9999,19999,10000,16777216,bound_hit,1249
measured,probe-memory-buffer,run,3967,610153011,0,28201,9999,19999,10000,16777216,bound_hit,1249
measured,probe-memory-buffer,run,3968,610279411,0,28201,9999,19999,10000,16777216,bound_hit,1249
measured,probe-memory-buffer,run,3969,610405511,0,28201,9999,19999,10000,16777216,bound_hit,1249
measured,probe-memory-buffer,run,3970,610531511,0,28201,9999,19999,10000,16777216,bound_hit,1249
measured,probe-memory-buffer,run,3971,610657211,0,28201,9999,19999,10000,16777216,bound_hit,1249
measured,probe-memory-buffer,run,3972,610780111,0,28201,9999,19999,10000,16777216,bound_hit,1249
measured,probe-memory-buffer,run,3973,610901211,0,28201,9999,19999,10000,16777216,bound_hit,1249
measured,probe-memory-buffer,run,3974,611021911,0,28201,9999,19999,10000,16777216,bound_hit,1249
measured,probe-memory-buffer,run,3975,611142711,0,28201,9999,19999,10000,16777216,bound_hit,1249
measured,probe-memory-buffer,run,3976,611263811,0,28201,9999,19999,10000,16777216,bound_hit,1249
measured,probe-memory-buffer,run,3977,611384811,0,28201,9999,19999,10000,16777216,bound_hit,1249
measured,probe-memory-buffer,run,3978,611505811,0,28201,9999,19999,10000,16777216,bound_hit,1249
measured,probe-memory-buffer,run,3979,611626911,0,28201,9999,19999,10000,16777216,bound_hit,1249
measured,probe-memory-buffer,run,3980,611747711,0,28201,9999,19999,10000,16777216,bound_hit,1249
measured,probe-memory-buffer,run,3981,611868511,0,28201,9999,19999,10000,16777216,bound_hit,1249
measured,probe-memory-buffer,run,3982,611989211,0,28201,9999,19999,10000,16777216,bound_hit,1249
measured,probe-memory-buffer,run,3983,612112411,0,28201,9999,19999,10000,16777216,bound_hit,1249
measured,probe-memory-buffer,run,3984,612233411,0,28201,9999,19999,10000,16777216,bound_hit,1249
measured,probe-memory-buffer,run,3985,612354011,0,28201,9999,19999,10000,16777216,bound_hit,1249
measured,probe-memory-buffer,run,3986,612474711,0,28201,9999,19999,10000,16777216,bound_hit,1249
measured,probe-memory-buffer,run,3987,612595311,0,28201,9999,19999,10000,16777216,bound_hit,1249
measured,probe-memory-buffer,run,3988,612716211,0,28201,9999,19999,10000,16777216,bound_hit,1249
measured,probe-memory-buffer,run,3989,612837511,0,28201,9999,19999,10000,16777216,bound_hit,1249
measured,probe-memory-buffer,run,3990,612958511,0,28201,9999,19999,10000,16777216,bound_hit,1249
measured,probe-memory-buffer,run,3991,613079211,0,28201,9999,19999,10000,16777216,bound_hit,1249
measured,probe-memory-buffer,run,3992,613199611,0,28201,9999,19999,10000,16777216,bound_hit,1249
measured,probe-memory-buffer,run,3993,613320511,0,28201,9999,19999,10000,16777216,bound_hit,1249
measured,probe-memory-buffer,run,3994,613441811,0,28201,9999,19999,10000,16777216,bound_hit,1249
measured,probe-memory-buffer,run,3995,613567011,0,28201,9999,19999,10000,16777216,bound_hit,1249
measured,probe-memory-buffer,run,3996,613687111,0,28201,9999,19999,10000,16777216,bound_hit,1249
measured,probe-memory-buffer,run,3997,613807511,0,28201,9999,19999,10000,16777216,bound_hit,1249
measured,probe-memory-buffer,run,3998,613927611,0,28201,9999,19999,10000,16777216,bound_hit,1249
measured,probe-memory-buffer,run,3999,614047511,0,28201,9999,19999,10000,16777216,bound_hit,1249
measured,probe-memory-buffer,run,4000,614167211,0,28201,9999,19999,10000,16777216,bound_hit,1249
measured,probe-memory-buffer,run,4001,614287311,0,28201,9999,19999,10000,16777216,bound_hit,1249
measured,probe-memory-buffer,run,4002,614407311,0,28201,9999,19999,10000,16777216,bound_hit,1249
measured,probe-memory-buffer,run,4003,614527411,0,28201,9999,19999,10000,16777216,bound_hit,1249
measured,probe-memory-buffer,run,4004,614647311,0,28201,9999,19999,10000,16777216,bound_hit,1249
measured,probe-memory-buffer,run,4005,614767211,0,28201,9999,19999,10000,16777216,bound_hit,1249
measured,probe-memory-buffer,run,4006,614886911,0,28201,9999,19999,10000,16777216,bound_hit,1249
