evidence,source_log,run_id,seq,host_ns,cpu,global_icount,model_ns,visible_ns,window_ns,slope_q32,event,counter_ticks
measured,probe-memory-buffer,run,0,54000,0,0,0,0,1000000,0,update,0
measured,probe-memory-buffer,run,1,506800,0,0,0,0,1000000,16777216,resume,0
measured,probe-memory-buffer,run,2,877300,0,0,0,1447,1000000,16777216,read,90
measured,probe-memory-buffer,run,3,916000,0,0,0,1598,1000000,16777216,read,99
measured,probe-memory-buffer,run,4,962400,0,0,0,1780,1000000,16777216,read,111
measured,probe-memory-buffer,run,5,963000,0,0,0,1782,1000000,16777216,read,111
measured,probe-memory-buffer,run,6,963400,0,0,0,1783,1000000,16777216,read,111
measured,probe-memory-buffer,run,7,963800,0,0,0,1785,1000000,16777216,read,111
measured,probe-memory-buffer,run,8,964200,0,0,0,1787,1000000,16777216,read,111
measured,probe-memory-buffer,run,9,964700,0,0,0,1789,1000000,16777216,read,111
measured,probe-memory-buffer,run,10,965100,0,0,0,1790,1000000,16777216,read,111
measured,probe-memory-buffer,run,11,965500,0,0,0,1792,1000000,16777216,read,112
measured,probe-memory-buffer,run,12,966000,0,0,0,1793,1000000,16777216,read,112
measured,probe-memory-buffer,run,13,966400,0,0,0,1795,1000000,16777216,read,112
measured,probe-memory-buffer,run,14,966800,0,0,0,1797,1000000,16777216,read,112
measured,probe-memory-buffer,run,15,967300,0,0,0,1798,1000000,16777216,read,112
measured,probe-memory-buffer,run,16,967700,0,0,0,1800,1000000,16777216,read,112
measured,probe-memory-buffer,run,17,968100,0,0,0,1802,1000000,16777216,read,112
measured,probe-memory-buffer,run,18,968500,0,0,0,1803,1000000,16777216,read,112
measured,probe-memory-buffer,run,19,969000,0,0,0,1805,1000000,16777216,read,112
measured,probe-memory-buffer,run,20,969400,0,0,0,1807,1000000,16777216,read,112
measured,probe-memory-buffer,run,21,969800,0,0,0,1808,1000000,16777216,read,113
measured,probe-memory-buffer,run,22,970300,0,0,0,1810,1000000,16777216,read,113
measured,probe-memory-buffer,run,23,970700,0,0,0,1812,1000000,16777216,read,113
measured,probe-memory-buffer,run,24,971100,0,0,0,1814,1000000,16777216,read,113
measured,probe-memory-buffer,run,25,971600,0,0,0,1815,1000000,16777216,read,113
measured,probe-memory-buffer,run,26,974000,0,0,0,1825,1000000,16777216,read,114
measured,probe-memory-buffer,run,27,974400,0,0,0,1826,1000000,16777216,read,114
measured,probe-memory-buffer,run,28,974800,0,0,0,1828,1000000,16777216,read,114
measured,probe-memory-buffer,run,29,975300,0,0,0,1830,1000000,16777216,read,114
measured,probe-memory-buffer,run,30,975700,0,0,0,1832,1000000,16777216,read,114
measured,probe-memory-buffer,run,31,976100,0,0,0,1833,1000000,16777216,read,114
measured,probe-memory-buffer,run,32,976500,0,0,0,1835,1000000,16777216,read,114
measured,probe-memory-buffer,run,33,977000,0,0,0,1837,1000000,16777216,read,114
measured,probe-memory-buffer,run,34,977400,0,0,0,1838,1000000,16777216,read,114
measured,probe-memory-buffer,run,35,977800,0,0,0,1840,1000000,16777216,read,115
measured,probe-memory-buffer,run,36,978300,0,0,0,1841,1000000,16777216,read,115
measured,probe-memory-buffer,run,37,978700,0,0,0,1843,1000000,16777216,read,115
measured,probe-memory-buffer,run,38,979100,0,0,0,1845,1000000,16777216,read,115
measured,probe-memory-buffer,run,39,979600,0,0,0,1846,1000000,16777216,read,115
measured,probe-memory-buffer,run,40,980000,0,0,0,1848,1000000,16777216,read,115
measured,probe-memory-buffer,run,41,980400,0,0,0,1850,1000000,16777216,read,115
measured,probe-memory-buffer,run,42,980900,0,0,0,1851,1000000,16777216,read,115
measured,probe-memory-buffer,run,43,981300,0,0,0,1853,1000000,16777216,read,115
measured,probe-memory-buffer,run,44,981700,0,0,0,1855,1000000,16777216,read,115
measured,probe-memory-buffer,run,45,982100,0,0,0,1857,1000000,16777216,read,116
measured,probe-memory-buffer,run,46,982600,0,0,0,1858,1000000,16777216,read,116
measured,probe-memory-buffer,run,47,983000,0,0,0,1860,1000000,16777216,read,116
measured,probe-memory-buffer,run,48,983400,0,0,0,1862,1000000,16777216,read,116
measured,probe-memory-buffer,run,49,983900,0,0,0,1863,1000000,16777216,read,116
measured,probe-memory-buffer,run,50,984300,0,0,0,1865,1000000,16777216,read,116
measured,probe-memory-buffer,run,51,984700,0,0,0,1867,1000000,16777216,read,116
measured,probe-memory-buffer,run,52,985200,0,0,0,1868,1000000,16777216,read,116
measured,probe-memory-buffer,run,53,985600,0,0,0,1870,1000000,16777216,read,116
measured,probe-memory-buffer,run,54,986000,0,0,0,1872,1000000,16777216,read,117
measured,probe-memory-buffer,run,55,986500,0,0,0,1873,1000000,16777216,read,117
measured,probe-memory-buffer,run,56,986900,0,0,0,1875,1000000,16777216,read,117
measured,probe-memory-buffer,run,57,987300,0,0,0,1877,1000000,16777216,read,117
measured,probe-memory-buffer,run,58,987700,0,0,0,1878,1000000,16777216,read,117
measured,probe-memory-buffer,run,59,988200,0,0,0,1880,1000000,16777216,read,117
measured,probe-memory-buffer,run,60,988600,0,0,0,1882,1000000,16777216,read,117
measured,probe-memory-buffer,run,61,989000,0,0,0,1883,1000000,16777216,read,117
measured,probe-memory-buffer,run,62,989500,0,0,0,1885,1000000,16777216,read,117
measured,probe-memory-buffer,run,63,989900,0,0,0,1887,1000000,16777216,read,117
measured,probe-memory-buffer,run,64,990300,0,0,0,1889,1000000,16777216,read,118
measured,probe-memory-buffer,run,65,990700,0,0,0,1890,1000000,16777216,read,118
measured,probe-memory-buffer,run,66,991200,0,0,0,1892,1000000,16777216,read,118
measured,probe-memory-buffer,run,67,991600,0,0,0,1894,1000000,16777216,read,118
measured,probe-memory-buffer,run,68,992000,0,0,0,1895,1000000,16777216,read,118
measured,probe-memory-buffer,run,69,992500,0,0,0,1897,1000000,16777216,read,118
measured,probe-memory-buffer,run,70,992900,0,0,0,1899,1000000,16777216,read,118
measured,probe-memory-buffer,run,71,993300,0,0,0,1900,1000000,16777216,read,118
measured,probe-memory-buffer,run,72,993700,0,0,0,1902,1000000,16777216,read,118
measured,probe-memory-buffer,run,73,994200,0,0,0,1903,1000000,16777216,read,118
measured,probe-memory-buffer,run,74,994600,0,0,0,1905,1000000,16777216,read,119
measured,probe-memory-buffer,run,75,995000,0,0,0,1907,1000000,16777216,read,119
measured,probe-memory-buffer,run,76,995500,0,0,0,1908,1000000,16777216,read,119
measured,probe-memory-buffer,run,77,995900,0,0,0,1910,1000000,16777216,read,119
measured,probe-memory-buffer,run,78,996300,0,0,0,1912,1000000,16777216,read,119
measured,probe-memory-buffer,run,79,996700,0,0,0,1914,1000000,16777216,read,119
measured,probe-memory-buffer,run,80,1011900,0,0,0,1973,1000000,16777216,read,123
measured,probe-memory-buffer,run,81,1012400,0,0,0,1975,1000000,16777216,read,123
measured,probe-memory-buffer,run,82,1012800,0,0,0,1976,1000000,16777216,read,123
measured,probe-memory-buffer,run,83,1017600,0,0,0,1995,1000000,16777216,read,124
measured,probe-memory-buffer,run,84,1018000,0,0,0,1997,1000000,16777216,read,124
measured,probe-memory-buffer,run,85,1018400,0,0,0,1998,1000000,16777216,read,124
measured,probe-memory-buffer,run,86,1018800,0,0,0,2000,1000000,16777216,read,125
measured,probe-memory-buffer,run,87,1019200,0,0,0,2001,1000000,16777216,read,125
measured,probe-memory-buffer,run,88,1019700,0,0,0,2003,1000000,16777216,read,125
measured,probe-memory-buffer,run,89,1020100,0,0,0,2005,1000000,16777216,read,125
measured,probe-memory-buffer,run,90,1020500,0,0,0,2007,1000000,16777216,read,125
measured,probe-memory-buffer,run,91,1041700,0,0,0,2089,1000000,16777216,read,130
measured,probe-memory-buffer,run,92,1042200,0,0,0,2091,1000000,16777216,read,130
measured,probe-memory-buffer,run,93,1042600,0,0,0,2093,1000000,16777216,read,130
measured,probe-memory-buffer,run,94,1043000,0,0,0,2094,1000000,16777216,read,130
measured,probe-memory-buffer,run,95,1043500,0,0,0,2096,1000000,16777216,read,131
measured,probe-memory-buffer,run,96,1043900,0,0,0,2098,1000000,16777216,read,131
measured,probe-memory-buffer,run,97,1044300,0,0,0,2100,1000000,16777216,read,131
measured,probe-memory-buffer,run,98,1044800,0,0,0,2101,1000000,16777216,read,131
measured,probe-memory-buffer,run,99,1045200,0,0,0,2103,1000000,16777216,read,131
measured,probe-memory-buffer,run,100,1045600,0,0,0,2105,1000000,16777216,read,131
measured,probe-memory-buffer,run,101,1046100,0,0,0,2106,1000000,16777216,read,131
measured,probe-memory-buffer,run,102,1046500,0,0,0,2108,1000000,16777216,read,131
measured,probe-memory-buffer,run,103,1046900,0,0,0,2110,1000000,16777216,read,131
measured,probe-memory-buffer,run,104,1047400,0,0,0,2111,1000000,16777216,read,131
measured,probe-memory-buffer,run,105,1047800,0,0,0,2113,1000000,16777216,read,132
measured,probe-memory-buffer,run,106,1048200,0,0,0,2115,1000000,16777216,read,132
measured,probe-memory-buffer,run,107,1048700,0,0,0,2116,1000000,16777216,read,132
measured,probe-memory-buffer,run,108,1049100,0,0,0,2118,1000000,16777216,read,132
measured,probe-memory-buffer,run,109,1049500,0,0,0,2120,1000000,16777216,read,132
measured,probe-memory-buffer,run,110,1049900,0,0,0,2121,1000000,16777216,read,132
measured,probe-memory-buffer,run,111,1050400,0,0,0,2123,1000000,16777216,read,132
measured,probe-memory-buffer,run,112,1050800,0,0,0,2125,1000000,16777216,read,132
measured,probe-memory-buffer,run,113,1051200,0,0,0,2126,1000000,16777216,read,132
measured,probe-memory-buffer,run,114,1051700,0,0,0,2128,1000000,16777216,read,133
measured,probe-memory-buffer,run,115,1052100,0,0,0,2130,1000000,16777216,read,133
measured,probe-memory-buffer,run,116,1052500,0,0,0,2132,1000000,16777216,read,133
measured,probe-memory-buffer,run,117,1053000,0,0,0,2133,1000000,16777216,read,133
measured,probe-memory-buffer,run,118,1053400,0,0,0,2135,1000000,16777216,read,133
measured,probe-memory-buffer,run,119,1053800,0,0,0,2137,1000000,16777216,read,133
measured,probe-memory-buffer,run,120,1054200,0,0,0,2138,1000000,16777216,read,133
measured,probe-memory-buffer,run,121,1054700,0,0,0,2140,1000000,16777216,read,133
measured,probe-memory-buffer,run,122,1055100,0,0,0,2142,1000000,16777216,read,133
measured,probe-memory-buffer,run,123,1055500,0,0,0,2143,1000000,16777216,read,133
measured,probe-memory-buffer,run,124,1056000,0,0,0,2145,1000000,16777216,read,134
measured,probe-memory-buffer,run,125,1056400,0,0,0,2147,1000000,16777216,read,134
measured,probe-memory-buffer,run,126,1056800,0,0,0,2148,1000000,16777216,read,134
measured,probe-memory-buffer,run,127,1057300,0,0,0,2150,1000000,16777216,read,134
measured,probe-memory-buffer,run,128,1057700,0,0,0,2152,1000000,16777216,read,134
measured,probe-memory-buffer,run,129,1058100,0,0,0,2153,1000000,16777216,read,134
measured,probe-memory-buffer,run,130,1058500,0,0,0,2155,1000000,16777216,read,134
measured,probe-memory-buffer,run,131,1059000,0,0,0,2157,1000000,16777216,read,134
measured,probe-memory-buffer,run,132,1059400,0,0,0,2158,1000000,16777216,read,134
measured,probe-memory-buffer,run,133,1059800,0,0,0,2160,1000000,16777216,read,135
measured,probe-memory-buffer,run,134,1060300,0,0,0,2162,1000000,16777216,read,135
measured,probe-memory-buffer,run,135,1060700,0,0,0,2164,1000000,16777216,read,135
measured,probe-memory-buffer,run,136,1061100,0,0,0,2165,1000000,16777216,read,135
measured,probe-memory-buffer,run,137,1061500,0,0,0,2167,1000000,16777216,read,135
measured,probe-memory-buffer,run,138,1062000,0,0,0,2168,1000000,16777216,read,135
measured,probe-memory-buffer,run,139,1062400,0,0,0,2170,1000000,16777216,read,135
measured,probe-memory-buffer,run,140,1064100,0,0,0,2177,1000000,16777216,read,136
measured,probe-memory-buffer,run,141,1064600,0,0,0,2178,1000000,16777216,read,136
measured,probe-memory-buffer,run,142,1065000,0,0,0,2180,1000000,16777216,read,136
measured,probe-memory-buffer,run,143,1065400,0,0,0,2182,1000000,16777216,read,136
measured,probe-memory-buffer,run,144,1065900,0,0,0,2183,1000000,16777216,read,136
measured,probe-memory-buffer,run,145,1066300,0,0,0,2185,1000000,16777216,read,136
measured,probe-memory-buffer,run,146,1066700,0,0,0,2187,1000000,16777216,read,136
measured,probe-memory-buffer,run,147,1067100,0,0,0,2189,1000000,16777216,read,136
measured,probe-memory-buffer,run,148,1067600,0,0,0,2191,1000000,16777216,read,136
measured,probe-memory-buffer,run,149,1068000,0,0,0,2192,1000000,16777216,read,137
measured,probe-memory-buffer,run,150,1068400,0,0,0,2194,1000000,16777216,read,137
measured,probe-memory-buffer,run,151,1068900,0,0,0,2195,1000000,16777216,read,137
measured,probe-memory-buffer,run,152,1069300,0,0,0,2197,1000000,16777216,read,137
measured,probe-memory-buffer,run,153,1069700,0,0,0,2199,1000000,16777216,read,137
measured,probe-memory-buffer,run,154,1070200,0,0,0,2200,1000000,16777216,read,137
measured,probe-memory-buffer,run,155,1070600,0,0,0,2202,1000000,16777216,read,137
measured,probe-memory-buffer,run,156,1071000,0,0,0,2204,1000000,16777216,read,137
measured,probe-memory-buffer,run,157,1071400,0,0,0,2205,1000000,16777216,read,137
measured,probe-memory-buffer,run,158,1071900,0,0,0,2207,1000000,16777216,read,137
measured,probe-memory-buffer,run,159,1072300,0,0,0,2209,1000000,16777216,read,138
measured,probe-memory-buffer,run,160,1072700,0,0,0,2210,1000000,16777216,read,138
measured,probe-memory-buffer,run,161,1073200,0,0,0,2212,1000000,16777216,read,138
measured,probe-memory-buffer,run,162,1073600,0,0,0,2214,1000000,16777216,read,138
measured,probe-memory-buffer,run,163,1074000,0,0,0,2216,1000000,16777216,read,138
measured,probe-memory-buffer,run,164,1074500,0,0,0,2217,1000000,16777216,read,138
measured,probe-memory-buffer,run,165,1074900,0,0,0,2219,1000000,16777216,read,138
measured,probe-memory-buffer,run,166,1075300,0,0,0,2221,1000000,16777216,read,138
measured,probe-memory-buffer,run,167,1075800,0,0,0,2222,1000000,16777216,read,138
measured,probe-memory-buffer,run,168,1076200,0,0,0,2224,1000000,16777216,read,139
measured,probe-memory-buffer,run,169,1076600,0,0,0,2226,1000000,16777216,read,139
measured,probe-memory-buffer,run,170,1077000,0,0,0,2227,1000000,16777216,read,139
measured,probe-memory-buffer,run,171,1077500,0,0,0,2229,1000000,16777216,read,139
measured,probe-memory-buffer,run,172,1077900,0,0,0,2231,1000000,16777216,read,139
measured,probe-memory-buffer,run,173,1078300,0,0,0,2232,1000000,16777216,read,139
measured,probe-memory-buffer,run,174,1078800,0,0,0,2234,1000000,16777216,read,139
measured,probe-memory-buffer,run,175,1079200,0,0,0,2236,1000000,16777216,read,139
measured,probe-memory-buffer,run,176,1079600,0,0,0,2237,1000000,16777216,read,139
measured,probe-memory-buffer,run,177,1080000,0,0,0,2239,1000000,16777216,read,139
measured,probe-memory-buffer,run,178,1080500,0,0,0,2241,1000000,16777216,read,140
measured,probe-memory-buffer,run,179,1080900,0,0,0,2242,1000000,16777216,read,140
measured,probe-memory-buffer,run,180,1081300,0,0,0,2244,1000000,16777216,read,140
measured,probe-memory-buffer,run,181,1081800,0,0,0,2246,1000000,16777216,read,140
measured,probe-memory-buffer,run,182,1082200,0,0,0,2248,1000000,16777216,read,140
measured,probe-memory-buffer,run,183,1082600,0,0,0,2249,1000000,16777216,read,140
measured,probe-memory-buffer,run,184,1083100,0,0,0,2251,1000000,16777216,read,140
measured,probe-memory-buffer,run,185,1083500,0,0,0,2253,1000000,16777216,read,140
measured,probe-memory-buffer,run,186,1083900,0,0,0,2254,1000000,16777216,read,140
measured,probe-memory-buffer,run,187,1084300,0,0,0,2256,1000000,16777216,read,141
measured,probe-memory-buffer,run,188,1084800,0,0,0,2257,1000000,16777216,read,141
measured,probe-memory-buffer,run,189,1085200,0,0,0,2259,1000000,16777216,read,141
measured,probe-memory-buffer,run,190,1085600,0,0,0,2261,1000000,16777216,read,141
measured,probe-memory-buffer,run,191,1086100,0,0,0,2262,1000000,16777216,read,141
measured,probe-memory-buffer,run,192,1086500,0,0,0,2264,1000000,16777216,read,141
measured,probe-memory-buffer,run,193,1086900,0,0,0,2266,1000000,16777216,read,141
measured,probe-memory-buffer,run,194,1087400,0,0,0,2267,1000000,16777216,read,141
measured,probe-memory-buffer,run,195,1087800,0,0,0,2269,1000000,16777216,read,141
measured,probe-memory-buffer,run,196,1088200,0,0,0,2271,1000000,16777216,read,141
measured,probe-memory-buffer,run,197,1089600,0,0,0,2276,1000000,16777216,read,142
measured,probe-memory-buffer,run,198,1090000,0,0,0,2278,1000000,16777216,read,142
measured,probe-memory-buffer,run,199,1090400,0,0,0,2280,1000000,16777216,read,142
measured,probe-memory-buffer,run,200,1090800,0,0,0,2281,1000000,16777216,read,142
measured,probe-memory-buffer,run,201,1091300,0,0,0,2283,1000000,16777216,read,142
measured,probe-memory-buffer,run,202,1091700,0,0,0,2285,1000000,16777216,read,142
measured,probe-memory-buffer,run,203,1092100,0,0,0,2286,1000000,16777216,read,142
measured,probe-memory-buffer,run,204,1092600,0,0,0,2288,1000000,16777216,read,143
measured,probe-memory-buffer,run,205,1093000,0,0,0,2290,1000000,16777216,read,143
measured,probe-memory-buffer,run,206,1093400,0,0,0,2291,1000000,16777216,read,143
measured,probe-memory-buffer,run,207,1093800,0,0,0,2293,1000000,16777216,read,143
measured,probe-memory-buffer,run,208,1094300,0,0,0,2294,1000000,16777216,read,143
measured,probe-memory-buffer,run,209,1094700,0,0,0,2296,1000000,16777216,read,143
measured,probe-memory-buffer,run,210,1095100,0,0,0,2298,1000000,16777216,read,143
measured,probe-memory-buffer,run,211,1095600,0,0,0,2300,1000000,16777216,read,143
measured,probe-memory-buffer,run,212,1096000,0,0,0,2301,1000000,16777216,read,143
measured,probe-memory-buffer,run,213,1096400,0,0,0,2303,1000000,16777216,read,143
measured,probe-memory-buffer,run,214,1096900,0,0,0,2305,1000000,16777216,read,144
measured,probe-memory-buffer,run,215,1097300,0,0,0,2307,1000000,16777216,read,144
measured,probe-memory-buffer,run,216,1097700,0,0,0,2308,1000000,16777216,read,144
measured,probe-memory-buffer,run,217,1098100,0,0,0,2310,1000000,16777216,read,144
measured,probe-memory-buffer,run,218,1098600,0,0,0,2311,1000000,16777216,read,144
measured,probe-memory-buffer,run,219,1099000,0,0,0,2313,1000000,16777216,read,144
measured,probe-memory-buffer,run,220,1099400,0,0,0,2315,1000000,16777216,read,144
measured,probe-memory-buffer,run,221,1099900,0,0,0,2316,1000000,16777216,read,144
measured,probe-memory-buffer,run,222,1100300,0,0,0,2318,1000000,16777216,read,144
measured,probe-memory-buffer,run,223,1100700,0,0,0,2320,1000000,16777216,read,145
measured,probe-memory-buffer,run,224,1101100,0,0,0,2321,1000000,16777216,read,145
measured,probe-memory-buffer,run,225,1101600,0,0,0,2323,1000000,16777216,read,145
measured,probe-memory-buffer,run,226,1102000,0,0,0,2325,1000000,16777216,read,145
measured,probe-memory-buffer,run,227,1102400,0,0,0,2326,1000000,16777216,read,145
measured,probe-memory-buffer,run,228,1102900,0,0,0,2328,1000000,16777216,read,145
measured,probe-memory-buffer,run,229,1103300,0,0,0,2330,1000000,16777216,read,145
measured,probe-memory-buffer,run,230,1103700,0,0,0,2332,1000000,16777216,read,145
measured,probe-memory-buffer,run,231,1104100,0,0,0,2333,1000000,16777216,read,145
measured,probe-memory-buffer,run,232,1104600,0,0,0,2335,1000000,16777216,read,145
measured,probe-memory-buffer,run,233,1105000,0,0,0,2337,1000000,16777216,read,146
measured,probe-memory-buffer,run,234,1105400,0,0,0,2338,1000000,16777216,read,146
measured,probe-memory-buffer,run,235,1105900,0,0,0,2340,1000000,16777216,read,146
measured,probe-memory-buffer,run,236,1106300,0,0,0,2342,1000000,16777216,read,146
measured,probe-memory-buffer,run,237,1106700,0,0,0,2343,1000000,16777216,read,146
measured,probe-memory-buffer,run,238,1107100,0,0,0,2345,1000000,16777216,read,146
measured,probe-memory-buffer,run,239,1107600,0,0,0,2346,1000000,16777216,read,146
measured,probe-memory-buffer,run,240,1108000,0,0,0,2348,1000000,16777216,read,146
measured,probe-memory-buffer,run,241,1108400,0,0,0,2350,1000000,16777216,read,146
measured,probe-memory-buffer,run,242,1108900,0,0,0,2351,1000000,16777216,read,146
measured,probe-memory-buffer,run,243,1109300,0,0,0,2353,1000000,16777216,read,147
measured,probe-memory-buffer,run,244,1109700,0,0,0,2355,1000000,16777216,read,147
measured,probe-memory-buffer,run,245,1110200,0,0,0,2357,1000000,16777216,read,147
measured,probe-memory-buffer,run,246,1110600,0,0,0,2358,1000000,16777216,read,147
measured,probe-memory-buffer,run,247,1111000,0,0,0,2360,1000000,16777216,read,147
measured,probe-memory-buffer,run,248,1111400,0,0,0,2362,1000000,16777216,read,147
measured,probe-memory-buffer,run,249,1111900,0,0,0,2364,1000000,16777216,read,147
measured,probe-memory-buffer,run,250,1112300,0,0,0,2365,1000000,16777216,read,147
measured,probe-memory-buffer,run,251,1112700,0,0,0,2367,1000000,16777216,read,147
measured,probe-memory-buffer,run,252,1113200,0,0,0,2368,1000000,16777216,read,148
measured,probe-memory-buffer,run,253,1114600,0,0,0,2374,1000000,16777216,read,148
measured,probe-memory-buffer,run,254,1115000,0,0,0,2376,1000000,16777216,read,148
measured,probe-memory-buffer,run,255,1115400,0,0,0,2377,1000000,16777216,read,148
measured,probe-memory-buffer,run,256,1115900,0,0,0,2379,1000000,16777216,read,148
measured,probe-memory-buffer,run,257,1116300,0,0,0,2381,1000000,16777216,read,148
measured,probe-memory-buffer,run,258,1116700,0,0,0,2382,1000000,16777216,read,148
measured,probe-memory-buffer,run,259,1117100,0,0,0,2384,1000000,16777216,read,149
measured,probe-memory-buffer,run,260,1117600,0,0,0,2386,1000000,16777216,read,149
measured,probe-memory-buffer,run,261,1118000,0,0,0,2387,1000000,16777216,read,149
measured,probe-memory-buffer,run,262,1118400,0,0,0,2389,1000000,16777216,read,149
measured,probe-memory-buffer,run,263,1118900,0,0,0,2391,1000000,16777216,read,149
measured,probe-memory-buffer,run,264,1119300,0,0,0,2392,1000000,16777216,read,149
measured,probe-memory-buffer,run,265,1119700,0,0,0,2394,1000000,16777216,read,149
measured,probe-memory-buffer,run,266,1120200,0,0,0,2396,1000000,16777216,read,149
measured,probe-memory-buffer,run,267,1120600,0,0,0,2398,1000000,16777216,read,149
measured,probe-memory-buffer,run,268,1121000,0,0,0,2399,1000000,16777216,read,149
measured,probe-memory-buffer,run,269,1121400,0,0,0,2401,1000000,16777216,read,150
measured,probe-memory-buffer,run,270,1121900,0,0,0,2402,1000000,16777216,read,150
measured,probe-memory-buffer,run,271,1122300,0,0,0,2404,1000000,16777216,read,150
measured,probe-memory-buffer,run,272,1122700,0,0,0,2406,1000000,16777216,read,150
measured,probe-memory-buffer,run,273,1123200,0,0,0,2407,1000000,16777216,read,150
measured,probe-memory-buffer,run,274,1123600,0,0,0,2409,1000000,16777216,read,150
measured,probe-memory-buffer,run,275,1124000,0,0,0,2411,1000000,16777216,read,150
measured,probe-memory-buffer,run,276,1124400,0,0,0,2412,1000000,16777216,read,150
measured,probe-memory-buffer,run,277,1124900,0,0,0,2414,1000000,16777216,read,150
measured,probe-memory-buffer,run,278,1125300,0,0,0,2416,1000000,16777216,read,151
measured,probe-memory-buffer,run,279,1125700,0,0,0,2417,1000000,16777216,read,151
measured,probe-memory-buffer,run,280,1126200,0,0,0,2419,1000000,16777216,read,151
measured,probe-memory-buffer,run,281,1126600,0,0,0,2421,1000000,16777216,read,151
measured,probe-memory-buffer,run,282,1127000,0,0,0,2423,1000000,16777216,read,151
measured,probe-memory-buffer,run,283,1127500,0,0,0,2424,1000000,16777216,read,151
measured,probe-memory-buffer,run,284,1127900,0,0,0,2426,1000000,16777216,read,151
measured,probe-memory-buffer,run,285,1128300,0,0,0,2428,1000000,16777216,read,151
measured,probe-memory-buffer,run,286,1128700,0,0,0,2429,1000000,16777216,read,151
measured,probe-memory-buffer,run,287,1129200,0,0,0,2431,1000000,16777216,read,151
measured,probe-memory-buffer,run,288,1129600,0,0,0,2433,1000000,16777216,read,152
measured,probe-memory-buffer,run,289,1130000,0,0,0,2434,1000000,16777216,read,152
measured,probe-memory-buffer,run,290,1130500,0,0,0,2436,1000000,16777216,read,152
measured,probe-memory-buffer,run,291,1130900,0,0,0,2438,1000000,16777216,read,152
measured,probe-memory-buffer,run,292,1131300,0,0,0,2439,1000000,16777216,read,152
measured,probe-memory-buffer,run,293,1131700,0,0,0,2441,1000000,16777216,read,152
measured,probe-memory-buffer,run,294,1132200,0,0,0,2443,1000000,16777216,read,152
measured,probe-memory-buffer,run,295,1132600,0,0,0,2444,1000000,16777216,read,152
measured,probe-memory-buffer,run,296,1133000,0,0,0,2446,1000000,16777216,read,152
measured,probe-memory-buffer,run,297,1133500,0,0,0,2448,1000000,16777216,read,153
measured,probe-memory-buffer,run,298,1133900,0,0,0,2450,1000000,16777216,read,153
measured,probe-memory-buffer,run,299,1134300,0,0,0,2451,1000000,16777216,read,153
measured,probe-memory-buffer,run,300,1134800,0,0,0,2453,1000000,16777216,read,153
measured,probe-memory-buffer,run,301,1135200,0,0,0,2455,1000000,16777216,read,153
measured,probe-memory-buffer,run,302,1135600,0,0,0,2456,1000000,16777216,read,153
measured,probe-memory-buffer,run,303,1136000,0,0,0,2458,1000000,16777216,read,153
measured,probe-memory-buffer,run,304,1136500,0,0,0,2460,1000000,16777216,read,153
measured,probe-memory-buffer,run,305,1136900,0,0,0,2461,1000000,16777216,read,153
measured,probe-memory-buffer,run,306,1137300,0,0,0,2463,1000000,16777216,read,153
measured,probe-memory-buffer,run,307,1137800,0,0,0,2464,1000000,16777216,read,154
measured,probe-memory-buffer,run,308,1138200,0,0,0,2466,1000000,16777216,read,154
measured,probe-memory-buffer,run,309,1138600,0,0,0,2468,1000000,16777216,read,154
measured,probe-memory-buffer,run,310,1140000,0,0,0,2473,1000000,16777216,read,154
measured,probe-memory-buffer,run,311,1140400,0,0,0,2475,1000000,16777216,read,154
measured,probe-memory-buffer,run,312,1140900,0,0,0,2477,1000000,16777216,read,154
measured,probe-memory-buffer,run,313,1141300,0,0,0,2478,1000000,16777216,read,154
measured,probe-memory-buffer,run,314,1157400,0,0,0,2541,1000000,16777216,read,158
measured,probe-memory-buffer,run,315,1157800,0,0,0,2543,1000000,16777216,read,158
measured,probe-memory-buffer,run,316,1158200,0,0,0,2544,1000000,16777216,read,159
measured,probe-memory-buffer,run,317,1170800,0,0,0,2594,1000000,16777216,read,162
measured,probe-memory-buffer,run,318,1171300,0,0,0,2596,1000000,16777216,read,162
measured,probe-memory-buffer,run,319,1171700,0,0,0,2597,1000000,16777216,read,162
measured,probe-memory-buffer,run,320,1172100,0,0,0,2599,1000000,16777216,read,162
measured,probe-memory-buffer,run,321,1172500,0,0,0,2600,1000000,16777216,read,162
measured,probe-memory-buffer,run,322,1173000,0,0,0,2602,1000000,16777216,read,162
measured,probe-memory-buffer,run,323,1173400,0,0,0,2604,1000000,16777216,read,162
measured,probe-memory-buffer,run,324,1173800,0,0,0,2605,1000000,16777216,read,162
measured,probe-memory-buffer,run,325,1174200,0,0,0,2607,1000000,16777216,read,162
measured,probe-memory-buffer,run,326,1174700,0,0,0,2608,1000000,16777216,read,163
measured,probe-memory-buffer,run,327,1175100,0,0,0,2610,1000000,16777216,read,163
measured,probe-memory-buffer,run,328,1175500,0,0,0,2612,1000000,16777216,read,163
measured,probe-memory-buffer,run,329,1175900,0,0,0,2614,1000000,16777216,read,163
measured,probe-memory-buffer,run,330,1176300,0,0,0,2615,1000000,16777216,read,163
measured,probe-memory-buffer,run,331,1176800,0,0,0,2617,1000000,16777216,read,163
measured,probe-memory-buffer,run,332,1177200,0,0,0,2619,1000000,16777216,read,163
measured,probe-memory-buffer,run,333,1177600,0,0,0,2620,1000000,16777216,read,163
measured,probe-memory-buffer,run,334,1178000,0,0,0,2622,1000000,16777216,read,163
measured,probe-memory-buffer,run,335,1178400,0,0,0,2623,1000000,16777216,read,163
measured,probe-memory-buffer,run,336,1178900,0,0,0,2625,1000000,16777216,read,164
measured,probe-memory-buffer,run,337,1179300,0,0,0,2627,1000000,16777216,read,164
measured,probe-memory-buffer,run,338,1179700,0,0,0,2628,1000000,16777216,read,164
measured,probe-memory-buffer,run,339,1180100,0,0,0,2630,1000000,16777216,read,164
measured,probe-memory-buffer,run,340,1180500,0,0,0,2632,1000000,16777216,read,164
measured,probe-memory-buffer,run,341,1181000,0,0,0,2633,1000000,16777216,read,164
measured,probe-memory-buffer,run,342,1181400,0,0,0,2635,1000000,16777216,read,164
measured,probe-memory-buffer,run,343,1181800,0,0,0,2637,1000000,16777216,read,164
measured,probe-memory-buffer,run,344,1182200,0,0,0,2638,1000000,16777216,read,164
measured,probe-memory-buffer,run,345,1182600,0,0,0,2640,1000000,16777216,read,165
measured,probe-memory-buffer,run,346,1183100,0,0,0,2641,1000000,16777216,read,165
measured,probe-memory-buffer,run,347,1183500,0,0,0,2643,1000000,16777216,read,165
measured,probe-memory-buffer,run,348,1183900,0,0,0,2645,1000000,16777216,read,165
measured,probe-memory-buffer,run,349,1184300,0,0,0,2646,1000000,16777216,read,165
measured,probe-memory-buffer,run,350,1184700,0,0,0,2648,1000000,16777216,read,165
measured,probe-memory-buffer,run,351,1185200,0,0,0,2650,1000000,16777216,read,165
measured,probe-memory-buffer,run,352,1185600,0,0,0,2651,1000000,16777216,read,165
measured,probe-memory-buffer,run,353,1186000,0,0,0,2653,1000000,16777216,read,165
measured,probe-memory-buffer,run,354,1186400,0,0,0,2655,1000000,16777216,read,165
measured,probe-memory-buffer,run,355,1186800,0,0,0,2656,1000000,16777216,read,166
measured,probe-memory-buffer,run,356,1187300,0,0,0,2658,1000000,16777216,read,166
measured,probe-memory-buffer,run,357,1187700,0,0,0,2660,1000000,16777216,read,166
measured,probe-memory-buffer,run,358,1188100,0,0,0,2661,1000000,16777216,read,166
measured,probe-memory-buffer,run,359,1188500,0,0,0,2663,1000000,16777216,read,166
measured,probe-memory-buffer,run,360,1188900,0,0,0,2664,1000000,16777216,read,166
measured,probe-memory-buffer,run,361,1189400,0,0,0,2666,1000000,16777216,read,166
measured,probe-memory-buffer,run,362,1189800,0,0,0,2668,1000000,16777216,read,166
measured,probe-memory-buffer,run,363,1190200,0,0,0,2669,1000000,16777216,read,166
measured,probe-memory-buffer,run,364,1190600,0,0,0,2671,1000000,16777216,read,166
measured,probe-memory-buffer,run,365,1191000,0,0,0,2673,1000000,16777216,read,167
measured,probe-memory-buffer,run,366,1191500,0,0,0,2674,1000000,16777216,read,167
measured,probe-memory-buffer,run,367,1193500,0,0,0,2682,1000000,16777216,read,167
measured,probe-memory-buffer,run,368,1193900,0,0,0,2684,1000000,16777216,read,167
measured,probe-memory-buffer,run,369,1194300,0,0,0,2685,1000000,16777216,read,167
measured,probe-memory-buffer,run,370,1194700,0,0,0,2687,1000000,16777216,read,167
measured,probe-memory-buffer,run,371,1195200,0,0,0,2689,1000000,16777216,read,168
measured,probe-memory-buffer,run,372,1195600,0,0,0,2691,1000000,16777216,read,168
measured,probe-memory-buffer,run,373,1196000,0,0,0,2692,1000000,16777216,read,168
measured,probe-memory-buffer,run,374,1196400,0,0,0,2694,1000000,16777216,read,168
measured,probe-memory-buffer,run,375,1196800,0,0,0,2695,1000000,16777216,read,168
measured,probe-memory-buffer,run,376,1197300,0,0,0,2697,1000000,16777216,read,168
measured,probe-memory-buffer,run,377,1197700,0,0,0,2699,1000000,16777216,read,168
measured,probe-memory-buffer,run,378,1198100,0,0,0,2700,1000000,16777216,read,168
measured,probe-memory-buffer,run,379,1198500,0,0,0,2702,1000000,16777216,read,168
measured,probe-memory-buffer,run,380,1198900,0,0,0,2703,1000000,16777216,read,168
measured,probe-memory-buffer,run,381,1199400,0,0,0,2705,1000000,16777216,read,169
measured,probe-memory-buffer,run,382,1199800,0,0,0,2707,1000000,16777216,read,169
measured,probe-memory-buffer,run,383,1200200,0,0,0,2708,1000000,16777216,read,169
measured,probe-memory-buffer,run,384,1200600,0,0,0,2710,1000000,16777216,read,169
measured,probe-memory-buffer,run,385,1201000,0,0,0,2712,1000000,16777216,read,169
measured,probe-memory-buffer,run,386,1201500,0,0,0,2713,1000000,16777216,read,169
measured,probe-memory-buffer,run,387,1201900,0,0,0,2715,1000000,16777216,read,169
measured,probe-memory-buffer,run,388,1202300,0,0,0,2717,1000000,16777216,read,169
measured,probe-memory-buffer,run,389,1202700,0,0,0,2718,1000000,16777216,read,169
measured,probe-memory-buffer,run,390,1203100,0,0,0,2720,1000000,16777216,read,170
measured,probe-memory-buffer,run,391,1203600,0,0,0,2721,1000000,16777216,read,170
measured,probe-memory-buffer,run,392,1204000,0,0,0,2723,1000000,16777216,read,170
measured,probe-memory-buffer,run,393,1204400,0,0,0,2725,1000000,16777216,read,170
measured,probe-memory-buffer,run,394,1204800,0,0,0,2726,1000000,16777216,read,170
measured,probe-memory-buffer,run,395,1205200,0,0,0,2728,1000000,16777216,read,170
measured,probe-memory-buffer,run,396,1205600,0,0,0,2730,1000000,16777216,read,170
measured,probe-memory-buffer,run,397,1206100,0,0,0,2731,1000000,16777216,read,170
measured,probe-memory-buffer,run,398,1206500,0,0,0,2733,1000000,16777216,read,170
measured,probe-memory-buffer,run,399,1206900,0,0,0,2735,1000000,16777216,read,170
measured,probe-memory-buffer,run,400,1207300,0,0,0,2736,1000000,16777216,read,171
measured,probe-memory-buffer,run,401,1207700,0,0,0,2738,1000000,16777216,read,171
measured,probe-memory-buffer,run,402,1208200,0,0,0,2739,1000000,16777216,read,171
measured,probe-memory-buffer,run,403,1208600,0,0,0,2741,1000000,16777216,read,171
measured,probe-memory-buffer,run,404,1209000,0,0,0,2743,1000000,16777216,read,171
measured,probe-memory-buffer,run,405,1209400,0,0,0,2744,1000000,16777216,read,171
measured,probe-memory-buffer,run,406,1209900,0,0,0,2746,1000000,16777216,read,171
measured,probe-memory-buffer,run,407,1210300,0,0,0,2748,1000000,16777216,read,171
measured,probe-memory-buffer,run,408,1210700,0,0,0,2750,1000000,16777216,read,171
measured,probe-memory-buffer,run,409,1211100,0,0,0,2751,1000000,16777216,read,171
measured,probe-memory-buffer,run,410,1211500,0,0,0,2753,1000000,16777216,read,172
measured,probe-memory-buffer,run,411,1212000,0,0,0,2754,1000000,16777216,read,172
measured,probe-memory-buffer,run,412,1212400,0,0,0,2756,1000000,16777216,read,172
measured,probe-memory-buffer,run,413,1212800,0,0,0,2758,1000000,16777216,read,172
measured,probe-memory-buffer,run,414,1213200,0,0,0,2759,1000000,16777216,read,172
measured,probe-memory-buffer,run,415,1213600,0,0,0,2761,1000000,16777216,read,172
measured,probe-memory-buffer,run,416,1214100,0,0,0,2762,1000000,16777216,read,172
measured,probe-memory-buffer,run,417,1214500,0,0,0,2764,1000000,16777216,read,172
measured,probe-memory-buffer,run,418,1214900,0,0,0,2766,1000000,16777216,read,172
measured,probe-memory-buffer,run,419,1215300,0,0,0,2767,1000000,16777216,read,172
measured,probe-memory-buffer,run,420,1215700,0,0,0,2769,1000000,16777216,read,173
measured,probe-memory-buffer,run,421,1216200,0,0,0,2771,1000000,16777216,read,173
measured,probe-memory-buffer,run,422,1216600,0,0,0,2773,1000000,16777216,read,173
measured,probe-memory-buffer,run,423,1217000,0,0,0,2774,1000000,16777216,read,173
measured,probe-memory-buffer,run,424,1218400,0,0,0,2780,1000000,16777216,read,173
measured,probe-memory-buffer,run,425,1218800,0,0,0,2781,1000000,16777216,read,173
measured,probe-memory-buffer,run,426,1219200,0,0,0,2783,1000000,16777216,read,173
measured,probe-memory-buffer,run,427,1219600,0,0,0,2784,1000000,16777216,read,174
measured,probe-memory-buffer,run,428,1220100,0,0,0,2786,1000000,16777216,read,174
measured,probe-memory-buffer,run,429,1220500,0,0,0,2788,1000000,16777216,read,174
measured,probe-memory-buffer,run,430,1220900,0,0,0,2789,1000000,16777216,read,174
measured,probe-memory-buffer,run,431,1221300,0,0,0,2791,1000000,16777216,read,174
measured,probe-memory-buffer,run,432,1221700,0,0,0,2792,1000000,16777216,read,174
measured,probe-memory-buffer,run,433,1222200,0,0,0,2794,1000000,16777216,read,174
measured,probe-memory-buffer,run,434,1222600,0,0,0,2796,1000000,16777216,read,174
measured,probe-memory-buffer,run,435,1223000,0,0,0,2798,1000000,16777216,read,174
measured,probe-memory-buffer,run,436,1223400,0,0,0,2799,1000000,16777216,read,174
measured,probe-memory-buffer,run,437,1223800,0,0,0,2801,1000000,16777216,read,175
measured,probe-memory-buffer,run,438,1224300,0,0,0,2802,1000000,16777216,read,175
measured,probe-memory-buffer,run,439,1224700,0,0,0,2804,1000000,16777216,read,175
measured,probe-memory-buffer,run,440,1225100,0,0,0,2806,1000000,16777216,read,175
measured,probe-memory-buffer,run,441,1225500,0,0,0,2807,1000000,16777216,read,175
measured,probe-memory-buffer,run,442,1225900,0,0,0,2809,1000000,16777216,read,175
measured,probe-memory-buffer,run,443,1226300,0,0,0,2810,1000000,16777216,read,175
measured,probe-memory-buffer,run,444,1226800,0,0,0,2812,1000000,16777216,read,175
measured,probe-memory-buffer,run,445,1227200,0,0,0,2814,1000000,16777216,read,175
measured,probe-memory-buffer,run,446,1227600,0,0,0,2816,1000000,16777216,read,176
measured,probe-memory-buffer,run,447,1228000,0,0,0,2817,1000000,16777216,read,176
measured,probe-memory-buffer,run,448,1228400,0,0,0,2819,1000000,16777216,read,176
measured,probe-memory-buffer,run,449,1228900,0,0,0,2820,1000000,16777216,read,176
measured,probe-memory-buffer,run,450,1229300,0,0,0,2822,1000000,16777216,read,176
measured,probe-memory-buffer,run,451,1229700,0,0,0,2824,1000000,16777216,read,176
measured,probe-memory-buffer,run,452,1230100,0,0,0,2825,1000000,16777216,read,176
measured,probe-memory-buffer,run,453,1230500,0,0,0,2827,1000000,16777216,read,176
measured,probe-memory-buffer,run,454,1231000,0,0,0,2828,1000000,16777216,read,176
measured,probe-memory-buffer,run,455,1231400,0,0,0,2830,1000000,16777216,read,176
measured,probe-memory-buffer,run,456,1231800,0,0,0,2832,1000000,16777216,read,177
measured,probe-memory-buffer,run,457,1232200,0,0,0,2833,1000000,16777216,read,177
measured,probe-memory-buffer,run,458,1232600,0,0,0,2835,1000000,16777216,read,177
measured,probe-memory-buffer,run,459,1233000,0,0,0,2837,1000000,16777216,read,177
measured,probe-memory-buffer,run,460,1233500,0,0,0,2838,1000000,16777216,read,177
measured,probe-memory-buffer,run,461,1233900,0,0,0,2840,1000000,16777216,read,177
measured,probe-memory-buffer,run,462,1234300,0,0,0,2842,1000000,16777216,read,177
measured,probe-memory-buffer,run,463,1234700,0,0,0,2843,1000000,16777216,read,177
measured,probe-memory-buffer,run,464,1235100,0,0,0,2845,1000000,16777216,read,177
measured,probe-memory-buffer,run,465,1235600,0,0,0,2846,1000000,16777216,read,177
measured,probe-memory-buffer,run,466,1236000,0,0,0,2848,1000000,16777216,read,178
measured,probe-memory-buffer,run,467,1236400,0,0,0,2850,1000000,16777216,read,178
measured,probe-memory-buffer,run,468,1236800,0,0,0,2851,1000000,16777216,read,178
measured,probe-memory-buffer,run,469,1237200,0,0,0,2853,1000000,16777216,read,178
measured,probe-memory-buffer,run,470,1237700,0,0,0,2855,1000000,16777216,read,178
measured,probe-memory-buffer,run,471,1238100,0,0,0,2857,1000000,16777216,read,178
measured,probe-memory-buffer,run,472,1238500,0,0,0,2858,1000000,16777216,read,178
measured,probe-memory-buffer,run,473,1238900,0,0,0,2860,1000000,16777216,read,178
measured,probe-memory-buffer,run,474,1239300,0,0,0,2861,1000000,16777216,read,178
measured,probe-memory-buffer,run,475,1239800,0,0,0,2863,1000000,16777216,read,178
measured,probe-memory-buffer,run,476,1240200,0,0,0,2865,1000000,16777216,read,179
measured,probe-memory-buffer,run,477,1240600,0,0,0,2866,1000000,16777216,read,179
measured,probe-memory-buffer,run,478,1241000,0,0,0,2868,1000000,16777216,read,179
measured,probe-memory-buffer,run,479,1241500,0,0,0,2869,1000000,16777216,read,179
measured,probe-memory-buffer,run,480,1241900,0,0,0,2871,1000000,16777216,read,179
measured,probe-memory-buffer,run,481,1243300,0,0,0,2876,1000000,16777216,read,179
measured,probe-memory-buffer,run,482,1243700,0,0,0,2878,1000000,16777216,read,179
measured,probe-memory-buffer,run,483,1244100,0,0,0,2880,1000000,16777216,read,180
measured,probe-memory-buffer,run,484,1244600,0,0,0,2882,1000000,16777216,read,180
measured,probe-memory-buffer,run,485,1245000,0,0,0,2883,1000000,16777216,read,180
measured,probe-memory-buffer,run,486,1245400,0,0,0,2885,1000000,16777216,read,180
measured,probe-memory-buffer,run,487,1245800,0,0,0,2887,1000000,16777216,read,180
measured,probe-memory-buffer,run,488,1246300,0,0,0,2888,1000000,16777216,read,180
measured,probe-memory-buffer,run,489,1246700,0,0,0,2890,1000000,16777216,read,180
measured,probe-memory-buffer,run,490,1247100,0,0,0,2892,1000000,16777216,read,180
measured,probe-memory-buffer,run,491,1247500,0,0,0,2893,1000000,16777216,read,180
measured,probe-memory-buffer,run,492,1247900,0,0,0,2895,1000000,16777216,read,180
measured,probe-memory-buffer,run,493,1248400,0,0,0,2896,1000000,16777216,read,181
measured,probe-memory-buffer,run,494,1248800,0,0,0,2898,1000000,16777216,read,181
measured,probe-memory-buffer,run,495,1249200,0,0,0,2900,1000000,16777216,read,181
measured,probe-memory-buffer,run,496,1249600,0,0,0,2901,1000000,16777216,read,181
measured,probe-memory-buffer,run,497,1250000,0,0,0,2903,1000000,16777216,read,181
measured,probe-memory-buffer,run,498,1250500,0,0,0,2905,1000000,16777216,read,181
measured,probe-memory-buffer,run,499,1250900,0,0,0,2906,1000000,16777216,read,181
measured,probe-memory-buffer,run,500,1251300,0,0,0,2908,1000000,16777216,read,181
measured,probe-memory-buffer,run,501,1251700,0,0,0,2910,1000000,16777216,read,181
measured,probe-memory-buffer,run,502,1252100,0,0,0,2911,1000000,16777216,read,181
measured,probe-memory-buffer,run,503,1252600,0,0,0,2913,1000000,16777216,read,182
measured,probe-memory-buffer,run,504,1253000,0,0,0,2914,1000000,16777216,read,182
measured,probe-memory-buffer,run,505,1253400,0,0,0,2916,1000000,16777216,read,182
measured,probe-memory-buffer,run,506,1253800,0,0,0,2918,1000000,16777216,read,182
measured,probe-memory-buffer,run,507,1254200,0,0,0,2919,1000000,16777216,read,182
measured,probe-memory-buffer,run,508,1254600,0,0,0,2921,1000000,16777216,read,182
measured,probe-memory-buffer,run,509,1255100,0,0,0,2923,1000000,16777216,read,182
measured,probe-memory-buffer,run,510,1255500,0,0,0,2925,1000000,16777216,read,182
measured,probe-memory-buffer,run,511,1255900,0,0,0,2926,1000000,16777216,read,182
measured,probe-memory-buffer,run,512,1256300,0,0,0,2928,1000000,16777216,read,183
measured,probe-memory-buffer,run,513,1256700,0,0,0,2929,1000000,16777216,read,183
measured,probe-memory-buffer,run,514,1257200,0,0,0,2931,1000000,16777216,read,183
measured,probe-memory-buffer,run,515,1257600,0,0,0,2932,1000000,16777216,read,183
measured,probe-memory-buffer,run,516,1258000,0,0,0,2934,1000000,16777216,read,183
measured,probe-memory-buffer,run,517,1258400,0,0,0,2936,1000000,16777216,read,183
measured,probe-memory-buffer,run,518,1258800,0,0,0,2937,1000000,16777216,read,183
measured,probe-memory-buffer,run,519,1259300,0,0,0,2939,1000000,16777216,read,183
measured,probe-memory-buffer,run,520,1259700,0,0,0,2941,1000000,16777216,read,183
measured,probe-memory-buffer,run,521,1260100,0,0,0,2942,1000000,16777216,read,183
measured,probe-memory-buffer,run,522,1260500,0,0,0,2944,1000000,16777216,read,184
measured,probe-memory-buffer,run,523,1260900,0,0,0,2946,1000000,16777216,read,184
measured,probe-memory-buffer,run,524,1261400,0,0,0,2947,1000000,16777216,read,184
measured,probe-memory-buffer,run,525,1261800,0,0,0,2949,1000000,16777216,read,184
measured,probe-memory-buffer,run,526,1262200,0,0,0,2951,1000000,16777216,read,184
measured,probe-memory-buffer,run,527,1262600,0,0,0,2952,1000000,16777216,read,184
measured,probe-memory-buffer,run,528,1263000,0,0,0,2954,1000000,16777216,read,184
measured,probe-memory-buffer,run,529,1263500,0,0,0,2955,1000000,16777216,read,184
measured,probe-memory-buffer,run,530,1263900,0,0,0,2957,1000000,16777216,read,184
measured,probe-memory-buffer,run,531,1264300,0,0,0,2959,1000000,16777216,read,184
measured,probe-memory-buffer,run,532,1264700,0,0,0,2960,1000000,16777216,read,185
measured,probe-memory-buffer,run,533,1265100,0,0,0,2962,1000000,16777216,read,185
measured,probe-memory-buffer,run,534,1265500,0,0,0,2964,1000000,16777216,read,185
measured,probe-memory-buffer,run,535,1266000,0,0,0,2965,1000000,16777216,read,185
measured,probe-memory-buffer,run,536,1266400,0,0,0,2967,1000000,16777216,read,185
measured,probe-memory-buffer,run,537,1266800,0,0,0,2969,1000000,16777216,read,185
measured,probe-memory-buffer,run,538,1268200,0,0,0,2974,1000000,16777216,read,185
measured,probe-memory-buffer,run,539,1268600,0,0,0,2976,1000000,16777216,read,186
measured,probe-memory-buffer,run,540,1269100,0,0,0,2977,1000000,16777216,read,186
measured,probe-memory-buffer,run,541,1269500,0,0,0,2979,1000000,16777216,read,186
measured,probe-memory-buffer,run,542,1269900,0,0,0,2981,1000000,16777216,read,186
measured,probe-memory-buffer,run,543,1270300,0,0,0,2982,1000000,16777216,read,186
measured,probe-memory-buffer,run,544,1270700,0,0,0,2984,1000000,16777216,read,186
measured,probe-memory-buffer,run,545,1271200,0,0,0,2985,1000000,16777216,read,186
measured,probe-memory-buffer,run,546,1271600,0,0,0,2987,1000000,16777216,read,186
measured,probe-memory-buffer,run,547,1272000,0,0,0,2989,1000000,16777216,read,186
measured,probe-memory-buffer,run,548,1272400,0,0,0,2991,1000000,16777216,read,186
measured,probe-memory-buffer,run,549,1272800,0,0,0,2992,1000000,16777216,read,187
measured,probe-memory-buffer,run,550,1273200,0,0,0,2994,1000000,16777216,read,187
measured,probe-memory-buffer,run,551,1273700,0,0,0,2995,1000000,16777216,read,187
measured,probe-memory-buffer,run,552,1274100,0,0,0,2997,1000000,16777216,read,187
measured,probe-memory-buffer,run,553,1274500,0,0,0,2999,1000000,16777216,read,187
measured,probe-memory-buffer,run,554,1274900,0,0,0,3000,1000000,16777216,read,187
measured,probe-memory-buffer,run,555,1275300,0,0,0,3002,1000000,16777216,read,187
measured,probe-memory-buffer,run,556,1275800,0,0,0,3003,1000000,16777216,read,187
measured,probe-memory-buffer,run,557,1276200,0,0,0,3005,1000000,16777216,read,187
measured,probe-memory-buffer,run,558,1276600,0,0,0,3007,1000000,16777216,read,187
measured,probe-memory-buffer,run,559,1277000,0,0,0,3008,1000000,16777216,read,188
measured,probe-memory-buffer,run,560,1277500,0,0,0,3010,1000000,16777216,read,188
measured,probe-memory-buffer,run,561,1277900,0,0,0,3012,1000000,16777216,read,188
measured,probe-memory-buffer,run,562,1278300,0,0,0,3014,1000000,16777216,read,188
measured,probe-memory-buffer,run,563,1278700,0,0,0,3015,1000000,16777216,read,188
measured,probe-memory-buffer,run,564,1279100,0,0,0,3017,1000000,16777216,read,188
measured,probe-memory-buffer,run,565,1279500,0,0,0,3018,1000000,16777216,read,188
measured,probe-memory-buffer,run,566,1280000,0,0,0,3020,1000000,16777216,read,188
measured,probe-memory-buffer,run,567,1280500,0,0,0,3022,1000000,16777216,read,188
measured,probe-memory-buffer,run,568,1280900,0,0,0,3024,1000000,16777216,read,189
measured,probe-memory-buffer,run,569,1281300,0,0,0,3025,1000000,16777216,read,189
measured,probe-memory-buffer,run,570,1281700,0,0,0,3027,1000000,16777216,read,189
measured,probe-memory-buffer,run,571,1282200,0,0,0,3028,1000000,16777216,read,189
measured,probe-memory-buffer,run,572,1282600,0,0,0,3030,1000000,16777216,read,189
measured,probe-memory-buffer,run,573,1283000,0,0,0,3032,1000000,16777216,read,189
measured,probe-memory-buffer,run,574,1283400,0,0,0,3033,1000000,16777216,read,189
measured,probe-memory-buffer,run,575,1283800,0,0,0,3035,1000000,16777216,read,189
measured,probe-memory-buffer,run,576,1284300,0,0,0,3037,1000000,16777216,read,189
measured,probe-memory-buffer,run,577,1284700,0,0,0,3039,1000000,16777216,read,189
measured,probe-memory-buffer,run,578,1285100,0,0,0,3040,1000000,16777216,read,190
measured,probe-memory-buffer,run,579,1285500,0,0,0,3042,1000000,16777216,read,190
measured,probe-memory-buffer,run,580,1285900,0,0,0,3043,1000000,16777216,read,190
measured,probe-memory-buffer,run,581,1286300,0,0,0,3045,1000000,16777216,read,190
measured,probe-memory-buffer,run,582,1286800,0,0,0,3046,1000000,16777216,read,190
measured,probe-memory-buffer,run,583,1287200,0,0,0,3048,1000000,16777216,read,190
measured,probe-memory-buffer,run,584,1287600,0,0,0,3050,1000000,16777216,read,190
measured,probe-memory-buffer,run,585,1288000,0,0,0,3051,1000000,16777216,read,190
measured,probe-memory-buffer,run,586,1288400,0,0,0,3053,1000000,16777216,read,190
measured,probe-memory-buffer,run,587,1288900,0,0,0,3055,1000000,16777216,read,190
measured,probe-memory-buffer,run,588,1289300,0,0,0,3057,1000000,16777216,read,191
measured,probe-memory-buffer,run,589,1289700,0,0,0,3058,1000000,16777216,read,191
measured,probe-memory-buffer,run,590,1290100,0,0,0,3060,1000000,16777216,read,191
measured,probe-memory-buffer,run,591,1290500,0,0,0,3061,1000000,16777216,read,191
measured,probe-memory-buffer,run,592,1291000,0,0,0,3063,1000000,16777216,read,191
measured,probe-memory-buffer,run,593,1291400,0,0,0,3065,1000000,16777216,read,191
measured,probe-memory-buffer,run,594,1291800,0,0,0,3066,1000000,16777216,read,191
measured,probe-memory-buffer,run,595,1293200,0,0,0,3072,1000000,16777216,read,192
measured,probe-memory-buffer,run,596,1293600,0,0,0,3073,1000000,16777216,read,192
measured,probe-memory-buffer,run,597,1294000,0,0,0,3075,1000000,16777216,read,192
measured,probe-memory-buffer,run,598,1294400,0,0,0,3076,1000000,16777216,read,192
measured,probe-memory-buffer,run,599,1294900,0,0,0,3078,1000000,16777216,read,192
measured,probe-memory-buffer,run,600,1295300,0,0,0,3080,1000000,16777216,read,192
measured,probe-memory-buffer,run,601,1295700,0,0,0,3082,1000000,16777216,read,192
measured,probe-memory-buffer,run,602,1296100,0,0,0,3083,1000000,16777216,read,192
measured,probe-memory-buffer,run,603,1296500,0,0,0,3085,1000000,16777216,read,192
measured,probe-memory-buffer,run,604,1297000,0,0,0,3086,1000000,16777216,read,192
measured,probe-memory-buffer,run,605,1297400,0,0,0,3088,1000000,16777216,read,193
measured,probe-memory-buffer,run,606,1297800,0,0,0,3090,1000000,16777216,read,193
measured,probe-memory-buffer,run,607,1298200,0,0,0,3091,1000000,16777216,read,193
measured,probe-memory-buffer,run,608,1298600,0,0,0,3093,1000000,16777216,read,193
measured,probe-memory-buffer,run,609,1299100,0,0,0,3094,1000000,16777216,read,193
measured,probe-memory-buffer,run,610,1299500,0,0,0,3096,1000000,16777216,read,193
measured,probe-memory-buffer,run,611,1299900,0,0,0,3098,1000000,16777216,read,193
measured,probe-memory-buffer,run,612,1300300,0,0,0,3100,1000000,16777216,read,193
measured,probe-memory-buffer,run,613,1300700,0,0,0,3101,1000000,16777216,read,193
measured,probe-memory-buffer,run,614,1301200,0,0,0,3103,1000000,16777216,read,193
measured,probe-memory-buffer,run,615,1301600,0,0,0,3105,1000000,16777216,read,194
measured,probe-memory-buffer,run,616,1302000,0,0,0,3106,1000000,16777216,read,194
measured,probe-memory-buffer,run,617,1302400,0,0,0,3108,1000000,16777216,read,194
measured,probe-memory-buffer,run,618,1302800,0,0,0,3109,1000000,16777216,read,194
measured,probe-memory-buffer,run,619,1303300,0,0,0,3111,1000000,16777216,read,194
measured,probe-memory-buffer,run,620,1303700,0,0,0,3112,1000000,16777216,read,194
measured,probe-memory-buffer,run,621,1304100,0,0,0,3114,1000000,16777216,read,194
measured,probe-memory-buffer,run,622,1304500,0,0,0,3116,1000000,16777216,read,194
measured,probe-memory-buffer,run,623,1304900,0,0,0,3117,1000000,16777216,read,194
measured,probe-memory-buffer,run,624,1305300,0,0,0,3119,1000000,16777216,read,194
measured,probe-memory-buffer,run,625,1305800,0,0,0,3121,1000000,16777216,read,195
measured,probe-memory-buffer,run,626,1306200,0,0,0,3123,1000000,16777216,read,195
measured,probe-memory-buffer,run,627,1306600,0,0,0,3124,1000000,16777216,read,195
measured,probe-memory-buffer,run,628,1307000,0,0,0,3126,1000000,16777216,read,195
measured,probe-memory-buffer,run,629,1307500,0,0,0,3127,1000000,16777216,read,195
measured,probe-memory-buffer,run,630,1307900,0,0,0,3129,1000000,16777216,read,195
measured,probe-memory-buffer,run,631,1308300,0,0,0,3131,1000000,16777216,read,195
measured,probe-memory-buffer,run,632,1312800,0,0,0,3148,1000000,16777216,read,196
measured,probe-memory-buffer,run,633,1313200,0,0,0,3150,1000000,16777216,read,196
measured,probe-memory-buffer,run,634,1313700,0,0,0,3151,1000000,16777216,read,196
measured,probe-memory-buffer,run,635,1314100,0,0,0,3153,1000000,16777216,read,197
measured,probe-memory-buffer,run,636,1314500,0,0,0,3155,1000000,16777216,read,197
measured,probe-memory-buffer,run,637,1314900,0,0,0,3157,1000000,16777216,read,197
measured,probe-memory-buffer,run,638,1315400,0,0,0,3158,1000000,16777216,read,197
measured,probe-memory-buffer,run,639,1315800,0,0,0,3160,1000000,16777216,read,197
measured,probe-memory-buffer,run,640,1316200,0,0,0,3162,1000000,16777216,read,197
measured,probe-memory-buffer,run,641,1316600,0,0,0,3163,1000000,16777216,read,197
measured,probe-memory-buffer,run,642,1317000,0,0,0,3165,1000000,16777216,read,197
measured,probe-memory-buffer,run,643,1317500,0,0,0,3166,1000000,16777216,read,197
measured,probe-memory-buffer,run,644,1317900,0,0,0,3168,1000000,16777216,read,198
measured,probe-memory-buffer,run,645,1318300,0,0,0,3170,1000000,16777216,read,198
measured,probe-memory-buffer,run,646,1318700,0,0,0,3171,1000000,16777216,read,198
measured,probe-memory-buffer,run,647,1319200,0,0,0,3173,1000000,16777216,read,198
measured,probe-memory-buffer,run,648,1319600,0,0,0,3175,1000000,16777216,read,198
measured,probe-memory-buffer,run,649,1320000,0,0,0,3176,1000000,16777216,read,198
measured,probe-memory-buffer,run,650,1320400,0,0,0,3178,1000000,16777216,read,198
measured,probe-memory-buffer,run,651,1320800,0,0,0,3180,1000000,16777216,read,198
measured,probe-memory-buffer,run,652,1322300,0,0,0,3185,1000000,16777216,read,199
measured,probe-memory-buffer,run,653,1322700,0,0,0,3187,1000000,16777216,read,199
measured,probe-memory-buffer,run,654,1323100,0,0,0,3189,1000000,16777216,read,199
measured,probe-memory-buffer,run,655,1323500,0,0,0,3190,1000000,16777216,read,199
measured,probe-memory-buffer,run,656,1324000,0,0,0,3192,1000000,16777216,read,199
measured,probe-memory-buffer,run,657,1324400,0,0,0,3194,1000000,16777216,read,199
measured,probe-memory-buffer,run,658,1324800,0,0,0,3195,1000000,16777216,read,199
measured,probe-memory-buffer,run,659,1325200,0,0,0,3197,1000000,16777216,read,199
measured,probe-memory-buffer,run,660,1325600,0,0,0,3198,1000000,16777216,read,199
measured,probe-memory-buffer,run,661,1326100,0,0,0,3200,1000000,16777216,read,200
measured,probe-memory-buffer,run,662,1326500,0,0,0,3202,1000000,16777216,read,200
measured,probe-memory-buffer,run,663,1326900,0,0,0,3203,1000000,16777216,read,200
measured,probe-memory-buffer,run,664,1327300,0,0,0,3205,1000000,16777216,read,200
measured,probe-memory-buffer,run,665,1327800,0,0,0,3207,1000000,16777216,read,200
measured,probe-memory-buffer,run,666,1328200,0,0,0,3208,1000000,16777216,read,200
measured,probe-memory-buffer,run,667,1328600,0,0,0,3210,1000000,16777216,read,200
measured,probe-memory-buffer,run,668,1329000,0,0,0,3212,1000000,16777216,read,200
measured,probe-memory-buffer,run,669,1329400,0,0,0,3213,1000000,16777216,read,200
measured,probe-memory-buffer,run,670,1329900,0,0,0,3215,1000000,16777216,read,200
measured,probe-memory-buffer,run,671,1330300,0,0,0,3217,1000000,16777216,read,201
measured,probe-memory-buffer,run,672,1330700,0,0,0,3218,1000000,16777216,read,201
measured,probe-memory-buffer,run,673,1331100,0,0,0,3220,1000000,16777216,read,201
measured,probe-memory-buffer,run,674,1331500,0,0,0,3221,1000000,16777216,read,201
measured,probe-memory-buffer,run,675,1332000,0,0,0,3223,1000000,16777216,read,201
measured,probe-memory-buffer,run,676,1332400,0,0,0,3225,1000000,16777216,read,201
measured,probe-memory-buffer,run,677,1332800,0,0,0,3226,1000000,16777216,read,201
measured,probe-memory-buffer,run,678,1333200,0,0,0,3228,1000000,16777216,read,201
measured,probe-memory-buffer,run,679,1333600,0,0,0,3230,1000000,16777216,read,201
measured,probe-memory-buffer,run,680,1334100,0,0,0,3231,1000000,16777216,read,201
measured,probe-memory-buffer,run,681,1334500,0,0,0,3233,1000000,16777216,read,202
measured,probe-memory-buffer,run,682,1334900,0,0,0,3235,1000000,16777216,read,202
measured,probe-memory-buffer,run,683,1335300,0,0,0,3236,1000000,16777216,read,202
measured,probe-memory-buffer,run,684,1335700,0,0,0,3238,1000000,16777216,read,202
measured,probe-memory-buffer,run,685,1336100,0,0,0,3239,1000000,16777216,read,202
measured,probe-memory-buffer,run,686,1336600,0,0,0,3241,1000000,16777216,read,202
measured,probe-memory-buffer,run,687,1337000,0,0,0,3243,1000000,16777216,read,202
measured,probe-memory-buffer,run,688,1337400,0,0,0,3244,1000000,16777216,read,202
measured,probe-memory-buffer,run,689,1337800,0,0,0,3246,1000000,16777216,read,202
measured,probe-memory-buffer,run,690,1338200,0,0,0,3248,1000000,16777216,read,203
measured,probe-memory-buffer,run,691,1338700,0,0,0,3249,1000000,16777216,read,203
measured,probe-memory-buffer,run,692,1339100,0,0,0,3251,1000000,16777216,read,203
measured,probe-memory-buffer,run,693,1339500,0,0,0,3253,1000000,16777216,read,203
measured,probe-memory-buffer,run,694,1339900,0,0,0,3254,1000000,16777216,read,203
measured,probe-memory-buffer,run,695,1340300,0,0,0,3256,1000000,16777216,read,203
measured,probe-memory-buffer,run,696,1340800,0,0,0,3257,1000000,16777216,read,203
measured,probe-memory-buffer,run,697,1341200,0,0,0,3259,1000000,16777216,read,203
measured,probe-memory-buffer,run,698,1341600,0,0,0,3261,1000000,16777216,read,203
measured,probe-memory-buffer,run,699,1342000,0,0,0,3262,1000000,16777216,read,203
measured,probe-memory-buffer,run,700,1342400,0,0,0,3264,1000000,16777216,read,204
measured,probe-memory-buffer,run,701,1342800,0,0,0,3266,1000000,16777216,read,204
measured,probe-memory-buffer,run,702,1343300,0,0,0,3267,1000000,16777216,read,204
measured,probe-memory-buffer,run,703,1343700,0,0,0,3269,1000000,16777216,read,204
measured,probe-memory-buffer,run,704,1344100,0,0,0,3271,1000000,16777216,read,204
measured,probe-memory-buffer,run,705,1344500,0,0,0,3272,1000000,16777216,read,204
measured,probe-memory-buffer,run,706,1344900,0,0,0,3274,1000000,16777216,read,204
measured,probe-memory-buffer,run,707,1345400,0,0,0,3275,1000000,16777216,read,204
measured,probe-memory-buffer,run,708,1345800,0,0,0,3277,1000000,16777216,read,204
measured,probe-memory-buffer,run,709,1347100,0,0,0,3282,1000000,16777216,read,205
measured,probe-memory-buffer,run,710,1347500,0,0,0,3284,1000000,16777216,read,205
measured,probe-memory-buffer,run,711,1347900,0,0,0,3285,1000000,16777216,read,205
measured,probe-memory-buffer,run,712,1348300,0,0,0,3287,1000000,16777216,read,205
measured,probe-memory-buffer,run,713,1348800,0,0,0,3289,1000000,16777216,read,205
measured,probe-memory-buffer,run,714,1349200,0,0,0,3291,1000000,16777216,read,205
measured,probe-memory-buffer,run,715,1349600,0,0,0,3292,1000000,16777216,read,205
measured,probe-memory-buffer,run,716,1350000,0,0,0,3294,1000000,16777216,read,205
measured,probe-memory-buffer,run,717,1350400,0,0,0,3295,1000000,16777216,read,205
measured,probe-memory-buffer,run,718,1350900,0,0,0,3297,1000000,16777216,read,206
measured,probe-memory-buffer,run,719,1351300,0,0,0,3299,1000000,16777216,read,206
measured,probe-memory-buffer,run,720,1351700,0,0,0,3300,1000000,16777216,read,206
measured,probe-memory-buffer,run,721,1352100,0,0,0,3302,1000000,16777216,read,206
measured,probe-memory-buffer,run,722,1352500,0,0,0,3303,1000000,16777216,read,206
measured,probe-memory-buffer,run,723,1353000,0,0,0,3305,1000000,16777216,read,206
measured,probe-memory-buffer,run,724,1353400,0,0,0,3307,1000000,16777216,read,206
measured,probe-memory-buffer,run,725,1353800,0,0,0,3308,1000000,16777216,read,206
measured,probe-memory-buffer,run,726,1354200,0,0,0,3310,1000000,16777216,read,206
measured,probe-memory-buffer,run,727,1354600,0,0,0,3312,1000000,16777216,read,207
measured,probe-memory-buffer,run,728,1355000,0,0,0,3313,1000000,16777216,read,207
measured,probe-memory-buffer,run,729,1355500,0,0,0,3315,1000000,16777216,read,207
measured,probe-memory-buffer,run,730,1355900,0,0,0,3317,1000000,16777216,read,207
measured,probe-memory-buffer,run,731,1356300,0,0,0,3318,1000000,16777216,read,207
measured,probe-memory-buffer,run,732,1356700,0,0,0,3320,1000000,16777216,read,207
measured,probe-memory-buffer,run,733,1357100,0,0,0,3321,1000000,16777216,read,207
measured,probe-memory-buffer,run,734,1357600,0,0,0,3323,1000000,16777216,read,207
measured,probe-memory-buffer,run,735,1358000,0,0,0,3325,1000000,16777216,read,207
measured,probe-memory-buffer,run,736,1358400,0,0,0,3326,1000000,16777216,read,207
measured,probe-memory-buffer,run,737,1358800,0,0,0,3328,1000000,16777216,read,208
measured,probe-memory-buffer,run,738,1359200,0,0,0,3330,1000000,16777216,read,208
measured,probe-memory-buffer,run,739,1359700,0,0,0,3331,1000000,16777216,read,208
measured,probe-memory-buffer,run,740,1360100,0,0,0,3333,1000000,16777216,read,208
measured,probe-memory-buffer,run,741,1360500,0,0,0,3335,1000000,16777216,read,208
measured,probe-memory-buffer,run,742,1360900,0,0,0,3336,1000000,16777216,read,208
measured,probe-memory-buffer,run,743,1361300,0,0,0,3338,1000000,16777216,read,208
measured,probe-memory-buffer,run,744,1361800,0,0,0,3339,1000000,16777216,read,208
measured,probe-memory-buffer,run,745,1362200,0,0,0,3341,1000000,16777216,read,208
measured,probe-memory-buffer,run,746,1362600,0,0,0,3343,1000000,16777216,read,208
measured,probe-memory-buffer,run,747,1363000,0,0,0,3344,1000000,16777216,read,209
measured,probe-memory-buffer,run,748,1363400,0,0,0,3346,1000000,16777216,read,209
measured,probe-memory-buffer,run,749,1363900,0,0,0,3348,1000000,16777216,read,209
measured,probe-memory-buffer,run,750,1364300,0,0,0,3350,1000000,16777216,read,209
measured,probe-memory-buffer,run,751,1364700,0,0,0,3351,1000000,16777216,read,209
measured,probe-memory-buffer,run,752,1365100,0,0,0,3353,1000000,16777216,read,209
measured,probe-memory-buffer,run,753,1365600,0,0,0,3354,1000000,16777216,read,209
measured,probe-memory-buffer,run,754,1366000,0,0,0,3356,1000000,16777216,read,209
measured,probe-memory-buffer,run,755,1366400,0,0,0,3358,1000000,16777216,read,209
measured,probe-memory-buffer,run,756,1366800,0,0,0,3359,1000000,16777216,read,209
measured,probe-memory-buffer,run,757,1367200,0,0,0,3361,1000000,16777216,read,210
measured,probe-memory-buffer,run,758,1367700,0,0,0,3362,1000000,16777216,read,210
measured,probe-memory-buffer,run,759,1368100,0,0,0,3364,1000000,16777216,read,210
measured,probe-memory-buffer,run,760,1368500,0,0,0,3366,1000000,16777216,read,210
measured,probe-memory-buffer,run,761,1368900,0,0,0,3367,1000000,16777216,read,210
measured,probe-memory-buffer,run,762,1369300,0,0,0,3369,1000000,16777216,read,210
measured,probe-memory-buffer,run,763,1369800,0,0,0,3371,1000000,16777216,read,210
measured,probe-memory-buffer,run,764,1370200,0,0,0,3372,1000000,16777216,read,210
measured,probe-memory-buffer,run,765,1371800,0,0,0,3379,1000000,16777216,read,211
measured,probe-memory-buffer,run,766,1372300,0,0,0,3380,1000000,16777216,read,211
measured,probe-memory-buffer,run,767,1372700,0,0,0,3382,1000000,16777216,read,211
measured,probe-memory-buffer,run,768,1373100,0,0,0,3384,1000000,16777216,read,211
measured,probe-memory-buffer,run,769,1373500,0,0,0,3385,1000000,16777216,read,211
measured,probe-memory-buffer,run,770,1373900,0,0,0,3387,1000000,16777216,read,211
measured,probe-memory-buffer,run,771,1374400,0,0,0,3389,1000000,16777216,read,211
measured,probe-memory-buffer,run,772,1374800,0,0,0,3391,1000000,16777216,read,211
measured,probe-memory-buffer,run,773,1375200,0,0,0,3392,1000000,16777216,read,212
measured,probe-memory-buffer,run,774,1375600,0,0,0,3394,1000000,16777216,read,212
measured,probe-memory-buffer,run,775,1376000,0,0,0,3395,1000000,16777216,read,212
measured,probe-memory-buffer,run,776,1376500,0,0,0,3397,1000000,16777216,read,212
measured,probe-memory-buffer,run,777,1376900,0,0,0,3399,1000000,16777216,read,212
measured,probe-memory-buffer,run,778,1377300,0,0,0,3400,1000000,16777216,read,212
measured,probe-memory-buffer,run,779,1377700,0,0,0,3402,1000000,16777216,read,212
measured,probe-memory-buffer,run,780,1378100,0,0,0,3403,1000000,16777216,read,212
measured,probe-memory-buffer,run,781,1378600,0,0,0,3405,1000000,16777216,read,212
measured,probe-memory-buffer,run,782,1379000,0,0,0,3407,1000000,16777216,read,212
measured,probe-memory-buffer,run,783,1379400,0,0,0,3408,1000000,16777216,read,213
measured,probe-memory-buffer,run,784,1379800,0,0,0,3410,1000000,16777216,read,213
measured,probe-memory-buffer,run,785,1380200,0,0,0,3412,1000000,16777216,read,213
measured,probe-memory-buffer,run,786,1380700,0,0,0,3413,1000000,16777216,read,213
measured,probe-memory-buffer,run,787,1381100,0,0,0,3415,1000000,16777216,read,213
measured,probe-memory-buffer,run,788,1381500,0,0,0,3417,1000000,16777216,read,213
measured,probe-memory-buffer,run,789,1381900,0,0,0,3418,1000000,16777216,read,213
measured,probe-memory-buffer,run,790,1382300,0,0,0,3420,1000000,16777216,read,213
measured,probe-memory-buffer,run,791,1382800,0,0,0,3421,1000000,16777216,read,213
measured,probe-memory-buffer,run,792,1383200,0,0,0,3423,1000000,16777216,read,213
measured,probe-memory-buffer,run,793,1383600,0,0,0,3425,1000000,16777216,read,214
measured,probe-memory-buffer,run,794,1384000,0,0,0,3426,1000000,16777216,read,214
measured,probe-memory-buffer,run,795,1384400,0,0,0,3428,1000000,16777216,read,214
measured,probe-memory-buffer,run,796,1384900,0,0,0,3430,1000000,16777216,read,214
measured,probe-memory-buffer,run,797,1385300,0,0,0,3432,1000000,16777216,read,214
measured,probe-memory-buffer,run,798,1385700,0,0,0,3433,1000000,16777216,read,214
measured,probe-memory-buffer,run,799,1386100,0,0,0,3435,1000000,16777216,read,214
measured,probe-memory-buffer,run,800,1386500,0,0,0,3436,1000000,16777216,read,214
measured,probe-memory-buffer,run,801,1387000,0,0,0,3438,1000000,16777216,read,214
measured,probe-memory-buffer,run,802,1387400,0,0,0,3440,1000000,16777216,read,215
measured,probe-memory-buffer,run,803,1387800,0,0,0,3441,1000000,16777216,read,215
measured,probe-memory-buffer,run,804,1388200,0,0,0,3443,1000000,16777216,read,215
measured,probe-memory-buffer,run,805,1388600,0,0,0,3444,1000000,16777216,read,215
measured,probe-memory-buffer,run,806,1389100,0,0,0,3446,1000000,16777216,read,215
measured,probe-memory-buffer,run,807,1389500,0,0,0,3448,1000000,16777216,read,215
measured,probe-memory-buffer,run,808,1389900,0,0,0,3450,1000000,16777216,read,215
measured,probe-memory-buffer,run,809,1390300,0,0,0,3451,1000000,16777216,read,215
measured,probe-memory-buffer,run,810,1390700,0,0,0,3453,1000000,16777216,read,215
measured,probe-memory-buffer,run,811,1391200,0,0,0,3454,1000000,16777216,read,215
measured,probe-memory-buffer,run,812,1391600,0,0,0,3456,1000000,16777216,read,216
measured,probe-memory-buffer,run,813,1392000,0,0,0,3458,1000000,16777216,read,216
measured,probe-memory-buffer,run,814,1392400,0,0,0,3459,1000000,16777216,read,216
measured,probe-memory-buffer,run,815,1392800,0,0,0,3461,1000000,16777216,read,216
measured,probe-memory-buffer,run,816,1393300,0,0,0,3462,1000000,16777216,read,216
measured,probe-memory-buffer,run,817,1393700,0,0,0,3464,1000000,16777216,read,216
measured,probe-memory-buffer,run,818,1394100,0,0,0,3466,1000000,16777216,read,216
measured,probe-memory-buffer,run,819,1394500,0,0,0,3467,1000000,16777216,read,216
measured,probe-memory-buffer,run,820,1394900,0,0,0,3469,1000000,16777216,read,216
measured,probe-memory-buffer,run,821,1395400,0,0,0,3471,1000000,16777216,read,216
measured,probe-memory-buffer,run,822,1396600,0,0,0,3476,1000000,16777216,read,217
measured,probe-memory-buffer,run,823,1397000,0,0,0,3477,1000000,16777216,read,217
measured,probe-memory-buffer,run,824,1397500,0,0,0,3479,1000000,16777216,read,217
measured,probe-memory-buffer,run,825,1397900,0,0,0,3481,1000000,16777216,read,217
measured,probe-memory-buffer,run,826,1398400,0,0,0,3482,1000000,16777216,read,217
measured,probe-memory-buffer,run,827,1398800,0,0,0,3484,1000000,16777216,read,217
measured,probe-memory-buffer,run,828,1399200,0,0,0,3486,1000000,16777216,read,217
measured,probe-memory-buffer,run,829,1399600,0,0,0,3487,1000000,16777216,read,217
measured,probe-memory-buffer,run,830,1400000,0,0,0,3489,1000000,16777216,read,218
measured,probe-memory-buffer,run,831,1400500,0,0,0,3491,1000000,16777216,read,218
measured,probe-memory-buffer,run,832,1400900,0,0,0,3492,1000000,16777216,read,218
measured,probe-memory-buffer,run,833,1401300,0,0,0,3494,1000000,16777216,read,218
measured,probe-memory-buffer,run,834,1401700,0,0,0,3496,1000000,16777216,read,218
measured,probe-memory-buffer,run,835,1402100,0,0,0,3497,1000000,16777216,read,218
measured,probe-memory-buffer,run,836,1402600,0,0,0,3499,1000000,16777216,read,218
measured,probe-memory-buffer,run,837,1403000,0,0,0,3501,1000000,16777216,read,218
measured,probe-memory-buffer,run,838,1403400,0,0,0,3502,1000000,16777216,read,218
measured,probe-memory-buffer,run,839,1403800,0,0,0,3504,1000000,16777216,read,219
measured,probe-memory-buffer,run,840,1404200,0,0,0,3505,1000000,16777216,read,219
measured,probe-memory-buffer,run,841,1404700,0,0,0,3507,1000000,16777216,read,219
measured,probe-memory-buffer,run,842,1405100,0,0,0,3509,1000000,16777216,read,219
measured,probe-memory-buffer,run,843,1405500,0,0,0,3510,1000000,16777216,read,219
measured,probe-memory-buffer,run,844,1405900,0,0,0,3512,1000000,16777216,read,219
measured,probe-memory-buffer,run,845,1406300,0,0,0,3514,1000000,16777216,read,219
measured,probe-memory-buffer,run,846,1406800,0,0,0,3515,1000000,16777216,read,219
measured,probe-memory-buffer,run,847,1407200,0,0,0,3517,1000000,16777216,read,219
measured,probe-memory-buffer,run,848,1407600,0,0,0,3519,1000000,16777216,read,219
measured,probe-memory-buffer,run,849,1408000,0,0,0,3520,1000000,16777216,read,220
measured,probe-memory-buffer,run,850,1408400,0,0,0,3522,1000000,16777216,read,220
measured,probe-memory-buffer,run,851,1408800,0,0,0,3523,1000000,16777216,read,220
measured,probe-memory-buffer,run,852,1409300,0,0,0,3525,1000000,16777216,read,220
measured,probe-memory-buffer,run,853,1409700,0,0,0,3527,1000000,16777216,read,220
measured,probe-memory-buffer,run,854,1410100,0,0,0,3528,1000000,16777216,read,220
measured,probe-memory-buffer,run,855,1410500,0,0,0,3530,1000000,16777216,read,220
measured,probe-memory-buffer,run,856,1410900,0,0,0,3532,1000000,16777216,read,220
measured,probe-memory-buffer,run,857,1411400,0,0,0,3533,1000000,16777216,read,220
measured,probe-memory-buffer,run,858,1411800,0,0,0,3535,1000000,16777216,read,220
measured,probe-memory-buffer,run,859,1412200,0,0,0,3537,1000000,16777216,read,221
measured,probe-memory-buffer,run,860,1412600,0,0,0,3538,1000000,16777216,read,221
measured,probe-memory-buffer,run,861,1413000,0,0,0,3540,1000000,16777216,read,221
measured,probe-memory-buffer,run,862,1413400,0,0,0,3541,1000000,16777216,read,221
measured,probe-memory-buffer,run,863,1413900,0,0,0,3543,1000000,16777216,read,221
measured,probe-memory-buffer,run,864,1414300,0,0,0,3545,1000000,16777216,read,221
measured,probe-memory-buffer,run,865,1414700,0,0,0,3546,1000000,16777216,read,221
measured,probe-memory-buffer,run,866,1415100,0,0,0,3548,1000000,16777216,read,221
measured,probe-memory-buffer,run,867,1415500,0,0,0,3550,1000000,16777216,read,221
measured,probe-memory-buffer,run,868,1416000,0,0,0,3551,1000000,16777216,read,221
measured,probe-memory-buffer,run,869,1416400,0,0,0,3553,1000000,16777216,read,222
measured,probe-memory-buffer,run,870,1416800,0,0,0,3555,1000000,16777216,read,222
measured,probe-memory-buffer,run,871,1417200,0,0,0,3556,1000000,16777216,read,222
measured,probe-memory-buffer,run,872,1417600,0,0,0,3558,1000000,16777216,read,222
measured,probe-memory-buffer,run,873,1418100,0,0,0,3559,1000000,16777216,read,222
measured,probe-memory-buffer,run,874,1418500,0,0,0,3561,1000000,16777216,read,222
measured,probe-memory-buffer,run,875,1418900,0,0,0,3563,1000000,16777216,read,222
measured,probe-memory-buffer,run,876,1419300,0,0,0,3564,1000000,16777216,read,222
measured,probe-memory-buffer,run,877,1419700,0,0,0,3566,1000000,16777216,read,222
measured,probe-memory-buffer,run,878,1420200,0,0,0,3567,1000000,16777216,read,222
measured,probe-memory-buffer,run,879,1421500,0,0,0,3573,1000000,16777216,read,223
measured,probe-memory-buffer,run,880,1422000,0,0,0,3575,1000000,16777216,read,223
measured,probe-memory-buffer,run,881,1422400,0,0,0,3576,1000000,16777216,read,223
measured,probe-memory-buffer,run,882,1422800,0,0,0,3578,1000000,16777216,read,223
measured,probe-memory-buffer,run,883,1423200,0,0,0,3580,1000000,16777216,read,223
measured,probe-memory-buffer,run,884,1423700,0,0,0,3581,1000000,16777216,read,223
measured,probe-memory-buffer,run,885,1424100,0,0,0,3583,1000000,16777216,read,223
measured,probe-memory-buffer,run,886,1424500,0,0,0,3585,1000000,16777216,read,224
measured,probe-memory-buffer,run,887,1424900,0,0,0,3586,1000000,16777216,read,224
measured,probe-memory-buffer,run,888,1425300,0,0,0,3588,1000000,16777216,read,224
measured,probe-memory-buffer,run,889,1425800,0,0,0,3589,1000000,16777216,read,224
measured,probe-memory-buffer,run,890,1426200,0,0,0,3591,1000000,16777216,read,224
measured,probe-memory-buffer,run,891,1426600,0,0,0,3593,1000000,16777216,read,224
measured,probe-memory-buffer,run,892,1427000,0,0,0,3594,1000000,16777216,read,224
measured,probe-memory-buffer,run,893,1427400,0,0,0,3596,1000000,16777216,read,224
measured,probe-memory-buffer,run,894,1427900,0,0,0,3598,1000000,16777216,read,224
measured,probe-memory-buffer,run,895,1428300,0,0,0,3600,1000000,16777216,read,225
measured,probe-memory-buffer,run,896,1428700,0,0,0,3601,1000000,16777216,read,225
measured,probe-memory-buffer,run,897,1429100,0,0,0,3603,1000000,16777216,read,225
measured,probe-memory-buffer,run,898,1429600,0,0,0,3604,1000000,16777216,read,225
measured,probe-memory-buffer,run,899,1430000,0,0,0,3606,1000000,16777216,read,225
measured,probe-memory-buffer,run,900,1430400,0,0,0,3608,1000000,16777216,read,225
measured,probe-memory-buffer,run,901,1430800,0,0,0,3609,1000000,16777216,read,225
measured,probe-memory-buffer,run,902,1431200,0,0,0,3611,1000000,16777216,read,225
measured,probe-memory-buffer,run,903,1431700,0,0,0,3612,1000000,16777216,read,225
measured,probe-memory-buffer,run,904,1432100,0,0,0,3614,1000000,16777216,read,225
measured,probe-memory-buffer,run,905,1432500,0,0,0,3616,1000000,16777216,read,226
measured,probe-memory-buffer,run,906,1432900,0,0,0,3617,1000000,16777216,read,226
measured,probe-memory-buffer,run,907,1433300,0,0,0,3619,1000000,16777216,read,226
measured,probe-memory-buffer,run,908,1433700,0,0,0,3621,1000000,16777216,read,226
measured,probe-memory-buffer,run,909,1434200,0,0,0,3622,1000000,16777216,read,226
measured,probe-memory-buffer,run,910,1434600,0,0,0,3624,1000000,16777216,read,226
measured,probe-memory-buffer,run,911,1435000,0,0,0,3626,1000000,16777216,read,226
measured,probe-memory-buffer,run,912,1435400,0,0,0,3627,1000000,16777216,read,226
measured,probe-memory-buffer,run,913,1435900,0,0,0,3629,1000000,16777216,read,226
measured,probe-memory-buffer,run,914,1436300,0,0,0,3630,1000000,16777216,read,226
measured,probe-memory-buffer,run,915,1436700,0,0,0,3632,1000000,16777216,read,227
measured,probe-memory-buffer,run,916,1437100,0,0,0,3634,1000000,16777216,read,227
measured,probe-memory-buffer,run,917,1437500,0,0,0,3635,1000000,16777216,read,227
measured,probe-memory-buffer,run,918,1437900,0,0,0,3637,1000000,16777216,read,227
measured,probe-memory-buffer,run,919,1438400,0,0,0,3639,1000000,16777216,read,227
measured,probe-memory-buffer,run,920,1438800,0,0,0,3641,1000000,16777216,read,227
measured,probe-memory-buffer,run,921,1439200,0,0,0,3642,1000000,16777216,read,227
measured,probe-memory-buffer,run,922,1439600,0,0,0,3644,1000000,16777216,read,227
measured,probe-memory-buffer,run,923,1440000,0,0,0,3645,1000000,16777216,read,227
measured,probe-memory-buffer,run,924,1440500,0,0,0,3647,1000000,16777216,read,227
measured,probe-memory-buffer,run,925,1440900,0,0,0,3648,1000000,16777216,read,228
measured,probe-memory-buffer,run,926,1441300,0,0,0,3650,1000000,16777216,read,228
measured,probe-memory-buffer,run,927,1441700,0,0,0,3652,1000000,16777216,read,228
measured,probe-memory-buffer,run,928,1442100,0,0,0,3653,1000000,16777216,read,228
measured,probe-memory-buffer,run,929,1442500,0,0,0,3655,1000000,16777216,read,228
measured,probe-memory-buffer,run,930,1443000,0,0,0,3657,1000000,16777216,read,228
measured,probe-memory-buffer,run,931,1443400,0,0,0,3658,1000000,16777216,read,228
measured,probe-memory-buffer,run,932,1443800,0,0,0,3660,1000000,16777216,read,228
measured,probe-memory-buffer,run,933,1444200,0,0,0,3662,1000000,16777216,read,228
measured,probe-memory-buffer,run,934,1444600,0,0,0,3663,1000000,16777216,read,228
measured,probe-memory-buffer,run,935,1445100,0,0,0,3665,1000000,16777216,read,229
measured,probe-memory-buffer,run,936,1446300,0,0,0,3670,1000000,16777216,read,229
measured,probe-memory-buffer,run,937,1446700,0,0,0,3671,1000000,16777216,read,229
measured,probe-memory-buffer,run,938,1447200,0,0,0,3673,1000000,16777216,read,229
measured,probe-memory-buffer,run,939,1447600,0,0,0,3675,1000000,16777216,read,229
measured,probe-memory-buffer,run,940,1448000,0,0,0,3676,1000000,16777216,read,229
measured,probe-memory-buffer,run,941,1448400,0,0,0,3678,1000000,16777216,read,229
measured,probe-memory-buffer,run,942,1448800,0,0,0,3680,1000000,16777216,read,230
measured,probe-memory-buffer,run,943,1449300,0,0,0,3681,1000000,16777216,read,230
measured,probe-memory-buffer,run,944,1449700,0,0,0,3683,1000000,16777216,read,230
measured,probe-memory-buffer,run,945,1450100,0,0,0,3685,1000000,16777216,read,230
measured,probe-memory-buffer,run,946,1450500,0,0,0,3686,1000000,16777216,read,230
measured,probe-memory-buffer,run,947,1451300,0,0,0,3689,1000000,16777216,read,230
measured,probe-memory-buffer,run,948,1451700,0,0,0,3691,1000000,16777216,read,230
measured,probe-memory-buffer,run,949,1452100,0,0,0,3692,1000000,16777216,read,230
measured,probe-memory-buffer,run,950,1452600,0,0,0,3694,1000000,16777216,read,230
measured,probe-memory-buffer,run,951,1453000,0,0,0,3696,1000000,16777216,read,231
measured,probe-memory-buffer,run,952,1453400,0,0,0,3698,1000000,16777216,read,231
measured,probe-memory-buffer,run,953,1453800,0,0,0,3699,1000000,16777216,read,231
measured,probe-memory-buffer,run,954,1454200,0,0,0,3701,1000000,16777216,read,231
measured,probe-memory-buffer,run,955,1454700,0,0,0,3702,1000000,16777216,read,231
measured,probe-memory-buffer,run,956,1455100,0,0,0,3704,1000000,16777216,read,231
measured,probe-memory-buffer,run,957,1455500,0,0,0,3706,1000000,16777216,read,231
measured,probe-memory-buffer,run,958,1455900,0,0,0,3707,1000000,16777216,read,231
measured,probe-memory-buffer,run,959,1456300,0,0,0,3709,1000000,16777216,read,231
measured,probe-memory-buffer,run,960,1456800,0,0,0,3710,1000000,16777216,read,231
measured,probe-memory-buffer,run,961,1457200,0,0,0,3712,1000000,16777216,read,232
measured,probe-memory-buffer,run,962,1457600,0,0,0,3714,1000000,16777216,read,232
measured,probe-memory-buffer,run,963,10153101,0,200000,1000000,37680,1000000,258710395,update,0
measured,probe-memory-buffer,run,964,10265201,0,200000,1000000,44432,1000000,258710395,read,2777
measured,probe-memory-buffer,run,965,10266101,0,200000,1000000,44492,1000000,258710395,read,2780
measured,probe-memory-buffer,run,966,10266501,0,200000,1000000,44516,1000000,258710395,read,2782
measured,probe-memory-buffer,run,967,10267001,0,200000,1000000,44540,1000000,258710395,read,2783
measured,probe-memory-buffer,run,968,10267401,0,200000,1000000,44570,1000000,258710395,read,2785
measured,probe-memory-buffer,run,969,10267801,0,200000,1000000,44595,1000000,258710395,read,2787
measured,probe-memory-buffer,run,970,10268201,0,200000,1000000,44619,1000000,258710395,read,2788
measured,probe-memory-buffer,run,971,10268701,0,200000,1000000,44643,1000000,258710395,read,2790
measured,probe-memory-buffer,run,972,10269101,0,200000,1000000,44673,1000000,258710395,read,2792
measured,probe-memory-buffer,run,973,10269501,0,200000,1000000,44697,1000000,258710395,read,2793
measured,probe-memory-buffer,run,974,10269901,0,200000,1000000,44721,1000000,258710395,read,2795
measured,probe-memory-buffer,run,975,10270301,0,200000,1000000,44745,1000000,258710395,read,2796
measured,probe-memory-buffer,run,976,10270801,0,200000,1000000,44769,1000000,258710395,read,2798
measured,probe-memory-buffer,run,977,10271201,0,200000,1000000,44799,1000000,258710395,read,2799
measured,probe-memory-buffer,run,978,10271601,0,200000,1000000,44823,1000000,258710395,read,2801
measured,probe-memory-buffer,run,979,10272001,0,200000,1000000,44848,1000000,258710395,read,2803
measured,probe-memory-buffer,run,980,10272401,0,200000,1000000,44872,1000000,258710395,read,2804
measured,probe-memory-buffer,run,981,10272901,0,200000,1000000,44896,1000000,258710395,read,2806
measured,probe-memory-buffer,run,982,10273301,0,200000,1000000,44926,1000000,258710395,read,2807
measured,probe-memory-buffer,run,983,10273701,0,200000,1000000,44950,1000000,258710395,read,2809
measured,probe-memory-buffer,run,984,10274101,0,200000,1000000,44974,1000000,258710395,read,2810
measured,probe-memory-buffer,run,985,10274501,0,200000,1000000,44998,1000000,258710395,read,2812
measured,probe-memory-buffer,run,986,10275001,0,200000,1000000,45022,1000000,258710395,read,2813
measured,probe-memory-buffer,run,987,10275401,0,200000,1000000,45052,1000000,258710395,read,2815
measured,probe-memory-buffer,run,988,10275801,0,200000,1000000,45076,1000000,258710395,read,2817
measured,probe-memory-buffer,run,989,10276201,0,200000,1000000,45101,1000000,258710395,read,2818
measured,probe-memory-buffer,run,990,10276601,0,200000,1000000,45125,1000000,258710395,read,2820
measured,probe-memory-buffer,run,991,10277001,0,200000,1000000,45149,1000000,258710395,read,2821
measured,probe-memory-buffer,run,992,10277501,0,200000,1000000,45173,1000000,258710395,read,2823
measured,probe-memory-buffer,run,993,10286201,0,200000,1000000,45703,1000000,258710395,read,2856
measured,probe-memory-buffer,run,994,10286601,0,200000,1000000,45727,1000000,258710395,read,2857
measured,probe-memory-buffer,run,995,10287001,0,200000,1000000,45751,1000000,258710395,read,2859
measured,probe-memory-buffer,run,996,10287501,0,200000,1000000,45775,1000000,258710395,read,2860
measured,probe-memory-buffer,run,997,10287901,0,200000,1000000,45805,1000000,258710395,read,2862
measured,probe-memory-buffer,run,998,10288301,0,200000,1000000,45829,1000000,258710395,read,2864
measured,probe-memory-buffer,run,999,10288701,0,200000,1000000,45853,1000000,258710395,read,2865
measured,probe-memory-buffer,run,1000,10289101,0,200000,1000000,45878,1000000,258710395,read,2867
measured,probe-memory-buffer,run,1001,10289601,0,200000,1000000,45902,1000000,258710395,read,2868
measured,probe-memory-buffer,run,1002,10290001,0,200000,1000000,45932,1000000,258710395,read,2870
measured,probe-memory-buffer,run,1003,10290401,0,200000,1000000,45956,1000000,258710395,read,2872
measured,probe-memory-buffer,run,1004,10290801,0,200000,1000000,45980,1000000,258710395,read,2873
measured,probe-memory-buffer,run,1005,10291301,0,200000,1000000,46004,1000000,258710395,read,2875
measured,probe-memory-buffer,run,1006,10291701,0,200000,1000000,46034,1000000,258710395,read,2877
measured,probe-memory-buffer,run,1007,10292101,0,200000,1000000,46058,1000000,258710395,read,2878
measured,probe-memory-buffer,run,1008,10292501,0,200000,1000000,46082,1000000,258710395,read,2880
measured,probe-memory-buffer,run,1009,10292901,0,200000,1000000,46106,1000000,258710395,read,2881
measured,probe-memory-buffer,run,1010,10293401,0,200000,1000000,46131,1000000,258710395,read,2883
measured,probe-memory-buffer,run,1011,10293801,0,200000,1000000,46161,1000000,258710395,read,2885
measured,probe-memory-buffer,run,1012,10294201,0,200000,1000000,46185,1000000,258710395,read,2886
measured,probe-memory-buffer,run,1013,10294601,0,200000,1000000,46209,1000000,258710395,read,2888
measured,probe-memory-buffer,run,1014,10295001,0,200000,1000000,46233,1000000,258710395,read,2889
measured,probe-memory-buffer,run,1015,10295501,0,200000,1000000,46257,1000000,258710395,read,2891
measured,probe-memory-buffer,run,1016,10295901,0,200000,1000000,46287,1000000,258710395,read,2892
measured,probe-memory-buffer,run,1017,10296301,0,200000,1000000,46311,1000000,258710395,read,2894
measured,probe-memory-buffer,run,1018,10298001,0,200000,1000000,46402,1000000,187353455,update,0
measured,probe-memory-buffer,run,1019,10314801,0,200000,1000000,47139,1000000,187353455,read,2946
measured,probe-memory-buffer,run,1020,10316701,0,200000,1000000,47222,1000000,187353455,read,2951
measured,probe-memory-buffer,run,1021,10317301,0,200000,1000000,47243,1000000,187353455,read,2952
measured,probe-memory-buffer,run,1022,10317701,0,200000,1000000,47265,1000000,187353455,read,2954
measured,probe-memory-buffer,run,1023,10318201,0,200000,1000000,47283,1000000,187353455,read,2955
measured,probe-memory-buffer,run,1024,10318601,0,200000,1000000,47304,1000000,187353455,read,2956
measured,probe-memory-buffer,run,1025,10319001,0,200000,1000000,47322,1000000,187353455,read,2957
measured,probe-memory-buffer,run,1026,10319401,0,200000,1000000,47339,1000000,187353455,read,2958
measured,probe-memory-buffer,run,1027,10319801,0,200000,1000000,47357,1000000,187353455,read,2959
measured,probe-memory-buffer,run,1028,10320301,0,200000,1000000,47374,1000000,187353455,read,2960
measured,probe-memory-buffer,run,1029,10320701,0,200000,1000000,47396,1000000,187353455,read,2962
measured,probe-memory-buffer,run,1030,10321101,0,200000,1000000,47414,1000000,187353455,read,2963
measured,probe-memory-buffer,run,1031,10321501,0,200000,1000000,47431,1000000,187353455,read,2964
measured,probe-memory-buffer,run,1032,10321901,0,200000,1000000,47448,1000000,187353455,read,2965
measured,probe-memory-buffer,run,1033,10322401,0,200000,1000000,47466,1000000,187353455,read,2966
measured,probe-memory-buffer,run,1034,10322801,0,200000,1000000,47488,1000000,187353455,read,2968
measured,probe-memory-buffer,run,1035,10323201,0,200000,1000000,47505,1000000,187353455,read,2969
measured,probe-memory-buffer,run,1036,10323601,0,200000,1000000,47523,1000000,187353455,read,2970
measured,probe-memory-buffer,run,1037,10324001,0,200000,1000000,47540,1000000,187353455,read,2971
measured,probe-memory-buffer,run,1038,10324501,0,200000,1000000,47557,1000000,187353455,read,2972
measured,probe-memory-buffer,run,1039,10324901,0,200000,1000000,47579,1000000,187353455,read,2973
measured,probe-memory-buffer,run,1040,10325301,0,200000,1000000,47597,1000000,187353455,read,2974
measured,probe-memory-buffer,run,1041,10325701,0,200000,1000000,47614,1000000,187353455,read,2975
measured,probe-memory-buffer,run,1042,10326101,0,200000,1000000,47632,1000000,187353455,read,2977
measured,probe-memory-buffer,run,1043,10326601,0,200000,1000000,47649,1000000,187353455,read,2978
measured,probe-memory-buffer,run,1044,10327001,0,200000,1000000,47671,1000000,187353455,read,2979
measured,probe-memory-buffer,run,1045,10327401,0,200000,1000000,47688,1000000,187353455,read,2980
measured,probe-memory-buffer,run,1046,10327801,0,200000,1000000,47706,1000000,187353455,read,2981
measured,probe-memory-buffer,run,1047,10328201,0,200000,1000000,47723,1000000,187353455,read,2982
measured,probe-memory-buffer,run,1048,10328701,0,200000,1000000,47741,1000000,187353455,read,2983
measured,probe-memory-buffer,run,1049,10329101,0,200000,1000000,47762,1000000,187353455,read,2985
measured,probe-memory-buffer,run,1050,10331801,0,200000,1000000,47880,1000000,187353455,read,2992
measured,probe-memory-buffer,run,1051,10332301,0,200000,1000000,47898,1000000,187353455,read,2993
measured,probe-memory-buffer,run,1052,10332701,0,200000,1000000,47920,1000000,187353455,read,2995
measured,probe-memory-buffer,run,1053,10333101,0,200000,1000000,47937,1000000,187353455,read,2996
measured,probe-memory-buffer,run,1054,10333501,0,200000,1000000,47954,1000000,187353455,read,2997
measured,probe-memory-buffer,run,1055,10334001,0,200000,1000000,47972,1000000,187353455,read,2998
measured,probe-memory-buffer,run,1056,10334401,0,200000,1000000,47989,1000000,187353455,read,2999
measured,probe-memory-buffer,run,1057,10334801,0,200000,1000000,48011,1000000,187353455,read,3000
measured,probe-memory-buffer,run,1058,10335201,0,200000,1000000,48029,1000000,187353455,read,3001
measured,probe-memory-buffer,run,1059,10335601,0,200000,1000000,48046,1000000,187353455,read,3002
measured,probe-memory-buffer,run,1060,10336101,0,200000,1000000,48063,1000000,187353455,read,3003
measured,probe-memory-buffer,run,1061,10336501,0,200000,1000000,48081,1000000,187353455,read,3005
measured,probe-memory-buffer,run,1062,10336901,0,200000,1000000,48103,1000000,187353455,read,3006
measured,probe-memory-buffer,run,1063,10337301,0,200000,1000000,48120,1000000,187353455,read,3007
measured,probe-memory-buffer,run,1064,10337701,0,200000,1000000,48138,1000000,187353455,read,3008
measured,probe-memory-buffer,run,1065,10338201,0,200000,1000000,48155,1000000,187353455,read,3009
measured,probe-memory-buffer,run,1066,10338601,0,200000,1000000,48173,1000000,187353455,read,3010
measured,probe-memory-buffer,run,1067,10339001,0,200000,1000000,48194,1000000,187353455,read,3012
measured,probe-memory-buffer,run,1068,10339401,0,200000,1000000,48212,1000000,187353455,read,3013
measured,probe-memory-buffer,run,1069,10339801,0,200000,1000000,48229,1000000,187353455,read,3014
measured,probe-memory-buffer,run,1070,10340201,0,200000,1000000,48247,1000000,187353455,read,3015
measured,probe-memory-buffer,run,1071,10340701,0,200000,1000000,48264,1000000,187353455,read,3016
measured,probe-memory-buffer,run,1072,10341101,0,200000,1000000,48286,1000000,187353455,read,3017
measured,probe-memory-buffer,run,1073,10341501,0,200000,1000000,48303,1000000,187353455,read,3018
measured,probe-memory-buffer,run,1074,10341901,0,200000,1000000,48321,1000000,187353455,read,3020
measured,probe-memory-buffer,run,1075,10342301,0,200000,1000000,48338,1000000,187353455,read,3021
measured,probe-memory-buffer,run,1076,10342801,0,200000,1000000,48356,1000000,187353455,read,3022
measured,probe-memory-buffer,run,1077,10343201,0,200000,1000000,48378,1000000,187353455,read,3023
measured,probe-memory-buffer,run,1078,10343601,0,200000,1000000,48395,1000000,187353455,read,3024
measured,probe-memory-buffer,run,1079,10344001,0,200000,1000000,48412,1000000,187353455,read,3025
measured,probe-memory-buffer,run,1080,10344401,0,200000,1000000,48430,1000000,187353455,read,3026
measured,probe-memory-buffer,run,1081,10344801,0,200000,1000000,48447,1000000,187353455,read,3027
measured,probe-memory-buffer,run,1082,10345301,0,200000,1000000,48465,1000000,187353455,read,3029
measured,probe-memory-buffer,run,1083,10345701,0,200000,1000000,48487,1000000,187353455,read,3030
measured,probe-memory-buffer,run,1084,10346101,0,200000,1000000,48504,1000000,187353455,read,3031
measured,probe-memory-buffer,run,1085,10346501,0,200000,1000000,48522,1000000,187353455,read,3032
measured,probe-memory-buffer,run,1086,10346901,0,200000,1000000,48539,1000000,187353455,read,3033
measured,probe-memory-buffer,run,1087,10347401,0,200000,1000000,48556,1000000,187353455,read,3034
measured,probe-memory-buffer,run,1088,10347801,0,200000,1000000,48578,1000000,187353455,read,3036
measured,probe-memory-buffer,run,1089,10348201,0,200000,1000000,48596,1000000,187353455,read,3037
measured,probe-memory-buffer,run,1090,10348601,0,200000,1000000,48613,1000000,187353455,read,3038
measured,probe-memory-buffer,run,1091,10349001,0,200000,1000000,48631,1000000,187353455,read,3039
measured,probe-memory-buffer,run,1092,10349501,0,200000,1000000,48648,1000000,187353455,read,3040
measured,probe-memory-buffer,run,1093,10349901,0,200000,1000000,48665,1000000,187353455,read,3041
measured,probe-memory-buffer,run,1094,10350301,0,200000,1000000,48687,1000000,187353455,read,3042
measured,probe-memory-buffer,run,1095,10350701,0,200000,1000000,48705,1000000,187353455,read,3044
measured,probe-memory-buffer,run,1096,10351101,0,200000,1000000,48722,1000000,187353455,read,3045
measured,probe-memory-buffer,run,1097,10351601,0,200000,1000000,48740,1000000,187353455,read,3046
measured,probe-memory-buffer,run,1098,10352001,0,200000,1000000,48757,1000000,187353455,read,3047
measured,probe-memory-buffer,run,1099,10352401,0,200000,1000000,48779,1000000,187353455,read,3048
measured,probe-memory-buffer,run,1100,10352801,0,200000,1000000,48796,1000000,187353455,read,3049
measured,probe-memory-buffer,run,1101,10353201,0,200000,1000000,48814,1000000,187353455,read,3050
measured,probe-memory-buffer,run,1102,10353701,0,200000,1000000,48831,1000000,187353455,read,3051
measured,probe-memory-buffer,run,1103,10354101,0,200000,1000000,48849,1000000,187353455,read,3053
measured,probe-memory-buffer,run,1104,10354501,0,200000,1000000,48870,1000000,187353455,read,3054
measured,probe-memory-buffer,run,1105,10354901,0,200000,1000000,48888,1000000,187353455,read,3055
measured,probe-memory-buffer,run,1106,10355301,0,200000,1000000,48905,1000000,187353455,read,3056
measured,probe-memory-buffer,run,1107,10356701,0,200000,1000000,48966,1000000,187353455,read,3060
measured,probe-memory-buffer,run,1108,10357101,0,200000,1000000,48984,1000000,187353455,read,3061
measured,probe-memory-buffer,run,1109,10357601,0,200000,1000000,49001,1000000,187353455,read,3062
measured,probe-memory-buffer,run,1110,10358001,0,200000,1000000,49023,1000000,187353455,read,3063
measured,probe-memory-buffer,run,1111,10358401,0,200000,1000000,49041,1000000,187353455,read,3065
measured,probe-memory-buffer,run,1112,10358801,0,200000,1000000,49058,1000000,187353455,read,3066
measured,probe-memory-buffer,run,1113,10359201,0,200000,1000000,49076,1000000,187353455,read,3067
measured,probe-memory-buffer,run,1114,10359701,0,200000,1000000,49093,1000000,187353455,read,3068
measured,probe-memory-buffer,run,1115,10360101,0,200000,1000000,49115,1000000,187353455,read,3069
measured,probe-memory-buffer,run,1116,10360501,0,200000,1000000,49132,1000000,187353455,read,3070
measured,probe-memory-buffer,run,1117,10360901,0,200000,1000000,49150,1000000,187353455,read,3071
measured,probe-memory-buffer,run,1118,10361301,0,200000,1000000,49167,1000000,187353455,read,3072
measured,probe-memory-buffer,run,1119,10361801,0,200000,1000000,49185,1000000,187353455,read,3074
measured,probe-memory-buffer,run,1120,10362201,0,200000,1000000,49206,1000000,187353455,read,3075
measured,probe-memory-buffer,run,1121,10362601,0,200000,1000000,49224,1000000,187353455,read,3076
measured,probe-memory-buffer,run,1122,10363001,0,200000,1000000,49241,1000000,187353455,read,3077
measured,probe-memory-buffer,run,1123,10363401,0,200000,1000000,49259,1000000,187353455,read,3078
measured,probe-memory-buffer,run,1124,10363901,0,200000,1000000,49276,1000000,187353455,read,3079
measured,probe-memory-buffer,run,1125,10364301,0,200000,1000000,49298,1000000,187353455,read,3081
measured,probe-memory-buffer,run,1126,10364701,0,200000,1000000,49315,1000000,187353455,read,3082
measured,probe-memory-buffer,run,1127,10365101,0,200000,1000000,49333,1000000,187353455,read,3083
measured,probe-memory-buffer,run,1128,10365501,0,200000,1000000,49350,1000000,187353455,read,3084
measured,probe-memory-buffer,run,1129,10366001,0,200000,1000000,49368,1000000,187353455,read,3085
measured,probe-memory-buffer,run,1130,10366401,0,200000,1000000,49390,1000000,187353455,read,3086
measured,probe-memory-buffer,run,1131,10366801,0,200000,1000000,49407,1000000,187353455,read,3087
measured,probe-memory-buffer,run,1132,10367201,0,200000,1000000,49424,1000000,187353455,read,3089
measured,probe-memory-buffer,run,1133,10367601,0,200000,1000000,49442,1000000,187353455,read,3090
measured,probe-memory-buffer,run,1134,10368101,0,200000,1000000,49459,1000000,187353455,read,3091
measured,probe-memory-buffer,run,1135,10368501,0,200000,1000000,49481,1000000,187353455,read,3092
measured,probe-memory-buffer,run,1136,10368901,0,200000,1000000,49499,1000000,187353455,read,3093
measured,probe-memory-buffer,run,1137,10369301,0,200000,1000000,49516,1000000,187353455,read,3094
measured,probe-memory-buffer,run,1138,10369701,0,200000,1000000,49534,1000000,187353455,read,3095
measured,probe-memory-buffer,run,1139,10370101,0,200000,1000000,49551,1000000,187353455,read,3096
measured,probe-memory-buffer,run,1140,10370601,0,200000,1000000,49568,1000000,187353455,read,3098
measured,probe-memory-buffer,run,1141,10371001,0,200000,1000000,49590,1000000,187353455,read,3099
measured,probe-memory-buffer,run,1142,10371401,0,200000,1000000,49608,1000000,187353455,read,3100
measured,probe-memory-buffer,run,1143,10371801,0,200000,1000000,49625,1000000,187353455,read,3101
measured,probe-memory-buffer,run,1144,10372201,0,200000,1000000,49643,1000000,187353455,read,3102
measured,probe-memory-buffer,run,1145,10372701,0,200000,1000000,49660,1000000,187353455,read,3103
measured,probe-memory-buffer,run,1146,10373101,0,200000,1000000,49682,1000000,187353455,read,3105
measured,probe-memory-buffer,run,1147,10373501,0,200000,1000000,49699,1000000,187353455,read,3106
measured,probe-memory-buffer,run,1148,10373901,0,200000,1000000,49717,1000000,187353455,read,3107
measured,probe-memory-buffer,run,1149,10374301,0,200000,1000000,49734,1000000,187353455,read,3108
measured,probe-memory-buffer,run,1150,10374701,0,200000,1000000,49752,1000000,187353455,read,3109
measured,probe-memory-buffer,run,1151,10375201,0,200000,1000000,49769,1000000,187353455,read,3110
measured,probe-memory-buffer,run,1152,10375601,0,200000,1000000,49791,1000000,187353455,read,3111
measured,probe-memory-buffer,run,1153,10376001,0,200000,1000000,49808,1000000,187353455,read,3113
measured,probe-memory-buffer,run,1154,10376401,0,200000,1000000,49826,1000000,187353455,read,3114
measured,probe-memory-buffer,run,1155,10376801,0,200000,1000000,49843,1000000,187353455,read,3115
measured,probe-memory-buffer,run,1156,10377301,0,200000,1000000,49861,1000000,187353455,read,3116
measured,probe-memory-buffer,run,1157,10377701,0,200000,1000000,49883,1000000,187353455,read,3117
measured,probe-memory-buffer,run,1158,10378101,0,200000,1000000,49900,1000000,187353455,read,3118
measured,probe-memory-buffer,run,1159,10378501,0,200000,1000000,49917,1000000,187353455,read,3119
measured,probe-memory-buffer,run,1160,10378901,0,200000,1000000,49935,1000000,187353455,read,3120
measured,probe-memory-buffer,run,1161,10379301,0,200000,1000000,49952,1000000,187353455,read,3122
measured,probe-memory-buffer,run,1162,10379801,0,200000,1000000,49970,1000000,187353455,read,3123
measured,probe-memory-buffer,run,1163,10380201,0,200000,1000000,49992,1000000,187353455,read,3124
measured,probe-memory-buffer,run,1164,10381601,0,200000,1000000,50053,1000000,187353455,read,3128
measured,probe-memory-buffer,run,1165,10382001,0,200000,1000000,50070,1000000,187353455,read,3129
measured,probe-memory-buffer,run,1166,10382401,0,200000,1000000,50088,1000000,187353455,read,3130
measured,probe-memory-buffer,run,1167,10382801,0,200000,1000000,50105,1000000,187353455,read,3131
measured,probe-memory-buffer,run,1168,10383301,0,200000,1000000,50122,1000000,187353455,read,3132
measured,probe-memory-buffer,run,1169,10383701,0,200000,1000000,50144,1000000,187353455,read,3134
measured,probe-memory-buffer,run,1170,10384101,0,200000,1000000,50162,1000000,187353455,read,3135
measured,probe-memory-buffer,run,1171,10384501,0,200000,1000000,50179,1000000,187353455,read,3136
measured,probe-memory-buffer,run,1172,10384901,0,200000,1000000,50197,1000000,187353455,read,3137
measured,probe-memory-buffer,run,1173,10385401,0,200000,1000000,50214,1000000,187353455,read,3138
measured,probe-memory-buffer,run,1174,10385801,0,200000,1000000,50236,1000000,187353455,read,3139
measured,probe-memory-buffer,run,1175,10386201,0,200000,1000000,50253,1000000,187353455,read,3140
measured,probe-memory-buffer,run,1176,10386601,0,200000,1000000,50271,1000000,187353455,read,3141
measured,probe-memory-buffer,run,1177,10387001,0,200000,1000000,50288,1000000,187353455,read,3143
measured,probe-memory-buffer,run,1178,10387501,0,200000,1000000,50306,1000000,187353455,read,3144
measured,probe-memory-buffer,run,1179,10387901,0,200000,1000000,50327,1000000,187353455,read,3145
measured,probe-memory-buffer,run,1180,10388301,0,200000,1000000,50345,1000000,187353455,read,3146
measured,probe-memory-buffer,run,1181,10388701,0,200000,1000000,50362,1000000,187353455,read,3147
measured,probe-memory-buffer,run,1182,10389201,0,200000,1000000,50380,1000000,187353455,read,3148
measured,probe-memory-buffer,run,1183,10389601,0,200000,1000000,50402,1000000,187353455,read,3150
measured,probe-memory-buffer,run,1184,10390001,0,200000,1000000,50419,1000000,187353455,read,3151
measured,probe-memory-buffer,run,1185,10390401,0,200000,1000000,50437,1000000,187353455,read,3152
measured,probe-memory-buffer,run,1186,10390801,0,200000,1000000,50454,1000000,187353455,read,3153
measured,probe-memory-buffer,run,1187,10391301,0,200000,1000000,50471,1000000,187353455,read,3154
measured,probe-memory-buffer,run,1188,10391701,0,200000,1000000,50493,1000000,187353455,read,3155
measured,probe-memory-buffer,run,1189,10392101,0,200000,1000000,50511,1000000,187353455,read,3156
measured,probe-memory-buffer,run,1190,10392501,0,200000,1000000,50528,1000000,187353455,read,3158
measured,probe-memory-buffer,run,1191,10393001,0,200000,1000000,50546,1000000,187353455,read,3159
measured,probe-memory-buffer,run,1192,10393401,0,200000,1000000,50563,1000000,187353455,read,3160
measured,probe-memory-buffer,run,1193,10393801,0,200000,1000000,50585,1000000,187353455,read,3161
measured,probe-memory-buffer,run,1194,10394201,0,200000,1000000,50602,1000000,187353455,read,3162
measured,probe-memory-buffer,run,1195,10394601,0,200000,1000000,50620,1000000,187353455,read,3163
measured,probe-memory-buffer,run,1196,10395101,0,200000,1000000,50637,1000000,187353455,read,3164
measured,probe-memory-buffer,run,1197,10395501,0,200000,1000000,50659,1000000,187353455,read,3166
measured,probe-memory-buffer,run,1198,10395901,0,200000,1000000,50676,1000000,187353455,read,3167
measured,probe-memory-buffer,run,1199,10396301,0,200000,1000000,50694,1000000,187353455,read,3168
measured,probe-memory-buffer,run,1200,10396701,0,200000,1000000,50711,1000000,187353455,read,3169
measured,probe-memory-buffer,run,1201,10397201,0,200000,1000000,50729,1000000,187353455,read,3170
measured,probe-memory-buffer,run,1202,10397601,0,200000,1000000,50746,1000000,187353455,read,3171
measured,probe-memory-buffer,run,1203,10398001,0,200000,1000000,50768,1000000,187353455,read,3173
measured,probe-memory-buffer,run,1204,10398401,0,200000,1000000,50785,1000000,187353455,read,3174
measured,probe-memory-buffer,run,1205,10398801,0,200000,1000000,50803,1000000,187353455,read,3175
measured,probe-memory-buffer,run,1206,10399201,0,200000,1000000,50820,1000000,187353455,read,3176
measured,probe-memory-buffer,run,1207,10399701,0,200000,1000000,50838,1000000,187353455,read,3177
measured,probe-memory-buffer,run,1208,10400101,0,200000,1000000,50860,1000000,187353455,read,3178
measured,probe-memory-buffer,run,1209,10400501,0,200000,1000000,50877,1000000,187353455,read,3179
measured,probe-memory-buffer,run,1210,10400901,0,200000,1000000,50895,1000000,187353455,read,3180
measured,probe-memory-buffer,run,1211,10401301,0,200000,1000000,50912,1000000,187353455,read,3182
measured,probe-memory-buffer,run,1212,10401801,0,200000,1000000,50929,1000000,187353455,read,3183
measured,probe-memory-buffer,run,1213,10402201,0,200000,1000000,50947,1000000,187353455,read,3184
measured,probe-memory-buffer,run,1214,10402601,0,200000,1000000,50969,1000000,187353455,read,3185
measured,probe-memory-buffer,run,1215,10403001,0,200000,1000000,50986,1000000,187353455,read,3186
measured,probe-memory-buffer,run,1216,10403401,0,200000,1000000,51004,1000000,187353455,read,3187
measured,probe-memory-buffer,run,1217,10403801,0,200000,1000000,51021,1000000,187353455,read,3188
measured,probe-memory-buffer,run,1218,10404301,0,200000,1000000,51038,1000000,187353455,read,3189
measured,probe-memory-buffer,run,1219,10404701,0,200000,1000000,51060,1000000,187353455,read,3191
measured,probe-memory-buffer,run,1220,10405101,0,200000,1000000,51078,1000000,187353455,read,3192
measured,probe-memory-buffer,run,1221,10406401,0,200000,1000000,51134,1000000,187353455,read,3195
measured,probe-memory-buffer,run,1222,10406801,0,200000,1000000,51152,1000000,187353455,read,3197
measured,probe-memory-buffer,run,1223,10407201,0,200000,1000000,51169,1000000,187353455,read,3198
measured,probe-memory-buffer,run,1224,10407601,0,200000,1000000,51187,1000000,187353455,read,3199
measured,probe-memory-buffer,run,1225,10408101,0,200000,1000000,51204,1000000,187353455,read,3200
measured,probe-memory-buffer,run,1226,10408501,0,200000,1000000,51226,1000000,187353455,read,3201
measured,probe-memory-buffer,run,1227,10408901,0,200000,1000000,51244,1000000,187353455,read,3202
measured,probe-memory-buffer,run,1228,10409301,0,200000,1000000,51261,1000000,187353455,read,3203
measured,probe-memory-buffer,run,1229,10409701,0,200000,1000000,51278,1000000,187353455,read,3204
measured,probe-memory-buffer,run,1230,10410201,0,200000,1000000,51296,1000000,187353455,read,3206
measured,probe-memory-buffer,run,1231,10410601,0,200000,1000000,51313,1000000,187353455,read,3207
measured,probe-memory-buffer,run,1232,10411001,0,200000,1000000,51335,1000000,187353455,read,3208
measured,probe-memory-buffer,run,1233,10411401,0,200000,1000000,51353,1000000,187353455,read,3209
measured,probe-memory-buffer,run,1234,10411801,0,200000,1000000,51370,1000000,187353455,read,3210
measured,probe-memory-buffer,run,1235,10412301,0,200000,1000000,51387,1000000,187353455,read,3211
measured,probe-memory-buffer,run,1236,10412701,0,200000,1000000,51405,1000000,187353455,read,3212
measured,probe-memory-buffer,run,1237,10413101,0,200000,1000000,51427,1000000,187353455,read,3214
measured,probe-memory-buffer,run,1238,10413501,0,200000,1000000,51444,1000000,187353455,read,3215
measured,probe-memory-buffer,run,1239,10413901,0,200000,1000000,51462,1000000,187353455,read,3216
measured,probe-memory-buffer,run,1240,10414301,0,200000,1000000,51479,1000000,187353455,read,3217
measured,probe-memory-buffer,run,1241,10414801,0,200000,1000000,51497,1000000,187353455,read,3218
measured,probe-memory-buffer,run,1242,10415201,0,200000,1000000,51518,1000000,187353455,read,3219
measured,probe-memory-buffer,run,1243,10415601,0,200000,1000000,51536,1000000,187353455,read,3221
measured,probe-memory-buffer,run,1244,10416001,0,200000,1000000,51553,1000000,187353455,read,3222
measured,probe-memory-buffer,run,1245,10416401,0,200000,1000000,51571,1000000,187353455,read,3223
measured,probe-memory-buffer,run,1246,10416901,0,200000,1000000,51588,1000000,187353455,read,3224
measured,probe-memory-buffer,run,1247,10417301,0,200000,1000000,51610,1000000,187353455,read,3225
measured,probe-memory-buffer,run,1248,10417701,0,200000,1000000,51627,1000000,187353455,read,3226
measured,probe-memory-buffer,run,1249,10419501,0,200000,1000000,51702,1000000,134542929,update,0
measured,probe-memory-buffer,run,1250,10443401,0,200000,1000000,52453,1000000,134542929,read,3278
measured,probe-memory-buffer,run,1251,10445501,0,200000,1000000,52519,1000000,134542929,read,3282
measured,probe-memory-buffer,run,1252,10446101,0,200000,1000000,52538,1000000,134542929,read,3283
measured,probe-memory-buffer,run,1253,10446601,0,200000,1000000,52550,1000000,134542929,read,3284
measured,probe-memory-buffer,run,1254,10447001,0,200000,1000000,52566,1000000,134542929,read,3285
measured,probe-memory-buffer,run,1255,10447501,0,200000,1000000,52579,1000000,134542929,read,3286
measured,probe-memory-buffer,run,1256,10447901,0,200000,1000000,52594,1000000,134542929,read,3287
measured,probe-memory-buffer,run,1257,10448301,0,200000,1000000,52607,1000000,134542929,read,3287
measured,probe-memory-buffer,run,1258,10448701,0,200000,1000000,52619,1000000,134542929,read,3288
measured,probe-memory-buffer,run,1259,10449101,0,200000,1000000,52632,1000000,134542929,read,3289
measured,probe-memory-buffer,run,1260,10449601,0,200000,1000000,52644,1000000,134542929,read,3290
measured,probe-memory-buffer,run,1261,10450001,0,200000,1000000,52660,1000000,134542929,read,3291
measured,probe-memory-buffer,run,1262,10450401,0,200000,1000000,52673,1000000,134542929,read,3292
measured,probe-memory-buffer,run,1263,10450801,0,200000,1000000,52685,1000000,134542929,read,3292
measured,probe-memory-buffer,run,1264,10451201,0,200000,1000000,52698,1000000,134542929,read,3293
measured,probe-memory-buffer,run,1265,10451701,0,200000,1000000,52710,1000000,134542929,read,3294
measured,probe-memory-buffer,run,1266,10452101,0,200000,1000000,52726,1000000,134542929,read,3295
measured,probe-memory-buffer,run,1267,10452501,0,200000,1000000,52738,1000000,134542929,read,3296
measured,probe-memory-buffer,run,1268,10452901,0,200000,1000000,52751,1000000,134542929,read,3296
measured,probe-memory-buffer,run,1269,10453401,0,200000,1000000,52763,1000000,134542929,read,3297
measured,probe-memory-buffer,run,1270,10453801,0,200000,1000000,52779,1000000,134542929,read,3298
measured,probe-memory-buffer,run,1271,10454201,0,200000,1000000,52792,1000000,134542929,read,3299
measured,probe-memory-buffer,run,1272,10454601,0,200000,1000000,52804,1000000,134542929,read,3300
measured,probe-memory-buffer,run,1273,10455001,0,200000,1000000,52817,1000000,134542929,read,3301
measured,probe-memory-buffer,run,1274,10455501,0,200000,1000000,52829,1000000,134542929,read,3301
measured,probe-memory-buffer,run,1275,10455901,0,200000,1000000,52845,1000000,134542929,read,3302
measured,probe-memory-buffer,run,1276,10456301,0,200000,1000000,52857,1000000,134542929,read,3303
measured,probe-memory-buffer,run,1277,10459201,0,200000,1000000,52948,1000000,134542929,read,3309
measured,probe-memory-buffer,run,1278,10459701,0,200000,1000000,52961,1000000,134542929,read,3310
measured,probe-memory-buffer,run,1279,10460101,0,200000,1000000,52976,1000000,134542929,read,3311
measured,probe-memory-buffer,run,1280,10460501,0,200000,1000000,52989,1000000,134542929,read,3311
measured,probe-memory-buffer,run,1281,10462601,0,200000,1000000,53055,1000000,134542929,read,3315
measured,probe-memory-buffer,run,1282,10463001,0,200000,1000000,53067,1000000,134542929,read,3316
measured,probe-memory-buffer,run,1283,10463401,0,200000,1000000,53080,1000000,134542929,read,3317
measured,probe-memory-buffer,run,1284,10463801,0,200000,1000000,53092,1000000,134542929,read,3318
measured,probe-memory-buffer,run,1285,10464301,0,200000,1000000,53105,1000000,134542929,read,3319
measured,probe-memory-buffer,run,1286,10464701,0,200000,1000000,53121,1000000,134542929,read,3320
measured,probe-memory-buffer,run,1287,10465101,0,200000,1000000,53133,1000000,134542929,read,3320
measured,probe-memory-buffer,run,1288,10465501,0,200000,1000000,53146,1000000,134542929,read,3321
measured,probe-memory-buffer,run,1289,10465901,0,200000,1000000,53158,1000000,134542929,read,3322
measured,probe-memory-buffer,run,1290,10466401,0,200000,1000000,53171,1000000,134542929,read,3323
measured,probe-memory-buffer,run,1291,10466801,0,200000,1000000,53186,1000000,134542929,read,3324
measured,probe-memory-buffer,run,1292,10467201,0,200000,1000000,53199,1000000,134542929,read,3324
measured,probe-memory-buffer,run,1293,10467601,0,200000,1000000,53211,1000000,134542929,read,3325
measured,probe-memory-buffer,run,1294,10468001,0,200000,1000000,53224,1000000,134542929,read,3326
measured,probe-memory-buffer,run,1295,10468501,0,200000,1000000,53236,1000000,134542929,read,3327
measured,probe-memory-buffer,run,1296,10468901,0,200000,1000000,53252,1000000,134542929,read,3328
measured,probe-memory-buffer,run,1297,10469301,0,200000,1000000,53265,1000000,134542929,read,3329
measured,probe-memory-buffer,run,1298,10469701,0,200000,1000000,53277,1000000,134542929,read,3329
measured,probe-memory-buffer,run,1299,10470101,0,200000,1000000,53290,1000000,134542929,read,3330
measured,probe-memory-buffer,run,1300,10470601,0,200000,1000000,53302,1000000,134542929,read,3331
measured,probe-memory-buffer,run,1301,10471001,0,200000,1000000,53318,1000000,134542929,read,3332
measured,probe-memory-buffer,run,1302,10471401,0,200000,1000000,53330,1000000,134542929,read,3333
measured,probe-memory-buffer,run,1303,10471801,0,200000,1000000,53343,1000000,134542929,read,3333
measured,probe-memory-buffer,run,1304,10472201,0,200000,1000000,53355,1000000,134542929,read,3334
measured,probe-memory-buffer,run,1305,10472701,0,200000,1000000,53368,1000000,134542929,read,3335
measured,probe-memory-buffer,run,1306,10473101,0,200000,1000000,53384,1000000,134542929,read,3336
measured,probe-memory-buffer,run,1307,10473501,0,200000,1000000,53396,1000000,134542929,read,3337
measured,probe-memory-buffer,run,1308,10473901,0,200000,1000000,53409,1000000,134542929,read,3338
measured,probe-memory-buffer,run,1309,10474401,0,200000,1000000,53421,1000000,134542929,read,3338
measured,probe-memory-buffer,run,1310,10474801,0,200000,1000000,53434,1000000,134542929,read,3339
measured,probe-memory-buffer,run,1311,10475201,0,200000,1000000,53449,1000000,134542929,read,3340
measured,probe-memory-buffer,run,1312,10475601,0,200000,1000000,53462,1000000,134542929,read,3341
measured,probe-memory-buffer,run,1313,10476001,0,200000,1000000,53475,1000000,134542929,read,3342
measured,probe-memory-buffer,run,1314,10476501,0,200000,1000000,53487,1000000,134542929,read,3342
measured,probe-memory-buffer,run,1315,10476901,0,200000,1000000,53500,1000000,134542929,read,3343
measured,probe-memory-buffer,run,1316,10477301,0,200000,1000000,53515,1000000,134542929,read,3344
measured,probe-memory-buffer,run,1317,10477701,0,200000,1000000,53528,1000000,134542929,read,3345
measured,probe-memory-buffer,run,1318,10478101,0,200000,1000000,53540,1000000,134542929,read,3346
measured,probe-memory-buffer,run,1319,10478501,0,200000,1000000,53553,1000000,134542929,read,3347
measured,probe-memory-buffer,run,1320,10479001,0,200000,1000000,53565,1000000,134542929,read,3347
measured,probe-memory-buffer,run,1321,10479401,0,200000,1000000,53581,1000000,134542929,read,3348
measured,probe-memory-buffer,run,1322,10479801,0,200000,1000000,53594,1000000,134542929,read,3349
measured,probe-memory-buffer,run,1323,10480201,0,200000,1000000,53606,1000000,134542929,read,3350
measured,probe-memory-buffer,run,1324,10480701,0,200000,1000000,53619,1000000,134542929,read,3351
measured,probe-memory-buffer,run,1325,10481101,0,200000,1000000,53634,1000000,134542929,read,3352
measured,probe-memory-buffer,run,1326,10481501,0,200000,1000000,53647,1000000,134542929,read,3352
measured,probe-memory-buffer,run,1327,10481901,0,200000,1000000,53659,1000000,134542929,read,3353
measured,probe-memory-buffer,run,1328,10482301,0,200000,1000000,53672,1000000,134542929,read,3354
measured,probe-memory-buffer,run,1329,10482801,0,200000,1000000,53684,1000000,134542929,read,3355
measured,probe-memory-buffer,run,1330,10483201,0,200000,1000000,53700,1000000,134542929,read,3356
measured,probe-memory-buffer,run,1331,10483601,0,200000,1000000,53713,1000000,134542929,read,3357
measured,probe-memory-buffer,run,1332,10484001,0,200000,1000000,53725,1000000,134542929,read,3357
measured,probe-memory-buffer,run,1333,10484501,0,200000,1000000,53738,1000000,134542929,read,3358
measured,probe-memory-buffer,run,1334,10486001,0,200000,1000000,53785,1000000,134542929,read,3361
measured,probe-memory-buffer,run,1335,10486401,0,200000,1000000,53800,1000000,134542929,read,3362
measured,probe-memory-buffer,run,1336,10486801,0,200000,1000000,53813,1000000,134542929,read,3363
measured,probe-memory-buffer,run,1337,10487201,0,200000,1000000,53825,1000000,134542929,read,3364
measured,probe-memory-buffer,run,1338,10487701,0,200000,1000000,53838,1000000,134542929,read,3364
measured,probe-memory-buffer,run,1339,10488101,0,200000,1000000,53854,1000000,134542929,read,3365
measured,probe-memory-buffer,run,1340,10488501,0,200000,1000000,53866,1000000,134542929,read,3366
measured,probe-memory-buffer,run,1341,10488901,0,200000,1000000,53879,1000000,134542929,read,3367
measured,probe-memory-buffer,run,1342,10489301,0,200000,1000000,53891,1000000,134542929,read,3368
measured,probe-memory-buffer,run,1343,10489801,0,200000,1000000,53904,1000000,134542929,read,3369
measured,probe-memory-buffer,run,1344,10490201,0,200000,1000000,53919,1000000,134542929,read,3369
measured,probe-memory-buffer,run,1345,10490601,0,200000,1000000,53932,1000000,134542929,read,3370
measured,probe-memory-buffer,run,1346,10491001,0,200000,1000000,53944,1000000,134542929,read,3371
measured,probe-memory-buffer,run,1347,10491401,0,200000,1000000,53957,1000000,134542929,read,3372
measured,probe-memory-buffer,run,1348,10491901,0,200000,1000000,53969,1000000,134542929,read,3373
measured,probe-memory-buffer,run,1349,10492301,0,200000,1000000,53982,1000000,134542929,read,3373
measured,probe-memory-buffer,run,1350,10492701,0,200000,1000000,53998,1000000,134542929,read,3374
measured,probe-memory-buffer,run,1351,10493101,0,200000,1000000,54010,1000000,134542929,read,3375
measured,probe-memory-buffer,run,1352,10493501,0,200000,1000000,54023,1000000,134542929,read,3376
measured,probe-memory-buffer,run,1353,10493901,0,200000,1000000,54035,1000000,134542929,read,3377
measured,probe-memory-buffer,run,1354,10494401,0,200000,1000000,54048,1000000,134542929,read,3378
measured,probe-memory-buffer,run,1355,10494801,0,200000,1000000,54063,1000000,134542929,read,3378
measured,probe-memory-buffer,run,1356,10495201,0,200000,1000000,54076,1000000,134542929,read,3379
measured,probe-memory-buffer,run,1357,10495601,0,200000,1000000,54089,1000000,134542929,read,3380
measured,probe-memory-buffer,run,1358,10496001,0,200000,1000000,54101,1000000,134542929,read,3381
measured,probe-memory-buffer,run,1359,10496501,0,200000,1000000,54114,1000000,134542929,read,3382
measured,probe-memory-buffer,run,1360,10496901,0,200000,1000000,54129,1000000,134542929,read,3383
measured,probe-memory-buffer,run,1361,10497301,0,200000,1000000,54142,1000000,134542929,read,3383
measured,probe-memory-buffer,run,1362,10497701,0,200000,1000000,54154,1000000,134542929,read,3384
measured,probe-memory-buffer,run,1363,10498101,0,200000,1000000,54167,1000000,134542929,read,3385
measured,probe-memory-buffer,run,1364,10498501,0,200000,1000000,54179,1000000,134542929,read,3386
measured,probe-memory-buffer,run,1365,10499001,0,200000,1000000,54192,1000000,134542929,read,3387
measured,probe-memory-buffer,run,1366,10499401,0,200000,1000000,54208,1000000,134542929,read,3388
measured,probe-memory-buffer,run,1367,10499801,0,200000,1000000,54220,1000000,134542929,read,3388
measured,probe-memory-buffer,run,1368,10500201,0,200000,1000000,54233,1000000,134542929,read,3389
measured,probe-memory-buffer,run,1369,10500601,0,200000,1000000,54245,1000000,134542929,read,3390
measured,probe-memory-buffer,run,1370,10501101,0,200000,1000000,54258,1000000,134542929,read,3391
measured,probe-memory-buffer,run,1371,10501501,0,200000,1000000,54273,1000000,134542929,read,3392
measured,probe-memory-buffer,run,1372,10501901,0,200000,1000000,54286,1000000,134542929,read,3392
measured,probe-memory-buffer,run,1373,10502301,0,200000,1000000,54298,1000000,134542929,read,3393
measured,probe-memory-buffer,run,1374,10502701,0,200000,1000000,54311,1000000,134542929,read,3394
measured,probe-memory-buffer,run,1375,10503201,0,200000,1000000,54323,1000000,134542929,read,3395
measured,probe-memory-buffer,run,1376,10503601,0,200000,1000000,54336,1000000,134542929,read,3396
measured,probe-memory-buffer,run,1377,10504001,0,200000,1000000,54352,1000000,134542929,read,3397
measured,probe-memory-buffer,run,1378,10504401,0,200000,1000000,54364,1000000,134542929,read,3397
measured,probe-memory-buffer,run,1379,10504801,0,200000,1000000,54377,1000000,134542929,read,3398
measured,probe-memory-buffer,run,1380,10505201,0,200000,1000000,54389,1000000,134542929,read,3399
measured,probe-memory-buffer,run,1381,10505701,0,200000,1000000,54402,1000000,134542929,read,3400
measured,probe-memory-buffer,run,1382,10506101,0,200000,1000000,54417,1000000,134542929,read,3401
measured,probe-memory-buffer,run,1383,10506501,0,200000,1000000,54430,1000000,134542929,read,3401
measured,probe-memory-buffer,run,1384,10506901,0,200000,1000000,54443,1000000,134542929,read,3402
measured,probe-memory-buffer,run,1385,10507301,0,200000,1000000,54455,1000000,134542929,read,3403
measured,probe-memory-buffer,run,1386,10507801,0,200000,1000000,54468,1000000,134542929,read,3404
measured,probe-memory-buffer,run,1387,10508201,0,200000,1000000,54483,1000000,134542929,read,3405
measured,probe-memory-buffer,run,1388,10508601,0,200000,1000000,54496,1000000,134542929,read,3406
measured,probe-memory-buffer,run,1389,10509001,0,200000,1000000,54508,1000000,134542929,read,3406
measured,probe-memory-buffer,run,1390,10509401,0,200000,1000000,54521,1000000,134542929,read,3407
measured,probe-memory-buffer,run,1391,10510701,0,200000,1000000,54562,1000000,134542929,read,3410
measured,probe-memory-buffer,run,1392,10511101,0,200000,1000000,54574,1000000,134542929,read,3410
measured,probe-memory-buffer,run,1393,10511501,0,200000,1000000,54587,1000000,134542929,read,3411
measured,probe-memory-buffer,run,1394,10512001,0,200000,1000000,54599,1000000,134542929,read,3412
measured,probe-memory-buffer,run,1395,10512401,0,200000,1000000,54615,1000000,134542929,read,3413
measured,probe-memory-buffer,run,1396,10512801,0,200000,1000000,54627,1000000,134542929,read,3414
measured,probe-memory-buffer,run,1397,10513201,0,200000,1000000,54640,1000000,134542929,read,3415
measured,probe-memory-buffer,run,1398,10513601,0,200000,1000000,54652,1000000,134542929,read,3415
measured,probe-memory-buffer,run,1399,10514101,0,200000,1000000,54665,1000000,134542929,read,3416
measured,probe-memory-buffer,run,1400,10514501,0,200000,1000000,54681,1000000,134542929,read,3417
measured,probe-memory-buffer,run,1401,10514901,0,200000,1000000,54693,1000000,134542929,read,3418
measured,probe-memory-buffer,run,1402,10515301,0,200000,1000000,54706,1000000,134542929,read,3419
measured,probe-memory-buffer,run,1403,10515701,0,200000,1000000,54718,1000000,134542929,read,3419
measured,probe-memory-buffer,run,1404,10516201,0,200000,1000000,54731,1000000,134542929,read,3420
measured,probe-memory-buffer,run,1405,10516601,0,200000,1000000,54746,1000000,134542929,read,3421
measured,probe-memory-buffer,run,1406,10517001,0,200000,1000000,54759,1000000,134542929,read,3422
measured,probe-memory-buffer,run,1407,10517401,0,200000,1000000,54771,1000000,134542929,read,3423
measured,probe-memory-buffer,run,1408,10517901,0,200000,1000000,54784,1000000,134542929,read,3424
measured,probe-memory-buffer,run,1409,10518301,0,200000,1000000,54796,1000000,134542929,read,3424
measured,probe-memory-buffer,run,1410,10518701,0,200000,1000000,54812,1000000,134542929,read,3425
measured,probe-memory-buffer,run,1411,10519101,0,200000,1000000,54825,1000000,134542929,read,3426
measured,probe-memory-buffer,run,1412,10519501,0,200000,1000000,54837,1000000,134542929,read,3427
measured,probe-memory-buffer,run,1413,10520001,0,200000,1000000,54850,1000000,134542929,read,3428
measured,probe-memory-buffer,run,1414,10520401,0,200000,1000000,54865,1000000,134542929,read,3429
measured,probe-memory-buffer,run,1415,10520801,0,200000,1000000,54878,1000000,134542929,read,3429
measured,probe-memory-buffer,run,1416,10521201,0,200000,1000000,54890,1000000,134542929,read,3430
measured,probe-memory-buffer,run,1417,10521601,0,200000,1000000,54903,1000000,134542929,read,3431
measured,probe-memory-buffer,run,1418,10522101,0,200000,1000000,54916,1000000,134542929,read,3432
measured,probe-memory-buffer,run,1419,10522501,0,200000,1000000,54931,1000000,134542929,read,3433
measured,probe-memory-buffer,run,1420,10522901,0,200000,1000000,54944,1000000,134542929,read,3434
measured,probe-memory-buffer,run,1421,10523301,0,200000,1000000,54956,1000000,134542929,read,3434
measured,probe-memory-buffer,run,1422,10523701,0,200000,1000000,54969,1000000,134542929,read,3435
measured,probe-memory-buffer,run,1423,10524201,0,200000,1000000,54981,1000000,134542929,read,3436
measured,probe-memory-buffer,run,1424,10524601,0,200000,1000000,54997,1000000,134542929,read,3437
measured,probe-memory-buffer,run,1425,10525001,0,200000,1000000,55009,1000000,134542929,read,3438
measured,probe-memory-buffer,run,1426,10525401,0,200000,1000000,55022,1000000,134542929,read,3438
measured,probe-memory-buffer,run,1427,10525801,0,200000,1000000,55035,1000000,134542929,read,3439
measured,probe-memory-buffer,run,1428,10526301,0,200000,1000000,55047,1000000,134542929,read,3440
measured,probe-memory-buffer,run,1429,10526701,0,200000,1000000,55063,1000000,134542929,read,3441
measured,probe-memory-buffer,run,1430,10527101,0,200000,1000000,55075,1000000,134542929,read,3442
measured,probe-memory-buffer,run,1431,10527501,0,200000,1000000,55088,1000000,134542929,read,3443
measured,probe-memory-buffer,run,1432,10527901,0,200000,1000000,55100,1000000,134542929,read,3443
measured,probe-memory-buffer,run,1433,10528401,0,200000,1000000,55113,1000000,134542929,read,3444
measured,probe-memory-buffer,run,1434,10528801,0,200000,1000000,55125,1000000,134542929,read,3445
measured,probe-memory-buffer,run,1435,10529201,0,200000,1000000,55141,1000000,134542929,read,3446
measured,probe-memory-buffer,run,1436,10529601,0,200000,1000000,55154,1000000,134542929,read,3447
measured,probe-memory-buffer,run,1437,10530001,0,200000,1000000,55166,1000000,134542929,read,3447
measured,probe-memory-buffer,run,1438,10530501,0,200000,1000000,55179,1000000,134542929,read,3448
measured,probe-memory-buffer,run,1439,10530901,0,200000,1000000,55191,1000000,134542929,read,3449
measured,probe-memory-buffer,run,1440,10531301,0,200000,1000000,55207,1000000,134542929,read,3450
measured,probe-memory-buffer,run,1441,10531701,0,200000,1000000,55219,1000000,134542929,read,3451
measured,probe-memory-buffer,run,1442,10532101,0,200000,1000000,55232,1000000,134542929,read,3452
measured,probe-memory-buffer,run,1443,10532501,0,200000,1000000,55244,1000000,134542929,read,3452
measured,probe-memory-buffer,run,1444,10533001,0,200000,1000000,55257,1000000,134542929,read,3453
measured,probe-memory-buffer,run,1445,10533401,0,200000,1000000,55273,1000000,134542929,read,3454
measured,probe-memory-buffer,run,1446,10533801,0,200000,1000000,55285,1000000,134542929,read,3455
measured,probe-memory-buffer,run,1447,10534201,0,200000,1000000,55298,1000000,134542929,read,3456
measured,probe-memory-buffer,run,1448,10535501,0,200000,1000000,55338,1000000,134542929,read,3458
measured,probe-memory-buffer,run,1449,10535901,0,200000,1000000,55351,1000000,134542929,read,3459
measured,probe-memory-buffer,run,1450,10536401,0,200000,1000000,55363,1000000,134542929,read,3460
measured,probe-memory-buffer,run,1451,10536801,0,200000,1000000,55379,1000000,134542929,read,3461
measured,probe-memory-buffer,run,1452,10537201,0,200000,1000000,55392,1000000,134542929,read,3462
measured,probe-memory-buffer,run,1453,10537601,0,200000,1000000,55404,1000000,134542929,read,3462
measured,probe-memory-buffer,run,1454,10538101,0,200000,1000000,55417,1000000,134542929,read,3463
measured,probe-memory-buffer,run,1455,10538501,0,200000,1000000,55429,1000000,134542929,read,3464
measured,probe-memory-buffer,run,1456,10538901,0,200000,1000000,55445,1000000,134542929,read,3465
measured,probe-memory-buffer,run,1457,10539301,0,200000,1000000,55457,1000000,134542929,read,3466
measured,probe-memory-buffer,run,1458,10539701,0,200000,1000000,55470,1000000,134542929,read,3466
measured,probe-memory-buffer,run,1459,10541401,0,265535,1327675,327675,1000000,1512345430,update,0
measured,probe-memory-buffer,run,1460,10568601,0,265535,1327675,337252,1000000,1512345430,read,21078
measured,probe-memory-buffer,run,1461,10571701,0,265535,1327675,338344,1000000,1512345430,read,21146
measured,probe-memory-buffer,run,1462,10572201,0,265535,1327675,338555,1000000,1512345430,read,21159
measured,probe-memory-buffer,run,1463,10572801,0,265535,1327675,338731,1000000,1512345430,read,21170
measured,probe-memory-buffer,run,1464,10573201,0,265535,1327675,338907,1000000,1512345430,read,21181
measured,probe-memory-buffer,run,1465,10573701,0,265535,1327675,339083,1000000,1512345430,read,21192
measured,probe-memory-buffer,run,1466,10574101,0,265535,1327675,339224,1000000,1512345430,read,21201
measured,probe-memory-buffer,run,1467,10574501,0,265535,1327675,339365,1000000,1512345430,read,21210
measured,probe-memory-buffer,run,1468,10574901,0,265535,1327675,339506,1000000,1512345430,read,21219
measured,probe-memory-buffer,run,1469,10575401,0,265535,1327675,339647,1000000,1512345430,read,21227
measured,probe-memory-buffer,run,1470,10575801,0,265535,1327675,339823,1000000,1512345430,read,21238
measured,probe-memory-buffer,run,1471,10576201,0,265535,1327675,339964,1000000,1512345430,read,21247
measured,probe-memory-buffer,run,1472,10576601,0,265535,1327675,340104,1000000,1512345430,read,21256
measured,probe-memory-buffer,run,1473,10577001,0,265535,1327675,340245,1000000,1512345430,read,21265
measured,probe-memory-buffer,run,1474,10577501,0,265535,1327675,340386,1000000,1512345430,read,21274
measured,probe-memory-buffer,run,1475,10577901,0,265535,1327675,340562,1000000,1512345430,read,21285
measured,probe-memory-buffer,run,1476,10578301,0,265535,1327675,340703,1000000,1512345430,read,21293
measured,probe-memory-buffer,run,1477,10578701,0,265535,1327675,340844,1000000,1512345430,read,21302
measured,probe-memory-buffer,run,1478,10579101,0,265535,1327675,340985,1000000,1512345430,read,21311
measured,probe-memory-buffer,run,1479,10579601,0,265535,1327675,341125,1000000,1512345430,read,21320
measured,probe-memory-buffer,run,1480,10580001,0,265535,1327675,341302,1000000,1512345430,read,21331
measured,probe-memory-buffer,run,1481,10580401,0,265535,1327675,341442,1000000,1512345430,read,21340
measured,probe-memory-buffer,run,1482,10580801,0,265535,1327675,341583,1000000,1512345430,read,21348
measured,probe-memory-buffer,run,1483,10581301,0,265535,1327675,341724,1000000,1512345430,read,21357
measured,probe-memory-buffer,run,1484,10581701,0,265535,1327675,341900,1000000,1512345430,read,21368
measured,probe-memory-buffer,run,1485,10582101,0,265535,1327675,342041,1000000,1512345430,read,21377
measured,probe-memory-buffer,run,1486,10582501,0,265535,1327675,342182,1000000,1512345430,read,21386
measured,probe-memory-buffer,run,1487,10582901,0,265535,1327675,342323,1000000,1512345430,read,21395
measured,probe-memory-buffer,run,1488,10583401,0,265535,1327675,342464,1000000,1512345430,read,21404
measured,probe-memory-buffer,run,1489,10583801,0,265535,1327675,342604,1000000,1512345430,read,21412
measured,probe-memory-buffer,run,1490,10584201,0,265535,1327675,342780,1000000,1512345430,read,21423
measured,probe-memory-buffer,run,1491,10584601,0,265535,1327675,342921,1000000,1512345430,read,21432
measured,probe-memory-buffer,run,1492,10585001,0,265535,1327675,343062,1000000,1512345430,read,21441
measured,probe-memory-buffer,run,1493,10585501,0,265535,1327675,343203,1000000,1512345430,read,21450
measured,probe-memory-buffer,run,1494,10585901,0,265535,1327675,343379,1000000,1512345430,read,21461
measured,probe-memory-buffer,run,1495,10586301,0,265535,1327675,343520,1000000,1512345430,read,21470
measured,probe-memory-buffer,run,1496,10586701,0,265535,1327675,343661,1000000,1512345430,read,21478
measured,probe-memory-buffer,run,1497,10587101,0,265535,1327675,343802,1000000,1512345430,read,21487
measured,probe-memory-buffer,run,1498,10587601,0,265535,1327675,343942,1000000,1512345430,read,21496
measured,probe-memory-buffer,run,1499,10588001,0,265535,1327675,344119,1000000,1512345430,read,21507
measured,probe-memory-buffer,run,1500,10588401,0,265535,1327675,344259,1000000,1512345430,read,21516
measured,probe-memory-buffer,run,1501,10588801,0,265535,1327675,344400,1000000,1512345430,read,21525
measured,probe-memory-buffer,run,1502,10589201,0,265535,1327675,344541,1000000,1512345430,read,21533
measured,probe-memory-buffer,run,1503,10589701,0,265535,1327675,344682,1000000,1512345430,read,21542
measured,probe-memory-buffer,run,1504,10590101,0,265535,1327675,344858,1000000,1512345430,read,21553
measured,probe-memory-buffer,run,1505,10593401,0,265535,1327675,346020,1000000,1512345430,read,21626
measured,probe-memory-buffer,run,1506,10593901,0,265535,1327675,346161,1000000,1512345430,read,21635
measured,probe-memory-buffer,run,1507,10594301,0,265535,1327675,346337,1000000,1512345430,read,21646
measured,probe-memory-buffer,run,1508,10594701,0,265535,1327675,346478,1000000,1512345430,read,21654
measured,probe-memory-buffer,run,1509,10595101,0,265535,1327675,346619,1000000,1512345430,read,21663
measured,probe-memory-buffer,run,1510,10595501,0,265535,1327675,346759,1000000,1512345430,read,21672
measured,probe-memory-buffer,run,1511,10596001,0,265535,1327675,346900,1000000,1512345430,read,21681
measured,probe-memory-buffer,run,1512,10596401,0,265535,1327675,347076,1000000,1512345430,read,21692
measured,probe-memory-buffer,run,1513,10596801,0,265535,1327675,347217,1000000,1512345430,read,21701
measured,probe-memory-buffer,run,1514,10597201,0,265535,1327675,347358,1000000,1512345430,read,21709
measured,probe-memory-buffer,run,1515,10597601,0,265535,1327675,347499,1000000,1512345430,read,21718
measured,probe-memory-buffer,run,1516,10598101,0,265535,1327675,347640,1000000,1512345430,read,21727
measured,probe-memory-buffer,run,1517,10598501,0,265535,1327675,347816,1000000,1512345430,read,21738
measured,probe-memory-buffer,run,1518,10598901,0,265535,1327675,347957,1000000,1512345430,read,21747
measured,probe-memory-buffer,run,1519,10599301,0,265535,1327675,348097,1000000,1512345430,read,21756
measured,probe-memory-buffer,run,1520,10599701,0,265535,1327675,348238,1000000,1512345430,read,21764
measured,probe-memory-buffer,run,1521,10600201,0,265535,1327675,348379,1000000,1512345430,read,21773
measured,probe-memory-buffer,run,1522,10600601,0,265535,1327675,348520,1000000,1512345430,read,21782
measured,probe-memory-buffer,run,1523,10601001,0,265535,1327675,348696,1000000,1512345430,read,21793
measured,probe-memory-buffer,run,1524,10601401,0,265535,1327675,348837,1000000,1512345430,read,21802
measured,probe-memory-buffer,run,1525,10601801,0,265535,1327675,348978,1000000,1512345430,read,21811
measured,probe-memory-buffer,run,1526,10602301,0,265535,1327675,349119,1000000,1512345430,read,21819
measured,probe-memory-buffer,run,1527,10602701,0,265535,1327675,349259,1000000,1512345430,read,21828
measured,probe-memory-buffer,run,1528,10603101,0,265535,1327675,349436,1000000,1512345430,read,21839
measured,probe-memory-buffer,run,1529,10603501,0,265535,1327675,349576,1000000,1512345430,read,21848
measured,probe-memory-buffer,run,1530,10603901,0,265535,1327675,349717,1000000,1512345430,read,21857
measured,probe-memory-buffer,run,1531,10604301,0,265535,1327675,349858,1000000,1512345430,read,21866
measured,probe-memory-buffer,run,1532,10604801,0,265535,1327675,349999,1000000,1512345430,read,21874
measured,probe-memory-buffer,run,1533,10605201,0,265535,1327675,350175,1000000,1512345430,read,21885
measured,probe-memory-buffer,run,1534,10605601,0,265535,1327675,350316,1000000,1512345430,read,21894
measured,probe-memory-buffer,run,1535,10606001,0,265535,1327675,350457,1000000,1512345430,read,21903
measured,probe-memory-buffer,run,1536,10606401,0,265535,1327675,350598,1000000,1512345430,read,21912
measured,probe-memory-buffer,run,1537,10606901,0,265535,1327675,350738,1000000,1512345430,read,21921
measured,probe-memory-buffer,run,1538,10607301,0,265535,1327675,350914,1000000,1512345430,read,21932
measured,probe-memory-buffer,run,1539,10607701,0,265535,1327675,351055,1000000,1512345430,read,21940
measured,probe-memory-buffer,run,1540,10608101,0,265535,1327675,351196,1000000,1512345430,read,21949
measured,probe-memory-buffer,run,1541,10608501,0,265535,1327675,351337,1000000,1512345430,read,21958
measured,probe-memory-buffer,run,1542,10609001,0,265535,1327675,351478,1000000,1512345430,read,21967
measured,probe-memory-buffer,run,1543,10609401,0,265535,1327675,351654,1000000,1512345430,read,21978
measured,probe-memory-buffer,run,1544,10609801,0,265535,1327675,351795,1000000,1512345430,read,21987
measured,probe-memory-buffer,run,1545,10610201,0,265535,1327675,351936,1000000,1512345430,read,21996
measured,probe-memory-buffer,run,1546,10610601,0,265535,1327675,352076,1000000,1512345430,read,22004
measured,probe-memory-buffer,run,1547,10611101,0,265535,1327675,352217,1000000,1512345430,read,22013
measured,probe-memory-buffer,run,1548,10611501,0,265535,1327675,352393,1000000,1512345430,read,22024
measured,probe-memory-buffer,run,1549,10611901,0,265535,1327675,352534,1000000,1512345430,read,22033
measured,probe-memory-buffer,run,1550,10612301,0,265535,1327675,352675,1000000,1512345430,read,22042
measured,probe-memory-buffer,run,1551,10612701,0,265535,1327675,352816,1000000,1512345430,read,22051
measured,probe-memory-buffer,run,1552,10613201,0,265535,1327675,352957,1000000,1512345430,read,22059
measured,probe-memory-buffer,run,1553,10613601,0,265535,1327675,353133,1000000,1512345430,read,22070
measured,probe-memory-buffer,run,1554,10614001,0,265535,1327675,353274,1000000,1512345430,read,22079
measured,probe-memory-buffer,run,1555,10614401,0,265535,1327675,353414,1000000,1512345430,read,22088
measured,probe-memory-buffer,run,1556,10614801,0,265535,1327675,353555,1000000,1512345430,read,22097
measured,probe-memory-buffer,run,1557,10615301,0,265535,1327675,353696,1000000,1512345430,read,22106
measured,probe-memory-buffer,run,1558,10615701,0,265535,1327675,353872,1000000,1512345430,read,22117
measured,probe-memory-buffer,run,1559,10616101,0,265535,1327675,354013,1000000,1512345430,read,22125
measured,probe-memory-buffer,run,1560,10616501,0,265535,1327675,354154,1000000,1512345430,read,22134
measured,probe-memory-buffer,run,1561,10617001,0,265535,1327675,354295,1000000,1512345430,read,22143
measured,probe-memory-buffer,run,1562,10618401,0,265535,1327675,354823,1000000,1512345430,read,22176
measured,probe-memory-buffer,run,1563,10618801,0,265535,1327675,354964,1000000,1512345430,read,22185
measured,probe-memory-buffer,run,1564,10619201,0,265535,1327675,355105,1000000,1512345430,read,22194
measured,probe-memory-buffer,run,1565,10619701,0,265535,1327675,355246,1000000,1512345430,read,22202
measured,probe-memory-buffer,run,1566,10620101,0,265535,1327675,355422,1000000,1512345430,read,22213
measured,probe-memory-buffer,run,1567,10620501,0,265535,1327675,355562,1000000,1512345430,read,22222
measured,probe-memory-buffer,run,1568,10620901,0,265535,1327675,355703,1000000,1512345430,read,22231
measured,probe-memory-buffer,run,1569,10621301,0,265535,1327675,355844,1000000,1512345430,read,22240
measured,probe-memory-buffer,run,1570,10621801,0,265535,1327675,355985,1000000,1512345430,read,22249
measured,probe-memory-buffer,run,1571,10622201,0,265535,1327675,356126,1000000,1512345430,read,22257
measured,probe-memory-buffer,run,1572,10622601,0,265535,1327675,356302,1000000,1512345430,read,22268
measured,probe-memory-buffer,run,1573,10623001,0,265535,1327675,356443,1000000,1512345430,read,22277
measured,probe-memory-buffer,run,1574,10623401,0,265535,1327675,356584,1000000,1512345430,read,22286
measured,probe-memory-buffer,run,1575,10623901,0,265535,1327675,356724,1000000,1512345430,read,22295
measured,probe-memory-buffer,run,1576,10624301,0,265535,1327675,356900,1000000,1512345430,read,22306
measured,probe-memory-buffer,run,1577,10624701,0,265535,1327675,357041,1000000,1512345430,read,22315
measured,probe-memory-buffer,run,1578,10625101,0,265535,1327675,357182,1000000,1512345430,read,22323
measured,probe-memory-buffer,run,1579,10625501,0,265535,1327675,357323,1000000,1512345430,read,22332
measured,probe-memory-buffer,run,1580,10626001,0,265535,1327675,357464,1000000,1512345430,read,22341
measured,probe-memory-buffer,run,1581,10626401,0,265535,1327675,357640,1000000,1512345430,read,22352
measured,probe-memory-buffer,run,1582,10626801,0,265535,1327675,357781,1000000,1512345430,read,22361
measured,probe-memory-buffer,run,1583,10627201,0,265535,1327675,357922,1000000,1512345430,read,22370
measured,probe-memory-buffer,run,1584,10627601,0,265535,1327675,358062,1000000,1512345430,read,22378
measured,probe-memory-buffer,run,1585,10628101,0,265535,1327675,358203,1000000,1512345430,read,22387
measured,probe-memory-buffer,run,1586,10628501,0,265535,1327675,358379,1000000,1512345430,read,22398
measured,probe-memory-buffer,run,1587,10628901,0,265535,1327675,358520,1000000,1512345430,read,22407
measured,probe-memory-buffer,run,1588,10629301,0,265535,1327675,358661,1000000,1512345430,read,22416
measured,probe-memory-buffer,run,1589,10629701,0,265535,1327675,358802,1000000,1512345430,read,22425
measured,probe-memory-buffer,run,1590,10630201,0,265535,1327675,358943,1000000,1512345430,read,22433
measured,probe-memory-buffer,run,1591,10630601,0,265535,1327675,359119,1000000,1512345430,read,22444
measured,probe-memory-buffer,run,1592,10631001,0,265535,1327675,359260,1000000,1512345430,read,22453
measured,probe-memory-buffer,run,1593,10631401,0,265535,1327675,359401,1000000,1512345430,read,22462
measured,probe-memory-buffer,run,1594,10631801,0,265535,1327675,359541,1000000,1512345430,read,22471
measured,probe-memory-buffer,run,1595,10632301,0,265535,1327675,359682,1000000,1512345430,read,22480
measured,probe-memory-buffer,run,1596,10632701,0,265535,1327675,359823,1000000,1512345430,read,22488
measured,probe-memory-buffer,run,1597,10634301,0,265535,1327675,360422,1000000,1512345430,read,22526
measured,probe-memory-buffer,run,1598,10634801,0,265535,1327675,360563,1000000,1512345430,read,22535
measured,probe-memory-buffer,run,1599,10635201,0,265535,1327675,360739,1000000,1512345430,read,22546
measured,probe-memory-buffer,run,1600,10635601,0,265535,1327675,360879,1000000,1512345430,read,22554
measured,probe-memory-buffer,run,1601,10636001,0,265535,1327675,361020,1000000,1512345430,read,22563
measured,probe-memory-buffer,run,1602,10636501,0,265535,1327675,361161,1000000,1512345430,read,22572
measured,probe-memory-buffer,run,1603,10636901,0,265535,1327675,361302,1000000,1512345430,read,22581
measured,probe-memory-buffer,run,1604,10637301,0,265535,1327675,361478,1000000,1512345430,read,22592
measured,probe-memory-buffer,run,1605,10637701,0,265535,1327675,361619,1000000,1512345430,read,22601
measured,probe-memory-buffer,run,1606,10638101,0,265535,1327675,361760,1000000,1512345430,read,22610
measured,probe-memory-buffer,run,1607,10638501,0,265535,1327675,361901,1000000,1512345430,read,22618
measured,probe-memory-buffer,run,1608,10639001,0,265535,1327675,362041,1000000,1512345430,read,22627
measured,probe-memory-buffer,run,1609,10639401,0,265535,1327675,362218,1000000,1512345430,read,22638
measured,probe-memory-buffer,run,1610,10639801,0,265535,1327675,362358,1000000,1512345430,read,22647
measured,probe-memory-buffer,run,1611,10640201,0,265535,1327675,362499,1000000,1512345430,read,22656
measured,probe-memory-buffer,run,1612,10640701,0,265535,1327675,362640,1000000,1512345430,read,22665
measured,probe-memory-buffer,run,1613,10641101,0,265535,1327675,362816,1000000,1512345430,read,22676
measured,probe-memory-buffer,run,1614,10641501,0,265535,1327675,362957,1000000,1512345430,read,22684
measured,probe-memory-buffer,run,1615,10641901,0,265535,1327675,363098,1000000,1512345430,read,22693
measured,probe-memory-buffer,run,1616,10642301,0,265535,1327675,363239,1000000,1512345430,read,22702
measured,probe-memory-buffer,run,1617,10642801,0,265535,1327675,363380,1000000,1512345430,read,22711
measured,probe-memory-buffer,run,1618,10643201,0,265535,1327675,363556,1000000,1512345430,read,22722
measured,probe-memory-buffer,run,1619,10644601,0,265535,1327675,364049,1000000,1512345430,read,22753
measured,probe-memory-buffer,run,1620,10645001,0,265535,1327675,364189,1000000,1512345430,read,22761
measured,probe-memory-buffer,run,1621,10645501,0,265535,1327675,364330,1000000,1512345430,read,22770
measured,probe-memory-buffer,run,1622,10645901,0,265535,1327675,364471,1000000,1512345430,read,22779
measured,probe-memory-buffer,run,1623,10646301,0,265535,1327675,364647,1000000,1512345430,read,22790
measured,probe-memory-buffer,run,1624,10646701,0,265535,1327675,364788,1000000,1512345430,read,22799
measured,probe-memory-buffer,run,1625,10647101,0,265535,1327675,364929,1000000,1512345430,read,22808
measured,probe-memory-buffer,run,1626,10647601,0,265535,1327675,365070,1000000,1512345430,read,22816
measured,probe-memory-buffer,run,1627,10648001,0,265535,1327675,365211,1000000,1512345430,read,22825
measured,probe-memory-buffer,run,1628,10648401,0,265535,1327675,365387,1000000,1512345430,read,22836
measured,probe-memory-buffer,run,1629,10648801,0,265535,1327675,365527,1000000,1512345430,read,22845
measured,probe-memory-buffer,run,1630,10649201,0,265535,1327675,365668,1000000,1512345430,read,22854
measured,probe-memory-buffer,run,1631,10649701,0,265535,1327675,365809,1000000,1512345430,read,22863
measured,probe-memory-buffer,run,1632,10650101,0,265535,1327675,365950,1000000,1512345430,read,22871
measured,probe-memory-buffer,run,1633,10650501,0,265535,1327675,366126,1000000,1512345430,read,22882
measured,probe-memory-buffer,run,1634,10650901,0,265535,1327675,366267,1000000,1512345430,read,22891
measured,probe-memory-buffer,run,1635,10651301,0,265535,1327675,366408,1000000,1512345430,read,22900
measured,probe-memory-buffer,run,1636,10651801,0,265535,1327675,366549,1000000,1512345430,read,22909
measured,probe-memory-buffer,run,1637,10652201,0,265535,1327675,366689,1000000,1512345430,read,22918
measured,probe-memory-buffer,run,1638,10652601,0,265535,1327675,366865,1000000,1512345430,read,22929
measured,probe-memory-buffer,run,1639,10653001,0,265535,1327675,367006,1000000,1512345430,read,22937
measured,probe-memory-buffer,run,1640,10653401,0,265535,1327675,367147,1000000,1512345430,read,22946
measured,probe-memory-buffer,run,1641,10653901,0,265535,1327675,367288,1000000,1512345430,read,22955
measured,probe-memory-buffer,run,1642,10654301,0,265535,1327675,367464,1000000,1512345430,read,22966
measured,probe-memory-buffer,run,1643,10654701,0,265535,1327675,367605,1000000,1512345430,read,22975
measured,probe-memory-buffer,run,1644,10655101,0,265535,1327675,367746,1000000,1512345430,read,22984
measured,probe-memory-buffer,run,1645,10655501,0,265535,1327675,367887,1000000,1512345430,read,22992
measured,probe-memory-buffer,run,1646,10656001,0,265535,1327675,368027,1000000,1512345430,read,23001
measured,probe-memory-buffer,run,1647,10656401,0,265535,1327675,368204,1000000,1512345430,read,23012
measured,probe-memory-buffer,run,1648,10656801,0,265535,1327675,368344,1000000,1512345430,read,23021
measured,probe-memory-buffer,run,1649,10657201,0,265535,1327675,368485,1000000,1512345430,read,23030
measured,probe-memory-buffer,run,1650,10657601,0,265535,1327675,368626,1000000,1512345430,read,23039
measured,probe-memory-buffer,run,1651,10658001,0,265535,1327675,368767,1000000,1512345430,read,23047
measured,probe-memory-buffer,run,1652,10658501,0,265535,1327675,368908,1000000,1512345430,read,23056
measured,probe-memory-buffer,run,1653,10658901,0,265535,1327675,369084,1000000,1512345430,read,23067
measured,probe-memory-buffer,run,1654,10659301,0,265535,1327675,369225,1000000,1512345430,read,23076
measured,probe-memory-buffer,run,1655,10659701,0,265535,1327675,369366,1000000,1512345430,read,23085
measured,probe-memory-buffer,run,1656,10660101,0,265535,1327675,369506,1000000,1512345430,read,23094
measured,probe-memory-buffer,run,1657,10660501,0,265535,1327675,369647,1000000,1512345430,read,23102
measured,probe-memory-buffer,run,1658,10661001,0,265535,1327675,369788,1000000,1512345430,read,23111
measured,probe-memory-buffer,run,1659,10661401,0,265535,1327675,369964,1000000,1512345430,read,23122
measured,probe-memory-buffer,run,1660,10662901,0,331070,1655350,655350,1000000,2371681710,update,0
measured,probe-memory-buffer,run,1661,10685301,0,331070,1655350,667719,1000000,2371681710,read,41732
measured,probe-memory-buffer,run,1662,10687401,0,331070,1655350,668878,1000000,2371681710,read,41804
measured,probe-memory-buffer,run,1663,10687901,0,331070,1655350,669210,1000000,2371681710,read,41825
measured,probe-memory-buffer,run,1664,10688501,0,331070,1655350,669486,1000000,2371681710,read,41842
measured,probe-memory-buffer,run,1665,10689001,0,331070,1655350,669762,1000000,2371681710,read,41860
measured,probe-memory-buffer,run,1666,10689401,0,331070,1655350,670038,1000000,2371681710,read,41877
measured,probe-memory-buffer,run,1667,10689801,0,331070,1655350,670259,1000000,2371681710,read,41891
measured,probe-memory-buffer,run,1668,10690201,0,331070,1655350,670480,1000000,2371681710,read,41905
measured,probe-memory-buffer,run,1669,10690601,0,331070,1655350,670701,1000000,2371681710,read,41918
measured,probe-memory-buffer,run,1670,10691101,0,331070,1655350,670922,1000000,2371681710,read,41932
measured,probe-memory-buffer,run,1671,10691501,0,331070,1655350,671198,1000000,2371681710,read,41949
measured,probe-memory-buffer,run,1672,10691901,0,331070,1655350,671419,1000000,2371681710,read,41963
measured,probe-memory-buffer,run,1673,10692301,0,331070,1655350,671639,1000000,2371681710,read,41977
measured,probe-memory-buffer,run,1674,10692701,0,331070,1655350,671860,1000000,2371681710,read,41991
measured,probe-memory-buffer,run,1675,10693201,0,331070,1655350,672081,1000000,2371681710,read,42005
measured,probe-memory-buffer,run,1676,10696001,0,331070,1655350,673683,1000000,2371681710,read,42105
measured,probe-memory-buffer,run,1677,10696501,0,331070,1655350,673903,1000000,2371681710,read,42118
measured,probe-memory-buffer,run,1678,10696901,0,331070,1655350,674180,1000000,2371681710,read,42136
measured,probe-memory-buffer,run,1679,10697301,0,331070,1655350,674400,1000000,2371681710,read,42150
measured,probe-memory-buffer,run,1680,10697701,0,331070,1655350,674621,1000000,2371681710,read,42163
measured,probe-memory-buffer,run,1681,10698101,0,331070,1655350,674842,1000000,2371681710,read,42177
measured,probe-memory-buffer,run,1682,10698601,0,331070,1655350,675063,1000000,2371681710,read,42191
measured,probe-memory-buffer,run,1683,10699001,0,331070,1655350,675339,1000000,2371681710,read,42208
measured,probe-memory-buffer,run,1684,10699401,0,331070,1655350,675560,1000000,2371681710,read,42222
measured,probe-memory-buffer,run,1685,10699801,0,331070,1655350,675781,1000000,2371681710,read,42236
measured,probe-memory-buffer,run,1686,10700201,0,331070,1655350,676002,1000000,2371681710,read,42250
measured,probe-memory-buffer,run,1687,10700701,0,331070,1655350,676223,1000000,2371681710,read,42263
measured,probe-memory-buffer,run,1688,10701101,0,331070,1655350,676444,1000000,2371681710,read,42277
measured,probe-memory-buffer,run,1689,10701501,0,331070,1655350,676720,1000000,2371681710,read,42295
measured,probe-memory-buffer,run,1690,10701901,0,331070,1655350,676941,1000000,2371681710,read,42308
measured,probe-memory-buffer,run,1691,10702301,0,331070,1655350,677161,1000000,2371681710,read,42322
measured,probe-memory-buffer,run,1692,10702701,0,331070,1655350,677382,1000000,2371681710,read,42336
measured,probe-memory-buffer,run,1693,10703201,0,331070,1655350,677603,1000000,2371681710,read,42350
measured,probe-memory-buffer,run,1694,10703601,0,331070,1655350,677879,1000000,2371681710,read,42367
measured,probe-memory-buffer,run,1695,10704001,0,331070,1655350,678100,1000000,2371681710,read,42381
measured,probe-memory-buffer,run,1696,10704401,0,331070,1655350,678321,1000000,2371681710,read,42395
measured,probe-memory-buffer,run,1697,10704801,0,331070,1655350,678542,1000000,2371681710,read,42408
measured,probe-memory-buffer,run,1698,10705301,0,331070,1655350,678763,1000000,2371681710,read,42422
measured,probe-memory-buffer,run,1699,10705701,0,331070,1655350,678984,1000000,2371681710,read,42436
measured,probe-memory-buffer,run,1700,10706101,0,331070,1655350,679260,1000000,2371681710,read,42453
measured,probe-memory-buffer,run,1701,10706501,0,331070,1655350,679481,1000000,2371681710,read,42467
measured,probe-memory-buffer,run,1702,10706901,0,331070,1655350,679702,1000000,2371681710,read,42481
measured,probe-memory-buffer,run,1703,10707401,0,331070,1655350,679922,1000000,2371681710,read,42495
measured,probe-memory-buffer,run,1704,10707801,0,331070,1655350,680199,1000000,2371681710,read,42512
measured,probe-memory-buffer,run,1705,10708201,0,331070,1655350,680419,1000000,2371681710,read,42526
measured,probe-memory-buffer,run,1706,10708601,0,331070,1655350,680640,1000000,2371681710,read,42540
measured,probe-memory-buffer,run,1707,10709001,0,331070,1655350,680861,1000000,2371681710,read,42553
measured,probe-memory-buffer,run,1708,10709501,0,331070,1655350,681082,1000000,2371681710,read,42567
measured,probe-memory-buffer,run,1709,10709901,0,331070,1655350,681358,1000000,2371681710,read,42584
measured,probe-memory-buffer,run,1710,10710301,0,331070,1655350,681579,1000000,2371681710,read,42598
measured,probe-memory-buffer,run,1711,10710701,0,331070,1655350,681800,1000000,2371681710,read,42612
measured,probe-memory-buffer,run,1712,10711101,0,331070,1655350,682021,1000000,2371681710,read,42626
measured,probe-memory-buffer,run,1713,10711601,0,331070,1655350,682242,1000000,2371681710,read,42640
measured,probe-memory-buffer,run,1714,10712001,0,331070,1655350,682518,1000000,2371681710,read,42657
measured,probe-memory-buffer,run,1715,10712401,0,331070,1655350,682739,1000000,2371681710,read,42671
measured,probe-memory-buffer,run,1716,10712801,0,331070,1655350,682960,1000000,2371681710,read,42685
measured,probe-memory-buffer,run,1717,10713201,0,331070,1655350,683180,1000000,2371681710,read,42698
measured,probe-memory-buffer,run,1718,10713701,0,331070,1655350,683401,1000000,2371681710,read,42712
measured,probe-memory-buffer,run,1719,10714101,0,331070,1655350,683622,1000000,2371681710,read,42726
measured,probe-memory-buffer,run,1720,10714501,0,331070,1655350,683898,1000000,2371681710,read,42743
measured,probe-memory-buffer,run,1721,10714901,0,331070,1655350,684119,1000000,2371681710,read,42757
measured,probe-memory-buffer,run,1722,10715301,0,331070,1655350,684340,1000000,2371681710,read,42771
measured,probe-memory-buffer,run,1723,10715801,0,331070,1655350,684561,1000000,2371681710,read,42785
measured,probe-memory-buffer,run,1724,10716201,0,331070,1655350,684782,1000000,2371681710,read,42798
measured,probe-memory-buffer,run,1725,10716601,0,331070,1655350,685058,1000000,2371681710,read,42816
measured,probe-memory-buffer,run,1726,10717001,0,331070,1655350,685279,1000000,2371681710,read,42829
measured,probe-memory-buffer,run,1727,10717401,0,331070,1655350,685500,1000000,2371681710,read,42843
measured,probe-memory-buffer,run,1728,10717801,0,331070,1655350,685721,1000000,2371681710,read,42857
measured,probe-memory-buffer,run,1729,10718301,0,331070,1655350,685941,1000000,2371681710,read,42871
measured,probe-memory-buffer,run,1730,10718701,0,331070,1655350,686217,1000000,2371681710,read,42888
measured,probe-memory-buffer,run,1731,10719101,0,331070,1655350,686438,1000000,2371681710,read,42902
measured,probe-memory-buffer,run,1732,10719501,0,331070,1655350,686659,1000000,2371681710,read,42916
measured,probe-memory-buffer,run,1733,10721101,0,331070,1655350,687488,1000000,2371681710,read,42968
measured,probe-memory-buffer,run,1734,10721501,0,331070,1655350,687764,1000000,2371681710,read,42985
measured,probe-memory-buffer,run,1735,10721901,0,331070,1655350,687985,1000000,2371681710,read,42999
measured,probe-memory-buffer,run,1736,10722301,0,331070,1655350,688205,1000000,2371681710,read,43012
measured,probe-memory-buffer,run,1737,10722801,0,331070,1655350,688426,1000000,2371681710,read,43026
measured,probe-memory-buffer,run,1738,10723201,0,331070,1655350,688702,1000000,2371681710,read,43043
measured,probe-memory-buffer,run,1739,10723601,0,331070,1655350,688923,1000000,2371681710,read,43057
measured,probe-memory-buffer,run,1740,10724001,0,331070,1655350,689144,1000000,2371681710,read,43071
measured,probe-memory-buffer,run,1741,10724501,0,331070,1655350,689365,1000000,2371681710,read,43085
measured,probe-memory-buffer,run,1742,10724901,0,331070,1655350,689641,1000000,2371681710,read,43102
measured,probe-memory-buffer,run,1743,10725301,0,331070,1655350,689862,1000000,2371681710,read,43116
measured,probe-memory-buffer,run,1744,10725701,0,331070,1655350,690083,1000000,2371681710,read,43130
measured,probe-memory-buffer,run,1745,10726201,0,331070,1655350,690304,1000000,2371681710,read,43144
measured,probe-memory-buffer,run,1746,10726601,0,331070,1655350,690580,1000000,2371681710,read,43161
measured,probe-memory-buffer,run,1747,10727001,0,331070,1655350,690801,1000000,2371681710,read,43175
measured,probe-memory-buffer,run,1748,10727401,0,331070,1655350,691022,1000000,2371681710,read,43188
measured,probe-memory-buffer,run,1749,10727901,0,331070,1655350,691243,1000000,2371681710,read,43202
measured,probe-memory-buffer,run,1750,10728301,0,331070,1655350,691519,1000000,2371681710,read,43219
measured,probe-memory-buffer,run,1751,10728701,0,331070,1655350,691739,1000000,2371681710,read,43233
measured,probe-memory-buffer,run,1752,10729101,0,331070,1655350,691960,1000000,2371681710,read,43247
measured,probe-memory-buffer,run,1753,10729601,0,331070,1655350,692181,1000000,2371681710,read,43261
measured,probe-memory-buffer,run,1754,10730001,0,331070,1655350,692457,1000000,2371681710,read,43278
measured,probe-memory-buffer,run,1755,10730401,0,331070,1655350,692678,1000000,2371681710,read,43292
measured,probe-memory-buffer,run,1756,10730801,0,331070,1655350,692899,1000000,2371681710,read,43306
measured,probe-memory-buffer,run,1757,10731301,0,331070,1655350,693120,1000000,2371681710,read,43320
measured,probe-memory-buffer,run,1758,10731701,0,331070,1655350,693396,1000000,2371681710,read,43337
measured,probe-memory-buffer,run,1759,10732101,0,331070,1655350,693617,1000000,2371681710,read,43351
measured,probe-memory-buffer,run,1760,10732501,0,331070,1655350,693838,1000000,2371681710,read,43364
measured,probe-memory-buffer,run,1761,10733001,0,331070,1655350,694059,1000000,2371681710,read,43378
measured,probe-memory-buffer,run,1762,10733401,0,331070,1655350,694335,1000000,2371681710,read,43395
measured,probe-memory-buffer,run,1763,10733801,0,331070,1655350,694556,1000000,2371681710,read,43409
measured,probe-memory-buffer,run,1764,10734201,0,331070,1655350,694777,1000000,2371681710,read,43423
measured,probe-memory-buffer,run,1765,10734701,0,331070,1655350,694997,1000000,2371681710,read,43437
measured,probe-memory-buffer,run,1766,10735101,0,331070,1655350,695274,1000000,2371681710,read,43454
measured,probe-memory-buffer,run,1767,10735501,0,331070,1655350,695494,1000000,2371681710,read,43468
measured,probe-memory-buffer,run,1768,10736001,0,331070,1655350,695715,1000000,2371681710,read,43482
measured,probe-memory-buffer,run,1769,10736401,0,331070,1655350,695936,1000000,2371681710,read,43496
measured,probe-memory-buffer,run,1770,10736801,0,331070,1655350,696212,1000000,2371681710,read,43513
measured,probe-memory-buffer,run,1771,10737201,0,331070,1655350,696433,1000000,2371681710,read,43527
measured,probe-memory-buffer,run,1772,10737701,0,331070,1655350,696654,1000000,2371681710,read,43540
measured,probe-memory-buffer,run,1773,10738101,0,331070,1655350,696930,1000000,2371681710,read,43558
measured,probe-memory-buffer,run,1774,10738501,0,331070,1655350,697151,1000000,2371681710,read,43571
measured,probe-memory-buffer,run,1775,10738901,0,331070,1655350,697372,1000000,2371681710,read,43585
measured,probe-memory-buffer,run,1776,10739401,0,331070,1655350,697593,1000000,2371681710,read,43599
measured,probe-memory-buffer,run,1777,10739801,0,331070,1655350,697869,1000000,2371681710,read,43616
measured,probe-memory-buffer,run,1778,10740201,0,331070,1655350,698090,1000000,2371681710,read,43630
measured,probe-memory-buffer,run,1779,10740601,0,331070,1655350,698311,1000000,2371681710,read,43644
measured,probe-memory-buffer,run,1780,10741101,0,331070,1655350,698532,1000000,2371681710,read,43658
measured,probe-memory-buffer,run,1781,10741501,0,331070,1655350,698808,1000000,2371681710,read,43675
measured,probe-memory-buffer,run,1782,10741901,0,331070,1655350,699029,1000000,2371681710,read,43689
measured,probe-memory-buffer,run,1783,10742401,0,331070,1655350,699249,1000000,2371681710,read,43703
measured,probe-memory-buffer,run,1784,10742801,0,331070,1655350,699526,1000000,2371681710,read,43720
measured,probe-memory-buffer,run,1785,10743201,0,331070,1655350,699746,1000000,2371681710,read,43734
measured,probe-memory-buffer,run,1786,10743601,0,331070,1655350,699967,1000000,2371681710,read,43747
measured,probe-memory-buffer,run,1787,10744101,0,331070,1655350,700188,1000000,2371681710,read,43761
measured,probe-memory-buffer,run,1788,10744501,0,331070,1655350,700464,1000000,2371681710,read,43779
measured,probe-memory-buffer,run,1789,10745801,0,331070,1655350,701182,1000000,2371681710,read,43823
measured,probe-memory-buffer,run,1790,10746201,0,331070,1655350,701403,1000000,2371681710,read,43837
measured,probe-memory-buffer,run,1791,10746601,0,331070,1655350,701624,1000000,2371681710,read,43851
measured,probe-memory-buffer,run,1792,10747001,0,331070,1655350,701845,1000000,2371681710,read,43865
measured,probe-memory-buffer,run,1793,10747501,0,331070,1655350,702066,1000000,2371681710,read,43879
measured,probe-memory-buffer,run,1794,10747901,0,331070,1655350,702342,1000000,2371681710,read,43896
measured,probe-memory-buffer,run,1795,10748301,0,331070,1655350,702563,1000000,2371681710,read,43910
measured,probe-memory-buffer,run,1796,10748701,0,331070,1655350,702783,1000000,2371681710,read,43923
measured,probe-memory-buffer,run,1797,10749101,0,331070,1655350,703004,1000000,2371681710,read,43937
measured,probe-memory-buffer,run,1798,10749601,0,331070,1655350,703225,1000000,2371681710,read,43951
measured,probe-memory-buffer,run,1799,10750001,0,331070,1655350,703501,1000000,2371681710,read,43968
measured,probe-memory-buffer,run,1800,10750401,0,331070,1655350,703722,1000000,2371681710,read,43982
measured,probe-memory-buffer,run,1801,10750801,0,331070,1655350,703943,1000000,2371681710,read,43996
measured,probe-memory-buffer,run,1802,10751201,0,331070,1655350,704164,1000000,2371681710,read,44010
measured,probe-memory-buffer,run,1803,10751601,0,331070,1655350,704385,1000000,2371681710,read,44024
measured,probe-memory-buffer,run,1804,10752101,0,331070,1655350,704606,1000000,2371681710,read,44037
measured,probe-memory-buffer,run,1805,10752501,0,331070,1655350,704882,1000000,2371681710,read,44055
measured,probe-memory-buffer,run,1806,10752901,0,331070,1655350,705103,1000000,2371681710,read,44068
measured,probe-memory-buffer,run,1807,10753301,0,331070,1655350,705324,1000000,2371681710,read,44082
measured,probe-memory-buffer,run,1808,10753701,0,331070,1655350,705544,1000000,2371681710,read,44096
measured,probe-memory-buffer,run,1809,10754201,0,331070,1655350,705765,1000000,2371681710,read,44110
measured,probe-memory-buffer,run,1810,10754601,0,331070,1655350,706041,1000000,2371681710,read,44127
measured,probe-memory-buffer,run,1811,10755001,0,331070,1655350,706262,1000000,2371681710,read,44141
measured,probe-memory-buffer,run,1812,10755401,0,331070,1655350,706483,1000000,2371681710,read,44155
measured,probe-memory-buffer,run,1813,10755801,0,331070,1655350,706704,1000000,2371681710,read,44169
measured,probe-memory-buffer,run,1814,10756201,0,331070,1655350,706925,1000000,2371681710,read,44182
measured,probe-memory-buffer,run,1815,10756701,0,331070,1655350,707146,1000000,2371681710,read,44196
measured,probe-memory-buffer,run,1816,10757101,0,331070,1655350,707422,1000000,2371681710,read,44213
measured,probe-memory-buffer,run,1817,10757501,0,331070,1655350,707643,1000000,2371681710,read,44227
measured,probe-memory-buffer,run,1818,10757901,0,331070,1655350,707864,1000000,2371681710,read,44241
measured,probe-memory-buffer,run,1819,10758301,0,331070,1655350,708085,1000000,2371681710,read,44255
measured,probe-memory-buffer,run,1820,10758801,0,331070,1655350,708305,1000000,2371681710,read,44269
measured,probe-memory-buffer,run,1821,10759201,0,331070,1655350,708582,1000000,2371681710,read,44286
measured,probe-memory-buffer,run,1822,10759601,0,331070,1655350,708802,1000000,2371681710,read,44300
measured,probe-memory-buffer,run,1823,10760001,0,331070,1655350,709023,1000000,2371681710,read,44313
measured,probe-memory-buffer,run,1824,10760401,0,331070,1655350,709244,1000000,2371681710,read,44327
measured,probe-memory-buffer,run,1825,10760901,0,331070,1655350,709465,1000000,2371681710,read,44341
measured,probe-memory-buffer,run,1826,10761301,0,331070,1655350,709686,1000000,2371681710,read,44355
measured,probe-memory-buffer,run,1827,10761701,0,331070,1655350,709962,1000000,2371681710,read,44372
measured,probe-memory-buffer,run,1828,10762101,0,331070,1655350,710183,1000000,2371681710,read,44386
measured,probe-memory-buffer,run,1829,10762501,0,331070,1655350,710404,1000000,2371681710,read,44400
measured,probe-memory-buffer,run,1830,10762901,0,331070,1655350,710625,1000000,2371681710,read,44414
measured,probe-memory-buffer,run,1831,10763401,0,331070,1655350,710846,1000000,2371681710,read,44427
measured,probe-memory-buffer,run,1832,10763801,0,331070,1655350,711122,1000000,2371681710,read,44445
measured,probe-memory-buffer,run,1833,10764201,0,331070,1655350,711343,1000000,2371681710,read,44458
measured,probe-memory-buffer,run,1834,10764601,0,331070,1655350,711563,1000000,2371681710,read,44472
measured,probe-memory-buffer,run,1835,10765001,0,331070,1655350,711784,1000000,2371681710,read,44486
measured,probe-memory-buffer,run,1836,10765501,0,331070,1655350,712005,1000000,2371681710,read,44500
measured,probe-memory-buffer,run,1837,10765901,0,331070,1655350,712226,1000000,2371681710,read,44514
measured,probe-memory-buffer,run,1838,10766301,0,331070,1655350,712502,1000000,2371681710,read,44531
measured,probe-memory-buffer,run,1839,10766701,0,331070,1655350,712723,1000000,2371681710,read,44545
measured,probe-memory-buffer,run,1840,10767101,0,331070,1655350,712944,1000000,2371681710,read,44559
measured,probe-memory-buffer,run,1841,10767501,0,331070,1655350,713165,1000000,2371681710,read,44572
measured,probe-memory-buffer,run,1842,10768001,0,331070,1655350,713386,1000000,2371681710,read,44586
measured,probe-memory-buffer,run,1843,10768401,0,331070,1655350,713662,1000000,2371681710,read,44603
measured,probe-memory-buffer,run,1844,10768801,0,331070,1655350,713883,1000000,2371681710,read,44617
measured,probe-memory-buffer,run,1845,10769201,0,331070,1655350,714104,1000000,2371681710,read,44631
measured,probe-memory-buffer,run,1846,10773801,0,331070,1655350,716644,1000000,2371681710,read,44790
measured,probe-memory-buffer,run,1847,10774201,0,331070,1655350,716865,1000000,2371681710,read,44804
measured,probe-memory-buffer,run,1848,10774701,0,331070,1655350,717085,1000000,2371681710,read,44817
measured,probe-memory-buffer,run,1849,10775101,0,331070,1655350,717362,1000000,2371681710,read,44835
measured,probe-memory-buffer,run,1850,10775501,0,331070,1655350,717582,1000000,2371681710,read,44848
measured,probe-memory-buffer,run,1851,10775901,0,331070,1655350,717803,1000000,2371681710,read,44862
measured,probe-memory-buffer,run,1852,10776401,0,331070,1655350,718024,1000000,2371681710,read,44876
measured,probe-memory-buffer,run,1853,10776801,0,331070,1655350,718245,1000000,2371681710,read,44890
measured,probe-memory-buffer,run,1854,10777201,0,331070,1655350,718521,1000000,2371681710,read,44907
measured,probe-memory-buffer,run,1855,10777601,0,331070,1655350,718742,1000000,2371681710,read,44921
measured,probe-memory-buffer,run,1856,10778001,0,331070,1655350,718963,1000000,2371681710,read,44935
measured,probe-memory-buffer,run,1857,10778501,0,331070,1655350,719184,1000000,2371681710,read,44949
measured,probe-memory-buffer,run,1858,10778901,0,331070,1655350,719460,1000000,2371681710,read,44966
measured,probe-memory-buffer,run,1859,10779301,0,331070,1655350,719681,1000000,2371681710,read,44980
measured,probe-memory-buffer,run,1860,10779701,0,331070,1655350,719902,1000000,2371681710,read,44993
measured,probe-memory-buffer,run,1861,10780101,0,331070,1655350,720123,1000000,2371681710,read,45007
measured,probe-memory-buffer,run,1862,10780601,0,331070,1655350,720343,1000000,2371681710,read,45021
measured,probe-memory-buffer,run,1863,10781001,0,331070,1655350,720620,1000000,2371681710,read,45038
measured,probe-memory-buffer,run,1864,10781401,0,331070,1655350,720840,1000000,2371681710,read,45052
measured,probe-memory-buffer,run,1865,10781801,0,331070,1655350,721061,1000000,2371681710,read,45066
measured,probe-memory-buffer,run,1866,10782201,0,331070,1655350,721282,1000000,2371681710,read,45080
measured,probe-memory-buffer,run,1867,10782701,0,331070,1655350,721503,1000000,2371681710,read,45093
measured,probe-memory-buffer,run,1868,10783101,0,331070,1655350,721779,1000000,2371681710,read,45111
measured,probe-memory-buffer,run,1869,10783501,0,331070,1655350,722000,1000000,2371681710,read,45125
measured,probe-memory-buffer,run,1870,10784301,0,331070,1655350,722387,1000000,2371681710,read,45149
measured,probe-memory-buffer,run,1871,10785901,0,331070,1655350,723215,1000000,1699815370,update,0
measured,probe-memory-buffer,run,1872,10808201,0,331070,1655350,732080,1000000,1699815370,read,45755
measured,probe-memory-buffer,run,1873,10810201,0,331070,1655350,732911,1000000,1699815370,read,45806
measured,probe-memory-buffer,run,1874,10810801,0,331070,1655350,733148,1000000,1699815370,read,45821
measured,probe-memory-buffer,run,1875,10811301,0,331070,1655350,733346,1000000,1699815370,read,45834
measured,probe-memory-buffer,run,1876,10811801,0,331070,1655350,733544,1000000,1699815370,read,45846
measured,probe-memory-buffer,run,1877,10812301,0,331070,1655350,733702,1000000,1699815370,read,45856
measured,probe-memory-buffer,run,1878,10812701,0,331070,1655350,733900,1000000,1699815370,read,45868
measured,probe-memory-buffer,run,1879,10813101,0,331070,1655350,734059,1000000,1699815370,read,45878
measured,probe-memory-buffer,run,1880,10813501,0,331070,1655350,734217,1000000,1699815370,read,45888
measured,probe-memory-buffer,run,1881,10813901,0,331070,1655350,734375,1000000,1699815370,read,45898
measured,probe-memory-buffer,run,1882,10814401,0,331070,1655350,734533,1000000,1699815370,read,45908
measured,probe-memory-buffer,run,1883,10814801,0,331070,1655350,734731,1000000,1699815370,read,45920
measured,probe-memory-buffer,run,1884,10815201,0,331070,1655350,734890,1000000,1699815370,read,45930
measured,probe-memory-buffer,run,1885,10815601,0,331070,1655350,735048,1000000,1699815370,read,45940
measured,probe-memory-buffer,run,1886,10816001,0,331070,1655350,735206,1000000,1699815370,read,45950
measured,probe-memory-buffer,run,1887,10816501,0,331070,1655350,735365,1000000,1699815370,read,45960
measured,probe-memory-buffer,run,1888,10816901,0,331070,1655350,735562,1000000,1699815370,read,45972
measured,probe-memory-buffer,run,1889,10817301,0,331070,1655350,735721,1000000,1699815370,read,45982
measured,probe-memory-buffer,run,1890,10817701,0,331070,1655350,735879,1000000,1699815370,read,45992
measured,probe-memory-buffer,run,1891,10818101,0,331070,1655350,736037,1000000,1699815370,read,46002
measured,probe-memory-buffer,run,1892,10818601,0,331070,1655350,736196,1000000,1699815370,read,46012
measured,probe-memory-buffer,run,1893,10819001,0,331070,1655350,736394,1000000,1699815370,read,46024
measured,probe-memory-buffer,run,1894,10819401,0,331070,1655350,736552,1000000,1699815370,read,46034
measured,probe-memory-buffer,run,1895,10819801,0,331070,1655350,736710,1000000,1699815370,read,46044
measured,probe-memory-buffer,run,1896,10820201,0,331070,1655350,736869,1000000,1699815370,read,46054
measured,probe-memory-buffer,run,1897,10820601,0,331070,1655350,737027,1000000,1699815370,read,46064
measured,probe-memory-buffer,run,1898,10821101,0,331070,1655350,737185,1000000,1699815370,read,46074
measured,probe-memory-buffer,run,1899,10821501,0,331070,1655350,737383,1000000,1699815370,read,46086
measured,probe-memory-buffer,run,1900,10821901,0,331070,1655350,737541,1000000,1699815370,read,46096
measured,probe-memory-buffer,run,1901,10822301,0,331070,1655350,737700,1000000,1699815370,read,46106
measured,probe-memory-buffer,run,1902,10822701,0,331070,1655350,737858,1000000,1699815370,read,46116
measured,probe-memory-buffer,run,1903,10825501,0,331070,1655350,738966,1000000,1699815370,read,46185
measured,probe-memory-buffer,run,1904,10825901,0,331070,1655350,739124,1000000,1699815370,read,46195
measured,probe-memory-buffer,run,1905,10826301,0,331070,1655350,739283,1000000,1699815370,read,46205
measured,probe-memory-buffer,run,1906,10826801,0,331070,1655350,739441,1000000,1699815370,read,46215
measured,probe-memory-buffer,run,1907,10827201,0,331070,1655350,739639,1000000,1699815370,read,46227
measured,probe-memory-buffer,run,1908,10827601,0,331070,1655350,739797,1000000,1699815370,read,46237
measured,probe-memory-buffer,run,1909,10828001,0,331070,1655350,739956,1000000,1699815370,read,46247
measured,probe-memory-buffer,run,1910,10828401,0,331070,1655350,740114,1000000,1699815370,read,46257
measured,probe-memory-buffer,run,1911,10828901,0,331070,1655350,740272,1000000,1699815370,read,46267
measured,probe-memory-buffer,run,1912,10829301,0,331070,1655350,740470,1000000,1699815370,read,46279
measured,probe-memory-buffer,run,1913,10829701,0,331070,1655350,740628,1000000,1699815370,read,46289
measured,probe-memory-buffer,run,1914,10831101,0,331070,1655350,741143,1000000,1699815370,read,46321
measured,probe-memory-buffer,run,1915,10831501,0,331070,1655350,741341,1000000,1699815370,read,46333
measured,probe-memory-buffer,run,1916,10831901,0,331070,1655350,741499,1000000,1699815370,read,46343
measured,probe-memory-buffer,run,1917,10832301,0,331070,1655350,741657,1000000,1699815370,read,46353
measured,probe-memory-buffer,run,1918,10832701,0,331070,1655350,741816,1000000,1699815370,read,46363
measured,probe-memory-buffer,run,1919,10833201,0,331070,1655350,741974,1000000,1699815370,read,46373
measured,probe-memory-buffer,run,1920,10833601,0,331070,1655350,742172,1000000,1699815370,read,46385
measured,probe-memory-buffer,run,1921,10834001,0,331070,1655350,742330,1000000,1699815370,read,46395
measured,probe-memory-buffer,run,1922,10834401,0,331070,1655350,742488,1000000,1699815370,read,46405
measured,probe-memory-buffer,run,1923,10834801,0,331070,1655350,742647,1000000,1699815370,read,46415
measured,probe-memory-buffer,run,1924,10835301,0,331070,1655350,742805,1000000,1699815370,read,46425
measured,probe-memory-buffer,run,1925,10835701,0,331070,1655350,743003,1000000,1699815370,read,46437
measured,probe-memory-buffer,run,1926,10836101,0,331070,1655350,743161,1000000,1699815370,read,46447
measured,probe-memory-buffer,run,1927,10836501,0,331070,1655350,743320,1000000,1699815370,read,46457
measured,probe-memory-buffer,run,1928,10837001,0,331070,1655350,743478,1000000,1699815370,read,46467
measured,probe-memory-buffer,run,1929,10837401,0,331070,1655350,743636,1000000,1699815370,read,46477
measured,probe-memory-buffer,run,1930,10837801,0,331070,1655350,743834,1000000,1699815370,read,46489
measured,probe-memory-buffer,run,1931,10838201,0,331070,1655350,743992,1000000,1699815370,read,46499
measured,probe-memory-buffer,run,1932,10838601,0,331070,1655350,744151,1000000,1699815370,read,46509
measured,probe-memory-buffer,run,1933,10839101,0,331070,1655350,744309,1000000,1699815370,read,46519
measured,probe-memory-buffer,run,1934,10839501,0,331070,1655350,744507,1000000,1699815370,read,46531
measured,probe-memory-buffer,run,1935,10839901,0,331070,1655350,744665,1000000,1699815370,read,46541
measured,probe-memory-buffer,run,1936,10840301,0,331070,1655350,744823,1000000,1699815370,read,46551
measured,probe-memory-buffer,run,1937,10840701,0,331070,1655350,744982,1000000,1699815370,read,46561
measured,probe-memory-buffer,run,1938,10841201,0,331070,1655350,745140,1000000,1699815370,read,46571
measured,probe-memory-buffer,run,1939,10841601,0,331070,1655350,745338,1000000,1699815370,read,46583
measured,probe-memory-buffer,run,1940,10842001,0,331070,1655350,745496,1000000,1699815370,read,46593
measured,probe-memory-buffer,run,1941,10842401,0,331070,1655350,745655,1000000,1699815370,read,46603
measured,probe-memory-buffer,run,1942,10842801,0,331070,1655350,745813,1000000,1699815370,read,46613
measured,probe-memory-buffer,run,1943,10843301,0,331070,1655350,745971,1000000,1699815370,read,46623
measured,probe-memory-buffer,run,1944,10843701,0,331070,1655350,746169,1000000,1699815370,read,46635
measured,probe-memory-buffer,run,1945,10844101,0,331070,1655350,746327,1000000,1699815370,read,46645
measured,probe-memory-buffer,run,1946,10844501,0,331070,1655350,746486,1000000,1699815370,read,46655
measured,probe-memory-buffer,run,1947,10844901,0,331070,1655350,746644,1000000,1699815370,read,46665
measured,probe-memory-buffer,run,1948,10845401,0,331070,1655350,746802,1000000,1699815370,read,46675
measured,probe-memory-buffer,run,1949,10845801,0,331070,1655350,747000,1000000,1699815370,read,46687
measured,probe-memory-buffer,run,1950,10846201,0,331070,1655350,747159,1000000,1699815370,read,46697
measured,probe-memory-buffer,run,1951,10846601,0,331070,1655350,747317,1000000,1699815370,read,46707
measured,probe-memory-buffer,run,1952,10847001,0,331070,1655350,747475,1000000,1699815370,read,46717
measured,probe-memory-buffer,run,1953,10847501,0,331070,1655350,747633,1000000,1699815370,read,46727
measured,probe-memory-buffer,run,1954,10847901,0,331070,1655350,747831,1000000,1699815370,read,46739
measured,probe-memory-buffer,run,1955,10848301,0,331070,1655350,747990,1000000,1699815370,read,46749
measured,probe-memory-buffer,run,1956,10848701,0,331070,1655350,748148,1000000,1699815370,read,46759
measured,probe-memory-buffer,run,1957,10849101,0,331070,1655350,748306,1000000,1699815370,read,46769
measured,probe-memory-buffer,run,1958,10849601,0,331070,1655350,748465,1000000,1699815370,read,46779
measured,probe-memory-buffer,run,1959,10850001,0,331070,1655350,748662,1000000,1699815370,read,46791
measured,probe-memory-buffer,run,1960,10851501,0,331070,1655350,749256,1000000,1699815370,read,46828
measured,probe-memory-buffer,run,1961,10851901,0,331070,1655350,749414,1000000,1699815370,read,46838
measured,probe-memory-buffer,run,1962,10852301,0,331070,1655350,749573,1000000,1699815370,read,46848
measured,probe-memory-buffer,run,1963,10852701,0,331070,1655350,749731,1000000,1699815370,read,46858
measured,probe-memory-buffer,run,1964,10853201,0,331070,1655350,749889,1000000,1699815370,read,46868
measured,probe-memory-buffer,run,1965,10853601,0,331070,1655350,750087,1000000,1699815370,read,46880
measured,probe-memory-buffer,run,1966,10854001,0,331070,1655350,750246,1000000,1699815370,read,46890
measured,probe-memory-buffer,run,1967,10854401,0,331070,1655350,750404,1000000,1699815370,read,46900
measured,probe-memory-buffer,run,1968,10854801,0,331070,1655350,750562,1000000,1699815370,read,46910
measured,probe-memory-buffer,run,1969,10855301,0,331070,1655350,750720,1000000,1699815370,read,46920
measured,probe-memory-buffer,run,1970,10855701,0,331070,1655350,750918,1000000,1699815370,read,46932
measured,probe-memory-buffer,run,1971,10856101,0,331070,1655350,751077,1000000,1699815370,read,46942
measured,probe-memory-buffer,run,1972,10856501,0,331070,1655350,751235,1000000,1699815370,read,46952
measured,probe-memory-buffer,run,1973,10856901,0,331070,1655350,751393,1000000,1699815370,read,46962
measured,probe-memory-buffer,run,1974,10857401,0,331070,1655350,751552,1000000,1699815370,read,46972
measured,probe-memory-buffer,run,1975,10857801,0,331070,1655350,751749,1000000,1699815370,read,46984
measured,probe-memory-buffer,run,1976,10858201,0,331070,1655350,751908,1000000,1699815370,read,46994
measured,probe-memory-buffer,run,1977,10858601,0,331070,1655350,752066,1000000,1699815370,read,47004
measured,probe-memory-buffer,run,1978,10859001,0,331070,1655350,752224,1000000,1699815370,read,47014
measured,probe-memory-buffer,run,1979,10859501,0,331070,1655350,752383,1000000,1699815370,read,47023
measured,probe-memory-buffer,run,1980,10859901,0,331070,1655350,752581,1000000,1699815370,read,47036
measured,probe-memory-buffer,run,1981,10860301,0,331070,1655350,752739,1000000,1699815370,read,47046
measured,probe-memory-buffer,run,1982,10860701,0,331070,1655350,752897,1000000,1699815370,read,47056
measured,probe-memory-buffer,run,1983,10861101,0,331070,1655350,753055,1000000,1699815370,read,47065
measured,probe-memory-buffer,run,1984,10861601,0,331070,1655350,753214,1000000,1699815370,read,47075
measured,probe-memory-buffer,run,1985,10862001,0,331070,1655350,753412,1000000,1699815370,read,47088
measured,probe-memory-buffer,run,1986,10862401,0,331070,1655350,753570,1000000,1699815370,read,47098
measured,probe-memory-buffer,run,1987,10862801,0,331070,1655350,753728,1000000,1699815370,read,47108
measured,probe-memory-buffer,run,1988,10863201,0,331070,1655350,753887,1000000,1699815370,read,47117
measured,probe-memory-buffer,run,1989,10863701,0,331070,1655350,754045,1000000,1699815370,read,47127
measured,probe-memory-buffer,run,1990,10864101,0,331070,1655350,754203,1000000,1699815370,read,47137
measured,probe-memory-buffer,run,1991,10864501,0,331070,1655350,754401,1000000,1699815370,read,47150
measured,probe-memory-buffer,run,1992,10864901,0,331070,1655350,754559,1000000,1699815370,read,47159
measured,probe-memory-buffer,run,1993,10865301,0,331070,1655350,754718,1000000,1699815370,read,47169
measured,probe-memory-buffer,run,1994,10865801,0,331070,1655350,754876,1000000,1699815370,read,47179
measured,probe-memory-buffer,run,1995,10866201,0,331070,1655350,755074,1000000,1699815370,read,47192
measured,probe-memory-buffer,run,1996,10866601,0,331070,1655350,755232,1000000,1699815370,read,47202
measured,probe-memory-buffer,run,1997,10867001,0,331070,1655350,755391,1000000,1699815370,read,47211
measured,probe-memory-buffer,run,1998,10867401,0,331070,1655350,755549,1000000,1699815370,read,47221
measured,probe-memory-buffer,run,1999,10867901,0,331070,1655350,755707,1000000,1699815370,read,47231
measured,probe-memory-buffer,run,2000,10868301,0,331070,1655350,755905,1000000,1699815370,read,47244
measured,probe-memory-buffer,run,2001,10868701,0,331070,1655350,756063,1000000,1699815370,read,47253
measured,probe-memory-buffer,run,2002,10869101,0,331070,1655350,756222,1000000,1699815370,read,47263
measured,probe-memory-buffer,run,2003,10869501,0,331070,1655350,756380,1000000,1699815370,read,47273
measured,probe-memory-buffer,run,2004,10870001,0,331070,1655350,756538,1000000,1699815370,read,47283
measured,probe-memory-buffer,run,2005,10870401,0,331070,1655350,756736,1000000,1699815370,read,47296
measured,probe-memory-buffer,run,2006,10870801,0,331070,1655350,756894,1000000,1699815370,read,47305
measured,probe-memory-buffer,run,2007,10871201,0,331070,1655350,757053,1000000,1699815370,read,47315
measured,probe-memory-buffer,run,2008,10871701,0,331070,1655350,757211,1000000,1699815370,read,47325
measured,probe-memory-buffer,run,2009,10872101,0,331070,1655350,757409,1000000,1699815370,read,47338
measured,probe-memory-buffer,run,2010,10872501,0,331070,1655350,757567,1000000,1699815370,read,47347
measured,probe-memory-buffer,run,2011,10872901,0,331070,1655350,757726,1000000,1699815370,read,47357
measured,probe-memory-buffer,run,2012,10873301,0,331070,1655350,757884,1000000,1699815370,read,47367
measured,probe-memory-buffer,run,2013,10873801,0,331070,1655350,758042,1000000,1699815370,read,47377
measured,probe-memory-buffer,run,2014,10874201,0,331070,1655350,758200,1000000,1699815370,read,47387
measured,probe-memory-buffer,run,2015,10874601,0,331070,1655350,758398,1000000,1699815370,read,47399
measured,probe-memory-buffer,run,2016,10875001,0,331070,1655350,758557,1000000,1699815370,read,47409
measured,probe-memory-buffer,run,2017,10876301,0,331070,1655350,759071,1000000,1699815370,read,47441
measured,probe-memory-buffer,run,2018,10876801,0,331070,1655350,759229,1000000,1699815370,read,47451
measured,probe-memory-buffer,run,2019,10877201,0,331070,1655350,759427,1000000,1699815370,read,47464
measured,probe-memory-buffer,run,2020,10877601,0,331070,1655350,759586,1000000,1699815370,read,47474
measured,probe-memory-buffer,run,2021,10878001,0,331070,1655350,759744,1000000,1699815370,read,47484
measured,probe-memory-buffer,run,2022,10878401,0,331070,1655350,759902,1000000,1699815370,read,47493
measured,probe-memory-buffer,run,2023,10878901,0,331070,1655350,760061,1000000,1699815370,read,47503
measured,probe-memory-buffer,run,2024,10879301,0,331070,1655350,760258,1000000,1699815370,read,47516
measured,probe-memory-buffer,run,2025,10879701,0,331070,1655350,760417,1000000,1699815370,read,47526
measured,probe-memory-buffer,run,2026,10880101,0,331070,1655350,760575,1000000,1699815370,read,47535
measured,probe-memory-buffer,run,2027,10880501,0,331070,1655350,760733,1000000,1699815370,read,47545
measured,probe-memory-buffer,run,2028,10880901,0,331070,1655350,760892,1000000,1699815370,read,47555
measured,probe-memory-buffer,run,2029,10881401,0,331070,1655350,761050,1000000,1699815370,read,47565
measured,probe-memory-buffer,run,2030,10881801,0,331070,1655350,761248,1000000,1699815370,read,47578
measured,probe-memory-buffer,run,2031,10882201,0,331070,1655350,761406,1000000,1699815370,read,47587
measured,probe-memory-buffer,run,2032,10882601,0,331070,1655350,761565,1000000,1699815370,read,47597
measured,probe-memory-buffer,run,2033,10883001,0,331070,1655350,761723,1000000,1699815370,read,47607
measured,probe-memory-buffer,run,2034,10883501,0,331070,1655350,761881,1000000,1699815370,read,47617
measured,probe-memory-buffer,run,2035,10883901,0,331070,1655350,762079,1000000,1699815370,read,47629
measured,probe-memory-buffer,run,2036,10884301,0,331070,1655350,762237,1000000,1699815370,read,47639
measured,probe-memory-buffer,run,2037,10884701,0,331070,1655350,762396,1000000,1699815370,read,47649
measured,probe-memory-buffer,run,2038,10885101,0,331070,1655350,762554,1000000,1699815370,read,47659
measured,probe-memory-buffer,run,2039,10885601,0,331070,1655350,762712,1000000,1699815370,read,47669
measured,probe-memory-buffer,run,2040,10886001,0,331070,1655350,762871,1000000,1699815370,read,47679
measured,probe-memory-buffer,run,2041,10886401,0,331070,1655350,763068,1000000,1699815370,read,47691
measured,probe-memory-buffer,run,2042,10886801,0,331070,1655350,763227,1000000,1699815370,read,47701
measured,probe-memory-buffer,run,2043,10887201,0,331070,1655350,763385,1000000,1699815370,read,47711
measured,probe-memory-buffer,run,2044,10887601,0,331070,1655350,763543,1000000,1699815370,read,47721
measured,probe-memory-buffer,run,2045,10888101,0,331070,1655350,763702,1000000,1699815370,read,47731
measured,probe-memory-buffer,run,2046,10888501,0,331070,1655350,763900,1000000,1699815370,read,47743
measured,probe-memory-buffer,run,2047,10888901,0,331070,1655350,764058,1000000,1699815370,read,47753
measured,probe-memory-buffer,run,2048,10889301,0,331070,1655350,764216,1000000,1699815370,read,47763
measured,probe-memory-buffer,run,2049,10889801,0,331070,1655350,764374,1000000,1699815370,read,47773
measured,probe-memory-buffer,run,2050,10890201,0,331070,1655350,764533,1000000,1699815370,read,47783
measured,probe-memory-buffer,run,2051,10890601,0,331070,1655350,764731,1000000,1699815370,read,47795
measured,probe-memory-buffer,run,2052,10891001,0,331070,1655350,764889,1000000,1699815370,read,47805
measured,probe-memory-buffer,run,2053,10891401,0,331070,1655350,765047,1000000,1699815370,read,47815
measured,probe-memory-buffer,run,2054,10891801,0,331070,1655350,765206,1000000,1699815370,read,47825
measured,probe-memory-buffer,run,2055,10892301,0,331070,1655350,765364,1000000,1699815370,read,47835
measured,probe-memory-buffer,run,2056,10892701,0,331070,1655350,765562,1000000,1699815370,read,47847
measured,probe-memory-buffer,run,2057,10893101,0,331070,1655350,765720,1000000,1699815370,read,47857
measured,probe-memory-buffer,run,2058,10893501,0,331070,1655350,765878,1000000,1699815370,read,47867
measured,probe-memory-buffer,run,2059,10894001,0,331070,1655350,766037,1000000,1699815370,read,47877
measured,probe-memory-buffer,run,2060,10894401,0,331070,1655350,766195,1000000,1699815370,read,47887
measured,probe-memory-buffer,run,2061,10894801,0,331070,1655350,766393,1000000,1699815370,read,47899
measured,probe-memory-buffer,run,2062,10895201,0,331070,1655350,766551,1000000,1699815370,read,47909
measured,probe-memory-buffer,run,2063,10895601,0,331070,1655350,766710,1000000,1699815370,read,47919
measured,probe-memory-buffer,run,2064,10896001,0,331070,1655350,766868,1000000,1699815370,read,47929
measured,probe-memory-buffer,run,2065,10896501,0,331070,1655350,767026,1000000,1699815370,read,47939
measured,probe-memory-buffer,run,2066,10896901,0,331070,1655350,767224,1000000,1699815370,read,47951
measured,probe-memory-buffer,run,2067,10897301,0,331070,1655350,767382,1000000,1699815370,read,47961
measured,probe-memory-buffer,run,2068,10897701,0,331070,1655350,767541,1000000,1699815370,read,47971
measured,probe-memory-buffer,run,2069,10898101,0,331070,1655350,767699,1000000,1699815370,read,47981
measured,probe-memory-buffer,run,2070,10898601,0,331070,1655350,767857,1000000,1699815370,read,47991
measured,probe-memory-buffer,run,2071,10899001,0,331070,1655350,768055,1000000,1699815370,read,48003
measured,probe-memory-buffer,run,2072,10899401,0,331070,1655350,768213,1000000,1699815370,read,48013
measured,probe-memory-buffer,run,2073,10899801,0,331070,1655350,768372,1000000,1699815370,read,48023
measured,probe-memory-buffer,run,2074,10901201,0,331070,1655350,768926,1000000,1699815370,read,48057
measured,probe-memory-buffer,run,2075,10901601,0,331070,1655350,769084,1000000,1699815370,read,48067
measured,probe-memory-buffer,run,2076,10902101,0,331070,1655350,769242,1000000,1699815370,read,48077
measured,probe-memory-buffer,run,2077,10902501,0,331070,1655350,769440,1000000,1699815370,read,48090
measured,probe-memory-buffer,run,2078,10902901,0,331070,1655350,769599,1000000,1699815370,read,48099
measured,probe-memory-buffer,run,2079,10903301,0,331070,1655350,769757,1000000,1699815370,read,48109
measured,probe-memory-buffer,run,2080,10903801,0,331070,1655350,769915,1000000,1699815370,read,48119
measured,probe-memory-buffer,run,2081,10904201,0,331070,1655350,770074,1000000,1699815370,read,48129
measured,probe-memory-buffer,run,2082,10904601,0,331070,1655350,770271,1000000,1699815370,read,48141
measured,probe-memory-buffer,run,2083,10905001,0,331070,1655350,770430,1000000,1699815370,read,48151
measured,probe-memory-buffer,run,2084,10905401,0,331070,1655350,770588,1000000,1699815370,read,48161
measured,probe-memory-buffer,run,2085,10905901,0,331070,1655350,770746,1000000,1699815370,read,48171
measured,probe-memory-buffer,run,2086,10906301,0,331070,1655350,770944,1000000,1699815370,read,48184
measured,probe-memory-buffer,run,2087,10908401,0,396605,1983025,983025,1000000,2432713320,update,0
measured,probe-memory-buffer,run,2088,10934401,0,396605,1983025,997808,1000000,2432713320,read,62363
measured,probe-memory-buffer,run,2089,10937301,0,396605,1983025,999507,1000000,2432713320,read,62469
measured,probe-memory-buffer,run,2090,10937901,0,396605,1983025,999847,1000000,2432713320,read,62490
measured,probe-memory-buffer,run,2091,10938401,0,396605,1983025,1000130,1000000,2432713320,read,62508
measured,probe-memory-buffer,run,2092,10938901,0,396605,1983025,1000413,1000000,2432713320,read,62525
measured,probe-memory-buffer,run,2093,10939301,0,396605,1983025,1000640,1000000,2432713320,read,62540
measured,probe-memory-buffer,run,2094,10939701,0,396605,1983025,1000866,1000000,2432713320,read,62554
measured,probe-memory-buffer,run,2095,10940201,0,396605,1983025,1001093,1000000,2432713320,read,62568
measured,probe-memory-buffer,run,2096,10940601,0,396605,1983025,1001376,1000000,2432713320,read,62586
measured,probe-memory-buffer,run,2097,10941001,0,396605,1983025,1001603,1000000,2432713320,read,62600
measured,probe-memory-buffer,run,2098,10941401,0,396605,1983025,1001829,1000000,2432713320,read,62614
measured,probe-memory-buffer,run,2099,10941901,0,396605,1983025,1002056,1000000,2432713320,read,62628
measured,probe-memory-buffer,run,2100,10942301,0,396605,1983025,1002282,1000000,2432713320,read,62642
measured,probe-memory-buffer,run,2101,10942701,0,396605,1983025,1002566,1000000,2432713320,read,62660
measured,probe-memory-buffer,run,2102,10943101,0,396605,1983025,1002792,1000000,2432713320,read,62674
measured,probe-memory-buffer,run,2103,10943501,0,396605,1983025,1003019,1000000,2432713320,read,62688
measured,probe-memory-buffer,run,2104,10944001,0,396605,1983025,1003245,1000000,2432713320,read,62702
measured,probe-memory-buffer,run,2105,10944401,0,396605,1983025,1003472,1000000,2432713320,read,62717
measured,probe-memory-buffer,run,2106,10944801,0,396605,1983025,1003755,1000000,2432713320,read,62734
measured,probe-memory-buffer,run,2107,10945201,0,396605,1983025,1003982,1000000,2432713320,read,62748
measured,probe-memory-buffer,run,2108,10945601,0,396605,1983025,1004208,1000000,2432713320,read,62763
measured,probe-memory-buffer,run,2109,10946001,0,396605,1983025,1004435,1000000,2432713320,read,62777
measured,probe-memory-buffer,run,2110,10946501,0,396605,1983025,1004661,1000000,2432713320,read,62791
measured,probe-memory-buffer,run,2111,10946901,0,396605,1983025,1004945,1000000,2432713320,read,62809
measured,probe-memory-buffer,run,2112,10947301,0,396605,1983025,1005171,1000000,2432713320,read,62823
measured,probe-memory-buffer,run,2113,10947701,0,396605,1983025,1005398,1000000,2432713320,read,62837
measured,probe-memory-buffer,run,2114,10948101,0,396605,1983025,1005624,1000000,2432713320,read,62851
measured,probe-memory-buffer,run,2115,10948601,0,396605,1983025,1005851,1000000,2432713320,read,62865
measured,probe-memory-buffer,run,2116,10949001,0,396605,1983025,1006134,1000000,2432713320,read,62883
measured,probe-memory-buffer,run,2117,10949401,0,396605,1983025,1006361,1000000,2432713320,read,62897
measured,probe-memory-buffer,run,2118,10949801,0,396605,1983025,1006587,1000000,2432713320,read,62911
measured,probe-memory-buffer,run,2119,10950201,0,396605,1983025,1006814,1000000,2432713320,read,62925
measured,probe-memory-buffer,run,2120,10950701,0,396605,1983025,1007040,1000000,2432713320,read,62940
measured,probe-memory-buffer,run,2121,10951101,0,396605,1983025,1007323,1000000,2432713320,read,62957
measured,probe-memory-buffer,run,2122,10951501,0,396605,1983025,1007550,1000000,2432713320,read,62971
measured,probe-memory-buffer,run,2123,10951901,0,396605,1983025,1007777,1000000,2432713320,read,62986
measured,probe-memory-buffer,run,2124,10952301,0,396605,1983025,1008003,1000000,2432713320,read,63000
measured,probe-memory-buffer,run,2125,10952801,0,396605,1983025,1008230,1000000,2432713320,read,63014
measured,probe-memory-buffer,run,2126,10953201,0,396605,1983025,1008513,1000000,2432713320,read,63032
measured,probe-memory-buffer,run,2127,10953601,0,396605,1983025,1008740,1000000,2432713320,read,63046
measured,probe-memory-buffer,run,2128,10954001,0,396605,1983025,1008966,1000000,2432713320,read,63060
measured,probe-memory-buffer,run,2129,10954401,0,396605,1983025,1009193,1000000,2432713320,read,63074
measured,probe-memory-buffer,run,2130,10954801,0,396605,1983025,1009419,1000000,2432713320,read,63088
measured,probe-memory-buffer,run,2131,10958201,0,396605,1983025,1011288,1000000,2432713320,read,63205
measured,probe-memory-buffer,run,2132,10958601,0,396605,1983025,1011515,1000000,2432713320,read,63219
measured,probe-memory-buffer,run,2133,10959001,0,396605,1983025,1011798,1000000,2432713320,read,63237
measured,probe-memory-buffer,run,2134,10959401,0,396605,1983025,1012025,1000000,2432713320,read,63251
measured,probe-memory-buffer,run,2135,10959801,0,396605,1983025,1012251,1000000,2432713320,read,63265
measured,probe-memory-buffer,run,2136,10960301,0,396605,1983025,1012478,1000000,2432713320,read,63279
measured,probe-memory-buffer,run,2137,10960701,0,396605,1983025,1012761,1000000,2432713320,read,63297
measured,probe-memory-buffer,run,2138,10961101,0,396605,1983025,1012988,1000000,2432713320,read,63311
measured,probe-memory-buffer,run,2139,10961501,0,396605,1983025,1013214,1000000,2432713320,read,63325
measured,probe-memory-buffer,run,2140,10961901,0,396605,1983025,1013441,1000000,2432713320,read,63340
measured,probe-memory-buffer,run,2141,10962401,0,396605,1983025,1013667,1000000,2432713320,read,63354
measured,probe-memory-buffer,run,2142,10962801,0,396605,1983025,1013950,1000000,2432713320,read,63371
measured,probe-memory-buffer,run,2143,10963201,0,396605,1983025,1014177,1000000,2432713320,read,63386
measured,probe-memory-buffer,run,2144,10963601,0,396605,1983025,1014404,1000000,2432713320,read,63400
measured,probe-memory-buffer,run,2145,10964001,0,396605,1983025,1014630,1000000,2432713320,read,63414
measured,probe-memory-buffer,run,2146,10964501,0,396605,1983025,1014857,1000000,2432713320,read,63428
measured,probe-memory-buffer,run,2147,10964901,0,396605,1983025,1015140,1000000,2432713320,read,63446
measured,probe-memory-buffer,run,2148,10965301,0,396605,1983025,1015367,1000000,2432713320,read,63460
measured,probe-memory-buffer,run,2149,10965701,0,396605,1983025,1015593,1000000,2432713320,read,63474
measured,probe-memory-buffer,run,2150,10966101,0,396605,1983025,1015820,1000000,2432713320,read,63488
measured,probe-memory-buffer,run,2151,10966601,0,396605,1983025,1016046,1000000,2432713320,read,63502
measured,probe-memory-buffer,run,2152,10967001,0,396605,1983025,1016329,1000000,2432713320,read,63520
measured,probe-memory-buffer,run,2153,10967401,0,396605,1983025,1016556,1000000,2432713320,read,63534
measured,probe-memory-buffer,run,2154,10967801,0,396605,1983025,1016783,1000000,2432713320,read,63548
measured,probe-memory-buffer,run,2155,10968201,0,396605,1983025,1017009,1000000,2432713320,read,63563
measured,probe-memory-buffer,run,2156,10968701,0,396605,1983025,1017236,1000000,2432713320,read,63577
measured,probe-memory-buffer,run,2157,10969101,0,396605,1983025,1017519,1000000,2432713320,read,63594
measured,probe-memory-buffer,run,2158,10969501,0,396605,1983025,1017745,1000000,2432713320,read,63609
measured,probe-memory-buffer,run,2159,10969901,0,396605,1983025,1017972,1000000,2432713320,read,63623
measured,probe-memory-buffer,run,2160,10970301,0,396605,1983025,1018199,1000000,2432713320,read,63637
measured,probe-memory-buffer,run,2161,10970801,0,396605,1983025,1018425,1000000,2432713320,read,63651
measured,probe-memory-buffer,run,2162,10971201,0,396605,1983025,1018708,1000000,2432713320,read,63669
measured,probe-memory-buffer,run,2163,10971601,0,396605,1983025,1018935,1000000,2432713320,read,63683
measured,probe-memory-buffer,run,2164,10972001,0,396605,1983025,1019161,1000000,2432713320,read,63697
measured,probe-memory-buffer,run,2165,10972401,0,396605,1983025,1019388,1000000,2432713320,read,63711
measured,probe-memory-buffer,run,2166,10972901,0,396605,1983025,1019615,1000000,2432713320,read,63725
measured,probe-memory-buffer,run,2167,10973301,0,396605,1983025,1019841,1000000,2432713320,read,63740
measured,probe-memory-buffer,run,2168,10973701,0,396605,1983025,1020124,1000000,2432713320,read,63757
measured,probe-memory-buffer,run,2169,10974101,0,396605,1983025,1020351,1000000,2432713320,read,63771
measured,probe-memory-buffer,run,2170,10974501,0,396605,1983025,1020577,1000000,2432713320,read,63786
measured,probe-memory-buffer,run,2171,10974901,0,396605,1983025,1020804,1000000,2432713320,read,63800
measured,probe-memory-buffer,run,2172,10975401,0,396605,1983025,1021031,1000000,2432713320,read,63814
measured,probe-memory-buffer,run,2173,10975801,0,396605,1983025,1021314,1000000,2432713320,read,63832
measured,probe-memory-buffer,run,2174,10976201,0,396605,1983025,1021540,1000000,2432713320,read,63846
measured,probe-memory-buffer,run,2175,10976601,0,396605,1983025,1021767,1000000,2432713320,read,63860
measured,probe-memory-buffer,run,2176,10977001,0,396605,1983025,1021994,1000000,2432713320,read,63874
measured,probe-memory-buffer,run,2177,10977501,0,396605,1983025,1022220,1000000,2432713320,read,63888
measured,probe-memory-buffer,run,2178,10977901,0,396605,1983025,1022503,1000000,2432713320,read,63906
measured,probe-memory-buffer,run,2179,10978301,0,396605,1983025,1022730,1000000,2432713320,read,63920
measured,probe-memory-buffer,run,2180,10978701,0,396605,1983025,1022956,1000000,2432713320,read,63934
measured,probe-memory-buffer,run,2181,10979101,0,396605,1983025,1023183,1000000,2432713320,read,63948
measured,probe-memory-buffer,run,2182,10979601,0,396605,1983025,1023410,1000000,2432713320,read,63963
measured,probe-memory-buffer,run,2183,10980001,0,396605,1983025,1023636,1000000,2432713320,read,63977
measured,probe-memory-buffer,run,2184,10980401,0,396605,1983025,1023919,1000000,2432713320,read,63994
measured,probe-memory-buffer,run,2185,10980801,0,396605,1983025,1024146,1000000,2432713320,read,64009
measured,probe-memory-buffer,run,2186,10981201,0,396605,1983025,1024372,1000000,2432713320,read,64023
measured,probe-memory-buffer,run,2187,10981701,0,396605,1983025,1024599,1000000,2432713320,read,64037
measured,probe-memory-buffer,run,2188,10983101,0,396605,1983025,1025392,1000000,2432713320,read,64087
measured,probe-memory-buffer,run,2189,10983501,0,396605,1983025,1025675,1000000,2432713320,read,64104
measured,probe-memory-buffer,run,2190,10983901,0,396605,1983025,1025902,1000000,2432713320,read,64118
measured,probe-memory-buffer,run,2191,10984301,0,396605,1983025,1026128,1000000,2432713320,read,64133
measured,probe-memory-buffer,run,2192,10984701,0,396605,1983025,1026355,1000000,2432713320,read,64147
measured,probe-memory-buffer,run,2193,10985201,0,396605,1983025,1026581,1000000,2432713320,read,64161
measured,probe-memory-buffer,run,2194,10985601,0,396605,1983025,1026865,1000000,2432713320,read,64179
measured,probe-memory-buffer,run,2195,10986001,0,396605,1983025,1027091,1000000,2432713320,read,64193
measured,probe-memory-buffer,run,2196,10986401,0,396605,1983025,1027318,1000000,2432713320,read,64207
measured,probe-memory-buffer,run,2197,10986801,0,396605,1983025,1027544,1000000,2432713320,read,64221
measured,probe-memory-buffer,run,2198,10987301,0,396605,1983025,1027771,1000000,2432713320,read,64235
measured,probe-memory-buffer,run,2199,10987701,0,396605,1983025,1027997,1000000,2432713320,read,64249
measured,probe-memory-buffer,run,2200,10988101,0,396605,1983025,1028281,1000000,2432713320,read,64267
measured,probe-memory-buffer,run,2201,10988501,0,396605,1983025,1028507,1000000,2432713320,read,64281
measured,probe-memory-buffer,run,2202,10988901,0,396605,1983025,1028734,1000000,2432713320,read,64295
measured,probe-memory-buffer,run,2203,10989401,0,396605,1983025,1028960,1000000,2432713320,read,64310
measured,probe-memory-buffer,run,2204,10989801,0,396605,1983025,1029244,1000000,2432713320,read,64327
measured,probe-memory-buffer,run,2205,10990201,0,396605,1983025,1029470,1000000,2432713320,read,64341
measured,probe-memory-buffer,run,2206,10990601,0,396605,1983025,1029697,1000000,2432713320,read,64356
measured,probe-memory-buffer,run,2207,10991001,0,396605,1983025,1029923,1000000,2432713320,read,64370
measured,probe-memory-buffer,run,2208,10991501,0,396605,1983025,1030150,1000000,2432713320,read,64384
measured,probe-memory-buffer,run,2209,10991901,0,396605,1983025,1030433,1000000,2432713320,read,64402
measured,probe-memory-buffer,run,2210,10992301,0,396605,1983025,1030660,1000000,2432713320,read,64416
measured,probe-memory-buffer,run,2211,10992701,0,396605,1983025,1030886,1000000,2432713320,read,64430
measured,probe-memory-buffer,run,2212,10993101,0,396605,1983025,1031113,1000000,2432713320,read,64444
measured,probe-memory-buffer,run,2213,10993601,0,396605,1983025,1031339,1000000,2432713320,read,64458
measured,probe-memory-buffer,run,2214,10994001,0,396605,1983025,1031622,1000000,2432713320,read,64476
measured,probe-memory-buffer,run,2215,10994401,0,396605,1983025,1031849,1000000,2432713320,read,64490
measured,probe-memory-buffer,run,2216,10994801,0,396605,1983025,1032076,1000000,2432713320,read,64504
measured,probe-memory-buffer,run,2217,10995201,0,396605,1983025,1032302,1000000,2432713320,read,64518
measured,probe-memory-buffer,run,2218,10995701,0,396605,1983025,1032529,1000000,2432713320,read,64533
measured,probe-memory-buffer,run,2219,10996101,0,396605,1983025,1032812,1000000,2432713320,read,64550
measured,probe-memory-buffer,run,2220,10996501,0,396605,1983025,1033039,1000000,2432713320,read,64564
measured,probe-memory-buffer,run,2221,10996901,0,396605,1983025,1033265,1000000,2432713320,read,64579
measured,probe-memory-buffer,run,2222,10997401,0,396605,1983025,1033492,1000000,2432713320,read,64593
measured,probe-memory-buffer,run,2223,10997801,0,396605,1983025,1033718,1000000,2432713320,read,64607
measured,probe-memory-buffer,run,2224,10998201,0,396605,1983025,1034001,1000000,2432713320,read,64625
measured,probe-memory-buffer,run,2225,10998601,0,396605,1983025,1034228,1000000,2432713320,read,64639
measured,probe-memory-buffer,run,2226,10999001,0,396605,1983025,1034455,1000000,2432713320,read,64653
measured,probe-memory-buffer,run,2227,10999401,0,396605,1983025,1034681,1000000,2432713320,read,64667
measured,probe-memory-buffer,run,2228,10999901,0,396605,1983025,1034908,1000000,2432713320,read,64681
measured,probe-memory-buffer,run,2229,11000301,0,396605,1983025,1035191,1000000,2432713320,read,64699
measured,probe-memory-buffer,run,2230,11001901,0,396605,1983025,1036097,1000000,2432713320,read,64756
measured,probe-memory-buffer,run,2231,11002301,0,396605,1983025,1036324,1000000,2432713320,read,64770
measured,probe-memory-buffer,run,2232,11002701,0,396605,1983025,1036550,1000000,2432713320,read,64784
measured,probe-memory-buffer,run,2233,11003201,0,396605,1983025,1036777,1000000,2432713320,read,64798
measured,probe-memory-buffer,run,2234,11003601,0,396605,1983025,1037060,1000000,2432713320,read,64816
measured,probe-memory-buffer,run,2235,11004001,0,396605,1983025,1037287,1000000,2432713320,read,64830
measured,probe-memory-buffer,run,2236,11004401,0,396605,1983025,1037513,1000000,2432713320,read,64844
measured,probe-memory-buffer,run,2237,11004801,0,396605,1983025,1037740,1000000,2432713320,read,64858
measured,probe-memory-buffer,run,2238,11005301,0,396605,1983025,1037966,1000000,2432713320,read,64872
measured,probe-memory-buffer,run,2239,11005701,0,396605,1983025,1038249,1000000,2432713320,read,64890
measured,probe-memory-buffer,run,2240,11006101,0,396605,1983025,1038476,1000000,2432713320,read,64904
measured,probe-memory-buffer,run,2241,11006501,0,396605,1983025,1038703,1000000,2432713320,read,64918
measured,probe-memory-buffer,run,2242,11006901,0,396605,1983025,1038929,1000000,2432713320,read,64933
measured,probe-memory-buffer,run,2243,11007401,0,396605,1983025,1039156,1000000,2432713320,read,64947
measured,probe-memory-buffer,run,2244,11007801,0,396605,1983025,1039382,1000000,2432713320,read,64961
measured,probe-memory-buffer,run,2245,11009101,0,396605,1983025,1040119,1000000,2432713320,read,65007
measured,probe-memory-buffer,run,2246,11009501,0,396605,1983025,1040402,1000000,2432713320,read,65025
measured,probe-memory-buffer,run,2247,11009901,0,396605,1983025,1040628,1000000,2432713320,read,65039
measured,probe-memory-buffer,run,2248,11010301,0,396605,1983025,1040855,1000000,2432713320,read,65053
measured,probe-memory-buffer,run,2249,11010701,0,396605,1983025,1041082,1000000,2432713320,read,65067
measured,probe-memory-buffer,run,2250,11011201,0,396605,1983025,1041308,1000000,2432713320,read,65081
measured,probe-memory-buffer,run,2251,11011601,0,396605,1983025,1041535,1000000,2432713320,read,65095
measured,probe-memory-buffer,run,2252,11012001,0,396605,1983025,1041818,1000000,2432713320,read,65113
measured,probe-memory-buffer,run,2253,11012401,0,396605,1983025,1042044,1000000,2432713320,read,65127
measured,probe-memory-buffer,run,2254,11012801,0,396605,1983025,1042271,1000000,2432713320,read,65141
measured,probe-memory-buffer,run,2255,11013201,0,396605,1983025,1042498,1000000,2432713320,read,65156
measured,probe-memory-buffer,run,2256,11013701,0,396605,1983025,1042724,1000000,2432713320,read,65170
measured,probe-memory-buffer,run,2257,11014101,0,396605,1983025,1043007,1000000,2432713320,read,65187
measured,probe-memory-buffer,run,2258,11014501,0,396605,1983025,1043234,1000000,2432713320,read,65202
measured,probe-memory-buffer,run,2259,11014901,0,396605,1983025,1043460,1000000,2432713320,read,65216
measured,probe-memory-buffer,run,2260,11015301,0,396605,1983025,1043687,1000000,2432713320,read,65230
measured,probe-memory-buffer,run,2261,11015801,0,396605,1983025,1043914,1000000,2432713320,read,65244
measured,probe-memory-buffer,run,2262,11016201,0,396605,1983025,1044197,1000000,2432713320,read,65262
measured,probe-memory-buffer,run,2263,11016601,0,396605,1983025,1044423,1000000,2432713320,read,65276
measured,probe-memory-buffer,run,2264,11017001,0,396605,1983025,1044650,1000000,2432713320,read,65290
measured,probe-memory-buffer,run,2265,11017401,0,396605,1983025,1044876,1000000,2432713320,read,65304
measured,probe-memory-buffer,run,2266,11017801,0,396605,1983025,1045103,1000000,2432713320,read,65318
measured,probe-memory-buffer,run,2267,11018301,0,396605,1983025,1045330,1000000,2432713320,read,65333
measured,probe-memory-buffer,run,2268,11018701,0,396605,1983025,1045613,1000000,2432713320,read,65350
measured,probe-memory-buffer,run,2269,11019101,0,396605,1983025,1045839,1000000,2432713320,read,65364
measured,probe-memory-buffer,run,2270,11019501,0,396605,1983025,1046066,1000000,2432713320,read,65379
measured,probe-memory-buffer,run,2271,11019901,0,396605,1983025,1046293,1000000,2432713320,read,65393
measured,probe-memory-buffer,run,2272,11020401,0,396605,1983025,1046519,1000000,2432713320,read,65407
measured,probe-memory-buffer,run,2273,11020801,0,396605,1983025,1046802,1000000,2432713320,read,65425
measured,probe-memory-buffer,run,2274,11021201,0,396605,1983025,1047029,1000000,2432713320,read,65439
measured,probe-memory-buffer,run,2275,11021601,0,396605,1983025,1047255,1000000,2432713320,read,65453
measured,probe-memory-buffer,run,2276,11022001,0,396605,1983025,1047482,1000000,2432713320,read,65467
measured,probe-memory-buffer,run,2277,11022501,0,396605,1983025,1047709,1000000,2432713320,read,65481
measured,probe-memory-buffer,run,2278,11022901,0,396605,1983025,1047935,1000000,2432713320,read,65495
measured,probe-memory-buffer,run,2279,11023301,0,396605,1983025,1048218,1000000,2432713320,read,65513
measured,probe-memory-buffer,run,2280,11023701,0,396605,1983025,1048445,1000000,2432713320,read,65527
measured,probe-memory-buffer,run,2281,11024101,0,396605,1983025,1048671,1000000,2432713320,read,65541
measured,probe-memory-buffer,run,2282,11024501,0,396605,1983025,1048898,1000000,2432713320,read,65556
measured,probe-memory-buffer,run,2283,11025001,0,396605,1983025,1049125,1000000,2432713320,read,65570
measured,probe-memory-buffer,run,2284,11025401,0,396605,1983025,1049408,1000000,2432713320,read,65588
measured,probe-memory-buffer,run,2285,11025801,0,396605,1983025,1049634,1000000,2432713320,read,65602
measured,probe-memory-buffer,run,2286,11026201,0,396605,1983025,1049861,1000000,2432713320,read,65616
measured,probe-memory-buffer,run,2287,11026701,0,396605,1983025,1050087,1000000,2432713320,read,65630
measured,probe-memory-buffer,run,2288,11027101,0,396605,1983025,1050314,1000000,2432713320,read,65644
measured,probe-memory-buffer,run,2289,11027501,0,396605,1983025,1050597,1000000,2432713320,read,65662
measured,probe-memory-buffer,run,2290,11027901,0,396605,1983025,1050824,1000000,2432713320,read,65676
measured,probe-memory-buffer,run,2291,11028301,0,396605,1983025,1051050,1000000,2432713320,read,65690
measured,probe-memory-buffer,run,2292,11030001,0,462140,2310700,1310700,1000000,3028468578,update,0
measured,probe-memory-buffer,run,2293,11057001,0,462140,2310700,1329738,1000000,3028468578,read,83108
measured,probe-memory-buffer,run,2294,11060001,0,462140,2310700,1331853,1000000,3028468578,read,83240
measured,probe-memory-buffer,run,2295,11060501,0,462140,2310700,1332276,1000000,3028468578,read,83267
measured,probe-memory-buffer,run,2296,11061101,0,462140,2310700,1332629,1000000,3028468578,read,83289
measured,probe-memory-buffer,run,2297,11061501,0,462140,2310700,1332981,1000000,3028468578,read,83311
measured,probe-memory-buffer,run,2298,11062001,0,462140,2310700,1333263,1000000,3028468578,read,83328
measured,probe-memory-buffer,run,2299,11062401,0,462140,2310700,1333616,1000000,3028468578,read,83351
measured,probe-memory-buffer,run,2300,11062801,0,462140,2310700,1333898,1000000,3028468578,read,83368
measured,probe-memory-buffer,run,2301,11066001,0,462140,2310700,1336154,1000000,3028468578,read,83509
measured,probe-memory-buffer,run,2302,11066401,0,462140,2310700,1336436,1000000,3028468578,read,83527
measured,probe-memory-buffer,run,2303,11066801,0,462140,2310700,1336718,1000000,3028468578,read,83544
measured,probe-memory-buffer,run,2304,11067301,0,462140,2310700,1337000,1000000,3028468578,read,83562
measured,probe-memory-buffer,run,2305,11067701,0,462140,2310700,1337353,1000000,3028468578,read,83584
measured,probe-memory-buffer,run,2306,11068101,0,462140,2310700,1337635,1000000,3028468578,read,83602
measured,probe-memory-buffer,run,2307,11068501,0,462140,2310700,1337917,1000000,3028468578,read,83619
measured,probe-memory-buffer,run,2308,11069001,0,462140,2310700,1338199,1000000,3028468578,read,83637
measured,probe-memory-buffer,run,2309,11069401,0,462140,2310700,1338552,1000000,3028468578,read,83659
measured,probe-memory-buffer,run,2310,11069801,0,462140,2310700,1338834,1000000,3028468578,read,83677
measured,probe-memory-buffer,run,2311,11070201,0,462140,2310700,1339116,1000000,3028468578,read,83694
measured,probe-memory-buffer,run,2312,11070601,0,462140,2310700,1339398,1000000,3028468578,read,83712
measured,probe-memory-buffer,run,2313,11071101,0,462140,2310700,1339680,1000000,3028468578,read,83730
measured,probe-memory-buffer,run,2314,11071501,0,462140,2310700,1339962,1000000,3028468578,read,83747
measured,probe-memory-buffer,run,2315,11071901,0,462140,2310700,1340315,1000000,3028468578,read,83769
measured,probe-memory-buffer,run,2316,11072301,0,462140,2310700,1340597,1000000,3028468578,read,83787
measured,probe-memory-buffer,run,2317,11072701,0,462140,2310700,1340879,1000000,3028468578,read,83804
measured,probe-memory-buffer,run,2318,11073201,0,462140,2310700,1341161,1000000,3028468578,read,83822
measured,probe-memory-buffer,run,2319,11073601,0,462140,2310700,1341443,1000000,3028468578,read,83840
measured,probe-memory-buffer,run,2320,11074001,0,462140,2310700,1341795,1000000,3028468578,read,83862
measured,probe-memory-buffer,run,2321,11074401,0,462140,2310700,1342077,1000000,3028468578,read,83879
measured,probe-memory-buffer,run,2322,11074801,0,462140,2310700,1342359,1000000,3028468578,read,83897
measured,probe-memory-buffer,run,2323,11075201,0,462140,2310700,1342641,1000000,3028468578,read,83915
measured,probe-memory-buffer,run,2324,11075701,0,462140,2310700,1342923,1000000,3028468578,read,83932
measured,probe-memory-buffer,run,2325,11076101,0,462140,2310700,1343276,1000000,3028468578,read,83954
measured,probe-memory-buffer,run,2326,11076501,0,462140,2310700,1343558,1000000,3028468578,read,83972
measured,probe-memory-buffer,run,2327,11076901,0,462140,2310700,1343840,1000000,3028468578,read,83990
measured,probe-memory-buffer,run,2328,11077301,0,462140,2310700,1344122,1000000,3028468578,read,84007
measured,probe-memory-buffer,run,2329,11077701,0,462140,2310700,1344404,1000000,3028468578,read,84025
measured,probe-memory-buffer,run,2330,11078201,0,462140,2310700,1344686,1000000,3028468578,read,84042
measured,probe-memory-buffer,run,2331,11078601,0,462140,2310700,1345039,1000000,3028468578,read,84064
measured,probe-memory-buffer,run,2332,11079001,0,462140,2310700,1345321,1000000,3028468578,read,84082
measured,probe-memory-buffer,run,2333,11079401,0,462140,2310700,1345603,1000000,3028468578,read,84100
measured,probe-memory-buffer,run,2334,11079801,0,462140,2310700,1345885,1000000,3028468578,read,84117
measured,probe-memory-buffer,run,2335,11080301,0,462140,2310700,1346167,1000000,3028468578,read,84135
measured,probe-memory-buffer,run,2336,11080701,0,462140,2310700,1346520,1000000,3028468578,read,84157
measured,probe-memory-buffer,run,2337,11081101,0,462140,2310700,1346802,1000000,3028468578,read,84175
measured,probe-memory-buffer,run,2338,11081501,0,462140,2310700,1347084,1000000,3028468578,read,84192
measured,probe-memory-buffer,run,2339,11081901,0,462140,2310700,1347366,1000000,3028468578,read,84210
measured,probe-memory-buffer,run,2340,11082401,0,462140,2310700,1347648,1000000,3028468578,read,84228
measured,probe-memory-buffer,run,2341,11082801,0,462140,2310700,1348000,1000000,3028468578,read,84250
measured,probe-memory-buffer,run,2342,11083201,0,462140,2310700,1348282,1000000,3028468578,read,84267
measured,probe-memory-buffer,run,2343,11083601,0,462140,2310700,1348564,1000000,3028468578,read,84285
measured,probe-memory-buffer,run,2344,11084001,0,462140,2310700,1348847,1000000,3028468578,read,84302
measured,probe-memory-buffer,run,2345,11084501,0,462140,2310700,1349129,1000000,3028468578,read,84320
measured,probe-memory-buffer,run,2346,11084901,0,462140,2310700,1349481,1000000,3028468578,read,84342
measured,probe-memory-buffer,run,2347,11085301,0,462140,2310700,1349763,1000000,3028468578,read,84360
measured,probe-memory-buffer,run,2348,11085701,0,462140,2310700,1350045,1000000,3028468578,read,84377
measured,probe-memory-buffer,run,2349,11086101,0,462140,2310700,1350327,1000000,3028468578,read,84395
measured,probe-memory-buffer,run,2350,11086601,0,462140,2310700,1350609,1000000,3028468578,read,84413
measured,probe-memory-buffer,run,2351,11087001,0,462140,2310700,1350962,1000000,3028468578,read,84435
measured,probe-memory-buffer,run,2352,11087401,0,462140,2310700,1351244,1000000,3028468578,read,84452
measured,probe-memory-buffer,run,2353,11087801,0,462140,2310700,1351526,1000000,3028468578,read,84470
measured,probe-memory-buffer,run,2354,11088301,0,462140,2310700,1351808,1000000,3028468578,read,84488
measured,probe-memory-buffer,run,2355,11088701,0,462140,2310700,1352090,1000000,3028468578,read,84505
measured,probe-memory-buffer,run,2356,11089101,0,462140,2310700,1352443,1000000,3028468578,read,84527
measured,probe-memory-buffer,run,2357,11089501,0,462140,2310700,1352725,1000000,3028468578,read,84545
measured,probe-memory-buffer,run,2358,11090801,0,462140,2310700,1353641,1000000,3028468578,read,84602
measured,probe-memory-buffer,run,2359,11091301,0,462140,2310700,1353923,1000000,3028468578,read,84620
measured,probe-memory-buffer,run,2360,11091701,0,462140,2310700,1354276,1000000,3028468578,read,84642
measured,probe-memory-buffer,run,2361,11092101,0,462140,2310700,1354558,1000000,3028468578,read,84659
measured,probe-memory-buffer,run,2362,11092501,0,462140,2310700,1354840,1000000,3028468578,read,84677
measured,probe-memory-buffer,run,2363,11093001,0,462140,2310700,1355122,1000000,3028468578,read,84695
measured,probe-memory-buffer,run,2364,11093401,0,462140,2310700,1355475,1000000,3028468578,read,84717
measured,probe-memory-buffer,run,2365,11093801,0,462140,2310700,1355757,1000000,3028468578,read,84734
measured,probe-memory-buffer,run,2366,11094201,0,462140,2310700,1356039,1000000,3028468578,read,84752
measured,probe-memory-buffer,run,2367,11094601,0,462140,2310700,1356321,1000000,3028468578,read,84770
measured,probe-memory-buffer,run,2368,11095101,0,462140,2310700,1356603,1000000,3028468578,read,84787
measured,probe-memory-buffer,run,2369,11095501,0,462140,2310700,1356955,1000000,3028468578,read,84809
measured,probe-memory-buffer,run,2370,11095901,0,462140,2310700,1357237,1000000,3028468578,read,84827
measured,probe-memory-buffer,run,2371,11096301,0,462140,2310700,1357519,1000000,3028468578,read,84844
measured,probe-memory-buffer,run,2372,11096701,0,462140,2310700,1357802,1000000,3028468578,read,84862
measured,probe-memory-buffer,run,2373,11097201,0,462140,2310700,1358084,1000000,3028468578,read,84880
measured,probe-memory-buffer,run,2374,11097601,0,462140,2310700,1358436,1000000,3028468578,read,84902
measured,probe-memory-buffer,run,2375,11098001,0,462140,2310700,1358718,1000000,3028468578,read,84919
measured,probe-memory-buffer,run,2376,11098401,0,462140,2310700,1359000,1000000,3028468578,read,84937
measured,probe-memory-buffer,run,2377,11098801,0,462140,2310700,1359282,1000000,3028468578,read,84955
measured,probe-memory-buffer,run,2378,11099301,0,462140,2310700,1359564,1000000,3028468578,read,84972
measured,probe-memory-buffer,run,2379,11099701,0,462140,2310700,1359917,1000000,3028468578,read,84994
measured,probe-memory-buffer,run,2380,11100101,0,462140,2310700,1360199,1000000,3028468578,read,85012
measured,probe-memory-buffer,run,2381,11100501,0,462140,2310700,1360481,1000000,3028468578,read,85030
measured,probe-memory-buffer,run,2382,11100901,0,462140,2310700,1360763,1000000,3028468578,read,85047
measured,probe-memory-buffer,run,2383,11101401,0,462140,2310700,1361045,1000000,3028468578,read,85065
measured,probe-memory-buffer,run,2384,11101801,0,462140,2310700,1361398,1000000,3028468578,read,85087
measured,probe-memory-buffer,run,2385,11102201,0,462140,2310700,1361680,1000000,3028468578,read,85105
measured,probe-memory-buffer,run,2386,11102601,0,462140,2310700,1361962,1000000,3028468578,read,85122
measured,probe-memory-buffer,run,2387,11103001,0,462140,2310700,1362244,1000000,3028468578,read,85140
measured,probe-memory-buffer,run,2388,11103501,0,462140,2310700,1362526,1000000,3028468578,read,85157
measured,probe-memory-buffer,run,2389,11103901,0,462140,2310700,1362808,1000000,3028468578,read,85175
measured,probe-memory-buffer,run,2390,11104301,0,462140,2310700,1363160,1000000,3028468578,read,85197
measured,probe-memory-buffer,run,2391,11104701,0,462140,2310700,1363442,1000000,3028468578,read,85215
measured,probe-memory-buffer,run,2392,11105101,0,462140,2310700,1363725,1000000,3028468578,read,85232
measured,probe-memory-buffer,run,2393,11105501,0,462140,2310700,1364007,1000000,3028468578,read,85250
measured,probe-memory-buffer,run,2394,11106001,0,462140,2310700,1364289,1000000,3028468578,read,85268
measured,probe-memory-buffer,run,2395,11106401,0,462140,2310700,1364571,1000000,3028468578,read,85285
measured,probe-memory-buffer,run,2396,11106801,0,462140,2310700,1364923,1000000,3028468578,read,85307
measured,probe-memory-buffer,run,2397,11107201,0,462140,2310700,1365205,1000000,3028468578,read,85325
measured,probe-memory-buffer,run,2398,11107601,0,462140,2310700,1365487,1000000,3028468578,read,85342
measured,probe-memory-buffer,run,2399,11108101,0,462140,2310700,1365769,1000000,3028468578,read,85360
measured,probe-memory-buffer,run,2400,11108501,0,462140,2310700,1366051,1000000,3028468578,read,85378
measured,probe-memory-buffer,run,2401,11108901,0,462140,2310700,1366404,1000000,3028468578,read,85400
measured,probe-memory-buffer,run,2402,11109301,0,462140,2310700,1366686,1000000,3028468578,read,85417
measured,probe-memory-buffer,run,2403,11109701,0,462140,2310700,1366968,1000000,3028468578,read,85435
measured,probe-memory-buffer,run,2404,11110101,0,462140,2310700,1367250,1000000,3028468578,read,85453
measured,probe-memory-buffer,run,2405,11110601,0,462140,2310700,1367532,1000000,3028468578,read,85470
measured,probe-memory-buffer,run,2406,11111001,0,462140,2310700,1367885,1000000,3028468578,read,85492
measured,probe-memory-buffer,run,2407,11111401,0,462140,2310700,1368167,1000000,3028468578,read,85510
measured,probe-memory-buffer,run,2408,11111801,0,462140,2310700,1368449,1000000,3028468578,read,85528
measured,probe-memory-buffer,run,2409,11112301,0,462140,2310700,1368731,1000000,3028468578,read,85545
measured,probe-memory-buffer,run,2410,11112701,0,462140,2310700,1369013,1000000,3028468578,read,85563
measured,probe-memory-buffer,run,2411,11113101,0,462140,2310700,1369366,1000000,3028468578,read,85585
measured,probe-memory-buffer,run,2412,11113501,0,462140,2310700,1369648,1000000,3028468578,read,85603
measured,probe-memory-buffer,run,2413,11113901,0,462140,2310700,1369930,1000000,3028468578,read,85620
measured,probe-memory-buffer,run,2414,11114401,0,462140,2310700,1370212,1000000,3028468578,read,85638
measured,probe-memory-buffer,run,2415,11115601,0,462140,2310700,1371128,1000000,3028468578,read,85695
measured,probe-memory-buffer,run,2416,11116001,0,462140,2310700,1371410,1000000,3028468578,read,85713
measured,probe-memory-buffer,run,2417,11116401,0,462140,2310700,1371692,1000000,3028468578,read,85730
measured,probe-memory-buffer,run,2418,11116901,0,462140,2310700,1371974,1000000,3028468578,read,85748
measured,probe-memory-buffer,run,2419,11117301,0,462140,2310700,1372257,1000000,3028468578,read,85766
measured,probe-memory-buffer,run,2420,11117701,0,462140,2310700,1372609,1000000,3028468578,read,85788
measured,probe-memory-buffer,run,2421,11118101,0,462140,2310700,1372891,1000000,3028468578,read,85805
measured,probe-memory-buffer,run,2422,11118501,0,462140,2310700,1373173,1000000,3028468578,read,85823
measured,probe-memory-buffer,run,2423,11119001,0,462140,2310700,1373455,1000000,3028468578,read,85840
measured,probe-memory-buffer,run,2424,11119401,0,462140,2310700,1373737,1000000,3028468578,read,85858
measured,probe-memory-buffer,run,2425,11119801,0,462140,2310700,1374090,1000000,3028468578,read,85880
measured,probe-memory-buffer,run,2426,11120201,0,462140,2310700,1374372,1000000,3028468578,read,85898
measured,probe-memory-buffer,run,2427,11120601,0,462140,2310700,1374654,1000000,3028468578,read,85915
measured,probe-memory-buffer,run,2428,11121101,0,462140,2310700,1374936,1000000,3028468578,read,85933
measured,probe-memory-buffer,run,2429,11121501,0,462140,2310700,1375289,1000000,3028468578,read,85955
measured,probe-memory-buffer,run,2430,11121901,0,462140,2310700,1375571,1000000,3028468578,read,85973
measured,probe-memory-buffer,run,2431,11122301,0,462140,2310700,1375853,1000000,3028468578,read,85990
measured,probe-memory-buffer,run,2432,11122701,0,462140,2310700,1376135,1000000,3028468578,read,86008
measured,probe-memory-buffer,run,2433,11123201,0,462140,2310700,1376417,1000000,3028468578,read,86026
measured,probe-memory-buffer,run,2434,11123601,0,462140,2310700,1376699,1000000,3028468578,read,86043
measured,probe-memory-buffer,run,2435,11124001,0,462140,2310700,1377051,1000000,3028468578,read,86065
measured,probe-memory-buffer,run,2436,11124401,0,462140,2310700,1377333,1000000,3028468578,read,86083
measured,probe-memory-buffer,run,2437,11124801,0,462140,2310700,1377615,1000000,3028468578,read,86100
measured,probe-memory-buffer,run,2438,11125301,0,462140,2310700,1377897,1000000,3028468578,read,86118
measured,probe-memory-buffer,run,2439,11125701,0,462140,2310700,1378250,1000000,3028468578,read,86140
measured,probe-memory-buffer,run,2440,11126101,0,462140,2310700,1378532,1000000,3028468578,read,86158
measured,probe-memory-buffer,run,2441,11126501,0,462140,2310700,1378814,1000000,3028468578,read,86175
measured,probe-memory-buffer,run,2442,11126901,0,462140,2310700,1379096,1000000,3028468578,read,86193
measured,probe-memory-buffer,run,2443,11127401,0,462140,2310700,1379378,1000000,3028468578,read,86211
measured,probe-memory-buffer,run,2444,11127801,0,462140,2310700,1379731,1000000,3028468578,read,86233
measured,probe-memory-buffer,run,2445,11128201,0,462140,2310700,1380013,1000000,3028468578,read,86250
measured,probe-memory-buffer,run,2446,11128601,0,462140,2310700,1380295,1000000,3028468578,read,86268
measured,probe-memory-buffer,run,2447,11129001,0,462140,2310700,1380577,1000000,3028468578,read,86286
measured,probe-memory-buffer,run,2448,11129501,0,462140,2310700,1380859,1000000,3028468578,read,86303
measured,probe-memory-buffer,run,2449,11129901,0,462140,2310700,1381141,1000000,3028468578,read,86321
measured,probe-memory-buffer,run,2450,11130301,0,462140,2310700,1381494,1000000,3028468578,read,86343
measured,probe-memory-buffer,run,2451,11130701,0,462140,2310700,1381776,1000000,3028468578,read,86361
measured,probe-memory-buffer,run,2452,11131101,0,462140,2310700,1382058,1000000,3028468578,read,86378
measured,probe-memory-buffer,run,2453,11131601,0,462140,2310700,1382340,1000000,3028468578,read,86396
measured,probe-memory-buffer,run,2454,11132001,0,462140,2310700,1382622,1000000,3028468578,read,86413
measured,probe-memory-buffer,run,2455,11132401,0,462140,2310700,1382974,1000000,3028468578,read,86435
measured,probe-memory-buffer,run,2456,11132801,0,462140,2310700,1383256,1000000,3028468578,read,86453
measured,probe-memory-buffer,run,2457,11133201,0,462140,2310700,1383538,1000000,3028468578,read,86471
measured,probe-memory-buffer,run,2458,11133601,0,462140,2310700,1383820,1000000,3028468578,read,86488
measured,probe-memory-buffer,run,2459,11134101,0,462140,2310700,1384103,1000000,3028468578,read,86506
measured,probe-memory-buffer,run,2460,11134501,0,462140,2310700,1384455,1000000,3028468578,read,86528
measured,probe-memory-buffer,run,2461,11134901,0,462140,2310700,1384737,1000000,3028468578,read,86546
measured,probe-memory-buffer,run,2462,11135301,0,462140,2310700,1385019,1000000,3028468578,read,86563
measured,probe-memory-buffer,run,2463,11135701,0,462140,2310700,1385301,1000000,3028468578,read,86581
measured,probe-memory-buffer,run,2464,11136201,0,462140,2310700,1385583,1000000,3028468578,read,86598
measured,probe-memory-buffer,run,2465,11136601,0,462140,2310700,1385865,1000000,3028468578,read,86616
measured,probe-memory-buffer,run,2466,11137001,0,462140,2310700,1386218,1000000,3028468578,read,86638
measured,probe-memory-buffer,run,2467,11137401,0,462140,2310700,1386500,1000000,3028468578,read,86656
measured,probe-memory-buffer,run,2468,11137801,0,462140,2310700,1386782,1000000,3028468578,read,86673
measured,probe-memory-buffer,run,2469,11138201,0,462140,2310700,1387064,1000000,3028468578,read,86691
measured,probe-memory-buffer,run,2470,11138701,0,462140,2310700,1387346,1000000,3028468578,read,86709
measured,probe-memory-buffer,run,2471,11139101,0,462140,2310700,1387628,1000000,3028468578,read,86726
measured,probe-memory-buffer,run,2472,11140501,0,462140,2310700,1388686,1000000,3028468578,read,86792
measured,probe-memory-buffer,run,2473,11140901,0,462140,2310700,1388968,1000000,3028468578,read,86810
measured,probe-memory-buffer,run,2474,11141301,0,462140,2310700,1389250,1000000,3028468578,read,86828
measured,probe-memory-buffer,run,2475,11141801,0,462140,2310700,1389532,1000000,3028468578,read,86845
measured,probe-memory-buffer,run,2476,11142201,0,462140,2310700,1389885,1000000,3028468578,read,86867
measured,probe-memory-buffer,run,2477,11142601,0,462140,2310700,1390167,1000000,3028468578,read,86885
measured,probe-memory-buffer,run,2478,11143001,0,462140,2310700,1390449,1000000,3028468578,read,86903
measured,probe-memory-buffer,run,2479,11143401,0,462140,2310700,1390731,1000000,3028468578,read,86920
measured,probe-memory-buffer,run,2480,11143901,0,462140,2310700,1391013,1000000,3028468578,read,86938
measured,probe-memory-buffer,run,2481,11144301,0,462140,2310700,1391365,1000000,3028468578,read,86960
measured,probe-memory-buffer,run,2482,11144701,0,462140,2310700,1391647,1000000,3028468578,read,86977
measured,probe-memory-buffer,run,2483,11145101,0,462140,2310700,1391929,1000000,3028468578,read,86995
measured,probe-memory-buffer,run,2484,11145501,0,462140,2310700,1392211,1000000,3028468578,read,87013
measured,probe-memory-buffer,run,2485,11146001,0,462140,2310700,1392493,1000000,3028468578,read,87030
measured,probe-memory-buffer,run,2486,11146401,0,462140,2310700,1392846,1000000,3028468578,read,87052
measured,probe-memory-buffer,run,2487,11146801,0,462140,2310700,1393128,1000000,3028468578,read,87070
measured,probe-memory-buffer,run,2488,11147201,0,462140,2310700,1393410,1000000,3028468578,read,87088
measured,probe-memory-buffer,run,2489,11147601,0,462140,2310700,1393692,1000000,3028468578,read,87105
measured,probe-memory-buffer,run,2490,11148101,0,462140,2310700,1393974,1000000,3028468578,read,87123
measured,probe-memory-buffer,run,2491,11148501,0,462140,2310700,1394327,1000000,3028468578,read,87145
measured,probe-memory-buffer,run,2492,11148901,0,462140,2310700,1394609,1000000,3028468578,read,87163
measured,probe-memory-buffer,run,2493,11149301,0,462140,2310700,1394891,1000000,3028468578,read,87180
measured,probe-memory-buffer,run,2494,11149801,0,462140,2310700,1395173,1000000,3028468578,read,87198
measured,probe-memory-buffer,run,2495,11151301,0,462140,2310700,1396160,1000000,2269705416,update,0
measured,probe-memory-buffer,run,2496,11178001,0,462140,2310700,1410269,1000000,2269705416,read,88141
measured,probe-memory-buffer,run,2497,11180901,0,462140,2310700,1411855,1000000,2269705416,read,88240
measured,probe-memory-buffer,run,2498,11181501,0,462140,2310700,1412172,1000000,2269705416,read,88260
measured,probe-memory-buffer,run,2499,11182001,0,462140,2310700,1412436,1000000,2269705416,read,88277
measured,probe-memory-buffer,run,2500,11182501,0,462140,2310700,1412647,1000000,2269705416,read,88290
measured,probe-memory-buffer,run,2501,11182901,0,462140,2310700,1412912,1000000,2269705416,read,88307
measured,probe-memory-buffer,run,2502,11183301,0,462140,2310700,1413123,1000000,2269705416,read,88320
measured,probe-memory-buffer,run,2503,11183701,0,462140,2310700,1413334,1000000,2269705416,read,88333
measured,probe-memory-buffer,run,2504,11184201,0,462140,2310700,1413546,1000000,2269705416,read,88346
measured,probe-memory-buffer,run,2505,11184601,0,462140,2310700,1413810,1000000,2269705416,read,88363
measured,probe-memory-buffer,run,2506,11185001,0,462140,2310700,1414021,1000000,2269705416,read,88376
measured,probe-memory-buffer,run,2507,11185401,0,462140,2310700,1414233,1000000,2269705416,read,88389
measured,probe-memory-buffer,run,2508,11185901,0,462140,2310700,1414444,1000000,2269705416,read,88402
measured,probe-memory-buffer,run,2509,11186301,0,462140,2310700,1414655,1000000,2269705416,read,88415
measured,probe-memory-buffer,run,2510,11186701,0,462140,2310700,1414920,1000000,2269705416,read,88432
measured,probe-memory-buffer,run,2511,11187101,0,462140,2310700,1415131,1000000,2269705416,read,88445
measured,probe-memory-buffer,run,2512,11187501,0,462140,2310700,1415342,1000000,2269705416,read,88458
measured,probe-memory-buffer,run,2513,11188001,0,462140,2310700,1415554,1000000,2269705416,read,88472
measured,probe-memory-buffer,run,2514,11188401,0,462140,2310700,1415765,1000000,2269705416,read,88485
measured,probe-memory-buffer,run,2515,11188801,0,462140,2310700,1416029,1000000,2269705416,read,88501
measured,probe-memory-buffer,run,2516,11189201,0,462140,2310700,1416241,1000000,2269705416,read,88515
measured,probe-memory-buffer,run,2517,11189601,0,462140,2310700,1416452,1000000,2269705416,read,88528
measured,probe-memory-buffer,run,2518,11190101,0,462140,2310700,1416664,1000000,2269705416,read,88541
measured,probe-memory-buffer,run,2519,11190501,0,462140,2310700,1416875,1000000,2269705416,read,88554
measured,probe-memory-buffer,run,2520,11190901,0,462140,2310700,1417139,1000000,2269705416,read,88571
measured,probe-memory-buffer,run,2521,11191301,0,462140,2310700,1417351,1000000,2269705416,read,88584
measured,probe-memory-buffer,run,2522,11191701,0,462140,2310700,1417562,1000000,2269705416,read,88597
measured,probe-memory-buffer,run,2523,11192101,0,462140,2310700,1417773,1000000,2269705416,read,88610
measured,probe-memory-buffer,run,2524,11192601,0,462140,2310700,1417985,1000000,2269705416,read,88624
measured,probe-memory-buffer,run,2525,11193001,0,462140,2310700,1418249,1000000,2269705416,read,88640
measured,probe-memory-buffer,run,2526,11193401,0,462140,2310700,1418460,1000000,2269705416,read,88653
measured,probe-memory-buffer,run,2527,11193801,0,462140,2310700,1418672,1000000,2269705416,read,88667
measured,probe-memory-buffer,run,2528,11194201,0,462140,2310700,1418883,1000000,2269705416,read,88680
measured,probe-memory-buffer,run,2529,11197501,0,462140,2310700,1420574,1000000,2269705416,read,88785
measured,probe-memory-buffer,run,2530,11197901,0,462140,2310700,1420838,1000000,2269705416,read,88802
measured,probe-memory-buffer,run,2531,11198301,0,462140,2310700,1421050,1000000,2269705416,read,88815
measured,probe-memory-buffer,run,2532,11198701,0,462140,2310700,1421261,1000000,2269705416,read,88828
measured,probe-memory-buffer,run,2533,11199101,0,462140,2310700,1421473,1000000,2269705416,read,88842
measured,probe-memory-buffer,run,2534,11199601,0,462140,2310700,1421684,1000000,2269705416,read,88855
measured,probe-memory-buffer,run,2535,11200001,0,462140,2310700,1421895,1000000,2269705416,read,88868
measured,probe-memory-buffer,run,2536,11200401,0,462140,2310700,1422160,1000000,2269705416,read,88885
measured,probe-memory-buffer,run,2537,11200801,0,462140,2310700,1422371,1000000,2269705416,read,88898
measured,probe-memory-buffer,run,2538,11201201,0,462140,2310700,1422582,1000000,2269705416,read,88911
measured,probe-memory-buffer,run,2539,11201601,0,462140,2310700,1422794,1000000,2269705416,read,88924
measured,probe-memory-buffer,run,2540,11202101,0,462140,2310700,1423005,1000000,2269705416,read,88937
measured,probe-memory-buffer,run,2541,11202501,0,462140,2310700,1423269,1000000,2269705416,read,88954
measured,probe-memory-buffer,run,2542,11202901,0,462140,2310700,1423481,1000000,2269705416,read,88967
measured,probe-memory-buffer,run,2543,11203301,0,462140,2310700,1423692,1000000,2269705416,read,88980
measured,probe-memory-buffer,run,2544,11203701,0,462140,2310700,1423903,1000000,2269705416,read,88993
measured,probe-memory-buffer,run,2545,11204201,0,462140,2310700,1424115,1000000,2269705416,read,89007
measured,probe-memory-buffer,run,2546,11204601,0,462140,2310700,1424379,1000000,2269705416,read,89023
measured,probe-memory-buffer,run,2547,11206201,0,462140,2310700,1425225,1000000,2269705416,read,89076
measured,probe-memory-buffer,run,2548,11206601,0,462140,2310700,1425436,1000000,2269705416,read,89089
measured,probe-memory-buffer,run,2549,11207101,0,462140,2310700,1425647,1000000,2269705416,read,89102
measured,probe-memory-buffer,run,2550,11207501,0,462140,2310700,1425912,1000000,2269705416,read,89119
measured,probe-memory-buffer,run,2551,11207901,0,462140,2310700,1426123,1000000,2269705416,read,89132
measured,probe-memory-buffer,run,2552,11208301,0,462140,2310700,1426334,1000000,2269705416,read,89145
measured,probe-memory-buffer,run,2553,11208701,0,462140,2310700,1426546,1000000,2269705416,read,89159
measured,probe-memory-buffer,run,2554,11209201,0,462140,2310700,1426757,1000000,2269705416,read,89172
measured,probe-memory-buffer,run,2555,11209601,0,462140,2310700,1427021,1000000,2269705416,read,89188
measured,probe-memory-buffer,run,2556,11210001,0,462140,2310700,1427233,1000000,2269705416,read,89202
measured,probe-memory-buffer,run,2557,11210401,0,462140,2310700,1427444,1000000,2269705416,read,89215
measured,probe-memory-buffer,run,2558,11210801,0,462140,2310700,1427656,1000000,2269705416,read,89228
measured,probe-memory-buffer,run,2559,11211301,0,462140,2310700,1427867,1000000,2269705416,read,89241
measured,probe-memory-buffer,run,2560,11211701,0,462140,2310700,1428131,1000000,2269705416,read,89258
measured,probe-memory-buffer,run,2561,11212101,0,462140,2310700,1428343,1000000,2269705416,read,89271
measured,probe-memory-buffer,run,2562,11212501,0,462140,2310700,1428554,1000000,2269705416,read,89284
measured,probe-memory-buffer,run,2563,11212901,0,462140,2310700,1428765,1000000,2269705416,read,89297
measured,probe-memory-buffer,run,2564,11213401,0,462140,2310700,1428977,1000000,2269705416,read,89311
measured,probe-memory-buffer,run,2565,11213801,0,462140,2310700,1429241,1000000,2269705416,read,89327
measured,probe-memory-buffer,run,2566,11214201,0,462140,2310700,1429452,1000000,2269705416,read,89340
measured,probe-memory-buffer,run,2567,11214601,0,462140,2310700,1429664,1000000,2269705416,read,89354
measured,probe-memory-buffer,run,2568,11215101,0,462140,2310700,1429875,1000000,2269705416,read,89367
measured,probe-memory-buffer,run,2569,11215501,0,462140,2310700,1430139,1000000,2269705416,read,89383
measured,probe-memory-buffer,run,2570,11215901,0,462140,2310700,1430351,1000000,2269705416,read,89396
measured,probe-memory-buffer,run,2571,11216301,0,462140,2310700,1430562,1000000,2269705416,read,89410
measured,probe-memory-buffer,run,2572,11216701,0,462140,2310700,1430773,1000000,2269705416,read,89423
measured,probe-memory-buffer,run,2573,11217201,0,462140,2310700,1430985,1000000,2269705416,read,89436
measured,probe-memory-buffer,run,2574,11217601,0,462140,2310700,1431249,1000000,2269705416,read,89453
measured,probe-memory-buffer,run,2575,11218001,0,462140,2310700,1431460,1000000,2269705416,read,89466
measured,probe-memory-buffer,run,2576,11218401,0,462140,2310700,1431672,1000000,2269705416,read,89479
measured,probe-memory-buffer,run,2577,11218901,0,462140,2310700,1431883,1000000,2269705416,read,89492
measured,probe-memory-buffer,run,2578,11219301,0,462140,2310700,1432147,1000000,2269705416,read,89509
measured,probe-memory-buffer,run,2579,11219701,0,462140,2310700,1432359,1000000,2269705416,read,89522
measured,probe-memory-buffer,run,2580,11220101,0,462140,2310700,1432570,1000000,2269705416,read,89535
measured,probe-memory-buffer,run,2581,11220501,0,462140,2310700,1432782,1000000,2269705416,read,89548
measured,probe-memory-buffer,run,2582,11221001,0,462140,2310700,1432993,1000000,2269705416,read,89562
measured,probe-memory-buffer,run,2583,11221401,0,462140,2310700,1433257,1000000,2269705416,read,89578
measured,probe-memory-buffer,run,2584,11221801,0,462140,2310700,1433469,1000000,2269705416,read,89591
measured,probe-memory-buffer,run,2585,11222201,0,462140,2310700,1433680,1000000,2269705416,read,89605
measured,probe-memory-buffer,run,2586,11223601,0,462140,2310700,1434420,1000000,2269705416,read,89651
measured,probe-memory-buffer,run,2587,11224101,0,462140,2310700,1434631,1000000,2269705416,read,89664
measured,probe-memory-buffer,run,2588,11224501,0,462140,2310700,1434895,1000000,2269705416,read,89680
measured,probe-memory-buffer,run,2589,11224901,0,462140,2310700,1435107,1000000,2269705416,read,89694
measured,probe-memory-buffer,run,2590,11225301,0,462140,2310700,1435318,1000000,2269705416,read,89707
measured,probe-memory-buffer,run,2591,11225801,0,462140,2310700,1435530,1000000,2269705416,read,89720
measured,probe-memory-buffer,run,2592,11226201,0,462140,2310700,1435794,1000000,2269705416,read,89737
measured,probe-memory-buffer,run,2593,11226601,0,462140,2310700,1436005,1000000,2269705416,read,89750
measured,probe-memory-buffer,run,2594,11227001,0,462140,2310700,1436217,1000000,2269705416,read,89763
measured,probe-memory-buffer,run,2595,11227401,0,462140,2310700,1436428,1000000,2269705416,read,89776
measured,probe-memory-buffer,run,2596,11227901,0,462140,2310700,1436639,1000000,2269705416,read,89789
measured,probe-memory-buffer,run,2597,11228301,0,462140,2310700,1436904,1000000,2269705416,read,89806
measured,probe-memory-buffer,run,2598,11228701,0,462140,2310700,1437115,1000000,2269705416,read,89819
measured,probe-memory-buffer,run,2599,11229101,0,462140,2310700,1437326,1000000,2269705416,read,89832
measured,probe-memory-buffer,run,2600,11229501,0,462140,2310700,1437538,1000000,2269705416,read,89846
measured,probe-memory-buffer,run,2601,11229901,0,462140,2310700,1437749,1000000,2269705416,read,89859
measured,probe-memory-buffer,run,2602,11230401,0,462140,2310700,1438013,1000000,2269705416,read,89875
measured,probe-memory-buffer,run,2603,11230801,0,462140,2310700,1438225,1000000,2269705416,read,89889
measured,probe-memory-buffer,run,2604,11231201,0,462140,2310700,1438436,1000000,2269705416,read,89902
measured,probe-memory-buffer,run,2605,11231601,0,462140,2310700,1438647,1000000,2269705416,read,89915
measured,probe-memory-buffer,run,2606,11232101,0,462140,2310700,1438859,1000000,2269705416,read,89928
measured,probe-memory-buffer,run,2607,11232501,0,462140,2310700,1439070,1000000,2269705416,read,89941
measured,probe-memory-buffer,run,2608,11232901,0,462140,2310700,1439334,1000000,2269705416,read,89958
measured,probe-memory-buffer,run,2609,11233301,0,462140,2310700,1439546,1000000,2269705416,read,89971
measured,probe-memory-buffer,run,2610,11233701,0,462140,2310700,1439757,1000000,2269705416,read,89984
measured,probe-memory-buffer,run,2611,11234101,0,462140,2310700,1439969,1000000,2269705416,read,89998
measured,probe-memory-buffer,run,2612,11234601,0,462140,2310700,1440180,1000000,2269705416,read,90011
measured,probe-memory-buffer,run,2613,11235001,0,462140,2310700,1440444,1000000,2269705416,read,90027
measured,probe-memory-buffer,run,2614,11235401,0,462140,2310700,1440656,1000000,2269705416,read,90041
measured,probe-memory-buffer,run,2615,11235801,0,462140,2310700,1440867,1000000,2269705416,read,90054
measured,probe-memory-buffer,run,2616,11236201,0,462140,2310700,1441078,1000000,2269705416,read,90067
measured,probe-memory-buffer,run,2617,11236701,0,462140,2310700,1441290,1000000,2269705416,read,90080
measured,probe-memory-buffer,run,2618,11237101,0,462140,2310700,1441501,1000000,2269705416,read,90093
measured,probe-memory-buffer,run,2619,11237501,0,462140,2310700,1441765,1000000,2269705416,read,90110
measured,probe-memory-buffer,run,2620,11237901,0,462140,2310700,1441977,1000000,2269705416,read,90123
measured,probe-memory-buffer,run,2621,11238301,0,462140,2310700,1442188,1000000,2269705416,read,90136
measured,probe-memory-buffer,run,2622,11238701,0,462140,2310700,1442399,1000000,2269705416,read,90149
measured,probe-memory-buffer,run,2623,11239201,0,462140,2310700,1442611,1000000,2269705416,read,90163
measured,probe-memory-buffer,run,2624,11239601,0,462140,2310700,1442875,1000000,2269705416,read,90179
measured,probe-memory-buffer,run,2625,11240001,0,462140,2310700,1443086,1000000,2269705416,read,90192
measured,probe-memory-buffer,run,2626,11240401,0,462140,2310700,1443298,1000000,2269705416,read,90206
measured,probe-memory-buffer,run,2627,11240901,0,462140,2310700,1443509,1000000,2269705416,read,90219
measured,probe-memory-buffer,run,2628,11241301,0,462140,2310700,1443721,1000000,2269705416,read,90232
measured,probe-memory-buffer,run,2629,11241701,0,462140,2310700,1443985,1000000,2269705416,read,90249
measured,probe-memory-buffer,run,2630,11242101,0,462140,2310700,1444196,1000000,2269705416,read,90262
measured,probe-memory-buffer,run,2631,11242501,0,462140,2310700,1444408,1000000,2269705416,read,90275
measured,probe-memory-buffer,run,2632,11243001,0,462140,2310700,1444619,1000000,2269705416,read,90288
measured,probe-memory-buffer,run,2633,11243401,0,462140,2310700,1444830,1000000,2269705416,read,90301
measured,probe-memory-buffer,run,2634,11243801,0,462140,2310700,1445095,1000000,2269705416,read,90318
measured,probe-memory-buffer,run,2635,11244201,0,462140,2310700,1445306,1000000,2269705416,read,90331
measured,probe-memory-buffer,run,2636,11244601,0,462140,2310700,1445517,1000000,2269705416,read,90344
measured,probe-memory-buffer,run,2637,11245001,0,462140,2310700,1445729,1000000,2269705416,read,90358
measured,probe-memory-buffer,run,2638,11245501,0,462140,2310700,1445940,1000000,2269705416,read,90371
measured,probe-memory-buffer,run,2639,11245901,0,462140,2310700,1446204,1000000,2269705416,read,90387
measured,probe-memory-buffer,run,2640,11246301,0,462140,2310700,1446416,1000000,2269705416,read,90401
measured,probe-memory-buffer,run,2641,11246701,0,462140,2310700,1446627,1000000,2269705416,read,90414
measured,probe-memory-buffer,run,2642,11247101,0,462140,2310700,1446839,1000000,2269705416,read,90427
measured,probe-memory-buffer,run,2643,11248401,0,462140,2310700,1447526,1000000,2269705416,read,90470
measured,probe-memory-buffer,run,2644,11248801,0,462140,2310700,1447737,1000000,2269705416,read,90483
measured,probe-memory-buffer,run,2645,11249301,0,462140,2310700,1447948,1000000,2269705416,read,90496
measured,probe-memory-buffer,run,2646,11249701,0,462140,2310700,1448213,1000000,2269705416,read,90513
measured,probe-memory-buffer,run,2647,11250101,0,462140,2310700,1448424,1000000,2269705416,read,90526
measured,probe-memory-buffer,run,2648,11250501,0,462140,2310700,1448635,1000000,2269705416,read,90539
measured,probe-memory-buffer,run,2649,11251001,0,462140,2310700,1448847,1000000,2269705416,read,90552
measured,probe-memory-buffer,run,2650,11251401,0,462140,2310700,1449111,1000000,2269705416,read,90569
measured,probe-memory-buffer,run,2651,11251801,0,462140,2310700,1449322,1000000,2269705416,read,90582
measured,probe-memory-buffer,run,2652,11252201,0,462140,2310700,1449534,1000000,2269705416,read,90595
measured,probe-memory-buffer,run,2653,11252701,0,462140,2310700,1449745,1000000,2269705416,read,90609
measured,probe-memory-buffer,run,2654,11253101,0,462140,2310700,1450009,1000000,2269705416,read,90625
measured,probe-memory-buffer,run,2655,11253501,0,462140,2310700,1450221,1000000,2269705416,read,90638
measured,probe-memory-buffer,run,2656,11254001,0,462140,2310700,1450432,1000000,2269705416,read,90652
measured,probe-memory-buffer,run,2657,11254401,0,462140,2310700,1450696,1000000,2269705416,read,90668
measured,probe-memory-buffer,run,2658,11254801,0,462140,2310700,1450908,1000000,2269705416,read,90681
measured,probe-memory-buffer,run,2659,11255201,0,462140,2310700,1451119,1000000,2269705416,read,90694
measured,probe-memory-buffer,run,2660,11255701,0,462140,2310700,1451330,1000000,2269705416,read,90708
measured,probe-memory-buffer,run,2661,11256101,0,462140,2310700,1451595,1000000,2269705416,read,90724
measured,probe-memory-buffer,run,2662,11256501,0,462140,2310700,1451806,1000000,2269705416,read,90737
measured,probe-memory-buffer,run,2663,11256901,0,462140,2310700,1452017,1000000,2269705416,read,90751
measured,probe-memory-buffer,run,2664,11257401,0,462140,2310700,1452229,1000000,2269705416,read,90764
measured,probe-memory-buffer,run,2665,11257801,0,462140,2310700,1452493,1000000,2269705416,read,90780
measured,probe-memory-buffer,run,2666,11258201,0,462140,2310700,1452704,1000000,2269705416,read,90794
measured,probe-memory-buffer,run,2667,11258601,0,462140,2310700,1452916,1000000,2269705416,read,90807
measured,probe-memory-buffer,run,2668,11259101,0,462140,2310700,1453127,1000000,2269705416,read,90820
measured,probe-memory-buffer,run,2669,11259501,0,462140,2310700,1453391,1000000,2269705416,read,90836
measured,probe-memory-buffer,run,2670,11259901,0,462140,2310700,1453603,1000000,2269705416,read,90850
measured,probe-memory-buffer,run,2671,11260301,0,462140,2310700,1453814,1000000,2269705416,read,90863
measured,probe-memory-buffer,run,2672,11260801,0,462140,2310700,1454026,1000000,2269705416,read,90876
measured,probe-memory-buffer,run,2673,11261201,0,462140,2310700,1454290,1000000,2269705416,read,90893
measured,probe-memory-buffer,run,2674,11261601,0,462140,2310700,1454501,1000000,2269705416,read,90906
measured,probe-memory-buffer,run,2675,11262001,0,462140,2310700,1454713,1000000,2269705416,read,90919
measured,probe-memory-buffer,run,2676,11262501,0,462140,2310700,1454924,1000000,2269705416,read,90932
measured,probe-memory-buffer,run,2677,11262901,0,462140,2310700,1455188,1000000,2269705416,read,90949
measured,probe-memory-buffer,run,2678,11263301,0,462140,2310700,1455400,1000000,2269705416,read,90962
measured,probe-memory-buffer,run,2679,11263701,0,462140,2310700,1455611,1000000,2269705416,read,90975
measured,probe-memory-buffer,run,2680,11264201,0,462140,2310700,1455822,1000000,2269705416,read,90988
measured,probe-memory-buffer,run,2681,11264601,0,462140,2310700,1456087,1000000,2269705416,read,91005
measured,probe-memory-buffer,run,2682,11265001,0,462140,2310700,1456298,1000000,2269705416,read,91018
measured,probe-memory-buffer,run,2683,11265401,0,462140,2310700,1456509,1000000,2269705416,read,91031
measured,probe-memory-buffer,run,2684,11265901,0,462140,2310700,1456721,1000000,2269705416,read,91045
measured,probe-memory-buffer,run,2685,11266301,0,462140,2310700,1456985,1000000,2269705416,read,91061
measured,probe-memory-buffer,run,2686,11266701,0,462140,2310700,1457196,1000000,2269705416,read,91074
measured,probe-memory-buffer,run,2687,11267101,0,462140,2310700,1457408,1000000,2269705416,read,91088
measured,probe-memory-buffer,run,2688,11267601,0,462140,2310700,1457619,1000000,2269705416,read,91101
measured,probe-memory-buffer,run,2689,11268001,0,462140,2310700,1457883,1000000,2269705416,read,91117
measured,probe-memory-buffer,run,2690,11268401,0,462140,2310700,1458095,1000000,2269705416,read,91130
measured,probe-memory-buffer,run,2691,11268901,0,462140,2310700,1458306,1000000,2269705416,read,91144
measured,probe-memory-buffer,run,2692,11269301,0,462140,2310700,1458517,1000000,2269705416,read,91157
measured,probe-memory-buffer,run,2693,11269701,0,462140,2310700,1458782,1000000,2269705416,read,91173
measured,probe-memory-buffer,run,2694,11270101,0,462140,2310700,1458993,1000000,2269705416,read,91187
measured,probe-memory-buffer,run,2695,11270601,0,462140,2310700,1459204,1000000,2269705416,read,91200
measured,probe-memory-buffer,run,2696,11271001,0,462140,2310700,1459469,1000000,2269705416,read,91216
measured,probe-memory-buffer,run,2697,11271401,0,462140,2310700,1459680,1000000,2269705416,read,91230
measured,probe-memory-buffer,run,2698,11272901,0,527675,2638375,1638375,1000000,2906212651,update,0
measured,probe-memory-buffer,run,2699,11300201,0,527675,2638375,1656847,1000000,2906212651,read,103552
measured,probe-memory-buffer,run,2700,11306001,0,527675,2638375,1660839,1000000,2906212651,read,103802
measured,probe-memory-buffer,run,2701,11306601,0,527675,2638375,1661178,1000000,2906212651,read,103823
measured,probe-memory-buffer,run,2702,11307101,0,527675,2638375,1661584,1000000,2906212651,read,103849
measured,probe-memory-buffer,run,2703,11307601,0,527675,2638375,1661922,1000000,2906212651,read,103870
measured,probe-memory-buffer,run,2704,11308001,0,527675,2638375,1662193,1000000,2906212651,read,103887
measured,probe-memory-buffer,run,2705,11308401,0,527675,2638375,1662463,1000000,2906212651,read,103903
measured,probe-memory-buffer,run,2706,11308801,0,527675,2638375,1662734,1000000,2906212651,read,103920
measured,probe-memory-buffer,run,2707,11309301,0,527675,2638375,1663005,1000000,2906212651,read,103937
measured,probe-memory-buffer,run,2708,11309701,0,527675,2638375,1663343,1000000,2906212651,read,103958
measured,probe-memory-buffer,run,2709,11310101,0,527675,2638375,1663614,1000000,2906212651,read,103975
measured,probe-memory-buffer,run,2710,11310501,0,527675,2638375,1663884,1000000,2906212651,read,103992
measured,probe-memory-buffer,run,2711,11310901,0,527675,2638375,1664155,1000000,2906212651,read,104009
measured,probe-memory-buffer,run,2712,11311401,0,527675,2638375,1664426,1000000,2906212651,read,104026
measured,probe-memory-buffer,run,2713,11311801,0,527675,2638375,1664764,1000000,2906212651,read,104047
measured,probe-memory-buffer,run,2714,11312201,0,527675,2638375,1665035,1000000,2906212651,read,104064
measured,probe-memory-buffer,run,2715,11312601,0,527675,2638375,1665305,1000000,2906212651,read,104081
measured,probe-memory-buffer,run,2716,11313001,0,527675,2638375,1665576,1000000,2906212651,read,104098
measured,probe-memory-buffer,run,2717,11313501,0,527675,2638375,1665847,1000000,2906212651,read,104115
measured,probe-memory-buffer,run,2718,11313901,0,527675,2638375,1666185,1000000,2906212651,read,104136
measured,probe-memory-buffer,run,2719,11314301,0,527675,2638375,1666456,1000000,2906212651,read,104153
measured,probe-memory-buffer,run,2720,11314701,0,527675,2638375,1666726,1000000,2906212651,read,104170
measured,probe-memory-buffer,run,2721,11315101,0,527675,2638375,1666997,1000000,2906212651,read,104187
measured,probe-memory-buffer,run,2722,11315601,0,527675,2638375,1667268,1000000,2906212651,read,104204
measured,probe-memory-buffer,run,2723,11316001,0,527675,2638375,1667606,1000000,2906212651,read,104225
measured,probe-memory-buffer,run,2724,11316401,0,527675,2638375,1667877,1000000,2906212651,read,104242
measured,probe-memory-buffer,run,2725,11316801,0,527675,2638375,1668147,1000000,2906212651,read,104259
measured,probe-memory-buffer,run,2726,11317201,0,527675,2638375,1668418,1000000,2906212651,read,104276
measured,probe-memory-buffer,run,2727,11317701,0,527675,2638375,1668689,1000000,2906212651,read,104293
measured,probe-memory-buffer,run,2728,11318101,0,527675,2638375,1669027,1000000,2906212651,read,104314
measured,probe-memory-buffer,run,2729,11318501,0,527675,2638375,1669298,1000000,2906212651,read,104331
measured,probe-memory-buffer,run,2730,11318901,0,527675,2638375,1669568,1000000,2906212651,read,104348
measured,probe-memory-buffer,run,2731,11319401,0,527675,2638375,1669839,1000000,2906212651,read,104364
measured,probe-memory-buffer,run,2732,11319801,0,527675,2638375,1670177,1000000,2906212651,read,104386
measured,probe-memory-buffer,run,2733,11320201,0,527675,2638375,1670448,1000000,2906212651,read,104403
measured,probe-memory-buffer,run,2734,11320601,0,527675,2638375,1670719,1000000,2906212651,read,104419
measured,probe-memory-buffer,run,2735,11321101,0,527675,2638375,1670989,1000000,2906212651,read,104436
measured,probe-memory-buffer,run,2736,11321501,0,527675,2638375,1671328,1000000,2906212651,read,104458
measured,probe-memory-buffer,run,2737,11321901,0,527675,2638375,1671598,1000000,2906212651,read,104474
measured,probe-memory-buffer,run,2738,11322301,0,527675,2638375,1671869,1000000,2906212651,read,104491
measured,probe-memory-buffer,run,2739,11322701,0,527675,2638375,1672140,1000000,2906212651,read,104508
measured,probe-memory-buffer,run,2740,11323201,0,527675,2638375,1672410,1000000,2906212651,read,104525
measured,probe-memory-buffer,run,2741,11323601,0,527675,2638375,1672681,1000000,2906212651,read,104542
measured,probe-memory-buffer,run,2742,11324001,0,527675,2638375,1673019,1000000,2906212651,read,104563
measured,probe-memory-buffer,run,2743,11324401,0,527675,2638375,1673290,1000000,2906212651,read,104580
measured,probe-memory-buffer,run,2744,11324801,0,527675,2638375,1673561,1000000,2906212651,read,104597
measured,probe-memory-buffer,run,2745,11325301,0,527675,2638375,1673831,1000000,2906212651,read,104614
measured,probe-memory-buffer,run,2746,11325701,0,527675,2638375,1674170,1000000,2906212651,read,104635
measured,probe-memory-buffer,run,2747,11326101,0,527675,2638375,1674440,1000000,2906212651,read,104652
measured,probe-memory-buffer,run,2748,11326501,0,527675,2638375,1674711,1000000,2906212651,read,104669
measured,probe-memory-buffer,run,2749,11326901,0,527675,2638375,1674982,1000000,2906212651,read,104686
measured,probe-memory-buffer,run,2750,11327401,0,527675,2638375,1675252,1000000,2906212651,read,104703
measured,probe-memory-buffer,run,2751,11327801,0,527675,2638375,1675591,1000000,2906212651,read,104724
measured,probe-memory-buffer,run,2752,11328201,0,527675,2638375,1675861,1000000,2906212651,read,104741
measured,probe-memory-buffer,run,2753,11328601,0,527675,2638375,1676132,1000000,2906212651,read,104758
measured,probe-memory-buffer,run,2754,11329001,0,527675,2638375,1676403,1000000,2906212651,read,104775
measured,probe-memory-buffer,run,2755,11329501,0,527675,2638375,1676673,1000000,2906212651,read,104792
measured,probe-memory-buffer,run,2756,11329901,0,527675,2638375,1677012,1000000,2906212651,read,104813
measured,probe-memory-buffer,run,2757,11331401,0,527675,2638375,1678027,1000000,2906212651,read,104876
measured,probe-memory-buffer,run,2758,11331801,0,527675,2638375,1678297,1000000,2906212651,read,104893
measured,probe-memory-buffer,run,2759,11332201,0,527675,2638375,1678568,1000000,2906212651,read,104910
measured,probe-memory-buffer,run,2760,11332701,0,527675,2638375,1678838,1000000,2906212651,read,104927
measured,probe-memory-buffer,run,2761,11333101,0,527675,2638375,1679109,1000000,2906212651,read,104944
measured,probe-memory-buffer,run,2762,11333501,0,527675,2638375,1679447,1000000,2906212651,read,104965
measured,probe-memory-buffer,run,2763,11333901,0,527675,2638375,1679718,1000000,2906212651,read,104982
measured,probe-memory-buffer,run,2764,11334301,0,527675,2638375,1679989,1000000,2906212651,read,104999
measured,probe-memory-buffer,run,2765,11334801,0,527675,2638375,1680259,1000000,2906212651,read,105016
measured,probe-memory-buffer,run,2766,11335201,0,527675,2638375,1680530,1000000,2906212651,read,105033
measured,probe-memory-buffer,run,2767,11335601,0,527675,2638375,1680868,1000000,2906212651,read,105054
measured,probe-memory-buffer,run,2768,11336001,0,527675,2638375,1681139,1000000,2906212651,read,105071
measured,probe-memory-buffer,run,2769,11336401,0,527675,2638375,1681410,1000000,2906212651,read,105088
measured,probe-memory-buffer,run,2770,11336801,0,527675,2638375,1681680,1000000,2906212651,read,105105
measured,probe-memory-buffer,run,2771,11337301,0,527675,2638375,1681951,1000000,2906212651,read,105121
measured,probe-memory-buffer,run,2772,11337701,0,527675,2638375,1682289,1000000,2906212651,read,105143
measured,probe-memory-buffer,run,2773,11338101,0,527675,2638375,1682560,1000000,2906212651,read,105160
measured,probe-memory-buffer,run,2774,11338501,0,527675,2638375,1682831,1000000,2906212651,read,105176
measured,probe-memory-buffer,run,2775,11339001,0,527675,2638375,1683101,1000000,2906212651,read,105193
measured,probe-memory-buffer,run,2776,11339401,0,527675,2638375,1683372,1000000,2906212651,read,105210
measured,probe-memory-buffer,run,2777,11339801,0,527675,2638375,1683710,1000000,2906212651,read,105231
measured,probe-memory-buffer,run,2778,11340201,0,527675,2638375,1683981,1000000,2906212651,read,105248
measured,probe-memory-buffer,run,2779,11340601,0,527675,2638375,1684252,1000000,2906212651,read,105265
measured,probe-memory-buffer,run,2780,11341101,0,527675,2638375,1684522,1000000,2906212651,read,105282
measured,probe-memory-buffer,run,2781,11341501,0,527675,2638375,1684793,1000000,2906212651,read,105299
measured,probe-memory-buffer,run,2782,11341901,0,527675,2638375,1685131,1000000,2906212651,read,105320
measured,probe-memory-buffer,run,2783,11342301,0,527675,2638375,1685402,1000000,2906212651,read,105337
measured,probe-memory-buffer,run,2784,11342701,0,527675,2638375,1685673,1000000,2906212651,read,105354
measured,probe-memory-buffer,run,2785,11343201,0,527675,2638375,1685943,1000000,2906212651,read,105371
measured,probe-memory-buffer,run,2786,11343601,0,527675,2638375,1686214,1000000,2906212651,read,105388
measured,probe-memory-buffer,run,2787,11344001,0,527675,2638375,1686552,1000000,2906212651,read,105409
measured,probe-memory-buffer,run,2788,11344401,0,527675,2638375,1686823,1000000,2906212651,read,105426
measured,probe-memory-buffer,run,2789,11344801,0,527675,2638375,1687094,1000000,2906212651,read,105443
measured,probe-memory-buffer,run,2790,11345201,0,527675,2638375,1687364,1000000,2906212651,read,105460
measured,probe-memory-buffer,run,2791,11345701,0,527675,2638375,1687635,1000000,2906212651,read,105477
measured,probe-memory-buffer,run,2792,11346101,0,527675,2638375,1687973,1000000,2906212651,read,105498
measured,probe-memory-buffer,run,2793,11346501,0,527675,2638375,1688244,1000000,2906212651,read,105515
measured,probe-memory-buffer,run,2794,11346901,0,527675,2638375,1688515,1000000,2906212651,read,105532
measured,probe-memory-buffer,run,2795,11347301,0,527675,2638375,1688785,1000000,2906212651,read,105549
measured,probe-memory-buffer,run,2796,11347801,0,527675,2638375,1689056,1000000,2906212651,read,105566
measured,probe-memory-buffer,run,2797,11348201,0,527675,2638375,1689327,1000000,2906212651,read,105582
measured,probe-memory-buffer,run,2798,11348601,0,527675,2638375,1689665,1000000,2906212651,read,105604
measured,probe-memory-buffer,run,2799,11349001,0,527675,2638375,1689936,1000000,2906212651,read,105621
measured,probe-memory-buffer,run,2800,11349401,0,527675,2638375,1690206,1000000,2906212651,read,105637
measured,probe-memory-buffer,run,2801,11349901,0,527675,2638375,1690477,1000000,2906212651,read,105654
measured,probe-memory-buffer,run,2802,11350301,0,527675,2638375,1690748,1000000,2906212651,read,105671
measured,probe-memory-buffer,run,2803,11350701,0,527675,2638375,1691086,1000000,2906212651,read,105692
measured,probe-memory-buffer,run,2804,11351101,0,527675,2638375,1691357,1000000,2906212651,read,105709
measured,probe-memory-buffer,run,2805,11351501,0,527675,2638375,1691627,1000000,2906212651,read,105726
measured,probe-memory-buffer,run,2806,11351901,0,527675,2638375,1691898,1000000,2906212651,read,105743
measured,probe-memory-buffer,run,2807,11352401,0,527675,2638375,1692169,1000000,2906212651,read,105760
measured,probe-memory-buffer,run,2808,11352801,0,527675,2638375,1692507,1000000,2906212651,read,105781
measured,probe-memory-buffer,run,2809,11353201,0,527675,2638375,1692778,1000000,2906212651,read,105798
measured,probe-memory-buffer,run,2810,11353601,0,527675,2638375,1693048,1000000,2906212651,read,105815
measured,probe-memory-buffer,run,2811,11354001,0,527675,2638375,1693319,1000000,2906212651,read,105832
measured,probe-memory-buffer,run,2812,11354501,0,527675,2638375,1693590,1000000,2906212651,read,105849
measured,probe-memory-buffer,run,2813,11355701,0,527675,2638375,1694469,1000000,2906212651,read,105904
measured,probe-memory-buffer,run,2814,11356101,0,527675,2638375,1694740,1000000,2906212651,read,105921
measured,probe-memory-buffer,run,2815,11356501,0,527675,2638375,1695011,1000000,2906212651,read,105938
measured,probe-memory-buffer,run,2816,11357001,0,527675,2638375,1695281,1000000,2906212651,read,105955
measured,probe-memory-buffer,run,2817,11357401,0,527675,2638375,1695620,1000000,2906212651,read,105976
measured,probe-memory-buffer,run,2818,11357801,0,527675,2638375,1695890,1000000,2906212651,read,105993
measured,probe-memory-buffer,run,2819,11358201,0,527675,2638375,1696161,1000000,2906212651,read,106010
measured,probe-memory-buffer,run,2820,11358601,0,527675,2638375,1696432,1000000,2906212651,read,106027
measured,probe-memory-buffer,run,2821,11359001,0,527675,2638375,1696702,1000000,2906212651,read,106043
measured,probe-memory-buffer,run,2822,11359501,0,527675,2638375,1696973,1000000,2906212651,read,106060
measured,probe-memory-buffer,run,2823,11359901,0,527675,2638375,1697311,1000000,2906212651,read,106081
measured,probe-memory-buffer,run,2824,11360301,0,527675,2638375,1697582,1000000,2906212651,read,106098
measured,probe-memory-buffer,run,2825,11360701,0,527675,2638375,1697853,1000000,2906212651,read,106115
measured,probe-memory-buffer,run,2826,11361101,0,527675,2638375,1698123,1000000,2906212651,read,106132
measured,probe-memory-buffer,run,2827,11361601,0,527675,2638375,1698394,1000000,2906212651,read,106149
measured,probe-memory-buffer,run,2828,11362001,0,527675,2638375,1698732,1000000,2906212651,read,106170
measured,probe-memory-buffer,run,2829,11362401,0,527675,2638375,1699003,1000000,2906212651,read,106187
measured,probe-memory-buffer,run,2830,11362801,0,527675,2638375,1699273,1000000,2906212651,read,106204
measured,probe-memory-buffer,run,2831,11363201,0,527675,2638375,1699544,1000000,2906212651,read,106221
measured,probe-memory-buffer,run,2832,11363701,0,527675,2638375,1699815,1000000,2906212651,read,106238
measured,probe-memory-buffer,run,2833,11364101,0,527675,2638375,1700153,1000000,2906212651,read,106259
measured,probe-memory-buffer,run,2834,11364501,0,527675,2638375,1700424,1000000,2906212651,read,106276
measured,probe-memory-buffer,run,2835,11364901,0,527675,2638375,1700694,1000000,2906212651,read,106293
measured,probe-memory-buffer,run,2836,11365301,0,527675,2638375,1700965,1000000,2906212651,read,106310
measured,probe-memory-buffer,run,2837,11365801,0,527675,2638375,1701236,1000000,2906212651,read,106327
measured,probe-memory-buffer,run,2838,11366201,0,527675,2638375,1701574,1000000,2906212651,read,106348
measured,probe-memory-buffer,run,2839,11366601,0,527675,2638375,1701845,1000000,2906212651,read,106365
measured,probe-memory-buffer,run,2840,11367001,0,527675,2638375,1702115,1000000,2906212651,read,106382
measured,probe-memory-buffer,run,2841,11367401,0,527675,2638375,1702386,1000000,2906212651,read,106399
measured,probe-memory-buffer,run,2842,11367801,0,527675,2638375,1702657,1000000,2906212651,read,106416
measured,probe-memory-buffer,run,2843,11368301,0,527675,2638375,1702927,1000000,2906212651,read,106432
measured,probe-memory-buffer,run,2844,11368701,0,527675,2638375,1703266,1000000,2906212651,read,106454
measured,probe-memory-buffer,run,2845,11369101,0,527675,2638375,1703536,1000000,2906212651,read,106471
measured,probe-memory-buffer,run,2846,11369501,0,527675,2638375,1703807,1000000,2906212651,read,106487
measured,probe-memory-buffer,run,2847,11369901,0,527675,2638375,1704078,1000000,2906212651,read,106504
measured,probe-memory-buffer,run,2848,11370401,0,527675,2638375,1704348,1000000,2906212651,read,106521
measured,probe-memory-buffer,run,2849,11370801,0,527675,2638375,1704687,1000000,2906212651,read,106542
measured,probe-memory-buffer,run,2850,11371201,0,527675,2638375,1704957,1000000,2906212651,read,106559
measured,probe-memory-buffer,run,2851,11371601,0,527675,2638375,1705228,1000000,2906212651,read,106576
measured,probe-memory-buffer,run,2852,11372001,0,527675,2638375,1705499,1000000,2906212651,read,106593
measured,probe-memory-buffer,run,2853,11372501,0,527675,2638375,1705769,1000000,2906212651,read,106610
measured,probe-memory-buffer,run,2854,11372901,0,527675,2638375,1706108,1000000,2906212651,read,106631
measured,probe-memory-buffer,run,2855,11373301,0,527675,2638375,1706378,1000000,2906212651,read,106648
measured,probe-memory-buffer,run,2856,11373701,0,527675,2638375,1706649,1000000,2906212651,read,106665
measured,probe-memory-buffer,run,2857,11374101,0,527675,2638375,1706920,1000000,2906212651,read,106682
measured,probe-memory-buffer,run,2858,11374601,0,527675,2638375,1707190,1000000,2906212651,read,106699
measured,probe-memory-buffer,run,2859,11375001,0,527675,2638375,1707529,1000000,2906212651,read,106720
measured,probe-memory-buffer,run,2860,11375401,0,527675,2638375,1707799,1000000,2906212651,read,106737
measured,probe-memory-buffer,run,2861,11375801,0,527675,2638375,1708070,1000000,2906212651,read,106754
measured,probe-memory-buffer,run,2862,11376201,0,527675,2638375,1708341,1000000,2906212651,read,106771
measured,probe-memory-buffer,run,2863,11377901,0,527675,2638375,1709423,1000000,2906212651,read,106838
measured,probe-memory-buffer,run,2864,11378301,0,527675,2638375,1709762,1000000,2906212651,read,106860
measured,probe-memory-buffer,run,2865,11378701,0,527675,2638375,1710032,1000000,2906212651,read,106877
measured,probe-memory-buffer,run,2866,11379101,0,527675,2638375,1710303,1000000,2906212651,read,106893
measured,probe-memory-buffer,run,2867,11379501,0,527675,2638375,1710574,1000000,2906212651,read,106910
measured,probe-memory-buffer,run,2868,11380001,0,527675,2638375,1710844,1000000,2906212651,read,106927
measured,probe-memory-buffer,run,2869,11380401,0,527675,2638375,1711183,1000000,2906212651,read,106948
measured,probe-memory-buffer,run,2870,11381701,0,527675,2638375,1712062,1000000,2906212651,read,107003
measured,probe-memory-buffer,run,2871,11382201,0,527675,2638375,1712333,1000000,2906212651,read,107020
measured,probe-memory-buffer,run,2872,11382601,0,527675,2638375,1712671,1000000,2906212651,read,107041
measured,probe-memory-buffer,run,2873,11383001,0,527675,2638375,1712942,1000000,2906212651,read,107058
measured,probe-memory-buffer,run,2874,11383401,0,527675,2638375,1713213,1000000,2906212651,read,107075
measured,probe-memory-buffer,run,2875,11383801,0,527675,2638375,1713483,1000000,2906212651,read,107092
measured,probe-memory-buffer,run,2876,11384301,0,527675,2638375,1713754,1000000,2906212651,read,107109
measured,probe-memory-buffer,run,2877,11384701,0,527675,2638375,1714092,1000000,2906212651,read,107130
measured,probe-memory-buffer,run,2878,11385101,0,527675,2638375,1714363,1000000,2906212651,read,107147
measured,probe-memory-buffer,run,2879,11385501,0,527675,2638375,1714634,1000000,2906212651,read,107164
measured,probe-memory-buffer,run,2880,11385901,0,527675,2638375,1714904,1000000,2906212651,read,107181
measured,probe-memory-buffer,run,2881,11386401,0,527675,2638375,1715175,1000000,2906212651,read,107198
measured,probe-memory-buffer,run,2882,11386801,0,527675,2638375,1715513,1000000,2906212651,read,107219
measured,probe-memory-buffer,run,2883,11387201,0,527675,2638375,1715784,1000000,2906212651,read,107236
measured,probe-memory-buffer,run,2884,11387601,0,527675,2638375,1716055,1000000,2906212651,read,107253
measured,probe-memory-buffer,run,2885,11388001,0,527675,2638375,1716325,1000000,2906212651,read,107270
measured,probe-memory-buffer,run,2886,11388501,0,527675,2638375,1716596,1000000,2906212651,read,107287
measured,probe-memory-buffer,run,2887,11388901,0,527675,2638375,1716934,1000000,2906212651,read,107308
measured,probe-memory-buffer,run,2888,11389301,0,527675,2638375,1717205,1000000,2906212651,read,107325
measured,probe-memory-buffer,run,2889,11389701,0,527675,2638375,1717476,1000000,2906212651,read,107342
measured,probe-memory-buffer,run,2890,11390101,0,527675,2638375,1717746,1000000,2906212651,read,107359
measured,probe-memory-buffer,run,2891,11390601,0,527675,2638375,1718017,1000000,2906212651,read,107376
measured,probe-memory-buffer,run,2892,11391001,0,527675,2638375,1718287,1000000,2906212651,read,107392
measured,probe-memory-buffer,run,2893,11391401,0,527675,2638375,1718626,1000000,2906212651,read,107414
measured,probe-memory-buffer,run,2894,11391801,0,527675,2638375,1718896,1000000,2906212651,read,107431
measured,probe-memory-buffer,run,2895,11392201,0,527675,2638375,1719167,1000000,2906212651,read,107447
measured,probe-memory-buffer,run,2896,11392601,0,527675,2638375,1719438,1000000,2906212651,read,107464
measured,probe-memory-buffer,run,2897,11393101,0,527675,2638375,1719708,1000000,2906212651,read,107481
measured,probe-memory-buffer,run,2898,11393801,0,527675,2638375,1720250,1000000,2906212651,read,107515
measured,probe-memory-buffer,run,2899,11395401,0,593210,2966050,1966050,1000000,3383593077,update,0
measured,probe-memory-buffer,run,2900,11418201,0,593210,2966050,1984090,1000000,3383593077,read,124005
measured,probe-memory-buffer,run,2901,11420301,0,593210,2966050,1985745,1000000,3383593077,read,124109
measured,probe-memory-buffer,run,2902,11420801,0,593210,2966050,1986139,1000000,3383593077,read,124133
measured,probe-memory-buffer,run,2903,11421301,0,593210,2966050,1986454,1000000,3383593077,read,124153
measured,probe-memory-buffer,run,2904,11421701,0,593210,2966050,1986769,1000000,3383593077,read,124173
measured,probe-memory-buffer,run,2905,11422101,0,593210,2966050,1987163,1000000,3383593077,read,124197
measured,probe-memory-buffer,run,2906,11422501,0,593210,2966050,1987478,1000000,3383593077,read,124217
measured,probe-memory-buffer,run,2907,11422901,0,593210,2966050,1987793,1000000,3383593077,read,124237
measured,probe-memory-buffer,run,2908,11423301,0,593210,2966050,1988108,1000000,3383593077,read,124256
measured,probe-memory-buffer,run,2909,11423801,0,593210,2966050,1988423,1000000,3383593077,read,124276
measured,probe-memory-buffer,run,2910,11424201,0,593210,2966050,1988817,1000000,3383593077,read,124301
measured,probe-memory-buffer,run,2911,11424601,0,593210,2966050,1989132,1000000,3383593077,read,124320
measured,probe-memory-buffer,run,2912,11425001,0,593210,2966050,1989447,1000000,3383593077,read,124340
measured,probe-memory-buffer,run,2913,11425401,0,593210,2966050,1989762,1000000,3383593077,read,124360
measured,probe-memory-buffer,run,2914,11425901,0,593210,2966050,1990078,1000000,3383593077,read,124379
measured,probe-memory-buffer,run,2915,11426301,0,593210,2966050,1990471,1000000,3383593077,read,124404
measured,probe-memory-buffer,run,2916,11426701,0,593210,2966050,1990787,1000000,3383593077,read,124424
measured,probe-memory-buffer,run,2917,11427101,0,593210,2966050,1991102,1000000,3383593077,read,124443
measured,probe-memory-buffer,run,2918,11427501,0,593210,2966050,1991417,1000000,3383593077,read,124463
measured,probe-memory-buffer,run,2919,11428001,0,593210,2966050,1991732,1000000,3383593077,read,124483
measured,probe-memory-buffer,run,2920,11428401,0,593210,2966050,1992047,1000000,3383593077,read,124502
measured,probe-memory-buffer,run,2921,11428801,0,593210,2966050,1992441,1000000,3383593077,read,124527
measured,probe-memory-buffer,run,2922,11429201,0,593210,2966050,1992756,1000000,3383593077,read,124547
measured,probe-memory-buffer,run,2923,11429601,0,593210,2966050,1993071,1000000,3383593077,read,124566
measured,probe-memory-buffer,run,2924,11430001,0,593210,2966050,1993386,1000000,3383593077,read,124586
measured,probe-memory-buffer,run,2925,11430501,0,593210,2966050,1993701,1000000,3383593077,read,124606
measured,probe-memory-buffer,run,2926,11430901,0,593210,2966050,1994095,1000000,3383593077,read,124630
measured,probe-memory-buffer,run,2927,11433601,0,593210,2966050,1996222,1000000,3383593077,read,124763
measured,probe-memory-buffer,run,2928,11434001,0,593210,2966050,1996538,1000000,3383593077,read,124783
measured,probe-memory-buffer,run,2929,11434401,0,593210,2966050,1996853,1000000,3383593077,read,124803
measured,probe-memory-buffer,run,2930,11434901,0,593210,2966050,1997168,1000000,3383593077,read,124823
measured,probe-memory-buffer,run,2931,11435301,0,593210,2966050,1997562,1000000,3383593077,read,124847
measured,probe-memory-buffer,run,2932,11435701,0,593210,2966050,1997877,1000000,3383593077,read,124867
measured,probe-memory-buffer,run,2933,11436101,0,593210,2966050,1998192,1000000,3383593077,read,124887
measured,probe-memory-buffer,run,2934,11436501,0,593210,2966050,1998507,1000000,3383593077,read,124906
measured,probe-memory-buffer,run,2935,11437001,0,593210,2966050,1998822,1000000,3383593077,read,124926
measured,probe-memory-buffer,run,2936,11437401,0,593210,2966050,1999216,1000000,3383593077,read,124951
measured,probe-memory-buffer,run,2937,11437801,0,593210,2966050,1999531,1000000,3383593077,read,124970
measured,probe-memory-buffer,run,2938,11438201,0,593210,2966050,1999846,1000000,3383593077,read,124990
measured,probe-memory-buffer,run,2939,11438601,0,593210,2966050,2000161,1000000,3383593077,read,125010
measured,probe-memory-buffer,run,2940,11439101,0,593210,2966050,2000477,1000000,3383593077,read,125029
measured,probe-memory-buffer,run,2941,11439501,0,593210,2966050,2000870,1000000,3383593077,read,125054
measured,probe-memory-buffer,run,2942,11439901,0,593210,2966050,2001186,1000000,3383593077,read,125074
measured,probe-memory-buffer,run,2943,11440301,0,593210,2966050,2001501,1000000,3383593077,read,125093
measured,probe-memory-buffer,run,2944,11440701,0,593210,2966050,2001816,1000000,3383593077,read,125113
measured,probe-memory-buffer,run,2945,11441201,0,593210,2966050,2002131,1000000,3383593077,read,125133
measured,probe-memory-buffer,run,2946,11441601,0,593210,2966050,2002525,1000000,3383593077,read,125157
measured,probe-memory-buffer,run,2947,11442001,0,593210,2966050,2002840,1000000,3383593077,read,125177
measured,probe-memory-buffer,run,2948,11442401,0,593210,2966050,2003155,1000000,3383593077,read,125197
measured,probe-memory-buffer,run,2949,11442801,0,593210,2966050,2003470,1000000,3383593077,read,125216
measured,probe-memory-buffer,run,2950,11443301,0,593210,2966050,2003785,1000000,3383593077,read,125236
measured,probe-memory-buffer,run,2951,11443701,0,593210,2966050,2004179,1000000,3383593077,read,125261
measured,probe-memory-buffer,run,2952,11444101,0,593210,2966050,2004494,1000000,3383593077,read,125280
measured,probe-memory-buffer,run,2953,11444501,0,593210,2966050,2004809,1000000,3383593077,read,125300
measured,probe-memory-buffer,run,2954,11444901,0,593210,2966050,2005125,1000000,3383593077,read,125320
measured,probe-memory-buffer,run,2955,11445401,0,593210,2966050,2005440,1000000,3383593077,read,125340
measured,probe-memory-buffer,run,2956,11445801,0,593210,2966050,2005834,1000000,3383593077,read,125364
measured,probe-memory-buffer,run,2957,11446201,0,593210,2966050,2006149,1000000,3383593077,read,125384
measured,probe-memory-buffer,run,2958,11446601,0,593210,2966050,2006464,1000000,3383593077,read,125404
measured,probe-memory-buffer,run,2959,11447101,0,593210,2966050,2006779,1000000,3383593077,read,125423
measured,probe-memory-buffer,run,2960,11447501,0,593210,2966050,2007094,1000000,3383593077,read,125443
measured,probe-memory-buffer,run,2961,11447901,0,593210,2966050,2007488,1000000,3383593077,read,125468
measured,probe-memory-buffer,run,2962,11448301,0,593210,2966050,2007803,1000000,3383593077,read,125487
measured,probe-memory-buffer,run,2963,11448701,0,593210,2966050,2008118,1000000,3383593077,read,125507
measured,probe-memory-buffer,run,2964,11449201,0,593210,2966050,2008433,1000000,3383593077,read,125527
measured,probe-memory-buffer,run,2965,11449601,0,593210,2966050,2008827,1000000,3383593077,read,125551
measured,probe-memory-buffer,run,2966,11450001,0,593210,2966050,2009142,1000000,3383593077,read,125571
measured,probe-memory-buffer,run,2967,11450401,0,593210,2966050,2009458,1000000,3383593077,read,125591
measured,probe-memory-buffer,run,2968,11450801,0,593210,2966050,2009773,1000000,3383593077,read,125610
measured,probe-memory-buffer,run,2969,11451301,0,593210,2966050,2010088,1000000,3383593077,read,125630
measured,probe-memory-buffer,run,2970,11451701,0,593210,2966050,2010482,1000000,3383593077,read,125655
measured,probe-memory-buffer,run,2971,11452101,0,593210,2966050,2010797,1000000,3383593077,read,125674
measured,probe-memory-buffer,run,2972,11452501,0,593210,2966050,2011112,1000000,3383593077,read,125694
measured,probe-memory-buffer,run,2973,11452901,0,593210,2966050,2011427,1000000,3383593077,read,125714
measured,probe-memory-buffer,run,2974,11453401,0,593210,2966050,2011742,1000000,3383593077,read,125733
measured,probe-memory-buffer,run,2975,11453801,0,593210,2966050,2012136,1000000,3383593077,read,125758
measured,probe-memory-buffer,run,2976,11454201,0,593210,2966050,2012451,1000000,3383593077,read,125778
measured,probe-memory-buffer,run,2977,11454601,0,593210,2966050,2012766,1000000,3383593077,read,125797
measured,probe-memory-buffer,run,2978,11455001,0,593210,2966050,2013081,1000000,3383593077,read,125817
measured,probe-memory-buffer,run,2979,11455401,0,593210,2966050,2013397,1000000,3383593077,read,125837
measured,probe-memory-buffer,run,2980,11455901,0,593210,2966050,2013712,1000000,3383593077,read,125857
measured,probe-memory-buffer,run,2981,11456301,0,593210,2966050,2014106,1000000,3383593077,read,125881
measured,probe-memory-buffer,run,2982,11456701,0,593210,2966050,2014421,1000000,3383593077,read,125901
measured,probe-memory-buffer,run,2983,11457101,0,593210,2966050,2014736,1000000,3383593077,read,125921
measured,probe-memory-buffer,run,2984,11458401,0,593210,2966050,2015760,1000000,3383593077,read,125985
measured,probe-memory-buffer,run,2985,11458901,0,593210,2966050,2016075,1000000,3383593077,read,126004
measured,probe-memory-buffer,run,2986,11459301,0,593210,2966050,2016469,1000000,3383593077,read,126029
measured,probe-memory-buffer,run,2987,11459701,0,593210,2966050,2016784,1000000,3383593077,read,126049
measured,probe-memory-buffer,run,2988,11460101,0,593210,2966050,2017099,1000000,3383593077,read,126068
measured,probe-memory-buffer,run,2989,11460501,0,593210,2966050,2017414,1000000,3383593077,read,126088
measured,probe-memory-buffer,run,2990,11461001,0,593210,2966050,2017729,1000000,3383593077,read,126108
measured,probe-memory-buffer,run,2991,11461401,0,593210,2966050,2018123,1000000,3383593077,read,126132
measured,probe-memory-buffer,run,2992,11461801,0,593210,2966050,2018438,1000000,3383593077,read,126152
measured,probe-memory-buffer,run,2993,11462201,0,593210,2966050,2018754,1000000,3383593077,read,126172
measured,probe-memory-buffer,run,2994,11462601,0,593210,2966050,2019069,1000000,3383593077,read,126191
measured,probe-memory-buffer,run,2995,11463101,0,593210,2966050,2019384,1000000,3383593077,read,126211
measured,probe-memory-buffer,run,2996,11463501,0,593210,2966050,2019699,1000000,3383593077,read,126231
measured,probe-memory-buffer,run,2997,11463901,0,593210,2966050,2020093,1000000,3383593077,read,126255
measured,probe-memory-buffer,run,2998,11464301,0,593210,2966050,2020408,1000000,3383593077,read,126275
measured,probe-memory-buffer,run,2999,11464701,0,593210,2966050,2020723,1000000,3383593077,read,126295
measured,probe-memory-buffer,run,3000,11465201,0,593210,2966050,2021038,1000000,3383593077,read,126314
measured,probe-memory-buffer,run,3001,11465601,0,593210,2966050,2021353,1000000,3383593077,read,126334
measured,probe-memory-buffer,run,3002,11466001,0,593210,2966050,2021747,1000000,3383593077,read,126359
measured,probe-memory-buffer,run,3003,11466401,0,593210,2966050,2022062,1000000,3383593077,read,126378
measured,probe-memory-buffer,run,3004,11466801,0,593210,2966050,2022377,1000000,3383593077,read,126398
measured,probe-memory-buffer,run,3005,11467201,0,593210,2966050,2022693,1000000,3383593077,read,126418
measured,probe-memory-buffer,run,3006,11467701,0,593210,2966050,2023008,1000000,3383593077,read,126438
measured,probe-memory-buffer,run,3007,11468101,0,593210,2966050,2023402,1000000,3383593077,read,126462
measured,probe-memory-buffer,run,3008,11468501,0,593210,2966050,2023717,1000000,3383593077,read,126482
measured,probe-memory-buffer,run,3009,11468901,0,593210,2966050,2024032,1000000,3383593077,read,126502
measured,probe-memory-buffer,run,3010,11469301,0,593210,2966050,2024347,1000000,3383593077,read,126521
measured,probe-memory-buffer,run,3011,11469801,0,593210,2966050,2024662,1000000,3383593077,read,126541
measured,probe-memory-buffer,run,3012,11470201,0,593210,2966050,2025056,1000000,3383593077,read,126566
measured,probe-memory-buffer,run,3013,11470601,0,593210,2966050,2025371,1000000,3383593077,read,126585
measured,probe-memory-buffer,run,3014,11471001,0,593210,2966050,2025686,1000000,3383593077,read,126605
measured,probe-memory-buffer,run,3015,11471401,0,593210,2966050,2026001,1000000,3383593077,read,126625
measured,probe-memory-buffer,run,3016,11471901,0,593210,2966050,2026317,1000000,3383593077,read,126644
measured,probe-memory-buffer,run,3017,11472301,0,593210,2966050,2026710,1000000,3383593077,read,126669
measured,probe-memory-buffer,run,3018,11472701,0,593210,2966050,2027026,1000000,3383593077,read,126689
measured,probe-memory-buffer,run,3019,11473101,0,593210,2966050,2027341,1000000,3383593077,read,126708
measured,probe-memory-buffer,run,3020,11473601,0,593210,2966050,2027656,1000000,3383593077,read,126728
measured,probe-memory-buffer,run,3021,11474001,0,593210,2966050,2028050,1000000,3383593077,read,126753
measured,probe-memory-buffer,run,3022,11474401,0,593210,2966050,2028365,1000000,3383593077,read,126772
measured,probe-memory-buffer,run,3023,11474801,0,593210,2966050,2028680,1000000,3383593077,read,126792
measured,probe-memory-buffer,run,3024,11475201,0,593210,2966050,2028995,1000000,3383593077,read,126812
measured,probe-memory-buffer,run,3025,11475701,0,593210,2966050,2029310,1000000,3383593077,read,126831
measured,probe-memory-buffer,run,3026,11476101,0,593210,2966050,2029625,1000000,3383593077,read,126851
measured,probe-memory-buffer,run,3027,11476501,0,593210,2966050,2030019,1000000,3383593077,read,126876
measured,probe-memory-buffer,run,3028,11476901,0,593210,2966050,2030334,1000000,3383593077,read,126895
measured,probe-memory-buffer,run,3029,11477301,0,593210,2966050,2030649,1000000,3383593077,read,126915
measured,probe-memory-buffer,run,3030,11477801,0,593210,2966050,2030965,1000000,3383593077,read,126935
measured,probe-memory-buffer,run,3031,11478201,0,593210,2966050,2031280,1000000,3383593077,read,126955
measured,probe-memory-buffer,run,3032,11478601,0,593210,2966050,2031674,1000000,3383593077,read,126979
measured,probe-memory-buffer,run,3033,11479001,0,593210,2966050,2031989,1000000,3383593077,read,126999
measured,probe-memory-buffer,run,3034,11479401,0,593210,2966050,2032304,1000000,3383593077,read,127019
measured,probe-memory-buffer,run,3035,11479901,0,593210,2966050,2032619,1000000,3383593077,read,127038
measured,probe-memory-buffer,run,3036,11480301,0,593210,2966050,2032934,1000000,3383593077,read,127058
measured,probe-memory-buffer,run,3037,11480701,0,593210,2966050,2033328,1000000,3383593077,read,127083
measured,probe-memory-buffer,run,3038,11481101,0,593210,2966050,2033643,1000000,3383593077,read,127102
measured,probe-memory-buffer,run,3039,11481501,0,593210,2966050,2033958,1000000,3383593077,read,127122
measured,probe-memory-buffer,run,3040,11482001,0,593210,2966050,2034273,1000000,3383593077,read,127142
measured,probe-memory-buffer,run,3041,11483201,0,593210,2966050,2035219,1000000,3383593077,read,127201
measured,probe-memory-buffer,run,3042,11483601,0,593210,2966050,2035613,1000000,3383593077,read,127225
measured,probe-memory-buffer,run,3043,11484001,0,593210,2966050,2035928,1000000,3383593077,read,127245
measured,probe-memory-buffer,run,3044,11484401,0,593210,2966050,2036243,1000000,3383593077,read,127265
measured,probe-memory-buffer,run,3045,11484801,0,593210,2966050,2036558,1000000,3383593077,read,127284
measured,probe-memory-buffer,run,3046,11485301,0,593210,2966050,2036873,1000000,3383593077,read,127304
measured,probe-memory-buffer,run,3047,11485701,0,593210,2966050,2037267,1000000,3383593077,read,127329
measured,probe-memory-buffer,run,3048,11486101,0,593210,2966050,2037582,1000000,3383593077,read,127348
measured,probe-memory-buffer,run,3049,11486501,0,593210,2966050,2037897,1000000,3383593077,read,127368
measured,probe-memory-buffer,run,3050,11487001,0,593210,2966050,2038212,1000000,3383593077,read,127388
measured,probe-memory-buffer,run,3051,11487401,0,593210,2966050,2038527,1000000,3383593077,read,127407
measured,probe-memory-buffer,run,3052,11487801,0,593210,2966050,2038921,1000000,3383593077,read,127432
measured,probe-memory-buffer,run,3053,11488201,0,593210,2966050,2039237,1000000,3383593077,read,127452
measured,probe-memory-buffer,run,3054,11488601,0,593210,2966050,2039552,1000000,3383593077,read,127472
measured,probe-memory-buffer,run,3055,11489001,0,593210,2966050,2039867,1000000,3383593077,read,127491
measured,probe-memory-buffer,run,3056,11489501,0,593210,2966050,2040182,1000000,3383593077,read,127511
measured,probe-memory-buffer,run,3057,11489901,0,593210,2966050,2040576,1000000,3383593077,read,127536
measured,probe-memory-buffer,run,3058,11490301,0,593210,2966050,2040891,1000000,3383593077,read,127555
measured,probe-memory-buffer,run,3059,11490701,0,593210,2966050,2041206,1000000,3383593077,read,127575
measured,probe-memory-buffer,run,3060,11491101,0,593210,2966050,2041521,1000000,3383593077,read,127595
measured,probe-memory-buffer,run,3061,11491601,0,593210,2966050,2041836,1000000,3383593077,read,127614
measured,probe-memory-buffer,run,3062,11492001,0,593210,2966050,2042230,1000000,3383593077,read,127639
measured,probe-memory-buffer,run,3063,11492401,0,593210,2966050,2042545,1000000,3383593077,read,127659
measured,probe-memory-buffer,run,3064,11492801,0,593210,2966050,2042860,1000000,3383593077,read,127678
measured,probe-memory-buffer,run,3065,11493201,0,593210,2966050,2043176,1000000,3383593077,read,127698
measured,probe-memory-buffer,run,3066,11493701,0,593210,2966050,2043491,1000000,3383593077,read,127718
measured,probe-memory-buffer,run,3067,11494101,0,593210,2966050,2043885,1000000,3383593077,read,127742
measured,probe-memory-buffer,run,3068,11494501,0,593210,2966050,2044200,1000000,3383593077,read,127762
measured,probe-memory-buffer,run,3069,11494901,0,593210,2966050,2044515,1000000,3383593077,read,127782
measured,probe-memory-buffer,run,3070,11495301,0,593210,2966050,2044830,1000000,3383593077,read,127801
measured,probe-memory-buffer,run,3071,11495801,0,593210,2966050,2045145,1000000,3383593077,read,127821
measured,probe-memory-buffer,run,3072,11496201,0,593210,2966050,2045460,1000000,3383593077,read,127841
measured,probe-memory-buffer,run,3073,11496601,0,593210,2966050,2045854,1000000,3383593077,read,127865
measured,probe-memory-buffer,run,3074,11497001,0,593210,2966050,2046169,1000000,3383593077,read,127885
measured,probe-memory-buffer,run,3075,11497401,0,593210,2966050,2046484,1000000,3383593077,read,127905
measured,probe-memory-buffer,run,3076,11497801,0,593210,2966050,2046799,1000000,3383593077,read,127924
measured,probe-memory-buffer,run,3077,11498301,0,593210,2966050,2047115,1000000,3383593077,read,127944
measured,probe-memory-buffer,run,3078,11498701,0,593210,2966050,2047508,1000000,3383593077,read,127969
measured,probe-memory-buffer,run,3079,11499101,0,593210,2966050,2047824,1000000,3383593077,read,127989
measured,probe-memory-buffer,run,3080,11499501,0,593210,2966050,2048139,1000000,3383593077,read,128008
measured,probe-memory-buffer,run,3081,11499901,0,593210,2966050,2048454,1000000,3383593077,read,128028
measured,probe-memory-buffer,run,3082,11500301,0,593210,2966050,2048769,1000000,3383593077,read,128048
measured,probe-memory-buffer,run,3083,11500801,0,593210,2966050,2049084,1000000,3383593077,read,128067
measured,probe-memory-buffer,run,3084,11501201,0,593210,2966050,2049478,1000000,3383593077,read,128092
measured,probe-memory-buffer,run,3085,11501601,0,593210,2966050,2049793,1000000,3383593077,read,128112
measured,probe-memory-buffer,run,3086,11502001,0,593210,2966050,2050108,1000000,3383593077,read,128131
measured,probe-memory-buffer,run,3087,11502401,0,593210,2966050,2050423,1000000,3383593077,read,128151
measured,probe-memory-buffer,run,3088,11502901,0,593210,2966050,2050738,1000000,3383593077,read,128171
measured,probe-memory-buffer,run,3089,11503301,0,593210,2966050,2051132,1000000,3383593077,read,128195
measured,probe-memory-buffer,run,3090,11503701,0,593210,2966050,2051447,1000000,3383593077,read,128215
measured,probe-memory-buffer,run,3091,11504101,0,593210,2966050,2051763,1000000,3383593077,read,128235
measured,probe-memory-buffer,run,3092,11504501,0,593210,2966050,2052078,1000000,3383593077,read,128254
measured,probe-memory-buffer,run,3093,11505001,0,593210,2966050,2052393,1000000,3383593077,read,128274
measured,probe-memory-buffer,run,3094,11505401,0,593210,2966050,2052708,1000000,3383593077,read,128294
measured,probe-memory-buffer,run,3095,11505801,0,593210,2966050,2053102,1000000,3383593077,read,128318
measured,probe-memory-buffer,run,3096,11506201,0,593210,2966050,2053417,1000000,3383593077,read,128338
measured,probe-memory-buffer,run,3097,11506601,0,593210,2966050,2053732,1000000,3383593077,read,128358
measured,probe-memory-buffer,run,3098,11508001,0,593210,2966050,2054835,1000000,3383593077,read,128427
measured,probe-memory-buffer,run,3099,11508501,0,593210,2966050,2055150,1000000,3383593077,read,128446
measured,probe-memory-buffer,run,3100,11508901,0,593210,2966050,2055544,1000000,3383593077,read,128471
measured,probe-memory-buffer,run,3101,11509301,0,593210,2966050,2055859,1000000,3383593077,read,128491
measured,probe-memory-buffer,run,3102,11509701,0,593210,2966050,2056174,1000000,3383593077,read,128510
measured,probe-memory-buffer,run,3103,11510201,0,593210,2966050,2056489,1000000,3383593077,read,128530
measured,probe-memory-buffer,run,3104,11510601,0,593210,2966050,2056805,1000000,3383593077,read,128550
measured,probe-memory-buffer,run,3105,11511001,0,593210,2966050,2057198,1000000,3383593077,read,128574
measured,probe-memory-buffer,run,3106,11511401,0,593210,2966050,2057514,1000000,3383593077,read,128594
measured,probe-memory-buffer,run,3107,11511801,0,593210,2966050,2057829,1000000,3383593077,read,128614
measured,probe-memory-buffer,run,3108,11512301,0,593210,2966050,2058144,1000000,3383593077,read,128634
measured,probe-memory-buffer,run,3109,11512701,0,593210,2966050,2058538,1000000,3383593077,read,128658
measured,probe-memory-buffer,run,3110,11513101,0,593210,2966050,2058853,1000000,3383593077,read,128678
measured,probe-memory-buffer,run,3111,11513501,0,593210,2966050,2059168,1000000,3383593077,read,128698
measured,probe-memory-buffer,run,3112,11513901,0,593210,2966050,2059483,1000000,3383593077,read,128717
measured,probe-memory-buffer,run,3113,11514401,0,593210,2966050,2059798,1000000,3383593077,read,128737
measured,probe-memory-buffer,run,3114,11514801,0,593210,2966050,2060192,1000000,3383593077,read,128762
measured,probe-memory-buffer,run,3115,11515201,0,593210,2966050,2060507,1000000,3383593077,read,128781
measured,probe-memory-buffer,run,3116,11517101,0,593210,2966050,2061846,1000000,2428977879,update,0
measured,probe-memory-buffer,run,3117,11549901,0,593210,2966050,2080452,1000000,2428977879,read,130028
measured,probe-memory-buffer,run,3118,11553101,0,593210,2966050,2082318,1000000,2428977879,read,130144
measured,probe-memory-buffer,run,3119,11553601,0,593210,2966050,2082601,1000000,2428977879,read,130162
measured,probe-memory-buffer,run,3120,11554001,0,593210,2966050,2082827,1000000,2428977879,read,130176
measured,probe-memory-buffer,run,3121,11554501,0,593210,2966050,2083053,1000000,2428977879,read,130190
measured,probe-memory-buffer,run,3122,11554901,0,593210,2966050,2083336,1000000,2428977879,read,130208
measured,probe-memory-buffer,run,3123,11555301,0,593210,2966050,2083562,1000000,2428977879,read,130222
measured,probe-memory-buffer,run,3124,11555701,0,593210,2966050,2083788,1000000,2428977879,read,130236
measured,probe-memory-buffer,run,3125,11556101,0,593210,2966050,2084015,1000000,2428977879,read,130250
measured,probe-memory-buffer,run,3126,11556601,0,593210,2966050,2084241,1000000,2428977879,read,130265
measured,probe-memory-buffer,run,3127,11557001,0,593210,2966050,2084524,1000000,2428977879,read,130282
measured,probe-memory-buffer,run,3128,11557401,0,593210,2966050,2084750,1000000,2428977879,read,130296
measured,probe-memory-buffer,run,3129,11557801,0,593210,2966050,2084976,1000000,2428977879,read,130311
measured,probe-memory-buffer,run,3130,11558201,0,593210,2966050,2085202,1000000,2428977879,read,130325
measured,probe-memory-buffer,run,3131,11558701,0,593210,2966050,2085429,1000000,2428977879,read,130339
measured,probe-memory-buffer,run,3132,11559101,0,593210,2966050,2085711,1000000,2428977879,read,130356
measured,probe-memory-buffer,run,3133,11559501,0,593210,2966050,2085938,1000000,2428977879,read,130371
measured,probe-memory-buffer,run,3134,11559901,0,593210,2966050,2086164,1000000,2428977879,read,130385
measured,probe-memory-buffer,run,3135,11560301,0,593210,2966050,2086390,1000000,2428977879,read,130399
measured,probe-memory-buffer,run,3136,11560701,0,593210,2966050,2086616,1000000,2428977879,read,130413
measured,probe-memory-buffer,run,3137,11561201,0,593210,2966050,2086842,1000000,2428977879,read,130427
measured,probe-memory-buffer,run,3138,11561601,0,593210,2966050,2087125,1000000,2428977879,read,130445
measured,probe-memory-buffer,run,3139,11562001,0,593210,2966050,2087351,1000000,2428977879,read,130459
measured,probe-memory-buffer,run,3140,11562401,0,593210,2966050,2087578,1000000,2428977879,read,130473
measured,probe-memory-buffer,run,3141,11562801,0,593210,2966050,2087804,1000000,2428977879,read,130487
measured,probe-memory-buffer,run,3142,11563301,0,593210,2966050,2088030,1000000,2428977879,read,130501
measured,probe-memory-buffer,run,3143,11563701,0,593210,2966050,2088313,1000000,2428977879,read,130519
measured,probe-memory-buffer,run,3144,11564101,0,593210,2966050,2088539,1000000,2428977879,read,130533
measured,probe-memory-buffer,run,3145,11564501,0,593210,2966050,2088765,1000000,2428977879,read,130547
measured,probe-memory-buffer,run,3146,11564901,0,593210,2966050,2088991,1000000,2428977879,read,130561
measured,probe-memory-buffer,run,3147,11565401,0,593210,2966050,2089218,1000000,2428977879,read,130576
measured,probe-memory-buffer,run,3148,11565801,0,593210,2966050,2089500,1000000,2428977879,read,130593
measured,probe-memory-buffer,run,3149,11566201,0,593210,2966050,2089727,1000000,2428977879,read,130607
measured,probe-memory-buffer,run,3150,11566601,0,593210,2966050,2089953,1000000,2428977879,read,130622
measured,probe-memory-buffer,run,3151,11567001,0,593210,2966050,2090179,1000000,2428977879,read,130636
measured,probe-memory-buffer,run,3152,11567501,0,593210,2966050,2090405,1000000,2428977879,read,130650
measured,probe-memory-buffer,run,3153,11567901,0,593210,2966050,2090688,1000000,2428977879,read,130668
measured,probe-memory-buffer,run,3154,11568301,0,593210,2966050,2090914,1000000,2428977879,read,130682
measured,probe-memory-buffer,run,3155,11571801,0,593210,2966050,2092894,1000000,2428977879,read,130805
measured,probe-memory-buffer,run,3156,11572301,0,593210,2966050,2093120,1000000,2428977879,read,130820
measured,probe-memory-buffer,run,3157,11572701,0,593210,2966050,2093403,1000000,2428977879,read,130837
measured,probe-memory-buffer,run,3158,11573101,0,593210,2966050,2093629,1000000,2428977879,read,130851
measured,probe-memory-buffer,run,3159,11573501,0,593210,2966050,2093855,1000000,2428977879,read,130865
measured,probe-memory-buffer,run,3160,11574001,0,593210,2966050,2094081,1000000,2428977879,read,130880
measured,probe-memory-buffer,run,3161,11574401,0,593210,2966050,2094308,1000000,2428977879,read,130894
measured,probe-memory-buffer,run,3162,11574801,0,593210,2966050,2094590,1000000,2428977879,read,130911
measured,probe-memory-buffer,run,3163,11575201,0,593210,2966050,2094817,1000000,2428977879,read,130926
measured,probe-memory-buffer,run,3164,11575601,0,593210,2966050,2095043,1000000,2428977879,read,130940
measured,probe-memory-buffer,run,3165,11576101,0,593210,2966050,2095269,1000000,2428977879,read,130954
measured,probe-memory-buffer,run,3166,11576501,0,593210,2966050,2095552,1000000,2428977879,read,130972
measured,probe-memory-buffer,run,3167,11576901,0,593210,2966050,2095778,1000000,2428977879,read,130986
measured,probe-memory-buffer,run,3168,11577301,0,593210,2966050,2096004,1000000,2428977879,read,131000
measured,probe-memory-buffer,run,3169,11577701,0,593210,2966050,2096230,1000000,2428977879,read,131014
measured,probe-memory-buffer,run,3170,11578201,0,593210,2966050,2096457,1000000,2428977879,read,131028
measured,probe-memory-buffer,run,3171,11578601,0,593210,2966050,2096739,1000000,2428977879,read,131046
measured,probe-memory-buffer,run,3172,11579001,0,593210,2966050,2096966,1000000,2428977879,read,131060
measured,probe-memory-buffer,run,3173,11579401,0,593210,2966050,2097192,1000000,2428977879,read,131074
measured,probe-memory-buffer,run,3174,11579801,0,593210,2966050,2097418,1000000,2428977879,read,131088
measured,probe-memory-buffer,run,3175,11580301,0,593210,2966050,2097644,1000000,2428977879,read,131102
measured,probe-memory-buffer,run,3176,11580701,0,593210,2966050,2097927,1000000,2428977879,read,131120
measured,probe-memory-buffer,run,3177,11581101,0,593210,2966050,2098153,1000000,2428977879,read,131134
measured,probe-memory-buffer,run,3178,11581501,0,593210,2966050,2098379,1000000,2428977879,read,131148
measured,probe-memory-buffer,run,3179,11581901,0,593210,2966050,2098606,1000000,2428977879,read,131162
measured,probe-memory-buffer,run,3180,11582401,0,593210,2966050,2098832,1000000,2428977879,read,131177
measured,probe-memory-buffer,run,3181,11638601,0,658745,3293725,2293725,1000000,2906212651,update,0
measured,probe-memory-buffer,run,3182,11643001,0,658745,3293725,2296769,1000000,2906212651,read,143548
measured,probe-memory-buffer,run,3183,11643901,0,658745,3293725,2297446,1000000,2906212651,read,143590
measured,probe-memory-buffer,run,3184,11644301,0,658745,3293725,2297717,1000000,2906212651,read,143607
measured,probe-memory-buffer,run,3185,11644701,0,658745,3293725,2297987,1000000,2906212651,read,143624
measured,probe-memory-buffer,run,3186,11645101,0,658745,3293725,2298258,1000000,2906212651,read,143641
measured,probe-memory-buffer,run,3187,11645601,0,658745,3293725,2298529,1000000,2906212651,read,143658
measured,probe-memory-buffer,run,3188,11646001,0,658745,3293725,2298867,1000000,2906212651,read,143679
measured,probe-memory-buffer,run,3189,11646401,0,658745,3293725,2299138,1000000,2906212651,read,143696
measured,probe-memory-buffer,run,3190,11646801,0,658745,3293725,2299408,1000000,2906212651,read,143713
measured,probe-memory-buffer,run,3191,11647201,0,658745,3293725,2299679,1000000,2906212651,read,143729
measured,probe-memory-buffer,run,3192,11647701,0,658745,3293725,2299950,1000000,2906212651,read,143746
measured,probe-memory-buffer,run,3193,11648101,0,658745,3293725,2300220,1000000,2906212651,read,143763
measured,probe-memory-buffer,run,3194,11648501,0,658745,3293725,2300559,1000000,2906212651,read,143784
measured,probe-memory-buffer,run,3195,11648901,0,658745,3293725,2300829,1000000,2906212651,read,143801
measured,probe-memory-buffer,run,3196,11649301,0,658745,3293725,2301100,1000000,2906212651,read,143818
measured,probe-memory-buffer,run,3197,11649801,0,658745,3293725,2301371,1000000,2906212651,read,143835
measured,probe-memory-buffer,run,3198,11650201,0,658745,3293725,2301641,1000000,2906212651,read,143852
measured,probe-memory-buffer,run,3199,11650601,0,658745,3293725,2301980,1000000,2906212651,read,143873
measured,probe-memory-buffer,run,3200,11651001,0,658745,3293725,2302250,1000000,2906212651,read,143890
measured,probe-memory-buffer,run,3201,11651401,0,658745,3293725,2302521,1000000,2906212651,read,143907
measured,probe-memory-buffer,run,3202,11651901,0,658745,3293725,2302792,1000000,2906212651,read,143924
measured,probe-memory-buffer,run,3203,11652301,0,658745,3293725,2303062,1000000,2906212651,read,143941
measured,probe-memory-buffer,run,3204,11652701,0,658745,3293725,2303401,1000000,2906212651,read,143962
measured,probe-memory-buffer,run,3205,11653101,0,658745,3293725,2303671,1000000,2906212651,read,143979
measured,probe-memory-buffer,run,3206,11653501,0,658745,3293725,2303942,1000000,2906212651,read,143996
measured,probe-memory-buffer,run,3207,11654001,0,658745,3293725,2304213,1000000,2906212651,read,144013
measured,probe-memory-buffer,run,3208,11654401,0,658745,3293725,2304551,1000000,2906212651,read,144034
measured,probe-memory-buffer,run,3209,11654801,0,658745,3293725,2304822,1000000,2906212651,read,144051
measured,probe-memory-buffer,run,3210,11655201,0,658745,3293725,2305092,1000000,2906212651,read,144068
measured,probe-memory-buffer,run,3211,11655601,0,658745,3293725,2305363,1000000,2906212651,read,144085
measured,probe-memory-buffer,run,3212,11657701,0,658745,3293725,2306784,1000000,2906212651,read,144174
measured,probe-memory-buffer,run,3213,11658101,0,658745,3293725,2307055,1000000,2906212651,read,144190
measured,probe-memory-buffer,run,3214,11658601,0,658745,3293725,2307325,1000000,2906212651,read,144207
measured,probe-memory-buffer,run,3215,11659001,0,658745,3293725,2307664,1000000,2906212651,read,144229
measured,probe-memory-buffer,run,3216,11659401,0,658745,3293725,2307934,1000000,2906212651,read,144245
measured,probe-memory-buffer,run,3217,11659801,0,658745,3293725,2308205,1000000,2906212651,read,144262
measured,probe-memory-buffer,run,3218,11660201,0,658745,3293725,2308476,1000000,2906212651,read,144279
measured,probe-memory-buffer,run,3219,11660701,0,658745,3293725,2308746,1000000,2906212651,read,144296
measured,probe-memory-buffer,run,3220,11661101,0,658745,3293725,2309085,1000000,2906212651,read,144317
measured,probe-memory-buffer,run,3221,11661501,0,658745,3293725,2309355,1000000,2906212651,read,144334
measured,probe-memory-buffer,run,3222,11661901,0,658745,3293725,2309626,1000000,2906212651,read,144351
measured,probe-memory-buffer,run,3223,11662301,0,658745,3293725,2309897,1000000,2906212651,read,144368
measured,probe-memory-buffer,run,3224,11662801,0,658745,3293725,2310167,1000000,2906212651,read,144385
measured,probe-memory-buffer,run,3225,11663201,0,658745,3293725,2310506,1000000,2906212651,read,144406
measured,probe-memory-buffer,run,3226,11663601,0,658745,3293725,2310776,1000000,2906212651,read,144423
measured,probe-memory-buffer,run,3227,11664001,0,658745,3293725,2311047,1000000,2906212651,read,144440
measured,probe-memory-buffer,run,3228,11664401,0,658745,3293725,2311318,1000000,2906212651,read,144457
measured,probe-memory-buffer,run,3229,11664901,0,658745,3293725,2311588,1000000,2906212651,read,144474
measured,probe-memory-buffer,run,3230,11665301,0,658745,3293725,2311927,1000000,2906212651,read,144495
measured,probe-memory-buffer,run,3231,11665701,0,658745,3293725,2312197,1000000,2906212651,read,144512
measured,probe-memory-buffer,run,3232,11666101,0,658745,3293725,2312468,1000000,2906212651,read,144529
measured,probe-memory-buffer,run,3233,11666501,0,658745,3293725,2312739,1000000,2906212651,read,144546
measured,probe-memory-buffer,run,3234,11667001,0,658745,3293725,2313009,1000000,2906212651,read,144563
measured,probe-memory-buffer,run,3235,11667401,0,658745,3293725,2313348,1000000,2906212651,read,144584
measured,probe-memory-buffer,run,3236,11667801,0,658745,3293725,2313618,1000000,2906212651,read,144601
measured,probe-memory-buffer,run,3237,11668201,0,658745,3293725,2313889,1000000,2906212651,read,144618
measured,probe-memory-buffer,run,3238,11668701,0,658745,3293725,2314159,1000000,2906212651,read,144634
measured,probe-memory-buffer,run,3239,11669101,0,658745,3293725,2314498,1000000,2906212651,read,144656
measured,probe-memory-buffer,run,3240,11669501,0,658745,3293725,2314768,1000000,2906212651,read,144673
measured,probe-memory-buffer,run,3241,11669901,0,658745,3293725,2315039,1000000,2906212651,read,144689
measured,probe-memory-buffer,run,3242,11670301,0,658745,3293725,2315310,1000000,2906212651,read,144706
measured,probe-memory-buffer,run,3243,11670801,0,658745,3293725,2315580,1000000,2906212651,read,144723
measured,probe-memory-buffer,run,3244,11671201,0,658745,3293725,2315851,1000000,2906212651,read,144740
measured,probe-memory-buffer,run,3245,11671601,0,658745,3293725,2316189,1000000,2906212651,read,144761
measured,probe-memory-buffer,run,3246,11672001,0,658745,3293725,2316460,1000000,2906212651,read,144778
measured,probe-memory-buffer,run,3247,11672401,0,658745,3293725,2316731,1000000,2906212651,read,144795
measured,probe-memory-buffer,run,3248,11672901,0,658745,3293725,2317001,1000000,2906212651,read,144812
measured,probe-memory-buffer,run,3249,11673301,0,658745,3293725,2317272,1000000,2906212651,read,144829
measured,probe-memory-buffer,run,3250,11673701,0,658745,3293725,2317610,1000000,2906212651,read,144850
measured,probe-memory-buffer,run,3251,11674101,0,658745,3293725,2317881,1000000,2906212651,read,144867
measured,probe-memory-buffer,run,3252,11674601,0,658745,3293725,2318152,1000000,2906212651,read,144884
measured,probe-memory-buffer,run,3253,11675001,0,658745,3293725,2318490,1000000,2906212651,read,144905
measured,probe-memory-buffer,run,3254,11675401,0,658745,3293725,2318761,1000000,2906212651,read,144922
measured,probe-memory-buffer,run,3255,11675801,0,658745,3293725,2319031,1000000,2906212651,read,144939
measured,probe-memory-buffer,run,3256,11676201,0,658745,3293725,2319302,1000000,2906212651,read,144956
measured,probe-memory-buffer,run,3257,11676701,0,658745,3293725,2319573,1000000,2906212651,read,144973
measured,probe-memory-buffer,run,3258,11677101,0,658745,3293725,2319911,1000000,2906212651,read,144994
measured,probe-memory-buffer,run,3259,11677501,0,658745,3293725,2320182,1000000,2906212651,read,145011
measured,probe-memory-buffer,run,3260,11677901,0,658745,3293725,2320452,1000000,2906212651,read,145028
measured,probe-memory-buffer,run,3261,11678401,0,658745,3293725,2320723,1000000,2906212651,read,145045
measured,probe-memory-buffer,run,3262,11678801,0,658745,3293725,2320994,1000000,2906212651,read,145062
measured,probe-memory-buffer,run,3263,11679201,0,658745,3293725,2321332,1000000,2906212651,read,145083
measured,probe-memory-buffer,run,3264,11679601,0,658745,3293725,2321603,1000000,2906212651,read,145100
measured,probe-memory-buffer,run,3265,11680001,0,658745,3293725,2321873,1000000,2906212651,read,145117
measured,probe-memory-buffer,run,3266,11680401,0,658745,3293725,2322144,1000000,2906212651,read,145134
measured,probe-memory-buffer,run,3267,11680901,0,658745,3293725,2322415,1000000,2906212651,read,145150
measured,probe-memory-buffer,run,3268,11681301,0,658745,3293725,2322753,1000000,2906212651,read,145172
measured,probe-memory-buffer,run,3269,11682501,0,658745,3293725,2323565,1000000,2906212651,read,145222
measured,probe-memory-buffer,run,3270,11683001,0,658745,3293725,2323836,1000000,2906212651,read,145239
measured,probe-memory-buffer,run,3271,11683401,0,658745,3293725,2324174,1000000,2906212651,read,145260
measured,probe-memory-buffer,run,3272,11683801,0,658745,3293725,2324445,1000000,2906212651,read,145277
measured,probe-memory-buffer,run,3273,11684201,0,658745,3293725,2324715,1000000,2906212651,read,145294
measured,probe-memory-buffer,run,3274,11684601,0,658745,3293725,2324986,1000000,2906212651,read,145311
measured,probe-memory-buffer,run,3275,11685101,0,658745,3293725,2325257,1000000,2906212651,read,145328
measured,probe-memory-buffer,run,3276,11685501,0,658745,3293725,2325595,1000000,2906212651,read,145349
measured,probe-memory-buffer,run,3277,11685901,0,658745,3293725,2325866,1000000,2906212651,read,145366
measured,probe-memory-buffer,run,3278,11686301,0,658745,3293725,2326136,1000000,2906212651,read,145383
measured,probe-memory-buffer,run,3279,11686701,0,658745,3293725,2326407,1000000,2906212651,read,145400
measured,probe-memory-buffer,run,3280,11687201,0,658745,3293725,2326678,1000000,2906212651,read,145417
measured,probe-memory-buffer,run,3281,11687601,0,658745,3293725,2327016,1000000,2906212651,read,145438
measured,probe-memory-buffer,run,3282,11688001,0,658745,3293725,2327287,1000000,2906212651,read,145455
measured,probe-memory-buffer,run,3283,11688401,0,658745,3293725,2327557,1000000,2906212651,read,145472
measured,probe-memory-buffer,run,3284,11688801,0,658745,3293725,2327828,1000000,2906212651,read,145489
measured,probe-memory-buffer,run,3285,11689301,0,658745,3293725,2328099,1000000,2906212651,read,145506
measured,probe-memory-buffer,run,3286,11689701,0,658745,3293725,2328437,1000000,2906212651,read,145527
measured,probe-memory-buffer,run,3287,11690101,0,658745,3293725,2328708,1000000,2906212651,read,145544
measured,probe-memory-buffer,run,3288,11690501,0,658745,3293725,2328978,1000000,2906212651,read,145561
measured,probe-memory-buffer,run,3289,11690901,0,658745,3293725,2329249,1000000,2906212651,read,145578
measured,probe-memory-buffer,run,3290,11691401,0,658745,3293725,2329520,1000000,2906212651,read,145595
measured,probe-memory-buffer,run,3291,11691801,0,658745,3293725,2329858,1000000,2906212651,read,145616
measured,probe-memory-buffer,run,3292,11692201,0,658745,3293725,2330129,1000000,2906212651,read,145633
measured,probe-memory-buffer,run,3293,11692601,0,658745,3293725,2330399,1000000,2906212651,read,145649
measured,probe-memory-buffer,run,3294,11693001,0,658745,3293725,2330670,1000000,2906212651,read,145666
measured,probe-memory-buffer,run,3295,11693501,0,658745,3293725,2330941,1000000,2906212651,read,145683
measured,probe-memory-buffer,run,3296,11693901,0,658745,3293725,2331279,1000000,2906212651,read,145704
measured,probe-memory-buffer,run,3297,11694301,0,658745,3293725,2331550,1000000,2906212651,read,145721
measured,probe-memory-buffer,run,3298,11694701,0,658745,3293725,2331820,1000000,2906212651,read,145738
measured,probe-memory-buffer,run,3299,11695101,0,658745,3293725,2332091,1000000,2906212651,read,145755
measured,probe-memory-buffer,run,3300,11695601,0,658745,3293725,2332362,1000000,2906212651,read,145772
measured,probe-memory-buffer,run,3301,11696001,0,658745,3293725,2332700,1000000,2906212651,read,145793
measured,probe-memory-buffer,run,3302,11696401,0,658745,3293725,2332971,1000000,2906212651,read,145810
measured,probe-memory-buffer,run,3303,11696801,0,658745,3293725,2333241,1000000,2906212651,read,145827
measured,probe-memory-buffer,run,3304,11697201,0,658745,3293725,2333512,1000000,2906212651,read,145844
measured,probe-memory-buffer,run,3305,11697701,0,658745,3293725,2333782,1000000,2906212651,read,145861
measured,probe-memory-buffer,run,3306,11698101,0,658745,3293725,2334121,1000000,2906212651,read,145882
measured,probe-memory-buffer,run,3307,11698501,0,658745,3293725,2334391,1000000,2906212651,read,145899
measured,probe-memory-buffer,run,3308,11698901,0,658745,3293725,2334662,1000000,2906212651,read,145916
measured,probe-memory-buffer,run,3309,11699301,0,658745,3293725,2334933,1000000,2906212651,read,145933
measured,probe-memory-buffer,run,3310,11699801,0,658745,3293725,2335203,1000000,2906212651,read,145950
measured,probe-memory-buffer,run,3311,11700201,0,658745,3293725,2335542,1000000,2906212651,read,145971
measured,probe-memory-buffer,run,3312,11700601,0,658745,3293725,2335812,1000000,2906212651,read,145988
measured,probe-memory-buffer,run,3313,11701001,0,658745,3293725,2336083,1000000,2906212651,read,146005
measured,probe-memory-buffer,run,3314,11701501,0,658745,3293725,2336354,1000000,2906212651,read,146022
measured,probe-memory-buffer,run,3315,11701901,0,658745,3293725,2336692,1000000,2906212651,read,146043
measured,probe-memory-buffer,run,3316,11702301,0,658745,3293725,2336963,1000000,2906212651,read,146060
measured,probe-memory-buffer,run,3317,11702701,0,658745,3293725,2337233,1000000,2906212651,read,146077
measured,probe-memory-buffer,run,3318,11703101,0,658745,3293725,2337504,1000000,2906212651,read,146094
measured,probe-memory-buffer,run,3319,11703601,0,658745,3293725,2337775,1000000,2906212651,read,146110
measured,probe-memory-buffer,run,3320,11704001,0,658745,3293725,2338113,1000000,2906212651,read,146132
measured,probe-memory-buffer,run,3321,11704401,0,658745,3293725,2338384,1000000,2906212651,read,146149
measured,probe-memory-buffer,run,3322,11704801,0,658745,3293725,2338654,1000000,2906212651,read,146165
measured,probe-memory-buffer,run,3323,11705201,0,658745,3293725,2338925,1000000,2906212651,read,146182
measured,probe-memory-buffer,run,3324,11705701,0,658745,3293725,2339196,1000000,2906212651,read,146199
measured,probe-memory-buffer,run,3325,11706901,0,658745,3293725,2340008,1000000,2906212651,read,146250
measured,probe-memory-buffer,run,3326,11707301,0,658745,3293725,2340346,1000000,2906212651,read,146271
measured,probe-memory-buffer,run,3327,11707701,0,658745,3293725,2340617,1000000,2906212651,read,146288
measured,probe-memory-buffer,run,3328,11708101,0,658745,3293725,2340887,1000000,2906212651,read,146305
measured,probe-memory-buffer,run,3329,11708501,0,658745,3293725,2341158,1000000,2906212651,read,146322
measured,probe-memory-buffer,run,3330,11709001,0,658745,3293725,2341429,1000000,2906212651,read,146339
measured,probe-memory-buffer,run,3331,11709401,0,658745,3293725,2341767,1000000,2906212651,read,146360
measured,probe-memory-buffer,run,3332,11709801,0,658745,3293725,2342038,1000000,2906212651,read,146377
measured,probe-memory-buffer,run,3333,11710201,0,658745,3293725,2342308,1000000,2906212651,read,146394
measured,probe-memory-buffer,run,3334,11710601,0,658745,3293725,2342579,1000000,2906212651,read,146411
measured,probe-memory-buffer,run,3335,11711101,0,658745,3293725,2342850,1000000,2906212651,read,146428
measured,probe-memory-buffer,run,3336,11711501,0,658745,3293725,2343188,1000000,2906212651,read,146449
measured,probe-memory-buffer,run,3337,11711901,0,658745,3293725,2343459,1000000,2906212651,read,146466
measured,probe-memory-buffer,run,3338,11712301,0,658745,3293725,2343729,1000000,2906212651,read,146483
measured,probe-memory-buffer,run,3339,11712701,0,658745,3293725,2344000,1000000,2906212651,read,146500
measured,probe-memory-buffer,run,3340,11713201,0,658745,3293725,2344271,1000000,2906212651,read,146516
measured,probe-memory-buffer,run,3341,11713601,0,658745,3293725,2344609,1000000,2906212651,read,146538
measured,probe-memory-buffer,run,3342,11714001,0,658745,3293725,2344880,1000000,2906212651,read,146555
measured,probe-memory-buffer,run,3343,11714401,0,658745,3293725,2345150,1000000,2906212651,read,146571
measured,probe-memory-buffer,run,3344,11714801,0,658745,3293725,2345421,1000000,2906212651,read,146588
measured,probe-memory-buffer,run,3345,11715301,0,658745,3293725,2345692,1000000,2906212651,read,146605
measured,probe-memory-buffer,run,3346,11715701,0,658745,3293725,2346030,1000000,2906212651,read,146626
measured,probe-memory-buffer,run,3347,11716101,0,658745,3293725,2346301,1000000,2906212651,read,146643
measured,probe-memory-buffer,run,3348,11716501,0,658745,3293725,2346571,1000000,2906212651,read,146660
measured,probe-memory-buffer,run,3349,11716901,0,658745,3293725,2346842,1000000,2906212651,read,146677
measured,probe-memory-buffer,run,3350,11717301,0,658745,3293725,2347113,1000000,2906212651,read,146694
measured,probe-memory-buffer,run,3351,11717801,0,658745,3293725,2347383,1000000,2906212651,read,146711
measured,probe-memory-buffer,run,3352,11718201,0,658745,3293725,2347722,1000000,2906212651,read,146732
measured,probe-memory-buffer,run,3353,11718601,0,658745,3293725,2347992,1000000,2906212651,read,146749
measured,probe-memory-buffer,run,3354,11719001,0,658745,3293725,2348263,1000000,2906212651,read,146766
measured,probe-memory-buffer,run,3355,11719401,0,658745,3293725,2348534,1000000,2906212651,read,146783
measured,probe-memory-buffer,run,3356,11719901,0,658745,3293725,2348804,1000000,2906212651,read,146800
measured,probe-memory-buffer,run,3357,11720301,0,658745,3293725,2349075,1000000,2906212651,read,146817
measured,probe-memory-buffer,run,3358,11720701,0,658745,3293725,2349413,1000000,2906212651,read,146838
measured,probe-memory-buffer,run,3359,11721101,0,658745,3293725,2349684,1000000,2906212651,read,146855
measured,probe-memory-buffer,run,3360,11721501,0,658745,3293725,2349955,1000000,2906212651,read,146872
measured,probe-memory-buffer,run,3361,11722001,0,658745,3293725,2350225,1000000,2906212651,read,146889
measured,probe-memory-buffer,run,3362,11722401,0,658745,3293725,2350496,1000000,2906212651,read,146906
measured,probe-memory-buffer,run,3363,11722801,0,658745,3293725,2350834,1000000,2906212651,read,146927
measured,probe-memory-buffer,run,3364,11723201,0,658745,3293725,2351105,1000000,2906212651,read,146944
measured,probe-memory-buffer,run,3365,11723601,0,658745,3293725,2351376,1000000,2906212651,read,146961
measured,probe-memory-buffer,run,3366,11724101,0,658745,3293725,2351646,1000000,2906212651,read,146977
measured,probe-memory-buffer,run,3367,11724501,0,658745,3293725,2351985,1000000,2906212651,read,146999
measured,probe-memory-buffer,run,3368,11724901,0,658745,3293725,2352255,1000000,2906212651,read,147015
measured,probe-memory-buffer,run,3369,11725301,0,658745,3293725,2352526,1000000,2906212651,read,147032
measured,probe-memory-buffer,run,3370,11725701,0,658745,3293725,2352797,1000000,2906212651,read,147049
measured,probe-memory-buffer,run,3371,11726101,0,658745,3293725,2353067,1000000,2906212651,read,147066
measured,probe-memory-buffer,run,3372,11726601,0,658745,3293725,2353338,1000000,2906212651,read,147083
measured,probe-memory-buffer,run,3373,11727001,0,658745,3293725,2353676,1000000,2906212651,read,147104
measured,probe-memory-buffer,run,3374,11727401,0,658745,3293725,2353947,1000000,2906212651,read,147121
measured,probe-memory-buffer,run,3375,11727801,0,658745,3293725,2354217,1000000,2906212651,read,147138
measured,probe-memory-buffer,run,3376,11728201,0,658745,3293725,2354488,1000000,2906212651,read,147155
measured,probe-memory-buffer,run,3377,11728701,0,658745,3293725,2354759,1000000,2906212651,read,147172
measured,probe-memory-buffer,run,3378,11729101,0,658745,3293725,2355097,1000000,2906212651,read,147193
measured,probe-memory-buffer,run,3379,11729501,0,658745,3293725,2355368,1000000,2906212651,read,147210
measured,probe-memory-buffer,run,3380,11729901,0,658745,3293725,2355638,1000000,2906212651,read,147227
measured,probe-memory-buffer,run,3381,11730301,0,658745,3293725,2355909,1000000,2906212651,read,147244
measured,probe-memory-buffer,run,3382,11731601,0,658745,3293725,2356721,1000000,2906212651,read,147295
measured,probe-memory-buffer,run,3383,11732001,0,658745,3293725,2356992,1000000,2906212651,read,147312
measured,probe-memory-buffer,run,3384,11732401,0,658745,3293725,2357330,1000000,2906212651,read,147333
measured,probe-memory-buffer,run,3385,11732801,0,658745,3293725,2357601,1000000,2906212651,read,147350
measured,probe-memory-buffer,run,3386,11733201,0,658745,3293725,2357871,1000000,2906212651,read,147366
measured,probe-memory-buffer,run,3387,11733701,0,658745,3293725,2358142,1000000,2906212651,read,147383
measured,probe-memory-buffer,run,3388,11734101,0,658745,3293725,2358480,1000000,2906212651,read,147405
measured,probe-memory-buffer,run,3389,11734501,0,658745,3293725,2358751,1000000,2906212651,read,147421
measured,probe-memory-buffer,run,3390,11734901,0,658745,3293725,2359022,1000000,2906212651,read,147438
measured,probe-memory-buffer,run,3391,11735301,0,658745,3293725,2359292,1000000,2906212651,read,147455
measured,probe-memory-buffer,run,3392,11735801,0,658745,3293725,2359563,1000000,2906212651,read,147472
measured,probe-memory-buffer,run,3393,11736201,0,658745,3293725,2359901,1000000,2906212651,read,147493
measured,probe-memory-buffer,run,3394,11736601,0,658745,3293725,2360172,1000000,2906212651,read,147510
measured,probe-memory-buffer,run,3395,11737001,0,658745,3293725,2360443,1000000,2906212651,read,147527
measured,probe-memory-buffer,run,3396,11737401,0,658745,3293725,2360713,1000000,2906212651,read,147544
measured,probe-memory-buffer,run,3397,11737901,0,658745,3293725,2360984,1000000,2906212651,read,147561
measured,probe-memory-buffer,run,3398,11738301,0,658745,3293725,2361322,1000000,2906212651,read,147582
measured,probe-memory-buffer,run,3399,11738701,0,658745,3293725,2361593,1000000,2906212651,read,147599
measured,probe-memory-buffer,run,3400,11739101,0,658745,3293725,2361864,1000000,2906212651,read,147616
measured,probe-memory-buffer,run,3401,11739601,0,658745,3293725,2362134,1000000,2906212651,read,147633
measured,probe-memory-buffer,run,3402,11740001,0,658745,3293725,2362405,1000000,2906212651,read,147650
measured,probe-memory-buffer,run,3403,11740401,0,658745,3293725,2362743,1000000,2906212651,read,147671
measured,probe-memory-buffer,run,3404,11740801,0,658745,3293725,2363014,1000000,2906212651,read,147688
measured,probe-memory-buffer,run,3405,11741201,0,658745,3293725,2363285,1000000,2906212651,read,147705
measured,probe-memory-buffer,run,3406,11741601,0,658745,3293725,2363555,1000000,2906212651,read,147722
measured,probe-memory-buffer,run,3407,11742101,0,658745,3293725,2363826,1000000,2906212651,read,147739
measured,probe-memory-buffer,run,3408,11742501,0,658745,3293725,2364164,1000000,2906212651,read,147760
measured,probe-memory-buffer,run,3409,11742901,0,658745,3293725,2364435,1000000,2906212651,read,147777
measured,probe-memory-buffer,run,3410,11743301,0,658745,3293725,2364706,1000000,2906212651,read,147794
measured,probe-memory-buffer,run,3411,11743801,0,658745,3293725,2364976,1000000,2906212651,read,147811
measured,probe-memory-buffer,run,3412,11744201,0,658745,3293725,2365247,1000000,2906212651,read,147827
measured,probe-memory-buffer,run,3413,11744601,0,658745,3293725,2365585,1000000,2906212651,read,147849
measured,probe-memory-buffer,run,3414,11745001,0,658745,3293725,2365856,1000000,2906212651,read,147866
measured,probe-memory-buffer,run,3415,11745401,0,658745,3293725,2366127,1000000,2906212651,read,147882
measured,probe-memory-buffer,run,3416,11745901,0,658745,3293725,2366397,1000000,2906212651,read,147899
measured,probe-memory-buffer,run,3417,11746301,0,658745,3293725,2366668,1000000,2906212651,read,147916
measured,probe-memory-buffer,run,3418,11746701,0,658745,3293725,2367006,1000000,2906212651,read,147937
measured,probe-memory-buffer,run,3419,11747101,0,658745,3293725,2367277,1000000,2906212651,read,147954
measured,probe-memory-buffer,run,3420,11747501,0,658745,3293725,2367548,1000000,2906212651,read,147971
measured,probe-memory-buffer,run,3421,11748001,0,658745,3293725,2367818,1000000,2906212651,read,147988
measured,probe-memory-buffer,run,3422,11748401,0,658745,3293725,2368089,1000000,2906212651,read,148005
measured,probe-memory-buffer,run,3423,11748801,0,658745,3293725,2368427,1000000,2906212651,read,148026
measured,probe-memory-buffer,run,3424,11749201,0,658745,3293725,2368698,1000000,2906212651,read,148043
measured,probe-memory-buffer,run,3425,11749601,0,658745,3293725,2368969,1000000,2906212651,read,148060
measured,probe-memory-buffer,run,3426,11750101,0,658745,3293725,2369239,1000000,2906212651,read,148077
measured,probe-memory-buffer,run,3427,11750501,0,658745,3293725,2369510,1000000,2906212651,read,148094
measured,probe-memory-buffer,run,3428,11750901,0,658745,3293725,2369848,1000000,2906212651,read,148115
measured,probe-memory-buffer,run,3429,11751301,0,658745,3293725,2370119,1000000,2906212651,read,148132
measured,probe-memory-buffer,run,3430,11751701,0,658745,3293725,2370390,1000000,2906212651,read,148149
measured,probe-memory-buffer,run,3431,11752201,0,658745,3293725,2370660,1000000,2906212651,read,148166
measured,probe-memory-buffer,run,3432,11752601,0,658745,3293725,2370931,1000000,2906212651,read,148183
measured,probe-memory-buffer,run,3433,11753001,0,658745,3293725,2371269,1000000,2906212651,read,148204
measured,probe-memory-buffer,run,3434,11753401,0,658745,3293725,2371540,1000000,2906212651,read,148221
measured,probe-memory-buffer,run,3435,11753801,0,658745,3293725,2371811,1000000,2906212651,read,148238
measured,probe-memory-buffer,run,3436,11754201,0,658745,3293725,2372081,1000000,2906212651,read,148255
measured,probe-memory-buffer,run,3437,11754701,0,658745,3293725,2372352,1000000,2906212651,read,148272
measured,probe-memory-buffer,run,3438,11755101,0,658745,3293725,2372690,1000000,2906212651,read,148293
measured,probe-memory-buffer,run,3439,11756301,0,658745,3293725,2373502,1000000,2906212651,read,148343
measured,probe-memory-buffer,run,3440,11756701,0,658745,3293725,2373773,1000000,2906212651,read,148360
measured,probe-memory-buffer,run,3441,11757101,0,658745,3293725,2374043,1000000,2906212651,read,148377
measured,probe-memory-buffer,run,3442,11757601,0,658745,3293725,2374314,1000000,2906212651,read,148394
measured,probe-memory-buffer,run,3443,11758001,0,658745,3293725,2374652,1000000,2906212651,read,148415
measured,probe-memory-buffer,run,3444,11758401,0,658745,3293725,2374923,1000000,2906212651,read,148432
measured,probe-memory-buffer,run,3445,11760101,0,658745,3293725,2375938,1000000,2190396906,update,0
measured,probe-memory-buffer,run,3446,11787501,0,658745,3293725,2389911,1000000,2190396906,read,149369
measured,probe-memory-buffer,run,3447,11790601,0,658745,3293725,2391492,1000000,2190396906,read,149468
measured,probe-memory-buffer,run,3448,11791101,0,658745,3293725,2391798,1000000,2190396906,read,149487
measured,probe-memory-buffer,run,3449,11791701,0,658745,3293725,2392053,1000000,2190396906,read,149503
measured,probe-memory-buffer,run,3450,11792201,0,658745,3293725,2392308,1000000,2190396906,read,149519
measured,probe-memory-buffer,run,3451,11792601,0,658745,3293725,2392563,1000000,2190396906,read,149535
measured,probe-memory-buffer,run,3452,11793001,0,658745,3293725,2392767,1000000,2190396906,read,149547
measured,probe-memory-buffer,run,3453,11793401,0,658745,3293725,2392971,1000000,2190396906,read,149560
measured,probe-memory-buffer,run,3454,11793901,0,658745,3293725,2393175,1000000,2190396906,read,149573
measured,probe-memory-buffer,run,3455,11794301,0,658745,3293725,2393379,1000000,2190396906,read,149586
measured,probe-memory-buffer,run,3456,11794701,0,658745,3293725,2393634,1000000,2190396906,read,149602
measured,probe-memory-buffer,run,3457,11795101,0,658745,3293725,2393838,1000000,2190396906,read,149614
measured,probe-memory-buffer,run,3458,11795501,0,658745,3293725,2394042,1000000,2190396906,read,149627
measured,probe-memory-buffer,run,3459,11795901,0,658745,3293725,2394246,1000000,2190396906,read,149640
measured,probe-memory-buffer,run,3460,11796401,0,658745,3293725,2394450,1000000,2190396906,read,149653
measured,probe-memory-buffer,run,3461,11796801,0,658745,3293725,2394705,1000000,2190396906,read,149669
measured,probe-memory-buffer,run,3462,11797201,0,658745,3293725,2394909,1000000,2190396906,read,149681
measured,probe-memory-buffer,run,3463,11797601,0,658745,3293725,2395113,1000000,2190396906,read,149694
measured,probe-memory-buffer,run,3464,11798101,0,658745,3293725,2395317,1000000,2190396906,read,149707
measured,probe-memory-buffer,run,3465,11798501,0,658745,3293725,2395521,1000000,2190396906,read,149720
measured,probe-memory-buffer,run,3466,11798901,0,658745,3293725,2395776,1000000,2190396906,read,149736
measured,probe-memory-buffer,run,3467,11799301,0,658745,3293725,2395980,1000000,2190396906,read,149748
measured,probe-memory-buffer,run,3468,11799701,0,658745,3293725,2396184,1000000,2190396906,read,149761
measured,probe-memory-buffer,run,3469,11800201,0,658745,3293725,2396388,1000000,2190396906,read,149774
measured,probe-memory-buffer,run,3470,11800601,0,658745,3293725,2396643,1000000,2190396906,read,149790
measured,probe-memory-buffer,run,3471,11801001,0,658745,3293725,2396847,1000000,2190396906,read,149802
measured,probe-memory-buffer,run,3472,11801401,0,658745,3293725,2397051,1000000,2190396906,read,149815
measured,probe-memory-buffer,run,3473,11801801,0,658745,3293725,2397255,1000000,2190396906,read,149828
measured,probe-memory-buffer,run,3474,11802301,0,658745,3293725,2397459,1000000,2190396906,read,149841
measured,probe-memory-buffer,run,3475,11802701,0,658745,3293725,2397663,1000000,2190396906,read,149853
measured,probe-memory-buffer,run,3476,11803101,0,658745,3293725,2397918,1000000,2190396906,read,149869
measured,probe-memory-buffer,run,3477,11803501,0,658745,3293725,2398122,1000000,2190396906,read,149882
measured,probe-memory-buffer,run,3478,11803901,0,658745,3293725,2398326,1000000,2190396906,read,149895
measured,probe-memory-buffer,run,3479,11804401,0,658745,3293725,2398530,1000000,2190396906,read,149908
measured,probe-memory-buffer,run,3480,11804801,0,658745,3293725,2398734,1000000,2190396906,read,149920
measured,probe-memory-buffer,run,3481,11805201,0,658745,3293725,2398989,1000000,2190396906,read,149936
measured,probe-memory-buffer,run,3482,11805601,0,658745,3293725,2399193,1000000,2190396906,read,149949
measured,probe-memory-buffer,run,3483,11806001,0,658745,3293725,2399397,1000000,2190396906,read,149962
measured,probe-memory-buffer,run,3484,11806501,0,658745,3293725,2399601,1000000,2190396906,read,149975
measured,probe-memory-buffer,run,3485,11806901,0,658745,3293725,2399856,1000000,2190396906,read,149991
measured,probe-memory-buffer,run,3486,11807301,0,658745,3293725,2400060,1000000,2190396906,read,150003
measured,probe-memory-buffer,run,3487,11807701,0,658745,3293725,2400264,1000000,2190396906,read,150016
measured,probe-memory-buffer,run,3488,11808101,0,658745,3293725,2400468,1000000,2190396906,read,150029
measured,probe-memory-buffer,run,3489,11808601,0,658745,3293725,2400672,1000000,2190396906,read,150042
measured,probe-memory-buffer,run,3490,11809001,0,658745,3293725,2400927,1000000,2190396906,read,150057
measured,probe-memory-buffer,run,3491,11809401,0,658745,3293725,2401131,1000000,2190396906,read,150070
measured,probe-memory-buffer,run,3492,11809801,0,658745,3293725,2401335,1000000,2190396906,read,150083
measured,probe-memory-buffer,run,3493,11810201,0,658745,3293725,2401539,1000000,2190396906,read,150096
measured,probe-memory-buffer,run,3494,11810701,0,658745,3293725,2401743,1000000,2190396906,read,150108
measured,probe-memory-buffer,run,3495,11811101,0,658745,3293725,2401998,1000000,2190396906,read,150124
measured,probe-memory-buffer,run,3496,11814701,0,658745,3293725,2403834,1000000,2190396906,read,150239
measured,probe-memory-buffer,run,3497,11815101,0,658745,3293725,2404038,1000000,2190396906,read,150252
measured,probe-memory-buffer,run,3498,11817401,0,658745,3293725,2405211,1000000,2190396906,read,150325
measured,probe-memory-buffer,run,3499,11817901,0,658745,3293725,2405415,1000000,2190396906,read,150338
measured,probe-memory-buffer,run,3500,11818301,0,658745,3293725,2405619,1000000,2190396906,read,150351
measured,probe-memory-buffer,run,3501,11818701,0,658745,3293725,2405874,1000000,2190396906,read,150367
measured,probe-memory-buffer,run,3502,11819101,0,658745,3293725,2406078,1000000,2190396906,read,150379
measured,probe-memory-buffer,run,3503,11819501,0,658745,3293725,2406282,1000000,2190396906,read,150392
measured,probe-memory-buffer,run,3504,11820001,0,658745,3293725,2406486,1000000,2190396906,read,150405
measured,probe-memory-buffer,run,3505,11820401,0,658745,3293725,2406741,1000000,2190396906,read,150421
measured,probe-memory-buffer,run,3506,11820801,0,658745,3293725,2406945,1000000,2190396906,read,150434
measured,probe-memory-buffer,run,3507,11821201,0,658745,3293725,2407149,1000000,2190396906,read,150446
measured,probe-memory-buffer,run,3508,11821601,0,658745,3293725,2407353,1000000,2190396906,read,150459
measured,probe-memory-buffer,run,3509,11822101,0,658745,3293725,2407557,1000000,2190396906,read,150472
measured,probe-memory-buffer,run,3510,11822501,0,658745,3293725,2407761,1000000,2190396906,read,150485
measured,probe-memory-buffer,run,3511,11822901,0,658745,3293725,2408016,1000000,2190396906,read,150501
measured,probe-memory-buffer,run,3512,11823301,0,658745,3293725,2408220,1000000,2190396906,read,150513
measured,probe-memory-buffer,run,3513,11823701,0,658745,3293725,2408424,1000000,2190396906,read,150526
measured,probe-memory-buffer,run,3514,11824201,0,658745,3293725,2408628,1000000,2190396906,read,150539
measured,probe-memory-buffer,run,3515,11824601,0,658745,3293725,2408832,1000000,2190396906,read,150552
measured,probe-memory-buffer,run,3516,11825001,0,658745,3293725,2409087,1000000,2190396906,read,150567
measured,probe-memory-buffer,run,3517,11825401,0,658745,3293725,2409291,1000000,2190396906,read,150580
measured,probe-memory-buffer,run,3518,11825801,0,658745,3293725,2409495,1000000,2190396906,read,150593
measured,probe-memory-buffer,run,3519,11826301,0,658745,3293725,2409699,1000000,2190396906,read,150606
measured,probe-memory-buffer,run,3520,11826701,0,658745,3293725,2409954,1000000,2190396906,read,150622
measured,probe-memory-buffer,run,3521,11827101,0,658745,3293725,2410158,1000000,2190396906,read,150634
measured,probe-memory-buffer,run,3522,11827501,0,658745,3293725,2410362,1000000,2190396906,read,150647
measured,probe-memory-buffer,run,3523,11827901,0,658745,3293725,2410566,1000000,2190396906,read,150660
measured,probe-memory-buffer,run,3524,11828401,0,658745,3293725,2410770,1000000,2190396906,read,150673
measured,probe-memory-buffer,run,3525,11828801,0,658745,3293725,2411025,1000000,2190396906,read,150689
measured,probe-memory-buffer,run,3526,11829201,0,658745,3293725,2411229,1000000,2190396906,read,150701
measured,probe-memory-buffer,run,3527,11829601,0,658745,3293725,2411433,1000000,2190396906,read,150714
measured,probe-memory-buffer,run,3528,11830101,0,658745,3293725,2411637,1000000,2190396906,read,150727
measured,probe-memory-buffer,run,3529,11830501,0,658745,3293725,2411892,1000000,2190396906,read,150743
measured,probe-memory-buffer,run,3530,11830901,0,658745,3293725,2412096,1000000,2190396906,read,150756
measured,probe-memory-buffer,run,3531,11831301,0,658745,3293725,2412300,1000000,2190396906,read,150768
measured,probe-memory-buffer,run,3532,11831801,0,658745,3293725,2412504,1000000,2190396906,read,150781
measured,probe-memory-buffer,run,3533,11832201,0,658745,3293725,2412759,1000000,2190396906,read,150797
measured,probe-memory-buffer,run,3534,11832601,0,658745,3293725,2412963,1000000,2190396906,read,150810
measured,probe-memory-buffer,run,3535,11833001,0,658745,3293725,2413167,1000000,2190396906,read,150822
measured,probe-memory-buffer,run,3536,11833401,0,658745,3293725,2413371,1000000,2190396906,read,150835
measured,probe-memory-buffer,run,3537,11833901,0,658745,3293725,2413575,1000000,2190396906,read,150848
measured,probe-memory-buffer,run,3538,11834301,0,658745,3293725,2413830,1000000,2190396906,read,150864
measured,probe-memory-buffer,run,3539,11834701,0,658745,3293725,2414034,1000000,2190396906,read,150877
measured,probe-memory-buffer,run,3540,11835101,0,658745,3293725,2414238,1000000,2190396906,read,150889
measured,probe-memory-buffer,run,3541,11835601,0,658745,3293725,2414442,1000000,2190396906,read,150902
measured,probe-memory-buffer,run,3542,11836001,0,658745,3293725,2414697,1000000,2190396906,read,150918
measured,probe-memory-buffer,run,3543,11836401,0,658745,3293725,2414901,1000000,2190396906,read,150931
measured,probe-memory-buffer,run,3544,11836801,0,658745,3293725,2415105,1000000,2190396906,read,150944
measured,probe-memory-buffer,run,3545,11837201,0,658745,3293725,2415309,1000000,2190396906,read,150956
measured,probe-memory-buffer,run,3546,11837701,0,658745,3293725,2415513,1000000,2190396906,read,150969
measured,probe-memory-buffer,run,3547,11838101,0,658745,3293725,2415768,1000000,2190396906,read,150985
measured,probe-memory-buffer,run,3548,11838501,0,658745,3293725,2415972,1000000,2190396906,read,150998
measured,probe-memory-buffer,run,3549,11838901,0,658745,3293725,2416176,1000000,2190396906,read,151011
measured,probe-memory-buffer,run,3550,11839301,0,658745,3293725,2416380,1000000,2190396906,read,151023
measured,probe-memory-buffer,run,3551,11839801,0,658745,3293725,2416584,1000000,2190396906,read,151036
measured,probe-memory-buffer,run,3552,11840201,0,658745,3293725,2416839,1000000,2190396906,read,151052
measured,probe-memory-buffer,run,3553,11843501,0,658745,3293725,2418471,1000000,2190396906,read,151154
measured,probe-memory-buffer,run,3554,11843901,0,658745,3293725,2418726,1000000,2190396906,read,151170
measured,probe-memory-buffer,run,3555,11844301,0,658745,3293725,2418930,1000000,2190396906,read,151183
measured,probe-memory-buffer,run,3556,11844701,0,658745,3293725,2419134,1000000,2190396906,read,151195
measured,probe-memory-buffer,run,3557,11845201,0,658745,3293725,2419338,1000000,2190396906,read,151208
measured,probe-memory-buffer,run,3558,11845601,0,658745,3293725,2419593,1000000,2190396906,read,151224
measured,probe-memory-buffer,run,3559,11846001,0,658745,3293725,2419797,1000000,2190396906,read,151237
measured,probe-memory-buffer,run,3560,11846401,0,658745,3293725,2420001,1000000,2190396906,read,151250
measured,probe-memory-buffer,run,3561,11846901,0,658745,3293725,2420205,1000000,2190396906,read,151262
measured,probe-memory-buffer,run,3562,11847301,0,658745,3293725,2420460,1000000,2190396906,read,151278
measured,probe-memory-buffer,run,3563,11847701,0,658745,3293725,2420664,1000000,2190396906,read,151291
measured,probe-memory-buffer,run,3564,11848101,0,658745,3293725,2420868,1000000,2190396906,read,151304
measured,probe-memory-buffer,run,3565,11848601,0,658745,3293725,2421072,1000000,2190396906,read,151317
measured,probe-memory-buffer,run,3566,11849001,0,658745,3293725,2421327,1000000,2190396906,read,151332
measured,probe-memory-buffer,run,3567,11849401,0,658745,3293725,2421531,1000000,2190396906,read,151345
measured,probe-memory-buffer,run,3568,11849801,0,658745,3293725,2421735,1000000,2190396906,read,151358
measured,probe-memory-buffer,run,3569,11850301,0,658745,3293725,2421939,1000000,2190396906,read,151371
measured,probe-memory-buffer,run,3570,11850701,0,658745,3293725,2422194,1000000,2190396906,read,151387
measured,probe-memory-buffer,run,3571,11851101,0,658745,3293725,2422398,1000000,2190396906,read,151399
measured,probe-memory-buffer,run,3572,11851501,0,658745,3293725,2422602,1000000,2190396906,read,151412
measured,probe-memory-buffer,run,3573,11852001,0,658745,3293725,2422806,1000000,2190396906,read,151425
measured,probe-memory-buffer,run,3574,11852401,0,658745,3293725,2423061,1000000,2190396906,read,151441
measured,probe-memory-buffer,run,3575,11852801,0,658745,3293725,2423265,1000000,2190396906,read,151454
measured,probe-memory-buffer,run,3576,11853201,0,658745,3293725,2423469,1000000,2190396906,read,151466
measured,probe-memory-buffer,run,3577,11853701,0,658745,3293725,2423673,1000000,2190396906,read,151479
measured,probe-memory-buffer,run,3578,11854101,0,658745,3293725,2423928,1000000,2190396906,read,151495
measured,probe-memory-buffer,run,3579,11854501,0,658745,3293725,2424132,1000000,2190396906,read,151508
measured,probe-memory-buffer,run,3580,11854901,0,658745,3293725,2424336,1000000,2190396906,read,151521
measured,probe-memory-buffer,run,3581,11855401,0,658745,3293725,2424540,1000000,2190396906,read,151533
measured,probe-memory-buffer,run,3582,11855801,0,658745,3293725,2424795,1000000,2190396906,read,151549
measured,probe-memory-buffer,run,3583,11856201,0,658745,3293725,2424999,1000000,2190396906,read,151562
measured,probe-memory-buffer,run,3584,11856601,0,658745,3293725,2425203,1000000,2190396906,read,151575
measured,probe-memory-buffer,run,3585,11857101,0,658745,3293725,2425407,1000000,2190396906,read,151587
measured,probe-memory-buffer,run,3586,11857501,0,658745,3293725,2425662,1000000,2190396906,read,151603
measured,probe-memory-buffer,run,3587,11857901,0,658745,3293725,2425866,1000000,2190396906,read,151616
measured,probe-memory-buffer,run,3588,11858301,0,658745,3293725,2426070,1000000,2190396906,read,151629
measured,probe-memory-buffer,run,3589,11858801,0,658745,3293725,2426274,1000000,2190396906,read,151642
measured,probe-memory-buffer,run,3590,11859201,0,658745,3293725,2426529,1000000,2190396906,read,151658
measured,probe-memory-buffer,run,3591,11859601,0,658745,3293725,2426733,1000000,2190396906,read,151670
measured,probe-memory-buffer,run,3592,11860001,0,658745,3293725,2426937,1000000,2190396906,read,151683
measured,probe-memory-buffer,run,3593,11860501,0,658745,3293725,2427141,1000000,2190396906,read,151696
measured,probe-memory-buffer,run,3594,11860901,0,658745,3293725,2427396,1000000,2190396906,read,151712
measured,probe-memory-buffer,run,3595,11861301,0,658745,3293725,2427600,1000000,2190396906,read,151725
measured,probe-memory-buffer,run,3596,11861701,0,658745,3293725,2427804,1000000,2190396906,read,151737
measured,probe-memory-buffer,run,3597,11862201,0,658745,3293725,2428008,1000000,2190396906,read,151750
measured,probe-memory-buffer,run,3598,11862601,0,658745,3293725,2428263,1000000,2190396906,read,151766
measured,probe-memory-buffer,run,3599,11863001,0,658745,3293725,2428467,1000000,2190396906,read,151779
measured,probe-memory-buffer,run,3600,11863501,0,658745,3293725,2428671,1000000,2190396906,read,151791
measured,probe-memory-buffer,run,3601,11863901,0,658745,3293725,2428875,1000000,2190396906,read,151804
measured,probe-memory-buffer,run,3602,11864301,0,658745,3293725,2429130,1000000,2190396906,read,151820
measured,probe-memory-buffer,run,3603,11864701,0,658745,3293725,2429334,1000000,2190396906,read,151833
measured,probe-memory-buffer,run,3604,11865201,0,658745,3293725,2429538,1000000,2190396906,read,151846
measured,probe-memory-buffer,run,3605,11865601,0,658745,3293725,2429793,1000000,2190396906,read,151862
measured,probe-memory-buffer,run,3606,11866001,0,658745,3293725,2429997,1000000,2190396906,read,151874
measured,probe-memory-buffer,run,3607,11866401,0,658745,3293725,2430201,1000000,2190396906,read,151887
measured,probe-memory-buffer,run,3608,11866901,0,658745,3293725,2430405,1000000,2190396906,read,151900
measured,probe-memory-buffer,run,3609,11867301,0,658745,3293725,2430660,1000000,2190396906,read,151916
measured,probe-memory-buffer,run,3610,11868801,0,658745,3293725,2431425,1000000,2190396906,read,151964
measured,probe-memory-buffer,run,3611,11869301,0,658745,3293725,2431629,1000000,2190396906,read,151976
measured,probe-memory-buffer,run,3612,11869701,0,658745,3293725,2431884,1000000,2190396906,read,151992
measured,probe-memory-buffer,run,3613,11870101,0,658745,3293725,2432088,1000000,2190396906,read,152005
measured,probe-memory-buffer,run,3614,11870501,0,658745,3293725,2432292,1000000,2190396906,read,152018
measured,probe-memory-buffer,run,3615,11870901,0,658745,3293725,2432496,1000000,2190396906,read,152031
measured,probe-memory-buffer,run,3616,11871401,0,658745,3293725,2432700,1000000,2190396906,read,152043
measured,probe-memory-buffer,run,3617,11871801,0,658745,3293725,2432955,1000000,2190396906,read,152059
measured,probe-memory-buffer,run,3618,11872201,0,658745,3293725,2433159,1000000,2190396906,read,152072
measured,probe-memory-buffer,run,3619,11872601,0,658745,3293725,2433363,1000000,2190396906,read,152085
measured,probe-memory-buffer,run,3620,11873001,0,658745,3293725,2433567,1000000,2190396906,read,152097
measured,probe-memory-buffer,run,3621,11873501,0,658745,3293725,2433771,1000000,2190396906,read,152110
measured,probe-memory-buffer,run,3622,11873901,0,658745,3293725,2433975,1000000,2190396906,read,152123
measured,probe-memory-buffer,run,3623,11874301,0,658745,3293725,2434230,1000000,2190396906,read,152139
measured,probe-memory-buffer,run,3624,11874701,0,658745,3293725,2434434,1000000,2190396906,read,152152
measured,probe-memory-buffer,run,3625,11875101,0,658745,3293725,2434638,1000000,2190396906,read,152164
measured,probe-memory-buffer,run,3626,11875501,0,658745,3293725,2434842,1000000,2190396906,read,152177
measured,probe-memory-buffer,run,3627,11876001,0,658745,3293725,2435046,1000000,2190396906,read,152190
measured,probe-memory-buffer,run,3628,11876401,0,658745,3293725,2435301,1000000,2190396906,read,152206
measured,probe-memory-buffer,run,3629,11876801,0,658745,3293725,2435505,1000000,2190396906,read,152219
measured,probe-memory-buffer,run,3630,11877201,0,658745,3293725,2435709,1000000,2190396906,read,152231
measured,probe-memory-buffer,run,3631,11877601,0,658745,3293725,2435913,1000000,2190396906,read,152244
measured,probe-memory-buffer,run,3632,11878101,0,658745,3293725,2436116,1000000,2190396906,read,152257
measured,probe-memory-buffer,run,3633,11878501,0,658745,3293725,2436371,1000000,2190396906,read,152273
measured,probe-memory-buffer,run,3634,11878901,0,658745,3293725,2436575,1000000,2190396906,read,152285
measured,probe-memory-buffer,run,3635,11879301,0,658745,3293725,2436779,1000000,2190396906,read,152298
measured,probe-memory-buffer,run,3636,11879701,0,658745,3293725,2436983,1000000,2190396906,read,152311
measured,probe-memory-buffer,run,3637,11881601,0,724280,3621400,2621400,1000000,2727276921,update,0
measured,probe-memory-buffer,run,3638,11904801,0,724280,3621400,2636195,1000000,2727276921,read,164762
measured,probe-memory-buffer,run,3639,11906801,0,724280,3621400,2637528,1000000,2727276921,read,164845
measured,probe-memory-buffer,run,3640,11907401,0,724280,3621400,2637909,1000000,2727276921,read,164869
measured,probe-memory-buffer,run,3641,11907901,0,724280,3621400,2638227,1000000,2727276921,read,164889
measured,probe-memory-buffer,run,3642,11908401,0,724280,3621400,2638544,1000000,2727276921,read,164909
measured,probe-memory-buffer,run,3643,11908801,0,724280,3621400,2638798,1000000,2727276921,read,164924
measured,probe-memory-buffer,run,3644,11909301,0,724280,3621400,2639052,1000000,2727276921,read,164940
measured,probe-memory-buffer,run,3645,11909701,0,724280,3621400,2639306,1000000,2727276921,read,164956
measured,probe-memory-buffer,run,3646,11910101,0,724280,3621400,2639624,1000000,2727276921,read,164976
measured,probe-memory-buffer,run,3647,11910501,0,724280,3621400,2639878,1000000,2727276921,read,164992
measured,probe-memory-buffer,run,3648,11910901,0,724280,3621400,2640132,1000000,2727276921,read,165008
measured,probe-memory-buffer,run,3649,11911301,0,724280,3621400,2640386,1000000,2727276921,read,165024
measured,probe-memory-buffer,run,3650,11911801,0,724280,3621400,2640640,1000000,2727276921,read,165040
measured,probe-memory-buffer,run,3651,11912201,0,724280,3621400,2640957,1000000,2727276921,read,165059
measured,probe-memory-buffer,run,3652,11912601,0,724280,3621400,2641211,1000000,2727276921,read,165075
measured,probe-memory-buffer,run,3653,11913001,0,724280,3621400,2641465,1000000,2727276921,read,165091
measured,probe-memory-buffer,run,3654,11913401,0,724280,3621400,2641719,1000000,2727276921,read,165107
measured,probe-memory-buffer,run,3655,11913901,0,724280,3621400,2641973,1000000,2727276921,read,165123
measured,probe-memory-buffer,run,3656,11914301,0,724280,3621400,2642291,1000000,2727276921,read,165143
measured,probe-memory-buffer,run,3657,11914701,0,724280,3621400,2642545,1000000,2727276921,read,165159
measured,probe-memory-buffer,run,3658,11915101,0,724280,3621400,2642799,1000000,2727276921,read,165174
measured,probe-memory-buffer,run,3659,11915501,0,724280,3621400,2643053,1000000,2727276921,read,165190
measured,probe-memory-buffer,run,3660,11916001,0,724280,3621400,2643307,1000000,2727276921,read,165206
measured,probe-memory-buffer,run,3661,11916401,0,724280,3621400,2643624,1000000,2727276921,read,165226
measured,probe-memory-buffer,run,3662,11916801,0,724280,3621400,2643878,1000000,2727276921,read,165242
measured,probe-memory-buffer,run,3663,11917201,0,724280,3621400,2644132,1000000,2727276921,read,165258
measured,probe-memory-buffer,run,3664,11917701,0,724280,3621400,2644386,1000000,2727276921,read,165274
measured,probe-memory-buffer,run,3665,11918101,0,724280,3621400,2644640,1000000,2727276921,read,165290
measured,probe-memory-buffer,run,3666,11918501,0,724280,3621400,2644958,1000000,2727276921,read,165309
measured,probe-memory-buffer,run,3667,11921301,0,724280,3621400,2646736,1000000,2727276921,read,165421
measured,probe-memory-buffer,run,3668,11921801,0,724280,3621400,2646990,1000000,2727276921,read,165436
measured,probe-memory-buffer,run,3669,11922201,0,724280,3621400,2647307,1000000,2727276921,read,165456
measured,probe-memory-buffer,run,3670,11922601,0,724280,3621400,2647561,1000000,2727276921,read,165472
measured,probe-memory-buffer,run,3671,11923001,0,724280,3621400,2647815,1000000,2727276921,read,165488
measured,probe-memory-buffer,run,3672,11923401,0,724280,3621400,2648069,1000000,2727276921,read,165504
measured,probe-memory-buffer,run,3673,11923901,0,724280,3621400,2648323,1000000,2727276921,read,165520
measured,probe-memory-buffer,run,3674,11924301,0,724280,3621400,2648641,1000000,2727276921,read,165540
measured,probe-memory-buffer,run,3675,11924701,0,724280,3621400,2648895,1000000,2727276921,read,165555
measured,probe-memory-buffer,run,3676,11925101,0,724280,3621400,2649149,1000000,2727276921,read,165571
measured,probe-memory-buffer,run,3677,11925601,0,724280,3621400,2649403,1000000,2727276921,read,165587
measured,probe-memory-buffer,run,3678,11926001,0,724280,3621400,2649657,1000000,2727276921,read,165603
measured,probe-memory-buffer,run,3679,11926401,0,724280,3621400,2649974,1000000,2727276921,read,165623
measured,probe-memory-buffer,run,3680,11926801,0,724280,3621400,2650228,1000000,2727276921,read,165639
measured,probe-memory-buffer,run,3681,11927201,0,724280,3621400,2650482,1000000,2727276921,read,165655
measured,probe-memory-buffer,run,3682,11927601,0,724280,3621400,2650736,1000000,2727276921,read,165671
measured,probe-memory-buffer,run,3683,11928101,0,724280,3621400,2650990,1000000,2727276921,read,165686
measured,probe-memory-buffer,run,3684,11928501,0,724280,3621400,2651308,1000000,2727276921,read,165706
measured,probe-memory-buffer,run,3685,11928901,0,724280,3621400,2651562,1000000,2727276921,read,165722
measured,probe-memory-buffer,run,3686,11929301,0,724280,3621400,2651816,1000000,2727276921,read,165738
measured,probe-memory-buffer,run,3687,11929701,0,724280,3621400,2652070,1000000,2727276921,read,165754
measured,probe-memory-buffer,run,3688,11930201,0,724280,3621400,2652324,1000000,2727276921,read,165770
measured,probe-memory-buffer,run,3689,11930601,0,724280,3621400,2652641,1000000,2727276921,read,165790
measured,probe-memory-buffer,run,3690,11931001,0,724280,3621400,2652895,1000000,2727276921,read,165805
measured,probe-memory-buffer,run,3691,11931401,0,724280,3621400,2653149,1000000,2727276921,read,165821
measured,probe-memory-buffer,run,3692,11931901,0,724280,3621400,2653403,1000000,2727276921,read,165837
measured,probe-memory-buffer,run,3693,11932301,0,724280,3621400,2653657,1000000,2727276921,read,165853
measured,probe-memory-buffer,run,3694,11932701,0,724280,3621400,2653975,1000000,2727276921,read,165873
measured,probe-memory-buffer,run,3695,11933101,0,724280,3621400,2654229,1000000,2727276921,read,165889
measured,probe-memory-buffer,run,3696,11933501,0,724280,3621400,2654483,1000000,2727276921,read,165905
measured,probe-memory-buffer,run,3697,11934001,0,724280,3621400,2654737,1000000,2727276921,read,165921
measured,probe-memory-buffer,run,3698,11934401,0,724280,3621400,2654991,1000000,2727276921,read,165936
measured,probe-memory-buffer,run,3699,11934801,0,724280,3621400,2655308,1000000,2727276921,read,165956
measured,probe-memory-buffer,run,3700,11935201,0,724280,3621400,2655562,1000000,2727276921,read,165972
measured,probe-memory-buffer,run,3701,11935601,0,724280,3621400,2655816,1000000,2727276921,read,165988
measured,probe-memory-buffer,run,3702,11936001,0,724280,3621400,2656070,1000000,2727276921,read,166004
measured,probe-memory-buffer,run,3703,11936501,0,724280,3621400,2656324,1000000,2727276921,read,166020
measured,probe-memory-buffer,run,3704,11936901,0,724280,3621400,2656642,1000000,2727276921,read,166040
measured,probe-memory-buffer,run,3705,11937301,0,724280,3621400,2656896,1000000,2727276921,read,166056
measured,probe-memory-buffer,run,3706,11937701,0,724280,3621400,2657150,1000000,2727276921,read,166071
measured,probe-memory-buffer,run,3707,11938101,0,724280,3621400,2657404,1000000,2727276921,read,166087
measured,probe-memory-buffer,run,3708,11938601,0,724280,3621400,2657658,1000000,2727276921,read,166103
measured,probe-memory-buffer,run,3709,11939001,0,724280,3621400,2657975,1000000,2727276921,read,166123
measured,probe-memory-buffer,run,3710,11939401,0,724280,3621400,2658229,1000000,2727276921,read,166139
measured,probe-memory-buffer,run,3711,11939801,0,724280,3621400,2658483,1000000,2727276921,read,166155
measured,probe-memory-buffer,run,3712,11940201,0,724280,3621400,2658737,1000000,2727276921,read,166171
measured,probe-memory-buffer,run,3713,11940701,0,724280,3621400,2658991,1000000,2727276921,read,166186
measured,probe-memory-buffer,run,3714,11941101,0,724280,3621400,2659309,1000000,2727276921,read,166206
measured,probe-memory-buffer,run,3715,11941501,0,724280,3621400,2659563,1000000,2727276921,read,166222
measured,probe-memory-buffer,run,3716,11941901,0,724280,3621400,2659817,1000000,2727276921,read,166238
measured,probe-memory-buffer,run,3717,11942301,0,724280,3621400,2660071,1000000,2727276921,read,166254
measured,probe-memory-buffer,run,3718,11942701,0,724280,3621400,2660325,1000000,2727276921,read,166270
measured,probe-memory-buffer,run,3719,11943201,0,724280,3621400,2660579,1000000,2727276921,read,166286
measured,probe-memory-buffer,run,3720,11943601,0,724280,3621400,2660896,1000000,2727276921,read,166306
measured,probe-memory-buffer,run,3721,11944001,0,724280,3621400,2661150,1000000,2727276921,read,166321
measured,probe-memory-buffer,run,3722,11944401,0,724280,3621400,2661404,1000000,2727276921,read,166337
measured,probe-memory-buffer,run,3723,11944901,0,724280,3621400,2661658,1000000,2727276921,read,166353
measured,probe-memory-buffer,run,3724,11946201,0,724280,3621400,2662547,1000000,2727276921,read,166409
measured,probe-memory-buffer,run,3725,11946701,0,724280,3621400,2662801,1000000,2727276921,read,166425
measured,probe-memory-buffer,run,3726,11947101,0,724280,3621400,2663119,1000000,2727276921,read,166444
measured,probe-memory-buffer,run,3727,11947501,0,724280,3621400,2663373,1000000,2727276921,read,166460
measured,probe-memory-buffer,run,3728,11947901,0,724280,3621400,2663627,1000000,2727276921,read,166476
measured,probe-memory-buffer,run,3729,11948301,0,724280,3621400,2663881,1000000,2727276921,read,166492
measured,probe-memory-buffer,run,3730,11948801,0,724280,3621400,2664135,1000000,2727276921,read,166508
measured,probe-memory-buffer,run,3731,11949201,0,724280,3621400,2664452,1000000,2727276921,read,166528
measured,probe-memory-buffer,run,3732,11949601,0,724280,3621400,2664706,1000000,2727276921,read,166544
measured,probe-memory-buffer,run,3733,11950001,0,724280,3621400,2664960,1000000,2727276921,read,166560
measured,probe-memory-buffer,run,3734,11950401,0,724280,3621400,2665214,1000000,2727276921,read,166575
measured,probe-memory-buffer,run,3735,11950901,0,724280,3621400,2665468,1000000,2727276921,read,166591
measured,probe-memory-buffer,run,3736,11951301,0,724280,3621400,2665786,1000000,2727276921,read,166611
measured,probe-memory-buffer,run,3737,11951701,0,724280,3621400,2666040,1000000,2727276921,read,166627
measured,probe-memory-buffer,run,3738,11952101,0,724280,3621400,2666294,1000000,2727276921,read,166643
measured,probe-memory-buffer,run,3739,11952501,0,724280,3621400,2666548,1000000,2727276921,read,166659
measured,probe-memory-buffer,run,3740,11953001,0,724280,3621400,2666802,1000000,2727276921,read,166675
measured,probe-memory-buffer,run,3741,11953401,0,724280,3621400,2667119,1000000,2727276921,read,166694
measured,probe-memory-buffer,run,3742,11953801,0,724280,3621400,2667373,1000000,2727276921,read,166710
measured,probe-memory-buffer,run,3743,11954201,0,724280,3621400,2667627,1000000,2727276921,read,166726
measured,probe-memory-buffer,run,3744,11954701,0,724280,3621400,2667881,1000000,2727276921,read,166742
measured,probe-memory-buffer,run,3745,11955101,0,724280,3621400,2668135,1000000,2727276921,read,166758
measured,probe-memory-buffer,run,3746,11955501,0,724280,3621400,2668453,1000000,2727276921,read,166778
measured,probe-memory-buffer,run,3747,11955901,0,724280,3621400,2668707,1000000,2727276921,read,166794
measured,probe-memory-buffer,run,3748,11956301,0,724280,3621400,2668961,1000000,2727276921,read,166810
measured,probe-memory-buffer,run,3749,11956701,0,724280,3621400,2669215,1000000,2727276921,read,166825
measured,probe-memory-buffer,run,3750,11957201,0,724280,3621400,2669469,1000000,2727276921,read,166841
measured,probe-memory-buffer,run,3751,11957601,0,724280,3621400,2669786,1000000,2727276921,read,166861
measured,probe-memory-buffer,run,3752,11958001,0,724280,3621400,2670040,1000000,2727276921,read,166877
measured,probe-memory-buffer,run,3753,11958401,0,724280,3621400,2670294,1000000,2727276921,read,166893
measured,probe-memory-buffer,run,3754,11958801,0,724280,3621400,2670548,1000000,2727276921,read,166909
measured,probe-memory-buffer,run,3755,11959301,0,724280,3621400,2670802,1000000,2727276921,read,166925
measured,probe-memory-buffer,run,3756,11959701,0,724280,3621400,2671120,1000000,2727276921,read,166945
measured,probe-memory-buffer,run,3757,11960101,0,724280,3621400,2671373,1000000,2727276921,read,166960
measured,probe-memory-buffer,run,3758,11960501,0,724280,3621400,2671627,1000000,2727276921,read,166976
measured,probe-memory-buffer,run,3759,11960901,0,724280,3621400,2671881,1000000,2727276921,read,166992
measured,probe-memory-buffer,run,3760,11961401,0,724280,3621400,2672135,1000000,2727276921,read,167008
measured,probe-memory-buffer,run,3761,11961801,0,724280,3621400,2672453,1000000,2727276921,read,167028
measured,probe-memory-buffer,run,3762,11962201,0,724280,3621400,2672707,1000000,2727276921,read,167044
measured,probe-memory-buffer,run,3763,11962601,0,724280,3621400,2672961,1000000,2727276921,read,167060
measured,probe-memory-buffer,run,3764,11963001,0,724280,3621400,2673215,1000000,2727276921,read,167075
measured,probe-memory-buffer,run,3765,11963501,0,724280,3621400,2673469,1000000,2727276921,read,167091
measured,probe-memory-buffer,run,3766,11963901,0,724280,3621400,2673786,1000000,2727276921,read,167111
measured,probe-memory-buffer,run,3767,11964301,0,724280,3621400,2674040,1000000,2727276921,read,167127
measured,probe-memory-buffer,run,3768,11964701,0,724280,3621400,2674294,1000000,2727276921,read,167143
measured,probe-memory-buffer,run,3769,11965101,0,724280,3621400,2674548,1000000,2727276921,read,167159
measured,probe-memory-buffer,run,3770,11965601,0,724280,3621400,2674802,1000000,2727276921,read,167175
measured,probe-memory-buffer,run,3771,11966001,0,724280,3621400,2675120,1000000,2727276921,read,167195
measured,probe-memory-buffer,run,3772,11966401,0,724280,3621400,2675374,1000000,2727276921,read,167210
measured,probe-memory-buffer,run,3773,11966801,0,724280,3621400,2675628,1000000,2727276921,read,167226
measured,probe-memory-buffer,run,3774,11967201,0,724280,3621400,2675882,1000000,2727276921,read,167242
measured,probe-memory-buffer,run,3775,11967701,0,724280,3621400,2676136,1000000,2727276921,read,167258
measured,probe-memory-buffer,run,3776,11968101,0,724280,3621400,2676453,1000000,2727276921,read,167278
measured,probe-memory-buffer,run,3777,11968501,0,724280,3621400,2676707,1000000,2727276921,read,167294
measured,probe-memory-buffer,run,3778,11968901,0,724280,3621400,2676961,1000000,2727276921,read,167310
measured,probe-memory-buffer,run,3779,11969301,0,724280,3621400,2677215,1000000,2727276921,read,167325
measured,probe-memory-buffer,run,3780,11969801,0,724280,3621400,2677469,1000000,2727276921,read,167341
measured,probe-memory-buffer,run,3781,11971001,0,724280,3621400,2678295,1000000,2727276921,read,167393
measured,probe-memory-buffer,run,3782,11971401,0,724280,3621400,2678549,1000000,2727276921,read,167409
measured,probe-memory-buffer,run,3783,11971901,0,724280,3621400,2678803,1000000,2727276921,read,167425
measured,probe-memory-buffer,run,3784,11972301,0,724280,3621400,2679120,1000000,2727276921,read,167445
measured,probe-memory-buffer,run,3785,11972701,0,724280,3621400,2679374,1000000,2727276921,read,167460
measured,probe-memory-buffer,run,3786,11973101,0,724280,3621400,2679628,1000000,2727276921,read,167476
measured,probe-memory-buffer,run,3787,11973501,0,724280,3621400,2679882,1000000,2727276921,read,167492
measured,probe-memory-buffer,run,3788,11974001,0,724280,3621400,2680136,1000000,2727276921,read,167508
measured,probe-memory-buffer,run,3789,11974401,0,724280,3621400,2680454,1000000,2727276921,read,167528
measured,probe-memory-buffer,run,3790,11974801,0,724280,3621400,2680708,1000000,2727276921,read,167544
measured,probe-memory-buffer,run,3791,11975201,0,724280,3621400,2680962,1000000,2727276921,read,167560
measured,probe-memory-buffer,run,3792,11975601,0,724280,3621400,2681216,1000000,2727276921,read,167576
measured,probe-memory-buffer,run,3793,11976101,0,724280,3621400,2681470,1000000,2727276921,read,167591
measured,probe-memory-buffer,run,3794,11976501,0,724280,3621400,2681724,1000000,2727276921,read,167607
measured,probe-memory-buffer,run,3795,11976901,0,724280,3621400,2682041,1000000,2727276921,read,167627
measured,probe-memory-buffer,run,3796,11977301,0,724280,3621400,2682295,1000000,2727276921,read,167643
measured,probe-memory-buffer,run,3797,11977701,0,724280,3621400,2682549,1000000,2727276921,read,167659
measured,probe-memory-buffer,run,3798,11978201,0,724280,3621400,2682803,1000000,2727276921,read,167675
measured,probe-memory-buffer,run,3799,11978601,0,724280,3621400,2683121,1000000,2727276921,read,167695
measured,probe-memory-buffer,run,3800,11979001,0,724280,3621400,2683375,1000000,2727276921,read,167710
measured,probe-memory-buffer,run,3801,11979401,0,724280,3621400,2683629,1000000,2727276921,read,167726
measured,probe-memory-buffer,run,3802,11979801,0,724280,3621400,2683883,1000000,2727276921,read,167742
measured,probe-memory-buffer,run,3803,11980301,0,724280,3621400,2684137,1000000,2727276921,read,167758
measured,probe-memory-buffer,run,3804,11980701,0,724280,3621400,2684454,1000000,2727276921,read,167778
measured,probe-memory-buffer,run,3805,11981101,0,724280,3621400,2684708,1000000,2727276921,read,167794
measured,probe-memory-buffer,run,3806,11981501,0,724280,3621400,2684962,1000000,2727276921,read,167810
measured,probe-memory-buffer,run,3807,11981901,0,724280,3621400,2685216,1000000,2727276921,read,167826
measured,probe-memory-buffer,run,3808,11982301,0,724280,3621400,2685470,1000000,2727276921,read,167841
measured,probe-memory-buffer,run,3809,11982801,0,724280,3621400,2685724,1000000,2727276921,read,167857
measured,probe-memory-buffer,run,3810,11983201,0,724280,3621400,2686042,1000000,2727276921,read,167877
measured,probe-memory-buffer,run,3811,11983601,0,724280,3621400,2686296,1000000,2727276921,read,167893
measured,probe-memory-buffer,run,3812,11984001,0,724280,3621400,2686550,1000000,2727276921,read,167909
measured,probe-memory-buffer,run,3813,11984401,0,724280,3621400,2686804,1000000,2727276921,read,167925
measured,probe-memory-buffer,run,3814,11985801,0,724280,3621400,2687693,1000000,2727276921,read,167980
measured,probe-memory-buffer,run,3815,11986201,0,724280,3621400,2687947,1000000,2727276921,read,167996
measured,probe-memory-buffer,run,3816,11986701,0,724280,3621400,2688201,1000000,2727276921,read,168012
measured,probe-memory-buffer,run,3817,11987101,0,724280,3621400,2688518,1000000,2727276921,read,168032
measured,probe-memory-buffer,run,3818,11987501,0,724280,3621400,2688772,1000000,2727276921,read,168048
measured,probe-memory-buffer,run,3819,11987901,0,724280,3621400,2689026,1000000,2727276921,read,168064
measured,probe-memory-buffer,run,3820,11988301,0,724280,3621400,2689280,1000000,2727276921,read,168080
measured,probe-memory-buffer,run,3821,11988801,0,724280,3621400,2689534,1000000,2727276921,read,168095
measured,probe-memory-buffer,run,3822,11989201,0,724280,3621400,2689852,1000000,2727276921,read,168115
measured,probe-memory-buffer,run,3823,11989601,0,724280,3621400,2690106,1000000,2727276921,read,168131
measured,probe-memory-buffer,run,3824,11990001,0,724280,3621400,2690360,1000000,2727276921,read,168147
measured,probe-memory-buffer,run,3825,11990401,0,724280,3621400,2690614,1000000,2727276921,read,168163
measured,probe-memory-buffer,run,3826,11990901,0,724280,3621400,2690868,1000000,2727276921,read,168179
measured,probe-memory-buffer,run,3827,11991301,0,724280,3621400,2691122,1000000,2727276921,read,168195
measured,probe-memory-buffer,run,3828,11991701,0,724280,3621400,2691439,1000000,2727276921,read,168214
measured,probe-memory-buffer,run,3829,11992101,0,724280,3621400,2691693,1000000,2727276921,read,168230
measured,probe-memory-buffer,run,3830,11992501,0,724280,3621400,2691947,1000000,2727276921,read,168246
measured,probe-memory-buffer,run,3831,11992901,0,724280,3621400,2692201,1000000,2727276921,read,168262
measured,probe-memory-buffer,run,3832,11993401,0,724280,3621400,2692455,1000000,2727276921,read,168278
measured,probe-memory-buffer,run,3833,11993801,0,724280,3621400,2692709,1000000,2727276921,read,168294
measured,probe-memory-buffer,run,3834,11994201,0,724280,3621400,2693027,1000000,2727276921,read,168314
measured,probe-memory-buffer,run,3835,11994601,0,724280,3621400,2693281,1000000,2727276921,read,168330
measured,probe-memory-buffer,run,3836,11995001,0,724280,3621400,2693535,1000000,2727276921,read,168345
measured,probe-memory-buffer,run,3837,11996301,0,724280,3621400,2694360,1000000,2727276921,read,168397
measured,probe-memory-buffer,run,3838,11996701,0,724280,3621400,2694614,1000000,2727276921,read,168413
measured,probe-memory-buffer,run,3839,11997201,0,724280,3621400,2694868,1000000,2727276921,read,168429
measured,probe-memory-buffer,run,3840,11997601,0,724280,3621400,2695186,1000000,2727276921,read,168449
measured,probe-memory-buffer,run,3841,11998001,0,724280,3621400,2695440,1000000,2727276921,read,168465
measured,probe-memory-buffer,run,3842,11998401,0,724280,3621400,2695694,1000000,2727276921,read,168480
measured,probe-memory-buffer,run,3843,11998801,0,724280,3621400,2695948,1000000,2727276921,read,168496
measured,probe-memory-buffer,run,3844,11999301,0,724280,3621400,2696202,1000000,2727276921,read,168512
measured,probe-memory-buffer,run,3845,11999701,0,724280,3621400,2696519,1000000,2727276921,read,168532
measured,probe-memory-buffer,run,3846,12000101,0,724280,3621400,2696773,1000000,2727276921,read,168548
measured,probe-memory-buffer,run,3847,12000501,0,724280,3621400,2697027,1000000,2727276921,read,168564
measured,probe-memory-buffer,run,3848,12000901,0,724280,3621400,2697281,1000000,2727276921,read,168580
measured,probe-memory-buffer,run,3849,12001401,0,724280,3621400,2697535,1000000,2727276921,read,168595
measured,probe-memory-buffer,run,3850,12003101,0,789815,3949075,2949075,1000000,3129936933,update,0
measured,probe-memory-buffer,run,3851,12036301,0,789815,3949075,2973269,1000000,3129936933,read,185829
measured,probe-memory-buffer,run,3852,12039501,0,789815,3949075,2975674,1000000,3129936933,read,185979
measured,probe-memory-buffer,run,3853,12040001,0,789815,3949075,2976038,1000000,3129936933,read,186002
measured,probe-memory-buffer,run,3854,12040601,0,789815,3949075,2976402,1000000,3129936933,read,186025
measured,probe-memory-buffer,run,3855,12041001,0,789815,3949075,2976767,1000000,3129936933,read,186047
measured,probe-memory-buffer,run,3856,12041501,0,789815,3949075,2977058,1000000,3129936933,read,186066
measured,probe-memory-buffer,run,3857,12041901,0,789815,3949075,2977423,1000000,3129936933,read,186088
measured,probe-memory-buffer,run,3858,12042301,0,789815,3949075,2977714,1000000,3129936933,read,186107
measured,probe-memory-buffer,run,3859,12042701,0,789815,3949075,2978006,1000000,3129936933,read,186125
measured,probe-memory-buffer,run,3860,12043101,0,789815,3949075,2978297,1000000,3129936933,read,186143
measured,probe-memory-buffer,run,3861,12043601,0,789815,3949075,2978589,1000000,3129936933,read,186161
measured,probe-memory-buffer,run,3862,12044001,0,789815,3949075,2978953,1000000,3129936933,read,186184
measured,probe-memory-buffer,run,3863,12044401,0,789815,3949075,2979245,1000000,3129936933,read,186202
measured,probe-memory-buffer,run,3864,12044801,0,789815,3949075,2979536,1000000,3129936933,read,186221
measured,probe-memory-buffer,run,3865,12045201,0,789815,3949075,2979828,1000000,3129936933,read,186239
measured,probe-memory-buffer,run,3866,12045701,0,789815,3949075,2980119,1000000,3129936933,read,186257
measured,probe-memory-buffer,run,3867,12046101,0,789815,3949075,2980483,1000000,3129936933,read,186280
measured,probe-memory-buffer,run,3868,12046501,0,789815,3949075,2980775,1000000,3129936933,read,186298
measured,probe-memory-buffer,run,3869,12046901,0,789815,3949075,2981066,1000000,3129936933,read,186316
measured,probe-memory-buffer,run,3870,12047301,0,789815,3949075,2981358,1000000,3129936933,read,186334
measured,probe-memory-buffer,run,3871,12047801,0,789815,3949075,2981649,1000000,3129936933,read,186353
measured,probe-memory-buffer,run,3872,12048201,0,789815,3949075,2982014,1000000,3129936933,read,186375
measured,probe-memory-buffer,run,3873,12048601,0,789815,3949075,2982305,1000000,3129936933,read,186394
measured,probe-memory-buffer,run,3874,12049001,0,789815,3949075,2982597,1000000,3129936933,read,186412
measured,probe-memory-buffer,run,3875,12049501,0,789815,3949075,2982888,1000000,3129936933,read,186430
measured,probe-memory-buffer,run,3876,12049901,0,789815,3949075,2983253,1000000,3129936933,read,186453
measured,probe-memory-buffer,run,3877,12050301,0,789815,3949075,2983544,1000000,3129936933,read,186471
measured,probe-memory-buffer,run,3878,12050701,0,789815,3949075,2983836,1000000,3129936933,read,186489
measured,probe-memory-buffer,run,3879,12051101,0,789815,3949075,2984127,1000000,3129936933,read,186507
measured,probe-memory-buffer,run,3880,12051601,0,789815,3949075,2984419,1000000,3129936933,read,186526
measured,probe-memory-buffer,run,3881,12052001,0,789815,3949075,2984783,1000000,3129936933,read,186548
measured,probe-memory-buffer,run,3882,12052401,0,789815,3949075,2985075,1000000,3129936933,read,186567
measured,probe-memory-buffer,run,3883,12052801,0,789815,3949075,2985366,1000000,3129936933,read,186585
measured,probe-memory-buffer,run,3884,12053301,0,789815,3949075,2985658,1000000,3129936933,read,186603
measured,probe-memory-buffer,run,3885,12053701,0,789815,3949075,2985949,1000000,3129936933,read,186621
measured,probe-memory-buffer,run,3886,12054101,0,789815,3949075,2986313,1000000,3129936933,read,186644
measured,probe-memory-buffer,run,3887,12054501,0,789815,3949075,2986605,1000000,3129936933,read,186662
measured,probe-memory-buffer,run,3888,12054901,0,789815,3949075,2986896,1000000,3129936933,read,186681
measured,probe-memory-buffer,run,3889,12055401,0,789815,3949075,2987188,1000000,3129936933,read,186699
measured,probe-memory-buffer,run,3890,12055801,0,789815,3949075,2987479,1000000,3129936933,read,186717
measured,probe-memory-buffer,run,3891,12056201,0,789815,3949075,2987844,1000000,3129936933,read,186740
measured,probe-memory-buffer,run,3892,12056601,0,789815,3949075,2988135,1000000,3129936933,read,186758
measured,probe-memory-buffer,run,3893,12057001,0,789815,3949075,2988427,1000000,3129936933,read,186776
measured,probe-memory-buffer,run,3894,12060601,0,789815,3949075,2990977,1000000,3129936933,read,186936
measured,probe-memory-buffer,run,3895,12061001,0,789815,3949075,2991342,1000000,3129936933,read,186958
measured,probe-memory-buffer,run,3896,12061401,0,789815,3949075,2991633,1000000,3129936933,read,186977
measured,probe-memory-buffer,run,3897,12061801,0,789815,3949075,2991925,1000000,3129936933,read,186995
measured,probe-memory-buffer,run,3898,12062201,0,789815,3949075,2992216,1000000,3129936933,read,187013
measured,probe-memory-buffer,run,3899,12062701,0,789815,3949075,2992508,1000000,3129936933,read,187031
measured,probe-memory-buffer,run,3900,12063101,0,789815,3949075,2992872,1000000,3129936933,read,187054
measured,probe-memory-buffer,run,3901,12063501,0,789815,3949075,2993164,1000000,3129936933,read,187072
measured,probe-memory-buffer,run,3902,12063901,0,789815,3949075,2993455,1000000,3129936933,read,187090
measured,probe-memory-buffer,run,3903,12064301,0,789815,3949075,2993747,1000000,3129936933,read,187109
measured,probe-memory-buffer,run,3904,12064801,0,789815,3949075,2994038,1000000,3129936933,read,187127
measured,probe-memory-buffer,run,3905,12065201,0,789815,3949075,2994330,1000000,3129936933,read,187145
measured,probe-memory-buffer,run,3906,12065601,0,789815,3949075,2994694,1000000,3129936933,read,187168
measured,probe-memory-buffer,run,3907,12066001,0,789815,3949075,2994985,1000000,3129936933,read,187186
measured,probe-memory-buffer,run,3908,12066401,0,789815,3949075,2995277,1000000,3129936933,read,187204
measured,probe-memory-buffer,run,3909,12066801,0,789815,3949075,2995568,1000000,3129936933,read,187223
measured,probe-memory-buffer,run,3910,12067301,0,789815,3949075,2995860,1000000,3129936933,read,187241
measured,probe-memory-buffer,run,3911,12067701,0,789815,3949075,2996224,1000000,3129936933,read,187264
measured,probe-memory-buffer,run,3912,12068101,0,789815,3949075,2996516,1000000,3129936933,read,187282
measured,probe-memory-buffer,run,3913,12068501,0,789815,3949075,2996807,1000000,3129936933,read,187300
measured,probe-memory-buffer,run,3914,12068901,0,789815,3949075,2997099,1000000,3129936933,read,187318
measured,probe-memory-buffer,run,3915,12069401,0,789815,3949075,2997390,1000000,3129936933,read,187336
measured,probe-memory-buffer,run,3916,12069801,0,789815,3949075,2997682,1000000,3129936933,read,187355
measured,probe-memory-buffer,run,3917,12070201,0,789815,3949075,2998046,1000000,3129936933,read,187377
measured,probe-memory-buffer,run,3918,12070601,0,789815,3949075,2998338,1000000,3129936933,read,187396
measured,probe-memory-buffer,run,3919,12071001,0,789815,3949075,2998629,1000000,3129936933,read,187414
measured,probe-memory-buffer,run,3920,12071401,0,789815,3949075,2998921,1000000,3129936933,read,187432
measured,probe-memory-buffer,run,3921,12071901,0,789815,3949075,2999212,1000000,3129936933,read,187450
measured,probe-memory-buffer,run,3922,12072301,0,789815,3949075,2999577,1000000,3129936933,read,187473
measured,probe-memory-buffer,run,3923,12072701,0,789815,3949075,2999868,1000000,3129936933,read,187491
measured,probe-memory-buffer,run,3924,12073101,0,789815,3949075,3000160,1000000,3129936933,read,187510
measured,probe-memory-buffer,run,3925,12073501,0,789815,3949075,3000451,1000000,3129936933,read,187528
measured,probe-memory-buffer,run,3926,12074001,0,789815,3949075,3000743,1000000,3129936933,read,187546
measured,probe-memory-buffer,run,3927,12074401,0,789815,3949075,3001034,1000000,3129936933,read,187564
measured,probe-memory-buffer,run,3928,12074801,0,789815,3949075,3001398,1000000,3129936933,read,187587
measured,probe-memory-buffer,run,3929,12075201,0,789815,3949075,3001690,1000000,3129936933,read,187605
measured,probe-memory-buffer,run,3930,12075601,0,789815,3949075,3001981,1000000,3129936933,read,187623
measured,probe-memory-buffer,run,3931,12076001,0,789815,3949075,3002273,1000000,3129936933,read,187642
measured,probe-memory-buffer,run,3932,12076501,0,789815,3949075,3002564,1000000,3129936933,read,187660
measured,probe-memory-buffer,run,3933,12076901,0,789815,3949075,3002929,1000000,3129936933,read,187683
measured,probe-memory-buffer,run,3934,12077301,0,789815,3949075,3003220,1000000,3129936933,read,187701
measured,probe-memory-buffer,run,3935,12077701,0,789815,3949075,3003512,1000000,3129936933,read,187719
measured,probe-memory-buffer,run,3936,12078101,0,789815,3949075,3003803,1000000,3129936933,read,187737
measured,probe-memory-buffer,run,3937,12078601,0,789815,3949075,3004095,1000000,3129936933,read,187755
measured,probe-memory-buffer,run,3938,12079001,0,789815,3949075,3004459,1000000,3129936933,read,187778
measured,probe-memory-buffer,run,3939,12079401,0,789815,3949075,3004751,1000000,3129936933,read,187796
measured,probe-memory-buffer,run,3940,12079801,0,789815,3949075,3005042,1000000,3129936933,read,187815
measured,probe-memory-buffer,run,3941,12080301,0,789815,3949075,3005334,1000000,3129936933,read,187833
measured,probe-memory-buffer,run,3942,12080701,0,789815,3949075,3005625,1000000,3129936933,read,187851
measured,probe-memory-buffer,run,3943,12081101,0,789815,3949075,3005990,1000000,3129936933,read,187874
measured,probe-memory-buffer,run,3944,12081501,0,789815,3949075,3006281,1000000,3129936933,read,187892
measured,probe-memory-buffer,run,3945,12081901,0,789815,3949075,3006572,1000000,3129936933,read,187910
measured,probe-memory-buffer,run,3946,12082301,0,789815,3949075,3006864,1000000,3129936933,read,187929
measured,probe-memory-buffer,run,3947,12082801,0,789815,3949075,3007155,1000000,3129936933,read,187947
measured,probe-memory-buffer,run,3948,12083201,0,789815,3949075,3007520,1000000,3129936933,read,187970
measured,probe-memory-buffer,run,3949,12083601,0,789815,3949075,3007811,1000000,3129936933,read,187988
measured,probe-memory-buffer,run,3950,12084001,0,789815,3949075,3008103,1000000,3129936933,read,188006
measured,probe-memory-buffer,run,3951,12085501,0,789815,3949075,3009123,1000000,3129936933,read,188070
measured,probe-memory-buffer,run,3952,12085901,0,789815,3949075,3009487,1000000,3129936933,read,188092
measured,probe-memory-buffer,run,3953,12086301,0,789815,3949075,3009779,1000000,3129936933,read,188111
measured,probe-memory-buffer,run,3954,12086701,0,789815,3949075,3010070,1000000,3129936933,read,188129
measured,probe-memory-buffer,run,3955,12087201,0,789815,3949075,3010362,1000000,3129936933,read,188147
measured,probe-memory-buffer,run,3956,12087601,0,789815,3949075,3010653,1000000,3129936933,read,188165
measured,probe-memory-buffer,run,3957,12088001,0,789815,3949075,3011018,1000000,3129936933,read,188188
measured,probe-memory-buffer,run,3958,12088401,0,789815,3949075,3011309,1000000,3129936933,read,188206
measured,probe-memory-buffer,run,3959,12088801,0,789815,3949075,3011601,1000000,3129936933,read,188225
measured,probe-memory-buffer,run,3960,12089201,0,789815,3949075,3011892,1000000,3129936933,read,188243
measured,probe-memory-buffer,run,3961,12089701,0,789815,3949075,3012184,1000000,3129936933,read,188261
measured,probe-memory-buffer,run,3962,12090101,0,789815,3949075,3012548,1000000,3129936933,read,188284
measured,probe-memory-buffer,run,3963,12090501,0,789815,3949075,3012840,1000000,3129936933,read,188302
measured,probe-memory-buffer,run,3964,12090901,0,789815,3949075,3013131,1000000,3129936933,read,188320
measured,probe-memory-buffer,run,3965,12091401,0,789815,3949075,3013423,1000000,3129936933,read,188338
measured,probe-memory-buffer,run,3966,12091801,0,789815,3949075,3013787,1000000,3129936933,read,188361
measured,probe-memory-buffer,run,3967,12092201,0,789815,3949075,3014079,1000000,3129936933,read,188379
measured,probe-memory-buffer,run,3968,12092601,0,789815,3949075,3014370,1000000,3129936933,read,188398
measured,probe-memory-buffer,run,3969,12093001,0,789815,3949075,3014662,1000000,3129936933,read,188416
measured,probe-memory-buffer,run,3970,12093401,0,789815,3949075,3014953,1000000,3129936933,read,188434
measured,probe-memory-buffer,run,3971,12093901,0,789815,3949075,3015245,1000000,3129936933,read,188452
measured,probe-memory-buffer,run,3972,12094301,0,789815,3949075,3015609,1000000,3129936933,read,188475
measured,probe-memory-buffer,run,3973,12094701,0,789815,3949075,3015900,1000000,3129936933,read,188493
measured,probe-memory-buffer,run,3974,12095101,0,789815,3949075,3016192,1000000,3129936933,read,188512
measured,probe-memory-buffer,run,3975,12095501,0,789815,3949075,3016483,1000000,3129936933,read,188530
measured,probe-memory-buffer,run,3976,12096001,0,789815,3949075,3016775,1000000,3129936933,read,188548
measured,probe-memory-buffer,run,3977,12096401,0,789815,3949075,3017139,1000000,3129936933,read,188571
measured,probe-memory-buffer,run,3978,12096801,0,789815,3949075,3017431,1000000,3129936933,read,188589
measured,probe-memory-buffer,run,3979,12097201,0,789815,3949075,3017722,1000000,3129936933,read,188607
measured,probe-memory-buffer,run,3980,12097601,0,789815,3949075,3018014,1000000,3129936933,read,188625
measured,probe-memory-buffer,run,3981,12098101,0,789815,3949075,3018305,1000000,3129936933,read,188644
measured,probe-memory-buffer,run,3982,12098501,0,789815,3949075,3018597,1000000,3129936933,read,188662
measured,probe-memory-buffer,run,3983,12098901,0,789815,3949075,3018961,1000000,3129936933,read,188685
measured,probe-memory-buffer,run,3984,12099301,0,789815,3949075,3019253,1000000,3129936933,read,188703
measured,probe-memory-buffer,run,3985,12099701,0,789815,3949075,3019544,1000000,3129936933,read,188721
measured,probe-memory-buffer,run,3986,12100101,0,789815,3949075,3019836,1000000,3129936933,read,188739
measured,probe-memory-buffer,run,3987,12100601,0,789815,3949075,3020127,1000000,3129936933,read,188757
measured,probe-memory-buffer,run,3988,12101001,0,789815,3949075,3020492,1000000,3129936933,read,188780
measured,probe-memory-buffer,run,3989,12101401,0,789815,3949075,3020783,1000000,3129936933,read,188798
measured,probe-memory-buffer,run,3990,12101801,0,789815,3949075,3021075,1000000,3129936933,read,188817
measured,probe-memory-buffer,run,3991,12102201,0,789815,3949075,3021366,1000000,3129936933,read,188835
measured,probe-memory-buffer,run,3992,12102601,0,789815,3949075,3021658,1000000,3129936933,read,188853
measured,probe-memory-buffer,run,3993,12103101,0,789815,3949075,3021949,1000000,3129936933,read,188871
measured,probe-memory-buffer,run,3994,12103501,0,789815,3949075,3022313,1000000,3129936933,read,188894
measured,probe-memory-buffer,run,3995,12103901,0,789815,3949075,3022605,1000000,3129936933,read,188912
measured,probe-memory-buffer,run,3996,12104301,0,789815,3949075,3022896,1000000,3129936933,read,188931
measured,probe-memory-buffer,run,3997,12104701,0,789815,3949075,3023188,1000000,3129936933,read,188949
measured,probe-memory-buffer,run,3998,12105201,0,789815,3949075,3023479,1000000,3129936933,read,188967
measured,probe-memory-buffer,run,3999,12105601,0,789815,3949075,3023844,1000000,3129936933,read,188990
measured,probe-memory-buffer,run,4000,12106001,0,789815,3949075,3024135,1000000,3129936933,read,189008
measured,probe-memory-buffer,run,4001,12106401,0,789815,3949075,3024427,1000000,3129936933,read,189026
measured,probe-memory-buffer,run,4002,12106801,0,789815,3949075,3024718,1000000,3129936933,read,189044
measured,probe-memory-buffer,run,4003,12107301,0,789815,3949075,3025010,1000000,3129936933,read,189063
measured,probe-memory-buffer,run,4004,12107701,0,789815,3949075,3025301,1000000,3129936933,read,189081
measured,probe-memory-buffer,run,4005,12108101,0,789815,3949075,3025666,1000000,3129936933,read,189104
measured,probe-memory-buffer,run,4006,12108501,0,789815,3949075,3025957,1000000,3129936933,read,189122
measured,probe-memory-buffer,run,4007,12108901,0,789815,3949075,3026249,1000000,3129936933,read,189140
measured,probe-memory-buffer,run,4008,12110201,0,789815,3949075,3027196,1000000,3129936933,read,189199
measured,probe-memory-buffer,run,4009,12110601,0,789815,3949075,3027487,1000000,3129936933,read,189217
measured,probe-memory-buffer,run,4010,12111001,0,789815,3949075,3027779,1000000,3129936933,read,189236
measured,probe-memory-buffer,run,4011,12111501,0,789815,3949075,3028070,1000000,3129936933,read,189254
measured,probe-memory-buffer,run,4012,12111901,0,789815,3949075,3028435,1000000,3129936933,read,189277
measured,probe-memory-buffer,run,4013,12112301,0,789815,3949075,3028726,1000000,3129936933,read,189295
measured,probe-memory-buffer,run,4014,12112701,0,789815,3949075,3029018,1000000,3129936933,read,189313
measured,probe-memory-buffer,run,4015,12113101,0,789815,3949075,3029309,1000000,3129936933,read,189331
measured,probe-memory-buffer,run,4016,12113601,0,789815,3949075,3029601,1000000,3129936933,read,189350
measured,probe-memory-buffer,run,4017,12114001,0,789815,3949075,3029965,1000000,3129936933,read,189372
measured,probe-memory-buffer,run,4018,12124401,0,789815,3949075,3037398,1000000,2358190118,update,0
measured,probe-memory-buffer,run,4019,12252601,0,789815,3949075,3107787,1000000,1659925659,update,0
measured,probe-memory-buffer,run,4020,12400201,0,789815,3949075,3164831,1000000,1136227315,update,0
