evidence,source_log,run_id,seq,host_ns,cpu,global_icount,model_ns,visible_ns,window_ns,slope_q32,event,counter_ticks
measured,probe-memory-buffer,run,0,54000,0,0,0,0,10000,0,update,0
measured,probe-memory-buffer,run,1,219000,0,0,0,0,10000,16777216,resume,0
measured,probe-memory-buffer,run,2,1072200,0,0,0,3332,10000,16777216,read,208
measured,probe-memory-buffer,run,3,1288900,0,0,0,4178,10000,16777216,read,261
measured,probe-memory-buffer,run,4,1502100,0,0,0,5012,10000,16777216,read,313
measured,probe-memory-buffer,run,5,1670600,0,0,0,5670,10000,16777216,read,354
measured,probe-memory-buffer,run,6,1800100,0,0,0,6175,10000,16777216,read,385
measured,probe-memory-buffer,run,7,1926300,0,0,0,6668,10000,16777216,read,416
measured,probe-memory-buffer,run,8,2052200,0,0,0,7160,10000,16777216,read,447
measured,probe-memory-buffer,run,9,2177900,0,0,0,7651,10000,16777216,read,478
measured,probe-memory-buffer,run,10,2303200,0,0,0,8141,10000,16777216,read,508
measured,probe-memory-buffer,run,11,2429200,0,0,0,8633,10000,16777216,read,539
measured,probe-memory-buffer,run,12,2554300,0,0,0,9122,10000,16777216,read,570
measured,probe-memory-buffer,run,13,2679600,0,0,0,9611,10000,16777216,read,600
measured,probe-memory-buffer,run,14,2804900,0,0,0,10000,10000,16777216,bound_hit,625
measured,probe-memory-buffer,run,15,2930600,0,0,0,10000,10000,16777216,bound_hit,625
measured,probe-memory-buffer,run,16,3056100,0,0,0,10000,10000,16777216,bound_hit,625
measured,probe-memory-buffer,run,17,3181500,0,0,0,10000,10000,16777216,bound_hit,625
measured,probe-memory-buffer,run,18,3307300,0,0,0,10000,10000,16777216,bound_hit,625
measured,probe-memory-buffer,run,19,3431700,0,0,0,10000,10000,16777216,bound_hit,625
measured,probe-memory-buffer,run,20,3553800,0,0,0,10000,10000,16777216,bound_hit,625
measured,probe-memory-buffer,run,21,3674700,0,0,0,10000,10000,16777216,bound_hit,625
measured,probe-memory-buffer,run,22,3795300,0,0,0,10000,10000,16777216,bound_hit,625
measured,probe-memory-buffer,run,23,3915800,0,0,0,10000,10000,16777216,bound_hit,625
measured,probe-memory-buffer,run,24,4036200,0,0,0,10000,10000,16777216,bound_hit,625
measured,probe-memory-buffer,run,25,4156600,0,0,0,10000,10000,16777216,bound_hit,625
measured,probe-memory-buffer,run,26,4281600,0,0,0,10000,10000,16777216,bound_hit,625
measured,probe-memory-buffer,run,27,4402200,0,0,0,10000,10000,16777216,bound_hit,625
measured,probe-memory-buffer,run,28,4542300,0,0,0,10000,10000,16777216,bound_hit,625
measured,probe-memory-buffer,run,29,4741300,0,0,0,10000,10000,16777216,bound_hit,625
measured,probe-memory-buffer,run,30,4868400,0,0,0,10000,10000,16777216,bound_hit,625
measured,probe-memory-buffer,run,31,4993100,0,0,0,10000,10000,16777216,bound_hit,625
measured,probe-memory-buffer,run,32,5117600,0,0,0,10000,10000,16777216,bound_hit,625
measured,probe-memory-buffer,run,33,5241799,0,0,0,10000,10000,16777216,bound_hit,625
measured,probe-memory-buffer,run,34,5366199,0,0,0,10000,10000,16777216,bound_hit,625
measured,probe-memory-buffer,run,35,5490599,0,0,0,10000,10000,16777216,bound_hit,625
measured,probe-memory-buffer,run,36,5615499,0,0,0,10000,10000,16777216,bound_hit,625
measured,probe-memory-buffer,run,37,5739899,0,0,0,10000,10000,16777216,bound_hit,625
measured,probe-memory-buffer,run,38,5864199,0,0,0,10000,10000,16777216,bound_hit,625
measured,probe-memory-buffer,run,39,5988499,0,0,0,10000,10000,16777216,bound_hit,625
measured,probe-memory-buffer,run,40,6112799,0,0,0,10000,10000,16777216,bound_hit,625
measured,probe-memory-buffer,run,41,6237099,0,0,0,10000,10000,16777216,bound_hit,625
measured,probe-memory-buffer,run,42,6361099,0,0,0,10000,10000,16777216,bound_hit,625
measured,probe-memory-buffer,run,43,6482599,0,0,0,10000,10000,16777216,bound_hit,625
measured,probe-memory-buffer,run,44,6602899,0,0,0,10000,10000,16777216,bound_hit,625
measured,probe-memory-buffer,run,45,6723099,0,0,0,10000,10000,16777216,bound_hit,625
measured,probe-memory-buffer,run,46,6843299,0,0,0,10000,10000,16777216,bound_hit,625
measured,probe-memory-buffer,run,47,7032999,0,0,0,10000,10000,16777216,bound_hit,625
measured,probe-memory-buffer,run,48,7161299,0,0,0,10000,10000,16777216,bound_hit,625
measured,probe-memory-buffer,run,49,7287599,0,0,0,10000,10000,16777216,bound_hit,625
measured,probe-memory-buffer,run,50,7413399,0,0,0,10000,10000,16777216,bound_hit,625
measured,probe-memory-buffer,run,51,7539799,0,0,0,10000,10000,16777216,bound_hit,625
measured,probe-memory-buffer,run,52,7665899,0,0,0,10000,10000,16777216,bound_hit,625
measured,probe-memory-buffer,run,53,7790899,0,0,0,10000,10000,16777216,bound_hit,625
measured,probe-memory-buffer,run,54,7915799,0,0,0,10000,10000,16777216,bound_hit,625
measured,probe-memory-buffer,run,55,8043999,0,0,0,10000,10000,16777216,bound_hit,625
measured,probe-memory-buffer,run,56,8177799,0,0,0,10000,10000,16777216,bound_hit,625
measured,probe-memory-buffer,run,57,8302899,0,0,0,10000,10000,16777216,bound_hit,625
measured,probe-memory-buffer,run,58,8489499,0,0,0,10000,10000,16777216,bound_hit,625
measured,probe-memory-buffer,run,59,8629399,0,0,0,10000,10000,16777216,bound_hit,625
measured,probe-memory-buffer,run,60,8762099,0,0,0,10000,10000,16777216,bound_hit,625
measured,probe-memory-buffer,run,61,8888999,0,0,0,10000,10000,16777216,bound_hit,625
measured,probe-memory-buffer,run,62,9014799,0,0,0,10000,10000,16777216,bound_hit,625
measured,probe-memory-buffer,run,63,9146399,0,0,0,10000,10000,16777216,bound_hit,625
measured,probe-memory-buffer,run,64,9277499,0,0,0,10000,10000,16777216,bound_hit,625
measured,probe-memory-buffer,run,65,9403299,0,0,0,10000,10000,16777216,bound_hit,625
measured,probe-memory-buffer,run,66,9528999,0,0,0,10000,10000,16777216,bound_hit,625
measured,probe-memory-buffer,run,67,9654599,0,0,0,10000,10000,16777216,bound_hit,625
measured,probe-memory-buffer,run,68,9780099,0,0,0,10000,10000,16777216,bound_hit,625
measured,probe-memory-buffer,run,69,9908699,0,0,0,10000,10000,16777216,bound_hit,625
measured,probe-memory-buffer,run,70,10053099,0,0,0,10000,10000,16777216,bound_hit,625
measured,probe-memory-buffer,run,71,10178199,0,0,0,10000,10000,16777216,bound_hit,625
measured,probe-memory-buffer,run,72,10303099,0,0,0,10000,10000,16777216,bound_hit,625
measured,probe-memory-buffer,run,73,10427199,0,0,0,10000,10000,16777216,bound_hit,625
measured,probe-memory-buffer,run,74,10550499,0,0,0,10000,10000,16777216,bound_hit,625
measured,probe-memory-buffer,run,75,10671798,0,0,0,10000,10000,16777216,bound_hit,625
measured,probe-memory-buffer,run,76,10792798,0,0,0,10000,10000,16777216,bound_hit,625
measured,probe-memory-buffer,run,77,10913598,0,0,0,10000,10000,16777216,bound_hit,625
measured,probe-memory-buffer,run,78,11034598,0,0,0,10000,10000,16777216,bound_hit,625
measured,probe-memory-buffer,run,79,11155398,0,0,0,10000,10000,16777216,bound_hit,625
measured,probe-memory-buffer,run,80,11276098,0,0,0,10000,10000,16777216,bound_hit,625
measured,probe-memory-buffer,run,81,11396598,0,0,0,10000,10000,16777216,bound_hit,625
measured,probe-memory-buffer,run,82,11517298,0,0,0,10000,10000,16777216,bound_hit,625
measured,probe-memory-buffer,run,83,11646798,0,0,0,10000,10000,16777216,bound_hit,625
measured,probe-memory-buffer,run,84,11767598,0,0,0,10000,10000,16777216,bound_hit,625
measured,probe-memory-buffer,run,85,11888098,0,0,0,10000,10000,16777216,bound_hit,625
measured,probe-memory-buffer,run,86,12008798,0,0,0,10000,10000,16777216,bound_hit,625
measured,probe-memory-buffer,run,87,12129398,0,0,0,10000,10000,16777216,bound_hit,625
measured,probe-memory-buffer,run,88,12249798,0,0,0,10000,10000,16777216,bound_hit,625
measured,probe-memory-buffer,run,89,12370498,0,0,0,10000,10000,16777216,bound_hit,625
measured,probe-memory-buffer,run,90,12491298,0,0,0,10000,10000,16777216,bound_hit,625
measured,probe-memory-buffer,run,91,12611898,0,0,0,10000,10000,16777216,bound_hit,625
measured,probe-memory-buffer,run,92,12800198,0,0,0,10000,10000,16777216,bound_hit,625
measured,probe-memory-buffer,run,93,12927198,0,0,0,10000,10000,16777216,bound_hit,625
measured,probe-memory-buffer,run,94,13051998,0,0,0,10000,10000,16777216,bound_hit,625
measured,probe-memory-buffer,run,95,13176898,0,0,0,10000,10000,16777216,bound_hit,625
measured,probe-memory-buffer,run,96,13301398,0,0,0,10000,10000,16777216,bound_hit,625
measured,probe-memory-buffer,run,97,13425998,0,0,0,10000,10000,16777216,bound_hit,625
measured,probe-memory-buffer,run,98,13550498,0,0,0,10000,10000,16777216,bound_hit,625
measured,probe-memory-buffer,run,99,13675298,0,0,0,10000,10000,16777216,bound_hit,625
measured,probe-memory-buffer,run,100,13799798,0,0,0,10000,10000,16777216,bound_hit,625
measured,probe-memory-buffer,run,101,13941198,0,0,0,10000,10000,16777216,bound_hit,625
measured,probe-memory-buffer,run,102,14102798,0,0,0,10000,10000,16777216,bound_hit,625
measured,probe-memory-buffer,run,103,14231898,0,0,0,10000,10000,16777216,bound_hit,625
measured,probe-memory-buffer,run,104,14358098,0,0,0,10000,10000,16777216,bound_hit,625
measured,probe-memory-buffer,run,105,14484098,0,0,0,10000,10000,16777216,bound_hit,625
measured,probe-memory-buffer,run,106,14611598,0,0,0,10000,10000,16777216,bound_hit,625
measured,probe-memory-buffer,run,107,14737898,0,0,0,10000,10000,16777216,bound_hit,625
measured,probe-memory-buffer,run,108,14863798,0,0,0,10000,10000,16777216,bound_hit,625
measured,probe-memory-buffer,run,109,14989798,0,0,0,10000,10000,16777216,bound_hit,625
measured,probe-memory-buffer,run,110,15116598,0,0,0,10000,10000,16777216,bound_hit,625
measured,probe-memory-buffer,run,111,15242598,0,0,0,10000,10000,16777216,bound_hit,625
measured,probe-memory-buffer,run,112,15368198,0,0,0,10000,10000,16777216,bound_hit,625
measured,probe-memory-buffer,run,113,15583598,0,0,0,10000,10000,16777216,bound_hit,625
measured,probe-memory-buffer,run,114,15713698,0,0,0,10000,10000,16777216,bound_hit,625
measured,probe-memory-buffer,run,115,15840998,0,0,0,10000,10000,16777216,bound_hit,625
measured,probe-memory-buffer,run,116,15967598,0,0,0,10000,10000,16777216,bound_hit,625
measured,probe-memory-buffer,run,117,16094397,0,0,0,10000,10000,16777216,bound_hit,625
measured,probe-memory-buffer,run,118,16221297,0,0,0,10000,10000,16777216,bound_hit,625
measured,probe-memory-buffer,run,119,16346597,0,0,0,10000,10000,16777216,bound_hit,625
measured,probe-memory-buffer,run,120,16469097,0,0,0,10000,10000,16777216,bound_hit,625
measured,probe-memory-buffer,run,121,16590197,0,0,0,10000,10000,16777216,bound_hit,625
measured,probe-memory-buffer,run,122,16713697,0,0,0,10000,10000,16777216,bound_hit,625
measured,probe-memory-buffer,run,123,16859797,0,0,0,10000,10000,16777216,bound_hit,625
measured,probe-memory-buffer,run,124,16980797,0,0,0,10000,10000,16777216,bound_hit,625
measured,probe-memory-buffer,run,125,17101697,0,0,0,10000,10000,16777216,bound_hit,625
measured,probe-memory-buffer,run,126,17222397,0,0,0,10000,10000,16777216,bound_hit,625
measured,probe-memory-buffer,run,127,17343197,0,0,0,10000,10000,16777216,bound_hit,625
measured,probe-memory-buffer,run,128,17463997,0,0,0,10000,10000,16777216,bound_hit,625
measured,probe-memory-buffer,run,129,17584697,0,0,0,10000,10000,16777216,bound_hit,625
measured,probe-memory-buffer,run,130,17705497,0,0,0,10000,10000,16777216,bound_hit,625
measured,probe-memory-buffer,run,131,17826297,0,0,0,10000,10000,16777216,bound_hit,625
measured,probe-memory-buffer,run,132,17947297,0,0,0,10000,10000,16777216,bound_hit,625
measured,probe-memory-buffer,run,133,18067897,0,0,0,10000,10000,16777216,bound_hit,625
measured,probe-memory-buffer,run,134,18189297,0,0,0,10000,10000,16777216,bound_hit,625
measured,probe-memory-buffer,run,135,18310297,0,0,0,10000,10000,16777216,bound_hit,625
measured,probe-memory-buffer,run,136,18431697,0,0,0,10000,10000,16777216,bound_hit,625
measured,probe-memory-buffer,run,137,18552697,0,0,0,10000,10000,16777216,bound_hit,625
measured,probe-memory-buffer,run,138,18673597,0,0,0,10000,10000,16777216,bound_hit,625
measured,probe-memory-buffer,run,139,18794297,0,0,0,10000,10000,16777216,bound_hit,625
measured,probe-memory-buffer,run,140,18923497,0,0,0,10000,10000,16777216,bound_hit,625
measured,probe-memory-buffer,run,141,19045297,0,0,0,10000,10000,16777216,bound_hit,625
measured,probe-memory-buffer,run,142,19166097,0,0,0,10000,10000,16777216,bound_hit,625
measured,probe-memory-buffer,run,143,19287097,0,0,0,10000,10000,16777216,bound_hit,625
measured,probe-memory-buffer,run,144,19408197,0,0,0,10000,10000,16777216,bound_hit,625
measured,probe-memory-buffer,run,145,19528997,0,0,0,10000,10000,16777216,bound_hit,625
measured,probe-memory-buffer,run,146,19650097,0,0,0,10000,10000,16777216,bound_hit,625
measured,probe-memory-buffer,run,147,19770897,0,0,0,10000,10000,16777216,bound_hit,625
measured,probe-memory-buffer,run,148,19891897,0,0,0,10000,10000,16777216,bound_hit,625
measured,probe-memory-buffer,run,149,20012897,0,0,0,10000,10000,16777216,bound_hit,625
measured,probe-memory-buffer,run,150,20133697,0,0,0,10000,10000,16777216,bound_hit,625
measured,probe-memory-buffer,run,151,20254997,0,0,0,10000,10000,16777216,bound_hit,625
measured,probe-memory-buffer,run,152,20375997,0,0,0,10000,10000,16777216,bound_hit,625
measured,probe-memory-buffer,run,153,20497097,0,0,0,10000,10000,16777216,bound_hit,625
measured,probe-memory-buffer,run,154,20618197,0,0,0,10000,10000,16777216,bound_hit,625
measured,probe-memory-buffer,run,155,20740297,0,0,0,10000,10000,16777216,bound_hit,625
measured,probe-memory-buffer,run,156,20891397,0,0,0,10000,10000,16777216,bound_hit,625
measured,probe-memory-buffer,run,157,21012597,0,0,0,10000,10000,16777216,bound_hit,625
measured,probe-memory-buffer,run,158,21134197,0,0,0,10000,10000,16777216,bound_hit,625
measured,probe-memory-buffer,run,159,21255697,0,0,0,10000,10000,16777216,bound_hit,625
measured,probe-memory-buffer,run,160,21376597,0,0,0,10000,10000,16777216,bound_hit,625
measured,probe-memory-buffer,run,161,21528796,0,0,0,10000,10000,16777216,bound_hit,625
measured,probe-memory-buffer,run,162,21658696,0,0,0,10000,10000,16777216,bound_hit,625
measured,probe-memory-buffer,run,163,21790496,0,0,0,10000,10000,16777216,bound_hit,625
measured,probe-memory-buffer,run,164,21922196,0,0,0,10000,10000,16777216,bound_hit,625
measured,probe-memory-buffer,run,165,22054096,0,0,0,10000,10000,16777216,bound_hit,625
measured,probe-memory-buffer,run,166,22186096,0,0,0,10000,10000,16777216,bound_hit,625
measured,probe-memory-buffer,run,167,22313096,0,0,0,10000,10000,16777216,bound_hit,625
measured,probe-memory-buffer,run,168,22443596,0,0,0,10000,10000,16777216,bound_hit,625
measured,probe-memory-buffer,run,169,22568196,0,0,0,10000,10000,16777216,bound_hit,625
measured,probe-memory-buffer,run,170,22692996,0,0,0,10000,10000,16777216,bound_hit,625
measured,probe-memory-buffer,run,171,22814496,0,0,0,10000,10000,16777216,bound_hit,625
measured,probe-memory-buffer,run,172,22936196,0,0,0,10000,10000,16777216,bound_hit,625
measured,probe-memory-buffer,run,173,23057196,0,0,0,10000,10000,16777216,bound_hit,625
measured,probe-memory-buffer,run,174,23177996,0,0,0,10000,10000,16777216,bound_hit,625
measured,probe-memory-buffer,run,175,23298896,0,0,0,10000,10000,16777216,bound_hit,625
measured,probe-memory-buffer,run,176,23419996,0,0,0,10000,10000,16777216,bound_hit,625
measured,probe-memory-buffer,run,177,23540996,0,0,0,10000,10000,16777216,bound_hit,625
measured,probe-memory-buffer,run,178,23661896,0,0,0,10000,10000,16777216,bound_hit,625
measured,probe-memory-buffer,run,179,23782796,0,0,0,10000,10000,16777216,bound_hit,625
measured,probe-memory-buffer,run,180,23903596,0,0,0,10000,10000,16777216,bound_hit,625
measured,probe-memory-buffer,run,181,24024396,0,0,0,10000,10000,16777216,bound_hit,625
measured,probe-memory-buffer,run,182,24145196,0,0,0,10000,10000,16777216,bound_hit,625
measured,probe-memory-buffer,run,183,24266196,0,0,0,10000,10000,16777216,bound_hit,625
measured,probe-memory-buffer,run,184,24386996,0,0,0,10000,10000,16777216,bound_hit,625
measured,probe-memory-buffer,run,185,24507696,0,0,0,10000,10000,16777216,bound_hit,625
measured,probe-memory-buffer,run,186,24628896,0,0,0,10000,10000,16777216,bound_hit,625
measured,probe-memory-buffer,run,187,24751596,0,0,0,10000,10000,16777216,bound_hit,625
measured,probe-memory-buffer,run,188,24872696,0,0,0,10000,10000,16777216,bound_hit,625
measured,probe-memory-buffer,run,189,24994196,0,0,0,10000,10000,16777216,bound_hit,625
measured,probe-memory-buffer,run,190,25115196,0,0,0,10000,10000,16777216,bound_hit,625
measured,probe-memory-buffer,run,191,25236096,0,0,0,10000,10000,16777216,bound_hit,625
measured,probe-memory-buffer,run,192,25356796,0,0,0,10000,10000,16777216,bound_hit,625
measured,probe-memory-buffer,run,193,25477696,0,0,0,10000,10000,16777216,bound_hit,625
measured,probe-memory-buffer,run,194,25598396,0,0,0,10000,10000,16777216,bound_hit,625
measured,probe-memory-buffer,run,195,25719196,0,0,0,10000,10000,16777216,bound_hit,625
measured,probe-memory-buffer,run,196,25840296,0,0,0,10000,10000,16777216,bound_hit,625
measured,probe-memory-buffer,run,197,25969096,0,0,0,10000,10000,16777216,bound_hit,625
measured,probe-memory-buffer,run,198,26090196,0,0,0,10000,10000,16777216,bound_hit,625
measured,probe-memory-buffer,run,199,26211196,0,0,0,10000,10000,16777216,bound_hit,625
measured,probe-memory-buffer,run,200,26331996,0,0,0,10000,10000,16777216,bound_hit,625
measured,probe-memory-buffer,run,201,26452696,0,0,0,10000,10000,16777216,bound_hit,625
measured,probe-memory-buffer,run,202,26573296,0,0,0,10000,10000,16777216,bound_hit,625
measured,probe-memory-buffer,run,203,26694096,0,0,0,10000,10000,16777216,bound_hit,625
measured,probe-memory-buffer,run,204,26815095,0,0,0,10000,10000,16777216,bound_hit,625
measured,probe-memory-buffer,run,205,26935895,0,0,0,10000,10000,16777216,bound_hit,625
measured,probe-memory-buffer,run,206,27056595,0,0,0,10000,10000,16777216,bound_hit,625
measured,probe-memory-buffer,run,207,27177195,0,0,0,10000,10000,16777216,bound_hit,625
measured,probe-memory-buffer,run,208,27298095,0,0,0,10000,10000,16777216,bound_hit,625
measured,probe-memory-buffer,run,209,27419195,0,0,0,10000,10000,16777216,bound_hit,625
measured,probe-memory-buffer,run,210,27539995,0,0,0,10000,10000,16777216,bound_hit,625
measured,probe-memory-buffer,run,211,27660795,0,0,0,10000,10000,16777216,bound_hit,625
measured,probe-memory-buffer,run,212,27781595,0,0,0,10000,10000,16777216,bound_hit,625
measured,probe-memory-buffer,run,213,27926895,0,0,0,10000,10000,16777216,bound_hit,625
measured,probe-memory-buffer,run,214,28058495,0,0,0,10000,10000,16777216,bound_hit,625
measured,probe-memory-buffer,run,215,28185195,0,0,0,10000,10000,16777216,bound_hit,625
measured,probe-memory-buffer,run,216,28350795,0,0,0,10000,10000,16777216,bound_hit,625
measured,probe-memory-buffer,run,217,28543895,0,0,0,10000,10000,16777216,bound_hit,625
measured,probe-memory-buffer,run,218,28707895,0,0,0,10000,10000,16777216,bound_hit,625
measured,probe-memory-buffer,run,219,28834695,0,0,0,10000,10000,16777216,bound_hit,625
measured,probe-memory-buffer,run,220,28960595,0,0,0,10000,10000,16777216,bound_hit,625
measured,probe-memory-buffer,run,221,29085995,0,0,0,10000,10000,16777216,bound_hit,625
measured,probe-memory-buffer,run,222,29216395,0,0,0,10000,10000,16777216,bound_hit,625
measured,probe-memory-buffer,run,223,29366095,0,0,0,10000,10000,16777216,bound_hit,625
measured,probe-memory-buffer,run,224,29488995,0,0,0,10000,10000,16777216,bound_hit,625
measured,probe-memory-buffer,run,225,29609995,0,0,0,10000,10000,16777216,bound_hit,625
measured,probe-memory-buffer,run,226,29730595,0,0,0,10000,10000,16777216,bound_hit,625
measured,probe-memory-buffer,run,227,29851395,0,0,0,10000,10000,16777216,bound_hit,625
measured,probe-memory-buffer,run,228,29972195,0,0,0,10000,10000,16777216,bound_hit,625
measured,probe-memory-buffer,run,229,30092695,0,0,0,10000,10000,16777216,bound_hit,625
measured,probe-memory-buffer,run,230,30213395,0,0,0,10000,10000,16777216,bound_hit,625
measured,probe-memory-buffer,run,231,30333995,0,0,0,10000,10000,16777216,bound_hit,625
measured,probe-memory-buffer,run,232,30454795,0,0,0,10000,10000,16777216,bound_hit,625
measured,probe-memory-buffer,run,233,30575595,0,0,0,10000,10000,16777216,bound_hit,625
measured,probe-memory-buffer,run,234,30696295,0,0,0,10000,10000,16777216,bound_hit,625
measured,probe-memory-buffer,run,235,30816895,0,0,0,10000,10000,16777216,bound_hit,625
measured,probe-memory-buffer,run,236,30937895,0,0,0,10000,10000,16777216,bound_hit,625
measured,probe-memory-buffer,run,237,31058595,0,0,0,10000,10000,16777216,bound_hit,625
measured,probe-memory-buffer,run,238,31179195,0,0,0,10000,10000,16777216,bound_hit,625
measured,probe-memory-buffer,run,239,31299795,0,0,0,10000,10000,16777216,bound_hit,625
measured,probe-memory-buffer,run,240,31420395,0,0,0,10000,10000,16777216,bound_hit,625
measured,probe-memory-buffer,run,241,31540795,0,0,0,10000,10000,16777216,bound_hit,625
measured,probe-memory-buffer,run,242,31661395,0,0,0,10000,10000,16777216,bound_hit,625
measured,probe-memory-buffer,run,243,31781995,0,0,0,10000,10000,16777216,bound_hit,625
measured,probe-memory-buffer,run,244,31902695,0,0,0,10000,10000,16777216,bound_hit,625
measured,probe-memory-buffer,run,245,32023495,0,0,0,10000,10000,16777216,bound_hit,625
measured,probe-memory-buffer,run,246,32144095,0,0,0,10000,10000,16777216,bound_hit,625
measured,probe-memory-buffer,run,247,32264894,0,0,0,10000,10000,16777216,bound_hit,625
measured,probe-memory-buffer,run,248,32385394,0,0,0,10000,10000,16777216,bound_hit,625
measured,probe-memory-buffer,run,249,32505794,0,0,0,10000,10000,16777216,bound_hit,625
measured,probe-memory-buffer,run,250,32626494,0,0,0,10000,10000,16777216,bound_hit,625
measured,probe-memory-buffer,run,251,32749694,0,0,0,10000,10000,16777216,bound_hit,625
measured,probe-memory-buffer,run,252,32870894,0,0,0,10000,10000,16777216,bound_hit,625
measured,probe-memory-buffer,run,253,32998194,0,0,0,10000,10000,16777216,bound_hit,625
measured,probe-memory-buffer,run,254,33118794,0,0,0,10000,10000,16777216,bound_hit,625
measured,probe-memory-buffer,run,255,33239594,0,0,0,10000,10000,16777216,bound_hit,625
measured,probe-memory-buffer,run,256,33359894,0,0,0,10000,10000,16777216,bound_hit,625
measured,probe-memory-buffer,run,257,33480394,0,0,0,10000,10000,16777216,bound_hit,625
measured,probe-memory-buffer,run,258,33600794,0,0,0,10000,10000,16777216,bound_hit,625
measured,probe-memory-buffer,run,259,33720894,0,0,0,10000,10000,16777216,bound_hit,625
measured,probe-memory-buffer,run,260,33841294,0,0,0,10000,10000,16777216,bound_hit,625
measured,probe-memory-buffer,run,261,33961794,0,0,0,10000,10000,16777216,bound_hit,625
measured,probe-memory-buffer,run,262,34082094,0,0,0,10000,10000,16777216,bound_hit,625
measured,probe-memory-buffer,run,263,34202994,0,0,0,10000,10000,16777216,bound_hit,625
measured,probe-memory-buffer,run,264,34323494,0,0,0,10000,10000,16777216,bound_hit,625
measured,probe-memory-buffer,run,265,34443994,0,0,0,10000,10000,16777216,bound_hit,625
measured,probe-memory-buffer,run,266,34564594,0,0,0,10000,10000,16777216,bound_hit,625
measured,probe-memory-buffer,run,267,34714894,0,0,0,10000,10000,16777216,bound_hit,625
measured,probe-memory-buffer,run,268,34835994,0,0,0,10000,10000,16777216,bound_hit,625
measured,probe-memory-buffer,run,269,34956994,0,0,0,10000,10000,16777216,bound_hit,625
measured,probe-memory-buffer,run,270,35078194,0,0,0,10000,10000,16777216,bound_hit,625
measured,probe-memory-buffer,run,271,35199494,0,0,0,10000,10000,16777216,bound_hit,625
measured,probe-memory-buffer,run,272,35348794,0,0,0,10000,10000,16777216,bound_hit,625
measured,probe-memory-buffer,run,273,35486394,0,0,0,10000,10000,16777216,bound_hit,625
measured,probe-memory-buffer,run,274,35649794,0,0,0,10000,10000,16777216,bound_hit,625
measured,probe-memory-buffer,run,275,35779294,0,0,0,10000,10000,16777216,bound_hit,625
measured,probe-memory-buffer,run,276,35904794,0,0,0,10000,10000,16777216,bound_hit,625
measured,probe-memory-buffer,run,277,36029494,0,0,0,10000,10000,16777216,bound_hit,625
measured,probe-memory-buffer,run,278,36154394,0,0,0,10000,10000,16777216,bound_hit,625
measured,probe-memory-buffer,run,279,36279694,0,0,0,10000,10000,16777216,bound_hit,625
measured,probe-memory-buffer,run,280,36404294,0,0,0,10000,10000,16777216,bound_hit,625
measured,probe-memory-buffer,run,281,36528694,0,0,0,10000,10000,16777216,bound_hit,625
measured,probe-memory-buffer,run,282,36677194,0,0,0,10000,10000,16777216,bound_hit,625
measured,probe-memory-buffer,run,283,36801994,0,0,0,10000,10000,16777216,bound_hit,625
measured,probe-memory-buffer,run,284,36926594,0,0,0,10000,10000,16777216,bound_hit,625
measured,probe-memory-buffer,run,285,37050994,0,0,0,10000,10000,16777216,bound_hit,625
measured,probe-memory-buffer,run,286,37175494,0,0,0,10000,10000,16777216,bound_hit,625
measured,probe-memory-buffer,run,287,37299694,0,0,0,10000,10000,16777216,bound_hit,625
measured,probe-memory-buffer,run,288,37423494,0,0,0,10000,10000,16777216,bound_hit,625
measured,probe-memory-buffer,run,289,37544794,0,0,0,10000,10000,16777216,bound_hit,625
measured,probe-memory-buffer,run,290,37664893,0,0,0,10000,10000,16777216,bound_hit,625
measured,probe-memory-buffer,run,291,37784793,0,0,0,10000,10000,16777216,bound_hit,625
measured,probe-memory-buffer,run,292,37905093,0,0,0,10000,10000,16777216,bound_hit,625
measured,probe-memory-buffer,run,293,38024893,0,0,0,10000,10000,16777216,bound_hit,625
measured,probe-memory-buffer,run,294,38144693,0,0,0,10000,10000,16777216,bound_hit,625
measured,probe-memory-buffer,run,295,38264393,0,0,0,10000,10000,16777216,bound_hit,625
measured,probe-memory-buffer,run,296,38383993,0,0,0,10000,10000,16777216,bound_hit,625
measured,probe-memory-buffer,run,297,38503693,0,0,0,10000,10000,16777216,bound_hit,625
measured,probe-memory-buffer,run,298,38623393,0,0,0,10000,10000,16777216,bound_hit,625
measured,probe-memory-buffer,run,299,38743093,0,0,0,10000,10000,16777216,bound_hit,625
measured,probe-memory-buffer,run,300,38862893,0,0,0,10000,10000,16777216,bound_hit,625
measured,probe-memory-buffer,run,301,38982693,0,0,0,10000,10000,16777216,bound_hit,625
measured,probe-memory-buffer,run,302,39102493,0,0,0,10000,10000,16777216,bound_hit,625
measured,probe-memory-buffer,run,303,39222293,0,0,0,10000,10000,16777216,bound_hit,625
measured,probe-memory-buffer,run,304,39342193,0,0,0,10000,10000,16777216,bound_hit,625
measured,probe-memory-buffer,run,305,39462193,0,0,0,10000,10000,16777216,bound_hit,625
measured,probe-memory-buffer,run,306,39581993,0,0,0,10000,10000,16777216,bound_hit,625
measured,probe-memory-buffer,run,307,39701993,0,0,0,10000,10000,16777216,bound_hit,625
measured,probe-memory-buffer,run,308,39821893,0,0,0,10000,10000,16777216,bound_hit,625
measured,probe-memory-buffer,run,309,39941693,0,0,0,10000,10000,16777216,bound_hit,625
measured,probe-memory-buffer,run,310,40068193,0,0,0,10000,10000,16777216,bound_hit,625
measured,probe-memory-buffer,run,311,40188193,0,0,0,10000,10000,16777216,bound_hit,625
measured,probe-memory-buffer,run,312,40307993,0,0,0,10000,10000,16777216,bound_hit,625
measured,probe-memory-buffer,run,313,40427693,0,0,0,10000,10000,16777216,bound_hit,625
measured,probe-memory-buffer,run,314,40547593,0,0,0,10000,10000,16777216,bound_hit,625
measured,probe-memory-buffer,run,315,40684193,0,0,0,10000,10000,16777216,bound_hit,625
measured,probe-memory-buffer,run,316,40804693,0,0,0,10000,10000,16777216,bound_hit,625
measured,probe-memory-buffer,run,317,40924693,0,0,0,10000,10000,16777216,bound_hit,625
measured,probe-memory-buffer,run,318,41044593,0,0,0,10000,10000,16777216,bound_hit,625
measured,probe-memory-buffer,run,319,41164493,0,0,0,10000,10000,16777216,bound_hit,625
measured,probe-memory-buffer,run,320,41284493,0,0,0,10000,10000,16777216,bound_hit,625
measured,probe-memory-buffer,run,321,41404293,0,0,0,10000,10000,16777216,bound_hit,625
measured,probe-memory-buffer,run,322,41524193,0,0,0,10000,10000,16777216,bound_hit,625
measured,probe-memory-buffer,run,323,41648193,0,0,0,10000,10000,16777216,bound_hit,625
measured,probe-memory-buffer,run,324,41779293,0,0,0,10000,10000,16777216,bound_hit,625
measured,probe-memory-buffer,run,325,41902393,0,0,0,10000,10000,16777216,bound_hit,625
measured,probe-memory-buffer,run,326,42024093,0,0,0,10000,10000,16777216,bound_hit,625
measured,probe-memory-buffer,run,327,42166493,0,0,0,10000,10000,16777216,bound_hit,625
measured,probe-memory-buffer,run,328,42344293,0,0,0,10000,10000,16777216,bound_hit,625
measured,probe-memory-buffer,run,329,42471993,0,0,0,10000,10000,16777216,bound_hit,625
measured,probe-memory-buffer,run,330,42613193,0,0,0,10000,10000,16777216,bound_hit,625
measured,probe-memory-buffer,run,331,42736493,0,0,0,10000,10000,16777216,bound_hit,625
measured,probe-memory-buffer,run,332,42858793,0,0,0,10000,10000,16777216,bound_hit,625
measured,probe-memory-buffer,run,333,42994592,0,0,0,10000,10000,16777216,bound_hit,625
measured,probe-memory-buffer,run,334,43115092,0,0,0,10000,10000,16777216,bound_hit,625
measured,probe-memory-buffer,run,335,43235592,0,0,0,10000,10000,16777216,bound_hit,625
measured,probe-memory-buffer,run,336,43355992,0,0,0,10000,10000,16777216,bound_hit,625
measured,probe-memory-buffer,run,337,43477292,0,0,0,10000,10000,16777216,bound_hit,625
measured,probe-memory-buffer,run,338,43597592,0,0,0,10000,10000,16777216,bound_hit,625
measured,probe-memory-buffer,run,339,43717892,0,0,0,10000,10000,16777216,bound_hit,625
measured,probe-memory-buffer,run,340,43838092,0,0,0,10000,10000,16777216,bound_hit,625
measured,probe-memory-buffer,run,341,43958392,0,0,0,10000,10000,16777216,bound_hit,625
measured,probe-memory-buffer,run,342,44078792,0,0,0,10000,10000,16777216,bound_hit,625
measured,probe-memory-buffer,run,343,44198892,0,0,0,10000,10000,16777216,bound_hit,625
measured,probe-memory-buffer,run,344,44319692,0,0,0,10000,10000,16777216,bound_hit,625
measured,probe-memory-buffer,run,345,44439792,0,0,0,10000,10000,16777216,bound_hit,625
measured,probe-memory-buffer,run,346,44560292,0,0,0,10000,10000,16777216,bound_hit,625
measured,probe-memory-buffer,run,347,44675792,0,0,0,10000,10000,16777216,bound_hit,625
measured,probe-memory-buffer,run,348,44796392,0,0,0,10000,10000,16777216,bound_hit,625
measured,probe-memory-buffer,run,349,44916592,0,0,0,10000,10000,16777216,bound_hit,625
measured,probe-memory-buffer,run,350,45036992,0,0,0,10000,10000,16777216,bound_hit,625
measured,probe-memory-buffer,run,351,45157192,0,0,0,10000,10000,16777216,bound_hit,625
measured,probe-memory-buffer,run,352,45277692,0,0,0,10000,10000,16777216,bound_hit,625
measured,probe-memory-buffer,run,353,45397592,0,0,0,10000,10000,16777216,bound_hit,625
measured,probe-memory-buffer,run,354,45517692,0,0,0,10000,10000,16777216,bound_hit,625
measured,probe-memory-buffer,run,355,45637992,0,0,0,10000,10000,16777216,bound_hit,625
measured,probe-memory-buffer,run,356,45758192,0,0,0,10000,10000,16777216,bound_hit,625
measured,probe-memory-buffer,run,357,45878692,0,0,0,10000,10000,16777216,bound_hit,625
measured,probe-memory-buffer,run,358,45998792,0,0,0,10000,10000,16777216,bound_hit,625
measured,probe-memory-buffer,run,359,46119192,0,0,0,10000,10000,16777216,bound_hit,625
measured,probe-memory-buffer,run,360,46239492,0,0,0,10000,10000,16777216,bound_hit,625
measured,probe-memory-buffer,run,361,46359992,0,0,0,10000,10000,16777216,bound_hit,625
measured,probe-memory-buffer,run,362,46480492,0,0,0,10000,10000,16777216,bound_hit,625
measured,probe-memory-buffer,run,363,46601192,0,0,0,10000,10000,16777216,bound_hit,625
measured,probe-memory-buffer,run,364,46721492,0,0,0,10000,10000,16777216,bound_hit,625
measured,probe-memory-buffer,run,365,46841492,0,0,0,10000,10000,16777216,bound_hit,625
measured,probe-memory-buffer,run,366,46961892,0,0,0,10000,10000,16777216,bound_hit,625
measured,probe-memory-buffer,run,367,47089092,0,0,0,10000,10000,16777216,bound_hit,625
measured,probe-memory-buffer,run,368,47209292,0,0,0,10000,10000,16777216,bound_hit,625
measured,probe-memory-buffer,run,369,47329992,0,0,0,10000,10000,16777216,bound_hit,625
measured,probe-memory-buffer,run,370,47450192,0,0,0,10000,10000,16777216,bound_hit,625
measured,probe-memory-buffer,run,371,47570292,0,0,0,10000,10000,16777216,bound_hit,625
measured,probe-memory-buffer,run,372,47690392,0,0,0,10000,10000,16777216,bound_hit,625
measured,probe-memory-buffer,run,373,47810392,0,0,0,10000,10000,16777216,bound_hit,625
measured,probe-memory-buffer,run,374,47930592,0,0,0,10000,10000,16777216,bound_hit,625
measured,probe-memory-buffer,run,375,48050692,0,0,0,10000,10000,16777216,bound_hit,625
measured,probe-memory-buffer,run,376,48170692,0,0,0,10000,10000,16777216,bound_hit,625
measured,probe-memory-buffer,run,377,48290592,0,0,0,10000,10000,16777216,bound_hit,625
measured,probe-memory-buffer,run,378,48410491,0,0,0,10000,10000,16777216,bound_hit,625
measured,probe-memory-buffer,run,379,48530991,0,0,0,10000,10000,16777216,bound_hit,625
measured,probe-memory-buffer,run,380,48658391,0,0,0,10000,10000,16777216,bound_hit,625
measured,probe-memory-buffer,run,381,48780091,0,0,0,10000,10000,16777216,bound_hit,625
measured,probe-memory-buffer,run,382,48900791,0,0,0,10000,10000,16777216,bound_hit,625
measured,probe-memory-buffer,run,383,49023591,0,0,0,10000,10000,16777216,bound_hit,625
measured,probe-memory-buffer,run,384,49146391,0,0,0,10000,10000,16777216,bound_hit,625
measured,probe-memory-buffer,run,385,49268391,0,0,0,10000,10000,16777216,bound_hit,625
measured,probe-memory-buffer,run,386,49389591,0,0,0,10000,10000,16777216,bound_hit,625
measured,probe-memory-buffer,run,387,49510891,0,0,0,10000,10000,16777216,bound_hit,625
measured,probe-memory-buffer,run,388,49631991,0,0,0,10000,10000,16777216,bound_hit,625
measured,probe-memory-buffer,run,389,49755591,0,0,0,10000,10000,16777216,bound_hit,625
measured,probe-memory-buffer,run,390,49877291,0,0,0,10000,10000,16777216,bound_hit,625
measured,probe-memory-buffer,run,391,50018391,0,0,0,10000,10000,16777216,bound_hit,625
measured,probe-memory-buffer,run,392,50196991,0,0,0,10000,10000,16777216,bound_hit,625
measured,probe-memory-buffer,run,393,50324891,0,0,0,10000,10000,16777216,bound_hit,625
measured,probe-memory-buffer,run,394,50449491,0,0,0,10000,10000,16777216,bound_hit,625
measured,probe-memory-buffer,run,395,50573891,0,0,0,10000,10000,16777216,bound_hit,625
measured,probe-memory-buffer,run,396,50698191,0,0,0,10000,10000,16777216,bound_hit,625
measured,probe-memory-buffer,run,397,50824491,0,0,0,10000,10000,16777216,bound_hit,625
measured,probe-memory-buffer,run,398,50950391,0,0,0,10000,10000,16777216,bound_hit,625
measured,probe-memory-buffer,run,399,51074991,0,0,0,10000,10000,16777216,bound_hit,625
measured,probe-memory-buffer,run,400,51198991,0,0,0,10000,10000,16777216,bound_hit,625
measured,probe-memory-buffer,run,401,51322991,0,0,0,10000,10000,16777216,bound_hit,625
measured,probe-memory-buffer,run,402,51447191,0,0,0,10000,10000,16777216,bound_hit,625
measured,probe-memory-buffer,run,403,51571491,0,0,0,10000,10000,16777216,bound_hit,625
measured,probe-memory-buffer,run,404,51695791,0,0,0,10000,10000,16777216,bound_hit,625
measured,probe-memory-buffer,run,405,51819791,0,0,0,10000,10000,16777216,bound_hit,625
measured,probe-memory-buffer,run,406,51944291,0,0,0,10000,10000,16777216,bound_hit,625
measured,probe-memory-buffer,run,407,52068191,0,0,0,10000,10000,16777216,bound_hit,625
measured,probe-memory-buffer,run,408,52192391,0,0,0,10000,10000,16777216,bound_hit,625
measured,probe-memory-buffer,run,409,52316391,0,0,0,10000,10000,16777216,bound_hit,625
measured,probe-memory-buffer,run,410,52440591,0,0,0,10000,10000,16777216,bound_hit,625
measured,probe-memory-buffer,run,411,52561891,0,0,0,10000,10000,16777216,bound_hit,625
measured,probe-memory-buffer,run,412,52676591,0,0,0,10000,10000,16777216,bound_hit,625
measured,probe-memory-buffer,run,413,52796991,0,0,0,10000,10000,16777216,bound_hit,625
measured,probe-memory-buffer,run,414,52916891,0,0,0,10000,10000,16777216,bound_hit,625
measured,probe-memory-buffer,run,415,53036691,0,0,0,10000,10000,16777216,bound_hit,625
measured,probe-memory-buffer,run,416,53156791,0,0,0,10000,10000,16777216,bound_hit,625
measured,probe-memory-buffer,run,417,53276791,0,0,0,10000,10000,16777216,bound_hit,625
measured,probe-memory-buffer,run,418,53396491,0,0,0,10000,10000,16777216,bound_hit,625
measured,probe-memory-buffer,run,419,53516691,0,0,0,10000,10000,16777216,bound_hit,625
measured,probe-memory-buffer,run,420,53636691,0,0,0,10000,10000,16777216,bound_hit,625
measured,probe-memory-buffer,run,421,53756490,0,0,0,10000,10000,16777216,bound_hit,625
measured,probe-memory-buffer,run,422,53876390,0,0,0,10000,10000,16777216,bound_hit,625
measured,probe-memory-buffer,run,423,53996290,0,0,0,10000,10000,16777216,bound_hit,625
measured,probe-memory-buffer,run,424,54124390,0,0,0,10000,10000,16777216,bound_hit,625
measured,probe-memory-buffer,run,425,54243990,0,0,0,10000,10000,16777216,bound_hit,625
measured,probe-memory-buffer,run,426,54363590,0,0,0,10000,10000,16777216,bound_hit,625
measured,probe-memory-buffer,run,427,54483390,0,0,0,10000,10000,16777216,bound_hit,625
measured,probe-memory-buffer,run,428,54603290,0,0,0,10000,10000,16777216,bound_hit,625
measured,probe-memory-buffer,run,429,54723290,0,0,0,10000,10000,16777216,bound_hit,625
measured,probe-memory-buffer,run,430,54842990,0,0,0,10000,10000,16777216,bound_hit,625
measured,probe-memory-buffer,run,431,54963290,0,0,0,10000,10000,16777216,bound_hit,625
measured,probe-memory-buffer,run,432,55083090,0,0,0,10000,10000,16777216,bound_hit,625
measured,probe-memory-buffer,run,433,55203090,0,0,0,10000,10000,16777216,bound_hit,625
measured,probe-memory-buffer,run,434,55322990,0,0,0,10000,10000,16777216,bound_hit,625
measured,probe-memory-buffer,run,435,55443090,0,0,0,10000,10000,16777216,bound_hit,625
measured,probe-memory-buffer,run,436,55608390,0,0,0,10000,10000,16777216,bound_hit,625
measured,probe-memory-buffer,run,437,55746890,0,0,0,10000,10000,16777216,bound_hit,625
measured,probe-memory-buffer,run,438,55871790,0,0,0,10000,10000,16777216,bound_hit,625
measured,probe-memory-buffer,run,439,55992390,0,0,0,10000,10000,16777216,bound_hit,625
measured,probe-memory-buffer,run,440,56113090,0,0,0,10000,10000,16777216,bound_hit,625
measured,probe-memory-buffer,run,441,56235290,0,0,0,10000,10000,16777216,bound_hit,625
measured,probe-memory-buffer,run,442,56369590,0,0,0,10000,10000,16777216,bound_hit,625
measured,probe-memory-buffer,run,443,56496290,0,0,0,10000,10000,16777216,bound_hit,625
measured,probe-memory-buffer,run,444,56633990,0,0,0,10000,10000,16777216,bound_hit,625
measured,probe-memory-buffer,run,445,56762190,0,0,0,10000,10000,16777216,bound_hit,625
measured,probe-memory-buffer,run,446,56883990,0,0,0,10000,10000,16777216,bound_hit,625
measured,probe-memory-buffer,run,447,57004690,0,0,0,10000,10000,16777216,bound_hit,625
measured,probe-memory-buffer,run,448,57125190,0,0,0,10000,10000,16777216,bound_hit,625
measured,probe-memory-buffer,run,449,57245490,0,0,0,10000,10000,16777216,bound_hit,625
measured,probe-memory-buffer,run,450,57365790,0,0,0,10000,10000,16777216,bound_hit,625
measured,probe-memory-buffer,run,451,57486090,0,0,0,10000,10000,16777216,bound_hit,625
measured,probe-memory-buffer,run,452,57606190,0,0,0,10000,10000,16777216,bound_hit,625
measured,probe-memory-buffer,run,453,57726490,0,0,0,10000,10000,16777216,bound_hit,625
measured,probe-memory-buffer,run,454,57846490,0,0,0,10000,10000,16777216,bound_hit,625
measured,probe-memory-buffer,run,455,57966790,0,0,0,10000,10000,16777216,bound_hit,625
measured,probe-memory-buffer,run,456,58087190,0,0,0,10000,10000,16777216,bound_hit,625
measured,probe-memory-buffer,run,457,58207190,0,0,0,10000,10000,16777216,bound_hit,625
measured,probe-memory-buffer,run,458,58327390,0,0,0,10000,10000,16777216,bound_hit,625
measured,probe-memory-buffer,run,459,58447890,0,0,0,10000,10000,16777216,bound_hit,625
measured,probe-memory-buffer,run,460,58568090,0,0,0,10000,10000,16777216,bound_hit,625
measured,probe-memory-buffer,run,461,58688190,0,0,0,10000,10000,16777216,bound_hit,625
measured,probe-memory-buffer,run,462,58808290,0,0,0,10000,10000,16777216,bound_hit,625
measured,probe-memory-buffer,run,463,58928690,0,0,0,10000,10000,16777216,bound_hit,625
measured,probe-memory-buffer,run,464,59048790,0,0,0,10000,10000,16777216,bound_hit,625
measured,probe-memory-buffer,run,465,59168889,0,0,0,10000,10000,16777216,bound_hit,625
measured,probe-memory-buffer,run,466,59288989,0,0,0,10000,10000,16777216,bound_hit,625
measured,probe-memory-buffer,run,467,59409689,0,0,0,10000,10000,16777216,bound_hit,625
measured,probe-memory-buffer,run,468,59529889,0,0,0,10000,10000,16777216,bound_hit,625
measured,probe-memory-buffer,run,469,59650089,0,0,0,10000,10000,16777216,bound_hit,625
measured,probe-memory-buffer,run,470,59770189,0,0,0,10000,10000,16777216,bound_hit,625
measured,probe-memory-buffer,run,471,59890489,0,0,0,10000,10000,16777216,bound_hit,625
measured,probe-memory-buffer,run,472,60010589,0,0,0,10000,10000,16777216,bound_hit,625
measured,probe-memory-buffer,run,473,60130689,0,0,0,10000,10000,16777216,bound_hit,625
measured,probe-memory-buffer,run,474,60250989,0,0,0,10000,10000,16777216,bound_hit,625
measured,probe-memory-buffer,run,475,60371389,0,0,0,10000,10000,16777216,bound_hit,625
measured,probe-memory-buffer,run,476,60491689,0,0,0,10000,10000,16777216,bound_hit,625
measured,probe-memory-buffer,run,477,60611789,0,0,0,10000,10000,16777216,bound_hit,625
measured,probe-memory-buffer,run,478,60733889,0,0,0,10000,10000,16777216,bound_hit,625
measured,probe-memory-buffer,run,479,60854189,0,0,0,10000,10000,16777216,bound_hit,625
measured,probe-memory-buffer,run,480,60974589,0,0,0,10000,10000,16777216,bound_hit,625
measured,probe-memory-buffer,run,481,61103689,0,0,0,10000,10000,16777216,bound_hit,625
measured,probe-memory-buffer,run,482,61223889,0,0,0,10000,10000,16777216,bound_hit,625
measured,probe-memory-buffer,run,483,61344189,0,0,0,10000,10000,16777216,bound_hit,625
measured,probe-memory-buffer,run,484,61464289,0,0,0,10000,10000,16777216,bound_hit,625
measured,probe-memory-buffer,run,485,61584189,0,0,0,10000,10000,16777216,bound_hit,625
measured,probe-memory-buffer,run,486,61704289,0,0,0,10000,10000,16777216,bound_hit,625
measured,probe-memory-buffer,run,487,61824389,0,0,0,10000,10000,16777216,bound_hit,625
measured,probe-memory-buffer,run,488,61944289,0,0,0,10000,10000,16777216,bound_hit,625
measured,probe-memory-buffer,run,489,62064489,0,0,0,10000,10000,16777216,bound_hit,625
measured,probe-memory-buffer,run,490,62184489,0,0,0,10000,10000,16777216,bound_hit,625
measured,probe-memory-buffer,run,491,62304489,0,0,0,10000,10000,16777216,bound_hit,625
measured,probe-memory-buffer,run,492,62424889,0,0,0,10000,10000,16777216,bound_hit,625
measured,probe-memory-buffer,run,493,62550789,0,0,0,10000,10000,16777216,bound_hit,625
measured,probe-memory-buffer,run,494,62691289,0,0,0,10000,10000,16777216,bound_hit,625
measured,probe-memory-buffer,run,495,62825389,0,0,0,10000,10000,16777216,bound_hit,625
measured,probe-memory-buffer,run,496,62952389,0,0,0,10000,10000,16777216,bound_hit,625
measured,probe-memory-buffer,run,497,63078589,0,0,0,10000,10000,16777216,bound_hit,625
measured,probe-memory-buffer,run,498,63205089,0,0,0,10000,10000,16777216,bound_hit,625
measured,probe-memory-buffer,run,499,63330389,0,0,0,10000,10000,16777216,bound_hit,625
measured,probe-memory-buffer,run,500,63455889,0,0,0,10000,10000,16777216,bound_hit,625
measured,probe-memory-buffer,run,501,63581189,0,0,0,10000,10000,16777216,bound_hit,625
measured,probe-memory-buffer,run,502,63713189,0,0,0,10000,10000,16777216,bound_hit,625
measured,probe-memory-buffer,run,503,63842289,0,0,0,10000,10000,16777216,bound_hit,625
measured,probe-memory-buffer,run,504,63968889,0,0,0,10000,10000,16777216,bound_hit,625
measured,probe-memory-buffer,run,505,64094289,0,0,0,10000,10000,16777216,bound_hit,625
measured,probe-memory-buffer,run,506,64219789,0,0,0,10000,10000,16777216,bound_hit,625
measured,probe-memory-buffer,run,507,64345589,0,0,0,10000,10000,16777216,bound_hit,625
measured,probe-memory-buffer,run,508,64471989,0,0,0,10000,10000,16777216,bound_hit,625
measured,probe-memory-buffer,run,509,64598188,0,0,0,10000,10000,16777216,bound_hit,625
measured,probe-memory-buffer,run,510,64726188,0,0,0,10000,10000,16777216,bound_hit,625
measured,probe-memory-buffer,run,511,64851788,0,0,0,10000,10000,16777216,bound_hit,625
measured,probe-memory-buffer,run,512,64976988,0,0,0,10000,10000,16777216,bound_hit,625
measured,probe-memory-buffer,run,513,65102488,0,0,0,10000,10000,16777216,bound_hit,625
measured,probe-memory-buffer,run,514,65228088,0,0,0,10000,10000,16777216,bound_hit,625
measured,probe-memory-buffer,run,515,65353688,0,0,0,10000,10000,16777216,bound_hit,625
measured,probe-memory-buffer,run,516,65475888,0,0,0,10000,10000,16777216,bound_hit,625
measured,probe-memory-buffer,run,517,65596988,0,0,0,10000,10000,16777216,bound_hit,625
measured,probe-memory-buffer,run,518,65717888,0,0,0,10000,10000,16777216,bound_hit,625
measured,probe-memory-buffer,run,519,65838788,0,0,0,10000,10000,16777216,bound_hit,625
measured,probe-memory-buffer,run,520,65959588,0,0,0,10000,10000,16777216,bound_hit,625
measured,probe-memory-buffer,run,521,66080388,0,0,0,10000,10000,16777216,bound_hit,625
measured,probe-memory-buffer,run,522,66201088,0,0,0,10000,10000,16777216,bound_hit,625
measured,probe-memory-buffer,run,523,66321788,0,0,0,10000,10000,16777216,bound_hit,625
measured,probe-memory-buffer,run,524,66442388,0,0,0,10000,10000,16777216,bound_hit,625
measured,probe-memory-buffer,run,525,66563188,0,0,0,10000,10000,16777216,bound_hit,625
measured,probe-memory-buffer,run,526,66683988,0,0,0,10000,10000,16777216,bound_hit,625
measured,probe-memory-buffer,run,527,66804788,0,0,0,10000,10000,16777216,bound_hit,625
measured,probe-memory-buffer,run,528,66925488,0,0,0,10000,10000,16777216,bound_hit,625
measured,probe-memory-buffer,run,529,67046288,0,0,0,10000,10000,16777216,bound_hit,625
measured,probe-memory-buffer,run,530,67167688,0,0,0,10000,10000,16777216,bound_hit,625
measured,probe-memory-buffer,run,531,67288488,0,0,0,10000,10000,16777216,bound_hit,625
measured,probe-memory-buffer,run,532,67409488,0,0,0,10000,10000,16777216,bound_hit,625
measured,probe-memory-buffer,run,533,67530288,0,0,0,10000,10000,16777216,bound_hit,625
measured,probe-memory-buffer,run,534,67651088,0,0,0,10000,10000,16777216,bound_hit,625
measured,probe-memory-buffer,run,535,67771988,0,0,0,10000,10000,16777216,bound_hit,625
measured,probe-memory-buffer,run,536,67892688,0,0,0,10000,10000,16777216,bound_hit,625
measured,probe-memory-buffer,run,537,68013688,0,0,0,10000,10000,16777216,bound_hit,625
measured,probe-memory-buffer,run,538,68142788,0,0,0,10000,10000,16777216,bound_hit,625
measured,probe-memory-buffer,run,539,68263688,0,0,0,10000,10000,16777216,bound_hit,625
measured,probe-memory-buffer,run,540,68384488,0,0,0,10000,10000,16777216,bound_hit,625
measured,probe-memory-buffer,run,541,68505188,0,0,0,10000,10000,16777216,bound_hit,625
measured,probe-memory-buffer,run,542,68626088,0,0,0,10000,10000,16777216,bound_hit,625
measured,probe-memory-buffer,run,543,68748888,0,0,0,10000,10000,16777216,bound_hit,625
measured,probe-memory-buffer,run,544,68869788,0,0,0,10000,10000,16777216,bound_hit,625
measured,probe-memory-buffer,run,545,68990488,0,0,0,10000,10000,16777216,bound_hit,625
measured,probe-memory-buffer,run,546,69111088,0,0,0,10000,10000,16777216,bound_hit,625
measured,probe-memory-buffer,run,547,69231888,0,0,0,10000,10000,16777216,bound_hit,625
measured,probe-memory-buffer,run,548,69352788,0,0,0,10000,10000,16777216,bound_hit,625
measured,probe-memory-buffer,run,549,69474988,0,0,0,10000,10000,16777216,bound_hit,625
measured,probe-memory-buffer,run,550,69615088,0,0,0,10000,10000,16777216,bound_hit,625
measured,probe-memory-buffer,run,551,69761388,0,0,0,10000,10000,16777216,bound_hit,625
measured,probe-memory-buffer,run,552,69899388,0,0,0,10000,10000,16777216,bound_hit,625
measured,probe-memory-buffer,run,553,70032887,0,0,0,10000,10000,16777216,bound_hit,625
measured,probe-memory-buffer,run,554,70208587,0,0,0,10000,10000,16777216,bound_hit,625
measured,probe-memory-buffer,run,555,70340887,0,0,0,10000,10000,16777216,bound_hit,625
measured,probe-memory-buffer,run,556,70526187,0,0,0,10000,10000,16777216,bound_hit,625
measured,probe-memory-buffer,run,557,70659787,0,0,0,10000,10000,16777216,bound_hit,625
measured,probe-memory-buffer,run,558,70785987,0,0,0,10000,10000,16777216,bound_hit,625
measured,probe-memory-buffer,run,559,70912487,0,0,0,10000,10000,16777216,bound_hit,625
measured,probe-memory-buffer,run,560,71037287,0,0,0,10000,10000,16777216,bound_hit,625
measured,probe-memory-buffer,run,561,71165987,0,0,0,10000,10000,16777216,bound_hit,625
measured,probe-memory-buffer,run,562,71308787,0,0,0,10000,10000,16777216,bound_hit,625
measured,probe-memory-buffer,run,563,71447187,0,0,0,10000,10000,16777216,bound_hit,625
measured,probe-memory-buffer,run,564,71572787,0,0,0,10000,10000,16777216,bound_hit,625
measured,probe-memory-buffer,run,565,71699287,0,0,0,10000,10000,16777216,bound_hit,625
measured,probe-memory-buffer,run,566,71824087,0,0,0,10000,10000,16777216,bound_hit,625
measured,probe-memory-buffer,run,567,71963987,0,0,0,10000,10000,16777216,bound_hit,625
measured,probe-memory-buffer,run,568,72088487,0,0,0,10000,10000,16777216,bound_hit,625
measured,probe-memory-buffer,run,569,72213787,0,0,0,10000,10000,16777216,bound_hit,625
measured,probe-memory-buffer,run,570,72339687,0,0,0,10000,10000,16777216,bound_hit,625
measured,probe-memory-buffer,run,571,72464187,0,0,0,10000,10000,16777216,bound_hit,625
measured,probe-memory-buffer,run,572,72586287,0,0,0,10000,10000,16777216,bound_hit,625
measured,probe-memory-buffer,run,573,72708987,0,0,0,10000,10000,16777216,bound_hit,625
measured,probe-memory-buffer,run,574,72830987,0,0,0,10000,10000,16777216,bound_hit,625
measured,probe-memory-buffer,run,575,72953587,0,0,0,10000,10000,16777216,bound_hit,625
measured,probe-memory-buffer,run,576,73075287,0,0,0,10000,10000,16777216,bound_hit,625
measured,probe-memory-buffer,run,577,73197287,0,0,0,10000,10000,16777216,bound_hit,625
measured,probe-memory-buffer,run,578,73340787,0,0,0,10000,10000,16777216,bound_hit,625
measured,probe-memory-buffer,run,579,73477687,0,0,0,10000,10000,16777216,bound_hit,625
measured,probe-memory-buffer,run,580,73600887,0,0,0,10000,10000,16777216,bound_hit,625
measured,probe-memory-buffer,run,581,73725687,0,0,0,10000,10000,16777216,bound_hit,625
measured,probe-memory-buffer,run,582,73848687,0,0,0,10000,10000,16777216,bound_hit,625
measured,probe-memory-buffer,run,583,73971687,0,0,0,10000,10000,16777216,bound_hit,625
measured,probe-memory-buffer,run,584,74092887,0,0,0,10000,10000,16777216,bound_hit,625
measured,probe-memory-buffer,run,585,74215187,0,0,0,10000,10000,16777216,bound_hit,625
measured,probe-memory-buffer,run,586,74338287,0,0,0,10000,10000,16777216,bound_hit,625
measured,probe-memory-buffer,run,587,74459087,0,0,0,10000,10000,16777216,bound_hit,625
measured,probe-memory-buffer,run,588,74582087,0,0,0,10000,10000,16777216,bound_hit,625
measured,probe-memory-buffer,run,589,74702787,0,0,0,10000,10000,16777216,bound_hit,625
measured,probe-memory-buffer,run,590,74842187,0,0,0,10000,10000,16777216,bound_hit,625
measured,probe-memory-buffer,run,591,74961287,0,0,0,10000,10000,16777216,bound_hit,625
measured,probe-memory-buffer,run,592,75087087,0,0,0,10000,10000,16777216,bound_hit,625
measured,probe-memory-buffer,run,593,75219287,0,0,0,10000,10000,16777216,bound_hit,625
measured,probe-memory-buffer,run,594,75349886,0,0,0,10000,10000,16777216,bound_hit,625
measured,probe-memory-buffer,run,595,75494086,0,0,0,10000,10000,16777216,bound_hit,625
measured,probe-memory-buffer,run,596,75622786,0,0,0,10000,10000,16777216,bound_hit,625
measured,probe-memory-buffer,run,597,75743186,0,0,0,10000,10000,16777216,bound_hit,625
measured,probe-memory-buffer,run,598,75876486,0,0,0,10000,10000,16777216,bound_hit,625
measured,probe-memory-buffer,run,599,75996886,0,0,0,10000,10000,16777216,bound_hit,625
measured,probe-memory-buffer,run,600,76116286,0,0,0,10000,10000,16777216,bound_hit,625
measured,probe-memory-buffer,run,601,76235586,0,0,0,10000,10000,16777216,bound_hit,625
measured,probe-memory-buffer,run,602,76388286,0,0,0,10000,10000,16777216,bound_hit,625
measured,probe-memory-buffer,run,603,76522386,0,0,0,10000,10000,16777216,bound_hit,625
measured,probe-memory-buffer,run,604,76684786,0,0,0,10000,10000,16777216,bound_hit,625
measured,probe-memory-buffer,run,605,76808186,0,0,0,10000,10000,16777216,bound_hit,625
measured,probe-memory-buffer,run,606,76937786,0,0,0,10000,10000,16777216,bound_hit,625
measured,probe-memory-buffer,run,607,77076486,0,0,0,10000,10000,16777216,bound_hit,625
measured,probe-memory-buffer,run,608,77201586,0,0,0,10000,10000,16777216,bound_hit,625
measured,probe-memory-buffer,run,609,77333086,0,0,0,10000,10000,16777216,bound_hit,625
measured,probe-memory-buffer,run,610,77462986,0,0,0,10000,10000,16777216,bound_hit,625
measured,probe-memory-buffer,run,611,77593086,0,0,0,10000,10000,16777216,bound_hit,625
measured,probe-memory-buffer,run,612,77713986,0,0,0,10000,10000,16777216,bound_hit,625
measured,probe-memory-buffer,run,613,77833586,0,0,0,10000,10000,16777216,bound_hit,625
measured,probe-memory-buffer,run,614,77952586,0,0,0,10000,10000,16777216,bound_hit,625
measured,probe-memory-buffer,run,615,78071186,0,0,0,10000,10000,16777216,bound_hit,625
measured,probe-memory-buffer,run,616,78189886,0,0,0,10000,10000,16777216,bound_hit,625
measured,probe-memory-buffer,run,617,78308486,0,0,0,10000,10000,16777216,bound_hit,625
measured,probe-memory-buffer,run,618,78427086,0,0,0,10000,10000,16777216,bound_hit,625
measured,probe-memory-buffer,run,619,78545586,0,0,0,10000,10000,16777216,bound_hit,625
measured,probe-memory-buffer,run,620,78664086,0,0,0,10000,10000,16777216,bound_hit,625
measured,probe-memory-buffer,run,621,78782586,0,0,0,10000,10000,16777216,bound_hit,625
measured,probe-memory-buffer,run,622,78900786,0,0,0,10000,10000,16777216,bound_hit,625
measured,probe-memory-buffer,run,623,79018686,0,0,0,10000,10000,16777216,bound_hit,625
measured,probe-memory-buffer,run,624,79137186,0,0,0,10000,10000,16777216,bound_hit,625
measured,probe-memory-buffer,run,625,79255986,0,0,0,10000,10000,16777216,bound_hit,625
measured,probe-memory-buffer,run,626,79374586,0,0,0,10000,10000,16777216,bound_hit,625
measured,probe-memory-buffer,run,627,79493086,0,0,0,10000,10000,16777216,bound_hit,625
measured,probe-memory-buffer,run,628,79611686,0,0,0,10000,10000,16777216,bound_hit,625
measured,probe-memory-buffer,run,629,79731086,0,0,0,10000,10000,16777216,bound_hit,625
measured,probe-memory-buffer,run,630,79850286,0,0,0,10000,10000,16777216,bound_hit,625
measured,probe-memory-buffer,run,631,79968886,0,0,0,10000,10000,16777216,bound_hit,625
measured,probe-memory-buffer,run,632,80087586,0,0,0,10000,10000,16777216,bound_hit,625
measured,probe-memory-buffer,run,633,80205886,0,0,0,10000,10000,16777216,bound_hit,625
measured,probe-memory-buffer,run,634,80324386,0,0,0,10000,10000,16777216,bound_hit,625
measured,probe-memory-buffer,run,635,80443086,0,0,0,10000,10000,16777216,bound_hit,625
measured,probe-memory-buffer,run,636,80561586,0,0,0,10000,10000,16777216,bound_hit,625
measured,probe-memory-buffer,run,637,80697086,0,0,0,10000,10000,16777216,bound_hit,625
measured,probe-memory-buffer,run,638,80817185,0,0,0,10000,10000,16777216,bound_hit,625
measured,probe-memory-buffer,run,639,80935585,0,0,0,10000,10000,16777216,bound_hit,625
measured,probe-memory-buffer,run,640,81053485,0,0,0,10000,10000,16777216,bound_hit,625
measured,probe-memory-buffer,run,641,81171385,0,0,0,10000,10000,16777216,bound_hit,625
measured,probe-memory-buffer,run,642,81289285,0,0,0,10000,10000,16777216,bound_hit,625
measured,probe-memory-buffer,run,643,81407285,0,0,0,10000,10000,16777216,bound_hit,625
measured,probe-memory-buffer,run,644,81525185,0,0,0,10000,10000,16777216,bound_hit,625
measured,probe-memory-buffer,run,645,81642985,0,0,0,10000,10000,16777216,bound_hit,625
measured,probe-memory-buffer,run,646,81760785,0,0,0,10000,10000,16777216,bound_hit,625
measured,probe-memory-buffer,run,647,81878585,0,0,0,10000,10000,16777216,bound_hit,625
measured,probe-memory-buffer,run,648,81996385,0,0,0,10000,10000,16777216,bound_hit,625
measured,probe-memory-buffer,run,649,82114285,0,0,0,10000,10000,16777216,bound_hit,625
measured,probe-memory-buffer,run,650,82232385,0,0,0,10000,10000,16777216,bound_hit,625
measured,probe-memory-buffer,run,651,82350285,0,0,0,10000,10000,16777216,bound_hit,625
measured,probe-memory-buffer,run,652,82476785,0,0,0,10000,10000,16777216,bound_hit,625
measured,probe-memory-buffer,run,653,82594485,0,0,0,10000,10000,16777216,bound_hit,625
measured,probe-memory-buffer,run,654,82712385,0,0,0,10000,10000,16777216,bound_hit,625
measured,probe-memory-buffer,run,655,82829985,0,0,0,10000,10000,16777216,bound_hit,625
measured,probe-memory-buffer,run,656,82947785,0,0,0,10000,10000,16777216,bound_hit,625
measured,probe-memory-buffer,run,657,83065885,0,0,0,10000,10000,16777216,bound_hit,625
measured,probe-memory-buffer,run,658,83183585,0,0,0,10000,10000,16777216,bound_hit,625
measured,probe-memory-buffer,run,659,83325985,0,0,0,10000,10000,16777216,bound_hit,625
measured,probe-memory-buffer,run,660,83501485,0,0,0,10000,10000,16777216,bound_hit,625
measured,probe-memory-buffer,run,661,83711685,0,0,0,10000,10000,16777216,bound_hit,625
measured,probe-memory-buffer,run,662,83841085,0,0,0,10000,10000,16777216,bound_hit,625
measured,probe-memory-buffer,run,663,83982885,0,0,0,10000,10000,16777216,bound_hit,625
measured,probe-memory-buffer,run,664,84133285,0,0,0,10000,10000,16777216,bound_hit,625
measured,probe-memory-buffer,run,665,84293385,0,0,0,10000,10000,16777216,bound_hit,625
measured,probe-memory-buffer,run,666,84433985,0,0,0,10000,10000,16777216,bound_hit,625
measured,probe-memory-buffer,run,667,84554285,0,0,0,10000,10000,16777216,bound_hit,625
measured,probe-memory-buffer,run,668,84709185,0,0,0,10000,10000,16777216,bound_hit,625
measured,probe-memory-buffer,run,669,84829885,0,0,0,10000,10000,16777216,bound_hit,625
measured,probe-memory-buffer,run,670,84949285,0,0,0,10000,10000,16777216,bound_hit,625
measured,probe-memory-buffer,run,671,85068185,0,0,0,10000,10000,16777216,bound_hit,625
measured,probe-memory-buffer,run,672,85186985,0,0,0,10000,10000,16777216,bound_hit,625
measured,probe-memory-buffer,run,673,85305485,0,0,0,10000,10000,16777216,bound_hit,625
measured,probe-memory-buffer,run,674,85424285,0,0,0,10000,10000,16777216,bound_hit,625
measured,probe-memory-buffer,run,675,85543285,0,0,0,10000,10000,16777216,bound_hit,625
measured,probe-memory-buffer,run,676,85661985,0,0,0,10000,10000,16777216,bound_hit,625
measured,probe-memory-buffer,run,677,85780785,0,0,0,10000,10000,16777216,bound_hit,625
measured,probe-memory-buffer,run,678,85899285,0,0,0,10000,10000,16777216,bound_hit,625
measured,probe-memory-buffer,run,679,86017885,0,0,0,10000,10000,16777216,bound_hit,625
measured,probe-memory-buffer,run,680,86136384,0,0,0,10000,10000,16777216,bound_hit,625
measured,probe-memory-buffer,run,681,86255284,0,0,0,10000,10000,16777216,bound_hit,625
measured,probe-memory-buffer,run,682,86373984,0,0,0,10000,10000,16777216,bound_hit,625
measured,probe-memory-buffer,run,683,86492684,0,0,0,10000,10000,16777216,bound_hit,625
measured,probe-memory-buffer,run,684,86611184,0,0,0,10000,10000,16777216,bound_hit,625
measured,probe-memory-buffer,run,685,86729884,0,0,0,10000,10000,16777216,bound_hit,625
measured,probe-memory-buffer,run,686,86848384,0,0,0,10000,10000,16777216,bound_hit,625
measured,probe-memory-buffer,run,687,86967584,0,0,0,10000,10000,16777216,bound_hit,625
measured,probe-memory-buffer,run,688,87085984,0,0,0,10000,10000,16777216,bound_hit,625
measured,probe-memory-buffer,run,689,87204384,0,0,0,10000,10000,16777216,bound_hit,625
measured,probe-memory-buffer,run,690,87322784,0,0,0,10000,10000,16777216,bound_hit,625
measured,probe-memory-buffer,run,691,87441284,0,0,0,10000,10000,16777216,bound_hit,625
measured,probe-memory-buffer,run,692,87559884,0,0,0,10000,10000,16777216,bound_hit,625
measured,probe-memory-buffer,run,693,87678484,0,0,0,10000,10000,16777216,bound_hit,625
measured,probe-memory-buffer,run,694,87796784,0,0,0,10000,10000,16777216,bound_hit,625
measured,probe-memory-buffer,run,695,87915384,0,0,0,10000,10000,16777216,bound_hit,625
measured,probe-memory-buffer,run,696,88033784,0,0,0,10000,10000,16777216,bound_hit,625
measured,probe-memory-buffer,run,697,88152284,0,0,0,10000,10000,16777216,bound_hit,625
measured,probe-memory-buffer,run,698,88270684,0,0,0,10000,10000,16777216,bound_hit,625
measured,probe-memory-buffer,run,699,88389184,0,0,0,10000,10000,16777216,bound_hit,625
measured,probe-memory-buffer,run,700,88507384,0,0,0,10000,10000,16777216,bound_hit,625
measured,probe-memory-buffer,run,701,88626184,0,0,0,10000,10000,16777216,bound_hit,625
measured,probe-memory-buffer,run,702,88745884,0,0,0,10000,10000,16777216,bound_hit,625
measured,probe-memory-buffer,run,703,88864384,0,0,0,10000,10000,16777216,bound_hit,625
measured,probe-memory-buffer,run,704,88982984,0,0,0,10000,10000,16777216,bound_hit,625
measured,probe-memory-buffer,run,705,89101284,0,0,0,10000,10000,16777216,bound_hit,625
measured,probe-memory-buffer,run,706,89219784,0,0,0,10000,10000,16777216,bound_hit,625
measured,probe-memory-buffer,run,707,89338384,0,0,0,10000,10000,16777216,bound_hit,625
measured,probe-memory-buffer,run,708,89456784,0,0,0,10000,10000,16777216,bound_hit,625
measured,probe-memory-buffer,run,709,89583284,0,0,0,10000,10000,16777216,bound_hit,625
measured,probe-memory-buffer,run,710,89702184,0,0,0,10000,10000,16777216,bound_hit,625
measured,probe-memory-buffer,run,711,89820984,0,0,0,10000,10000,16777216,bound_hit,625
measured,probe-memory-buffer,run,712,89939684,0,0,0,10000,10000,16777216,bound_hit,625
measured,probe-memory-buffer,run,713,90058384,0,0,0,10000,10000,16777216,bound_hit,625
measured,probe-memory-buffer,run,714,90176884,0,0,0,10000,10000,16777216,bound_hit,625
measured,probe-memory-buffer,run,715,90297484,0,0,0,10000,10000,16777216,bound_hit,625
measured,probe-memory-buffer,run,716,90425484,0,0,0,10000,10000,16777216,bound_hit,625
measured,probe-memory-buffer,run,717,90562984,0,0,0,10000,10000,16777216,bound_hit,625
measured,probe-memory-buffer,run,718,90684284,0,0,0,10000,10000,16777216,bound_hit,625
measured,probe-memory-buffer,run,719,90803384,0,0,0,10000,10000,16777216,bound_hit,625
measured,probe-memory-buffer,run,720,90927784,0,0,0,10000,10000,16777216,bound_hit,625
measured,probe-memory-buffer,run,721,91051184,0,0,0,10000,10000,16777216,bound_hit,625
measured,probe-memory-buffer,run,722,91168584,0,0,0,10000,10000,16777216,bound_hit,625
measured,probe-memory-buffer,run,723,91285884,0,0,0,10000,10000,16777216,bound_hit,625
measured,probe-memory-buffer,run,724,91404784,0,0,0,10000,10000,16777216,bound_hit,625
measured,probe-memory-buffer,run,725,91523683,0,0,0,10000,10000,16777216,bound_hit,625
measured,probe-memory-buffer,run,726,91641683,0,0,0,10000,10000,16777216,bound_hit,625
measured,probe-memory-buffer,run,727,91807183,0,0,0,10000,10000,16777216,bound_hit,625
measured,probe-memory-buffer,run,728,91934883,0,0,0,10000,10000,16777216,bound_hit,625
measured,probe-memory-buffer,run,729,92066883,0,0,0,10000,10000,16777216,bound_hit,625
measured,probe-memory-buffer,run,730,92191083,0,0,0,10000,10000,16777216,bound_hit,625
measured,probe-memory-buffer,run,731,92314783,0,0,0,10000,10000,16777216,bound_hit,625
measured,probe-memory-buffer,run,732,92439183,0,0,0,10000,10000,16777216,bound_hit,625
measured,probe-memory-buffer,run,733,92608783,0,0,0,10000,10000,16777216,bound_hit,625
measured,probe-memory-buffer,run,734,92735083,0,0,0,10000,10000,16777216,bound_hit,625
measured,probe-memory-buffer,run,735,92858583,0,0,0,10000,10000,16777216,bound_hit,625
measured,probe-memory-buffer,run,736,92981383,0,0,0,10000,10000,16777216,bound_hit,625
measured,probe-memory-buffer,run,737,93103983,0,0,0,10000,10000,16777216,bound_hit,625
measured,probe-memory-buffer,run,738,93226883,0,0,0,10000,10000,16777216,bound_hit,625
measured,probe-memory-buffer,run,739,93350783,0,0,0,10000,10000,16777216,bound_hit,625
measured,probe-memory-buffer,run,740,93473883,0,0,0,10000,10000,16777216,bound_hit,625
measured,probe-memory-buffer,run,741,93596883,0,0,0,10000,10000,16777216,bound_hit,625
measured,probe-memory-buffer,run,742,93719583,0,0,0,10000,10000,16777216,bound_hit,625
measured,probe-memory-buffer,run,743,93842483,0,0,0,10000,10000,16777216,bound_hit,625
measured,probe-memory-buffer,run,744,93965383,0,0,0,10000,10000,16777216,bound_hit,625
measured,probe-memory-buffer,run,745,94088183,0,0,0,10000,10000,16777216,bound_hit,625
measured,probe-memory-buffer,run,746,94211083,0,0,0,10000,10000,16777216,bound_hit,625
measured,probe-memory-buffer,run,747,94333983,0,0,0,10000,10000,16777216,bound_hit,625
measured,probe-memory-buffer,run,748,94453983,0,0,0,10000,10000,16777216,bound_hit,625
measured,probe-memory-buffer,run,749,94572583,0,0,0,10000,10000,16777216,bound_hit,625
measured,probe-memory-buffer,run,750,94691083,0,0,0,10000,10000,16777216,bound_hit,625
measured,probe-memory-buffer,run,751,94810083,0,0,0,10000,10000,16777216,bound_hit,625
measured,probe-memory-buffer,run,752,94928683,0,0,0,10000,10000,16777216,bound_hit,625
measured,probe-memory-buffer,run,753,95047283,0,0,0,10000,10000,16777216,bound_hit,625
measured,probe-memory-buffer,run,754,95165783,0,0,0,10000,10000,16777216,bound_hit,625
measured,probe-memory-buffer,run,755,95284383,0,0,0,10000,10000,16777216,bound_hit,625
measured,probe-memory-buffer,run,756,95402883,0,0,0,10000,10000,16777216,bound_hit,625
measured,probe-memory-buffer,run,757,95521483,0,0,0,10000,10000,16777216,bound_hit,625
measured,probe-memory-buffer,run,758,95639983,0,0,0,10000,10000,16777216,bound_hit,625
measured,probe-memory-buffer,run,759,95758683,0,0,0,10000,10000,16777216,bound_hit,625
measured,probe-memory-buffer,run,760,95877183,0,0,0,10000,10000,16777216,bound_hit,625
measured,probe-memory-buffer,run,761,95995683,0,0,0,10000,10000,16777216,bound_hit,625
measured,probe-memory-buffer,run,762,96114183,0,0,0,10000,10000,16777216,bound_hit,625
measured,probe-memory-buffer,run,763,96232683,0,0,0,10000,10000,16777216,bound_hit,625
measured,probe-memory-buffer,run,764,96351283,0,0,0,10000,10000,16777216,bound_hit,625
measured,probe-memory-buffer,run,765,96477683,0,0,0,10000,10000,16777216,bound_hit,625
measured,probe-memory-buffer,run,766,96596083,0,0,0,10000,10000,16777216,bound_hit,625
measured,probe-memory-buffer,run,767,96716583,0,0,0,10000,10000,16777216,bound_hit,625
measured,probe-memory-buffer,run,768,96835283,0,0,0,10000,10000,16777216,bound_hit,625
measured,probe-memory-buffer,run,769,96953982,0,0,0,10000,10000,16777216,bound_hit,625
measured,probe-memory-buffer,run,770,97072382,0,0,0,10000,10000,16777216,bound_hit,625
measured,probe-memory-buffer,run,771,97190882,0,0,0,10000,10000,16777216,bound_hit,625
measured,probe-memory-buffer,run,772,97391982,0,0,0,10000,10000,16777216,bound_hit,625
measured,probe-memory-buffer,run,773,97561882,0,0,0,10000,10000,16777216,bound_hit,625
measured,probe-memory-buffer,run,774,97695882,0,0,0,10000,10000,16777216,bound_hit,625
measured,probe-memory-buffer,run,775,97829082,0,0,0,10000,10000,16777216,bound_hit,625
measured,probe-memory-buffer,run,776,97963082,0,0,0,10000,10000,16777216,bound_hit,625
measured,probe-memory-buffer,run,777,98112782,0,0,0,10000,10000,16777216,bound_hit,625
measured,probe-memory-buffer,run,778,98244882,0,0,0,10000,10000,16777216,bound_hit,625
measured,probe-memory-buffer,run,779,98376282,0,0,0,10000,10000,16777216,bound_hit,625
measured,probe-memory-buffer,run,780,98501182,0,0,0,10000,10000,16777216,bound_hit,625
measured,probe-memory-buffer,run,781,98667482,0,0,0,10000,10000,16777216,bound_hit,625
measured,probe-memory-buffer,run,782,98854582,0,0,0,10000,10000,16777216,bound_hit,625
measured,probe-memory-buffer,run,783,98981082,0,0,0,10000,10000,16777216,bound_hit,625
measured,probe-memory-buffer,run,784,99105082,0,0,0,10000,10000,16777216,bound_hit,625
measured,probe-memory-buffer,run,785,99228982,0,0,0,10000,10000,16777216,bound_hit,625
measured,probe-memory-buffer,run,786,99352382,0,0,0,10000,10000,16777216,bound_hit,625
measured,probe-memory-buffer,run,787,99476782,0,0,0,10000,10000,16777216,bound_hit,625
measured,probe-memory-buffer,run,788,99600082,0,0,0,10000,10000,16777216,bound_hit,625
measured,probe-memory-buffer,run,789,99723482,0,0,0,10000,10000,16777216,bound_hit,625
measured,probe-memory-buffer,run,790,99847282,0,0,0,10000,10000,16777216,bound_hit,625
measured,probe-memory-buffer,run,791,99970382,0,0,0,10000,10000,16777216,bound_hit,625
measured,probe-memory-buffer,run,792,100093582,0,0,0,10000,10000,16777216,bound_hit,625
measured,probe-memory-buffer,run,793,100260582,0,0,0,10000,10000,16777216,bound_hit,625
measured,probe-memory-buffer,run,794,100404982,0,0,0,10000,10000,16777216,bound_hit,625
measured,probe-memory-buffer,run,795,100544182,0,0,0,10000,10000,16777216,bound_hit,625
measured,probe-memory-buffer,run,796,100677082,0,0,0,10000,10000,16777216,bound_hit,625
measured,probe-memory-buffer,run,797,100815782,0,0,0,10000,10000,16777216,bound_hit,625
measured,probe-memory-buffer,run,798,100953482,0,0,0,10000,10000,16777216,bound_hit,625
measured,probe-memory-buffer,run,799,101091282,0,0,0,10000,10000,16777216,bound_hit,625
measured,probe-memory-buffer,run,800,101229182,0,0,0,10000,10000,16777216,bound_hit,625
measured,probe-memory-buffer,run,801,101366682,0,0,0,10000,10000,16777216,bound_hit,625
measured,probe-memory-buffer,run,802,101504382,0,0,0,10000,10000,16777216,bound_hit,625
measured,probe-memory-buffer,run,803,101641882,0,0,0,10000,10000,16777216,bound_hit,625
measured,probe-memory-buffer,run,804,101779382,0,0,0,10000,10000,16777216,bound_hit,625
measured,probe-memory-buffer,run,805,101916882,0,0,0,10000,10000,16777216,bound_hit,625
measured,probe-memory-buffer,run,806,102054582,0,0,0,10000,10000,16777216,bound_hit,625
measured,probe-memory-buffer,run,807,102192282,0,0,0,10000,10000,16777216,bound_hit,625
measured,probe-memory-buffer,run,808,102329881,0,0,0,10000,10000,16777216,bound_hit,625
measured,probe-memory-buffer,run,809,102464681,0,0,0,10000,10000,16777216,bound_hit,625
measured,probe-memory-buffer,run,810,102597081,0,0,0,10000,10000,16777216,bound_hit,625
measured,probe-memory-buffer,run,811,102729981,0,0,0,10000,10000,16777216,bound_hit,625
measured,probe-memory-buffer,run,812,102862181,0,0,0,10000,10000,16777216,bound_hit,625
measured,probe-memory-buffer,run,813,102994381,0,0,0,10000,10000,16777216,bound_hit,625
measured,probe-memory-buffer,run,814,103126981,0,0,0,10000,10000,16777216,bound_hit,625
measured,probe-memory-buffer,run,815,103259181,0,0,0,10000,10000,16777216,bound_hit,625
measured,probe-memory-buffer,run,816,103391281,0,0,0,10000,10000,16777216,bound_hit,625
measured,probe-memory-buffer,run,817,103523281,0,0,0,10000,10000,16777216,bound_hit,625
measured,probe-memory-buffer,run,818,103655581,0,0,0,10000,10000,16777216,bound_hit,625
measured,probe-memory-buffer,run,819,103787681,0,0,0,10000,10000,16777216,bound_hit,625
measured,probe-memory-buffer,run,820,103919681,0,0,0,10000,10000,16777216,bound_hit,625
measured,probe-memory-buffer,run,821,104051881,0,0,0,10000,10000,16777216,bound_hit,625
measured,probe-memory-buffer,run,822,104205581,0,0,0,10000,10000,16777216,bound_hit,625
measured,probe-memory-buffer,run,823,104398681,0,0,0,10000,10000,16777216,bound_hit,625
measured,probe-memory-buffer,run,824,104553081,0,0,0,10000,10000,16777216,bound_hit,625
measured,probe-memory-buffer,run,825,104697181,0,0,0,10000,10000,16777216,bound_hit,625
measured,probe-memory-buffer,run,826,104851481,0,0,0,10000,10000,16777216,bound_hit,625
measured,probe-memory-buffer,run,827,105006181,0,0,0,10000,10000,16777216,bound_hit,625
measured,probe-memory-buffer,run,828,105178181,0,0,0,10000,10000,16777216,bound_hit,625
measured,probe-memory-buffer,run,829,105328181,0,0,0,10000,10000,16777216,bound_hit,625
measured,probe-memory-buffer,run,830,105469781,0,0,0,10000,10000,16777216,bound_hit,625
measured,probe-memory-buffer,run,831,105615181,0,0,0,10000,10000,16777216,bound_hit,625
measured,probe-memory-buffer,run,832,105756581,0,0,0,10000,10000,16777216,bound_hit,625
measured,probe-memory-buffer,run,833,105896581,0,0,0,10000,10000,16777216,bound_hit,625
measured,probe-memory-buffer,run,834,106036681,0,0,0,10000,10000,16777216,bound_hit,625
measured,probe-memory-buffer,run,835,106196281,0,0,0,10000,10000,16777216,bound_hit,625
measured,probe-memory-buffer,run,836,106337381,0,0,0,10000,10000,16777216,bound_hit,625
measured,probe-memory-buffer,run,837,106477681,0,0,0,10000,10000,16777216,bound_hit,625
measured,probe-memory-buffer,run,838,106617181,0,0,0,10000,10000,16777216,bound_hit,625
measured,probe-memory-buffer,run,839,106756581,0,0,0,10000,10000,16777216,bound_hit,625
measured,probe-memory-buffer,run,840,106895681,0,0,0,10000,10000,16777216,bound_hit,625
measured,probe-memory-buffer,run,841,107034981,0,0,0,10000,10000,16777216,bound_hit,625
measured,probe-memory-buffer,run,842,107175581,0,0,0,10000,10000,16777216,bound_hit,625
measured,probe-memory-buffer,run,843,107314981,0,0,0,10000,10000,16777216,bound_hit,625
measured,probe-memory-buffer,run,844,107451381,0,0,0,10000,10000,16777216,bound_hit,625
measured,probe-memory-buffer,run,845,107585481,0,0,0,10000,10000,16777216,bound_hit,625
measured,probe-memory-buffer,run,846,107719280,0,0,0,10000,10000,16777216,bound_hit,625
measured,probe-memory-buffer,run,847,107853080,0,0,0,10000,10000,16777216,bound_hit,625
measured,probe-memory-buffer,run,848,107986880,0,0,0,10000,10000,16777216,bound_hit,625
measured,probe-memory-buffer,run,849,108120380,0,0,0,10000,10000,16777216,bound_hit,625
measured,probe-memory-buffer,run,850,108253880,0,0,0,10000,10000,16777216,bound_hit,625
measured,probe-memory-buffer,run,851,108387280,0,0,0,10000,10000,16777216,bound_hit,625
measured,probe-memory-buffer,run,852,108520980,0,0,0,10000,10000,16777216,bound_hit,625
measured,probe-memory-buffer,run,853,108676280,0,0,0,10000,10000,16777216,bound_hit,625
measured,probe-memory-buffer,run,854,108810080,0,0,0,10000,10000,16777216,bound_hit,625
measured,probe-memory-buffer,run,855,108943680,0,0,0,10000,10000,16777216,bound_hit,625
measured,probe-memory-buffer,run,856,109077080,0,0,0,10000,10000,16777216,bound_hit,625
measured,probe-memory-buffer,run,857,109210680,0,0,0,10000,10000,16777216,bound_hit,625
measured,probe-memory-buffer,run,858,109344380,0,0,0,10000,10000,16777216,bound_hit,625
measured,probe-memory-buffer,run,859,109477680,0,0,0,10000,10000,16777216,bound_hit,625
measured,probe-memory-buffer,run,860,109611680,0,0,0,10000,10000,16777216,bound_hit,625
measured,probe-memory-buffer,run,861,109746080,0,0,0,10000,10000,16777216,bound_hit,625
measured,probe-memory-buffer,run,862,109879780,0,0,0,10000,10000,16777216,bound_hit,625
measured,probe-memory-buffer,run,863,110013280,0,0,0,10000,10000,16777216,bound_hit,625
measured,probe-memory-buffer,run,864,110146880,0,0,0,10000,10000,16777216,bound_hit,625
measured,probe-memory-buffer,run,865,110280480,0,0,0,10000,10000,16777216,bound_hit,625
measured,probe-memory-buffer,run,866,110414280,0,0,0,10000,10000,16777216,bound_hit,625
measured,probe-memory-buffer,run,867,110547980,0,0,0,10000,10000,16777216,bound_hit,625
measured,probe-memory-buffer,run,868,110681580,0,0,0,10000,10000,16777216,bound_hit,625
measured,probe-memory-buffer,run,869,110815080,0,0,0,10000,10000,16777216,bound_hit,625
measured,probe-memory-buffer,run,870,110948880,0,0,0,10000,10000,16777216,bound_hit,625
measured,probe-memory-buffer,run,871,111125380,0,0,0,10000,10000,16777216,bound_hit,625
measured,probe-memory-buffer,run,872,111281280,0,0,0,10000,10000,16777216,bound_hit,625
measured,probe-memory-buffer,run,873,111438080,0,0,0,10000,10000,16777216,bound_hit,625
measured,probe-memory-buffer,run,874,111594080,0,0,0,10000,10000,16777216,bound_hit,625
measured,probe-memory-buffer,run,875,111747880,0,0,0,10000,10000,16777216,bound_hit,625
measured,probe-memory-buffer,run,876,111895780,0,0,0,10000,10000,16777216,bound_hit,625
measured,probe-memory-buffer,run,877,112037980,0,0,0,10000,10000,16777216,bound_hit,625
measured,probe-memory-buffer,run,878,112179380,0,0,0,10000,10000,16777216,bound_hit,625
measured,probe-memory-buffer,run,879,112329380,0,0,0,10000,10000,16777216,bound_hit,625
measured,probe-memory-buffer,run,880,112490280,0,0,0,10000,10000,16777216,bound_hit,625
measured,probe-memory-buffer,run,881,112631280,0,0,0,10000,10000,16777216,bound_hit,625
measured,probe-memory-buffer,run,882,112773380,0,0,0,10000,10000,16777216,bound_hit,625
measured,probe-memory-buffer,run,883,112913880,0,0,0,10000,10000,16777216,bound_hit,625
measured,probe-memory-buffer,run,884,113053680,0,0,0,10000,10000,16777216,bound_hit,625
measured,probe-memory-buffer,run,885,113194679,0,0,0,10000,10000,16777216,bound_hit,625
measured,probe-memory-buffer,run,886,113334879,0,0,0,10000,10000,16777216,bound_hit,625
measured,probe-memory-buffer,run,887,113473979,0,0,0,10000,10000,16777216,bound_hit,625
measured,probe-memory-buffer,run,888,113610779,0,0,0,10000,10000,16777216,bound_hit,625
measured,probe-memory-buffer,run,889,113744979,0,0,0,10000,10000,16777216,bound_hit,625
measured,probe-memory-buffer,run,890,113878879,0,0,0,10000,10000,16777216,bound_hit,625
measured,probe-memory-buffer,run,891,114012679,0,0,0,10000,10000,16777216,bound_hit,625
measured,probe-memory-buffer,run,892,114146679,0,0,0,10000,10000,16777216,bound_hit,625
measured,probe-memory-buffer,run,893,114280979,0,0,0,10000,10000,16777216,bound_hit,625
measured,probe-memory-buffer,run,894,114414979,0,0,0,10000,10000,16777216,bound_hit,625
measured,probe-memory-buffer,run,895,114549179,0,0,0,10000,10000,16777216,bound_hit,625
measured,probe-memory-buffer,run,896,114683179,0,0,0,10000,10000,16777216,bound_hit,625
measured,probe-memory-buffer,run,897,114817279,0,0,0,10000,10000,16777216,bound_hit,625
measured,probe-memory-buffer,run,898,114951179,0,0,0,10000,10000,16777216,bound_hit,625
measured,probe-memory-buffer,run,899,115085279,0,0,0,10000,10000,16777216,bound_hit,625
measured,probe-memory-buffer,run,900,115219079,0,0,0,10000,10000,16777216,bound_hit,625
measured,probe-memory-buffer,run,901,115353379,0,0,0,10000,10000,16777216,bound_hit,625
measured,probe-memory-buffer,run,902,115487579,0,0,0,10000,10000,16777216,bound_hit,625
measured,probe-memory-buffer,run,903,115621279,0,0,0,10000,10000,16777216,bound_hit,625
measured,probe-memory-buffer,run,904,115755279,0,0,0,10000,10000,16777216,bound_hit,625
measured,probe-memory-buffer,run,905,115889279,0,0,0,10000,10000,16777216,bound_hit,625
measured,probe-memory-buffer,run,906,116023279,0,0,0,10000,10000,16777216,bound_hit,625
measured,probe-memory-buffer,run,907,116157079,0,0,0,10000,10000,16777216,bound_hit,625
measured,probe-memory-buffer,run,908,116291079,0,0,0,10000,10000,16777216,bound_hit,625
measured,probe-memory-buffer,run,909,116425779,0,0,0,10000,10000,16777216,bound_hit,625
measured,probe-memory-buffer,run,910,116559979,0,0,0,10000,10000,16777216,bound_hit,625
measured,probe-memory-buffer,run,911,116695479,0,0,0,10000,10000,16777216,bound_hit,625
measured,probe-memory-buffer,run,912,116830079,0,0,0,10000,10000,16777216,bound_hit,625
measured,probe-memory-buffer,run,913,116963879,0,0,0,10000,10000,16777216,bound_hit,625
measured,probe-memory-buffer,run,914,117097079,0,0,0,10000,10000,16777216,bound_hit,625
measured,probe-memory-buffer,run,915,117230379,0,0,0,10000,10000,16777216,bound_hit,625
measured,probe-memory-buffer,run,916,117363779,0,0,0,10000,10000,16777216,bound_hit,625
measured,probe-memory-buffer,run,917,117497079,0,0,0,10000,10000,16777216,bound_hit,625
measured,probe-memory-buffer,run,918,117630579,0,0,0,10000,10000,16777216,bound_hit,625
measured,probe-memory-buffer,run,919,117763879,0,0,0,10000,10000,16777216,bound_hit,625
measured,probe-memory-buffer,run,920,117896779,0,0,0,10000,10000,16777216,bound_hit,625
measured,probe-memory-buffer,run,921,118030979,0,0,0,10000,10000,16777216,bound_hit,625
measured,probe-memory-buffer,run,922,118174079,0,0,0,10000,10000,16777216,bound_hit,625
measured,probe-memory-buffer,run,923,118325079,0,0,0,10000,10000,16777216,bound_hit,625
measured,probe-memory-buffer,run,924,118479178,0,0,0,10000,10000,16777216,bound_hit,625
measured,probe-memory-buffer,run,925,118638678,0,0,0,10000,10000,16777216,bound_hit,625
measured,probe-memory-buffer,run,926,118828978,0,0,0,10000,10000,16777216,bound_hit,625
measured,probe-memory-buffer,run,927,118968578,0,0,0,10000,10000,16777216,bound_hit,625
measured,probe-memory-buffer,run,928,119107278,0,0,0,10000,10000,16777216,bound_hit,625
measured,probe-memory-buffer,run,929,119261878,0,0,0,10000,10000,16777216,bound_hit,625
measured,probe-memory-buffer,run,930,119398778,0,0,0,10000,10000,16777216,bound_hit,625
measured,probe-memory-buffer,run,931,119535078,0,0,0,10000,10000,16777216,bound_hit,625
measured,probe-memory-buffer,run,932,119711778,0,0,0,10000,10000,16777216,bound_hit,625
measured,probe-memory-buffer,run,933,119865678,0,0,0,10000,10000,16777216,bound_hit,625
measured,probe-memory-buffer,run,934,120001978,0,0,0,10000,10000,16777216,bound_hit,625
measured,probe-memory-buffer,run,935,120138978,0,0,0,10000,10000,16777216,bound_hit,625
measured,probe-memory-buffer,run,936,120284078,0,0,0,10000,10000,16777216,bound_hit,625
measured,probe-memory-buffer,run,937,120418078,0,0,0,10000,10000,16777216,bound_hit,625
measured,probe-memory-buffer,run,938,120549678,0,0,0,10000,10000,16777216,bound_hit,625
measured,probe-memory-buffer,run,939,120674378,0,0,0,10000,10000,16777216,bound_hit,625
measured,probe-memory-buffer,run,940,120793878,0,0,0,10000,10000,16777216,bound_hit,625
measured,probe-memory-buffer,run,941,120925178,0,0,0,10000,10000,16777216,bound_hit,625
measured,probe-memory-buffer,run,942,121056578,0,0,0,10000,10000,16777216,bound_hit,625
measured,probe-memory-buffer,run,943,121188178,0,0,0,10000,10000,16777216,bound_hit,625
measured,probe-memory-buffer,run,944,121319178,0,0,0,10000,10000,16777216,bound_hit,625
measured,probe-memory-buffer,run,945,121450378,0,0,0,10000,10000,16777216,bound_hit,625
measured,probe-memory-buffer,run,946,121581578,0,0,0,10000,10000,16777216,bound_hit,625
measured,probe-memory-buffer,run,947,121712678,0,0,0,10000,10000,16777216,bound_hit,625
measured,probe-memory-buffer,run,948,121843778,0,0,0,10000,10000,16777216,bound_hit,625
measured,probe-memory-buffer,run,949,121975478,0,0,0,10000,10000,16777216,bound_hit,625
measured,probe-memory-buffer,run,950,122106978,0,0,0,10000,10000,16777216,bound_hit,625
measured,probe-memory-buffer,run,951,122238078,0,0,0,10000,10000,16777216,bound_hit,625
measured,probe-memory-buffer,run,952,122369378,0,0,0,10000,10000,16777216,bound_hit,625
measured,probe-memory-buffer,run,953,122500578,0,0,0,10000,10000,16777216,bound_hit,625
measured,probe-memory-buffer,run,954,122631678,0,0,0,10000,10000,16777216,bound_hit,625
measured,probe-memory-buffer,run,955,122763178,0,0,0,10000,10000,16777216,bound_hit,625
measured,probe-memory-buffer,run,956,122894378,0,0,0,10000,10000,16777216,bound_hit,625
measured,probe-memory-buffer,run,957,123025578,0,0,0,10000,10000,16777216,bound_hit,625
measured,probe-memory-buffer,run,958,123157078,0,0,0,10000,10000,16777216,bound_hit,625
measured,probe-memory-buffer,run,959,123289078,0,0,0,10000,10000,16777216,bound_hit,625
measured,probe-memory-buffer,run,960,123420278,0,0,0,10000,10000,16777216,bound_hit,625
measured,probe-memory-buffer,run,961,123551578,0,0,0,10000,10000,16777216,bound_hit,625
measured,probe-memory-buffer,run,962,123682978,0,0,0,10000,10000,16777216,bound_hit,625
measured,probe-memory-buffer,run,963,123814078,0,0,0,10000,10000,16777216,bound_hit,625
measured,probe-memory-buffer,run,964,123945577,0,0,0,10000,10000,16777216,bound_hit,625
measured,probe-memory-buffer,run,965,124076877,0,0,0,10000,10000,16777216,bound_hit,625
measured,probe-memory-buffer,run,966,124208177,0,0,0,10000,10000,16777216,bound_hit,625
measured,probe-memory-buffer,run,967,124339577,0,0,0,10000,10000,16777216,bound_hit,625
measured,probe-memory-buffer,run,968,124470977,0,0,0,10000,10000,16777216,bound_hit,625
measured,probe-memory-buffer,run,969,124602377,0,0,0,10000,10000,16777216,bound_hit,625
measured,probe-memory-buffer,run,970,124734977,0,0,0,10000,10000,16777216,bound_hit,625
measured,probe-memory-buffer,run,971,124866477,0,0,0,10000,10000,16777216,bound_hit,625
measured,probe-memory-buffer,run,972,125017377,0,0,0,10000,10000,16777216,bound_hit,625
measured,probe-memory-buffer,run,973,125182977,0,0,0,10000,10000,16777216,bound_hit,625
measured,probe-memory-buffer,run,974,125378277,0,0,0,10000,10000,16777216,bound_hit,625
measured,probe-memory-buffer,run,975,125530577,0,0,0,10000,10000,16777216,bound_hit,625
measured,probe-memory-buffer,run,976,125686777,0,0,0,10000,10000,16777216,bound_hit,625
measured,probe-memory-buffer,run,977,125844177,0,0,0,10000,10000,16777216,bound_hit,625
measured,probe-memory-buffer,run,978,126003677,0,0,0,10000,10000,16777216,bound_hit,625
measured,probe-memory-buffer,run,979,126193477,0,0,0,10000,10000,16777216,bound_hit,625
measured,probe-memory-buffer,run,980,126356977,0,0,0,10000,10000,16777216,bound_hit,625
measured,probe-memory-buffer,run,981,126527377,0,0,0,10000,10000,16777216,bound_hit,625
measured,probe-memory-buffer,run,982,126662377,0,0,0,10000,10000,16777216,bound_hit,625
measured,probe-memory-buffer,run,983,126815677,0,0,0,10000,10000,16777216,bound_hit,625
measured,probe-memory-buffer,run,984,126970977,0,0,0,10000,10000,16777216,bound_hit,625
measured,probe-memory-buffer,run,985,127125477,0,0,0,10000,10000,16777216,bound_hit,625
measured,probe-memory-buffer,run,986,127280677,0,0,0,10000,10000,16777216,bound_hit,625
measured,probe-memory-buffer,run,987,127435877,0,0,0,10000,10000,16777216,bound_hit,625
measured,probe-memory-buffer,run,988,127591077,0,0,0,10000,10000,16777216,bound_hit,625
measured,probe-memory-buffer,run,989,127725477,0,0,0,10000,10000,16777216,bound_hit,625
measured,probe-memory-buffer,run,990,127860277,0,0,0,10000,10000,16777216,bound_hit,625
measured,probe-memory-buffer,run,991,127994677,0,0,0,10000,10000,16777216,bound_hit,625
measured,probe-memory-buffer,run,992,128129177,0,0,0,10000,10000,16777216,bound_hit,625
measured,probe-memory-buffer,run,993,128272577,0,0,0,10000,10000,16777216,bound_hit,625
measured,probe-memory-buffer,run,994,128407277,0,0,0,10000,10000,16777216,bound_hit,625
measured,probe-memory-buffer,run,995,128541977,0,0,0,10000,10000,16777216,bound_hit,625
measured,probe-memory-buffer,run,996,128675977,0,0,0,10000,10000,16777216,bound_hit,625
measured,probe-memory-buffer,run,997,128797577,0,0,0,10000,10000,16777216,bound_hit,625
measured,probe-memory-buffer,run,998,128931977,0,0,0,10000,10000,16777216,bound_hit,625
measured,probe-memory-buffer,run,999,129066477,0,0,0,10000,10000,16777216,bound_hit,625
measured,probe-memory-buffer,run,1000,129200977,0,0,0,10000,10000,16777216,bound_hit,625
measured,probe-memory-buffer,run,1001,129335276,0,0,0,10000,10000,16777216,bound_hit,625
measured,probe-memory-buffer,run,1002,129469276,0,0,0,10000,10000,16777216,bound_hit,625
measured,probe-memory-buffer,run,1003,129603776,0,0,0,10000,10000,16777216,bound_hit,625
measured,probe-memory-buffer,run,1004,129738076,0,0,0,10000,10000,16777216,bound_hit,625
measured,probe-memory-buffer,run,1005,129872176,0,0,0,10000,10000,16777216,bound_hit,625
measured,probe-memory-buffer,run,1006,130006876,0,0,0,10000,10000,16777216,bound_hit,625
measured,probe-memory-buffer,run,1007,130141376,0,0,0,10000,10000,16777216,bound_hit,625
measured,probe-memory-buffer,run,1008,130276176,0,0,0,10000,10000,16777216,bound_hit,625
measured,probe-memory-buffer,run,1009,130410776,0,0,0,10000,10000,16777216,bound_hit,625
measured,probe-memory-buffer,run,1010,130545276,0,0,0,10000,10000,16777216,bound_hit,625
measured,probe-memory-buffer,run,1011,130680076,0,0,0,10000,10000,16777216,bound_hit,625
measured,probe-memory-buffer,run,1012,130814876,0,0,0,10000,10000,16777216,bound_hit,625
measured,probe-memory-buffer,run,1013,130948976,0,0,0,10000,10000,16777216,bound_hit,625
measured,probe-memory-buffer,run,1014,131082276,0,0,0,10000,10000,16777216,bound_hit,625
measured,probe-memory-buffer,run,1015,131215876,0,0,0,10000,10000,16777216,bound_hit,625
measured,probe-memory-buffer,run,1016,131349276,0,0,0,10000,10000,16777216,bound_hit,625
measured,probe-memory-buffer,run,1017,131482976,0,0,0,10000,10000,16777216,bound_hit,625
measured,probe-memory-buffer,run,1018,131616976,0,0,0,10000,10000,16777216,bound_hit,625
measured,probe-memory-buffer,run,1019,131750976,0,0,0,10000,10000,16777216,bound_hit,625
measured,probe-memory-buffer,run,1020,131884976,0,0,0,10000,10000,16777216,bound_hit,625
measured,probe-memory-buffer,run,1021,132045476,0,0,0,10000,10000,16777216,bound_hit,625
measured,probe-memory-buffer,run,1022,132200876,0,0,0,10000,10000,16777216,bound_hit,625
measured,probe-memory-buffer,run,1023,132352276,0,0,0,10000,10000,16777216,bound_hit,625
measured,probe-memory-buffer,run,1024,132501876,0,0,0,10000,10000,16777216,bound_hit,625
measured,probe-memory-buffer,run,1025,132652376,0,0,0,10000,10000,16777216,bound_hit,625
measured,probe-memory-buffer,run,1026,132897276,0,0,0,10000,10000,16777216,bound_hit,625
measured,probe-memory-buffer,run,1027,133045576,0,0,0,10000,10000,16777216,bound_hit,625
measured,probe-memory-buffer,run,1028,133187876,0,0,0,10000,10000,16777216,bound_hit,625
measured,probe-memory-buffer,run,1029,133330876,0,0,0,10000,10000,16777216,bound_hit,625
measured,probe-memory-buffer,run,1030,133472776,0,0,0,10000,10000,16777216,bound_hit,625
measured,probe-memory-buffer,run,1031,133614376,0,0,0,10000,10000,16777216,bound_hit,625
measured,probe-memory-buffer,run,1032,133754276,0,0,0,10000,10000,16777216,bound_hit,625
measured,probe-memory-buffer,run,1033,133896376,0,0,0,10000,10000,16777216,bound_hit,625
measured,probe-memory-buffer,run,1034,134037676,0,0,0,10000,10000,16777216,bound_hit,625
measured,probe-memory-buffer,run,1035,134192876,0,0,0,10000,10000,16777216,bound_hit,625
measured,probe-memory-buffer,run,1036,134331576,0,0,0,10000,10000,16777216,bound_hit,625
measured,probe-memory-buffer,run,1037,134467576,0,0,0,10000,10000,16777216,bound_hit,625
measured,probe-memory-buffer,run,1038,134601076,0,0,0,10000,10000,16777216,bound_hit,625
measured,probe-memory-buffer,run,1039,134734175,0,0,0,10000,10000,16777216,bound_hit,625
measured,probe-memory-buffer,run,1040,134867075,0,0,0,10000,10000,16777216,bound_hit,625
measured,probe-memory-buffer,run,1041,135000075,0,0,0,10000,10000,16777216,bound_hit,625
measured,probe-memory-buffer,run,1042,135133375,0,0,0,10000,10000,16777216,bound_hit,625
measured,probe-memory-buffer,run,1043,135267375,0,0,0,10000,10000,16777216,bound_hit,625
measured,probe-memory-buffer,run,1044,135400375,0,0,0,10000,10000,16777216,bound_hit,625
measured,probe-memory-buffer,run,1045,135533275,0,0,0,10000,10000,16777216,bound_hit,625
measured,probe-memory-buffer,run,1046,135666175,0,0,0,10000,10000,16777216,bound_hit,625
measured,probe-memory-buffer,run,1047,135799275,0,0,0,10000,10000,16777216,bound_hit,625
measured,probe-memory-buffer,run,1048,135931975,0,0,0,10000,10000,16777216,bound_hit,625
measured,probe-memory-buffer,run,1049,136064875,0,0,0,10000,10000,16777216,bound_hit,625
measured,probe-memory-buffer,run,1050,136206075,0,0,0,10000,10000,16777216,bound_hit,625
measured,probe-memory-buffer,run,1051,136338975,0,0,0,10000,10000,16777216,bound_hit,625
measured,probe-memory-buffer,run,1052,136471875,0,0,0,10000,10000,16777216,bound_hit,625
measured,probe-memory-buffer,run,1053,136604975,0,0,0,10000,10000,16777216,bound_hit,625
measured,probe-memory-buffer,run,1054,136739275,0,0,0,10000,10000,16777216,bound_hit,625
measured,probe-memory-buffer,run,1055,136872775,0,0,0,10000,10000,16777216,bound_hit,625
measured,probe-memory-buffer,run,1056,137005675,0,0,0,10000,10000,16777216,bound_hit,625
measured,probe-memory-buffer,run,1057,137138475,0,0,0,10000,10000,16777216,bound_hit,625
measured,probe-memory-buffer,run,1058,137271575,0,0,0,10000,10000,16777216,bound_hit,625
measured,probe-memory-buffer,run,1059,137404375,0,0,0,10000,10000,16777216,bound_hit,625
measured,probe-memory-buffer,run,1060,137537075,0,0,0,10000,10000,16777216,bound_hit,625
measured,probe-memory-buffer,run,1061,137670175,0,0,0,10000,10000,16777216,bound_hit,625
measured,probe-memory-buffer,run,1062,137803175,0,0,0,10000,10000,16777216,bound_hit,625
measured,probe-memory-buffer,run,1063,137936075,0,0,0,10000,10000,16777216,bound_hit,625
measured,probe-memory-buffer,run,1064,138068875,0,0,0,10000,10000,16777216,bound_hit,625
measured,probe-memory-buffer,run,1065,138201775,0,0,0,10000,10000,16777216,bound_hit,625
measured,probe-memory-buffer,run,1066,138334675,0,0,0,10000,10000,16777216,bound_hit,625
measured,probe-memory-buffer,run,1067,138467375,0,0,0,10000,10000,16777216,bound_hit,625
measured,probe-memory-buffer,run,1068,138600175,0,0,0,10000,10000,16777216,bound_hit,625
measured,probe-memory-buffer,run,1069,138733175,0,0,0,10000,10000,16777216,bound_hit,625
measured,probe-memory-buffer,run,1070,138868875,0,0,0,10000,10000,16777216,bound_hit,625
measured,probe-memory-buffer,run,1071,139028475,0,0,0,10000,10000,16777216,bound_hit,625
measured,probe-memory-buffer,run,1072,139182475,0,0,0,10000,10000,16777216,bound_hit,625
measured,probe-memory-buffer,run,1073,139336775,0,0,0,10000,10000,16777216,bound_hit,625
measured,probe-memory-buffer,run,1074,139489175,0,0,0,10000,10000,16777216,bound_hit,625
measured,probe-memory-buffer,run,1075,139635175,0,0,0,10000,10000,16777216,bound_hit,625
measured,probe-memory-buffer,run,1076,139780175,0,0,0,10000,10000,16777216,bound_hit,625
measured,probe-memory-buffer,run,1077,139951175,0,0,0,10000,10000,16777216,bound_hit,625
measured,probe-memory-buffer,run,1078,140115274,0,0,0,10000,10000,16777216,bound_hit,625
measured,probe-memory-buffer,run,1079,140274374,0,0,0,10000,10000,16777216,bound_hit,625
measured,probe-memory-buffer,run,1080,140435374,0,0,0,10000,10000,16777216,bound_hit,625
measured,probe-memory-buffer,run,1081,140593774,0,0,0,10000,10000,16777216,bound_hit,625
measured,probe-memory-buffer,run,1082,140752874,0,0,0,10000,10000,16777216,bound_hit,625
measured,probe-memory-buffer,run,1083,140911574,0,0,0,10000,10000,16777216,bound_hit,625
measured,probe-memory-buffer,run,1084,141069674,0,0,0,10000,10000,16777216,bound_hit,625
measured,probe-memory-buffer,run,1085,141227774,0,0,0,10000,10000,16777216,bound_hit,625
measured,probe-memory-buffer,run,1086,141385674,0,0,0,10000,10000,16777216,bound_hit,625
measured,probe-memory-buffer,run,1087,141543474,0,0,0,10000,10000,16777216,bound_hit,625
measured,probe-memory-buffer,run,1088,141680474,0,0,0,10000,10000,16777216,bound_hit,625
measured,probe-memory-buffer,run,1089,141817074,0,0,0,10000,10000,16777216,bound_hit,625
measured,probe-memory-buffer,run,1090,141954374,0,0,0,10000,10000,16777216,bound_hit,625
measured,probe-memory-buffer,run,1091,142091174,0,0,0,10000,10000,16777216,bound_hit,625
measured,probe-memory-buffer,run,1092,142230874,0,0,0,10000,10000,16777216,bound_hit,625
measured,probe-memory-buffer,run,1093,142368774,0,0,0,10000,10000,16777216,bound_hit,625
measured,probe-memory-buffer,run,1094,142505474,0,0,0,10000,10000,16777216,bound_hit,625
measured,probe-memory-buffer,run,1095,142642074,0,0,0,10000,10000,16777216,bound_hit,625
measured,probe-memory-buffer,run,1096,142779274,0,0,0,10000,10000,16777216,bound_hit,625
measured,probe-memory-buffer,run,1097,142915874,0,0,0,10000,10000,16777216,bound_hit,625
measured,probe-memory-buffer,run,1098,143052474,0,0,0,10000,10000,16777216,bound_hit,625
measured,probe-memory-buffer,run,1099,143189374,0,0,0,10000,10000,16777216,bound_hit,625
measured,probe-memory-buffer,run,1100,143326174,0,0,0,10000,10000,16777216,bound_hit,625
measured,probe-memory-buffer,run,1101,143462774,0,0,0,10000,10000,16777216,bound_hit,625
measured,probe-memory-buffer,run,1102,143599474,0,0,0,10000,10000,16777216,bound_hit,625
measured,probe-memory-buffer,run,1103,143735874,0,0,0,10000,10000,16777216,bound_hit,625
measured,probe-memory-buffer,run,1104,143872574,0,0,0,10000,10000,16777216,bound_hit,625
measured,probe-memory-buffer,run,1105,144009474,0,0,0,10000,10000,16777216,bound_hit,625
measured,probe-memory-buffer,run,1106,144146174,0,0,0,10000,10000,16777216,bound_hit,625
measured,probe-memory-buffer,run,1107,144293374,0,0,0,10000,10000,16777216,bound_hit,625
measured,probe-memory-buffer,run,1108,144430874,0,0,0,10000,10000,16777216,bound_hit,625
measured,probe-memory-buffer,run,1109,144566874,0,0,0,10000,10000,16777216,bound_hit,625
measured,probe-memory-buffer,run,1110,149722873,0,0,0,10000,10000,16777216,bound_hit,625
measured,probe-memory-buffer,run,1111,149898173,0,0,0,10000,10000,16777216,bound_hit,625
measured,probe-memory-buffer,run,1112,150042273,0,0,0,10000,10000,16777216,bound_hit,625
measured,probe-memory-buffer,run,1113,150183273,0,0,0,10000,10000,16777216,bound_hit,625
measured,probe-memory-buffer,run,1114,150325373,0,0,0,10000,10000,16777216,bound_hit,625
measured,probe-memory-buffer,run,1115,150464173,0,0,0,10000,10000,16777216,bound_hit,625
measured,probe-memory-buffer,run,1116,150603173,0,0,0,10000,10000,16777216,bound_hit,625
measured,probe-memory-buffer,run,1117,150741973,0,0,0,10000,10000,16777216,bound_hit,625
measured,probe-memory-buffer,run,1118,150880372,0,0,0,10000,10000,16777216,bound_hit,625
measured,probe-memory-buffer,run,1119,151018872,0,0,0,10000,10000,16777216,bound_hit,625
measured,probe-memory-buffer,run,1120,151157372,0,0,0,10000,10000,16777216,bound_hit,625
measured,probe-memory-buffer,run,1121,151295672,0,0,0,10000,10000,16777216,bound_hit,625
measured,probe-memory-buffer,run,1122,151434572,0,0,0,10000,10000,16777216,bound_hit,625
measured,probe-memory-buffer,run,1123,151570472,0,0,0,10000,10000,16777216,bound_hit,625
measured,probe-memory-buffer,run,1124,151703672,0,0,0,10000,10000,16777216,bound_hit,625
measured,probe-memory-buffer,run,1125,151836572,0,0,0,10000,10000,16777216,bound_hit,625
measured,probe-memory-buffer,run,1126,151969772,0,0,0,10000,10000,16777216,bound_hit,625
measured,probe-memory-buffer,run,1127,152102672,0,0,0,10000,10000,16777216,bound_hit,625
measured,probe-memory-buffer,run,1128,152235472,0,0,0,10000,10000,16777216,bound_hit,625
measured,probe-memory-buffer,run,1129,152368372,0,0,0,10000,10000,16777216,bound_hit,625
measured,probe-memory-buffer,run,1130,152501272,0,0,0,10000,10000,16777216,bound_hit,625
measured,probe-memory-buffer,run,1131,152634172,0,0,0,10000,10000,16777216,bound_hit,625
measured,probe-memory-buffer,run,1132,152792072,0,0,0,10000,10000,16777216,bound_hit,625
measured,probe-memory-buffer,run,1133,152958372,0,0,0,10000,10000,16777216,bound_hit,625
measured,probe-memory-buffer,run,1134,153098572,0,0,0,10000,10000,16777216,bound_hit,625
measured,probe-memory-buffer,run,1135,153320872,0,0,0,10000,10000,16777216,bound_hit,625
measured,probe-memory-buffer,run,1136,153469172,0,0,0,10000,10000,16777216,bound_hit,625
measured,probe-memory-buffer,run,1137,153634872,0,0,0,10000,10000,16777216,bound_hit,625
measured,probe-memory-buffer,run,1138,153797372,0,0,0,10000,10000,16777216,bound_hit,625
measured,probe-memory-buffer,run,1139,153960672,0,0,0,10000,10000,16777216,bound_hit,625
measured,probe-memory-buffer,run,1140,154134472,0,0,0,10000,10000,16777216,bound_hit,625
measured,probe-memory-buffer,run,1141,154302472,0,0,0,10000,10000,16777216,bound_hit,625
measured,probe-memory-buffer,run,1142,154441372,0,0,0,10000,10000,16777216,bound_hit,625
measured,probe-memory-buffer,run,1143,154574172,0,0,0,10000,10000,16777216,bound_hit,625
measured,probe-memory-buffer,run,1144,154706072,0,0,0,10000,10000,16777216,bound_hit,625
measured,probe-memory-buffer,run,1145,154837972,0,0,0,10000,10000,16777216,bound_hit,625
measured,probe-memory-buffer,run,1146,154969372,0,0,0,10000,10000,16777216,bound_hit,625
measured,probe-memory-buffer,run,1147,155100972,0,0,0,10000,10000,16777216,bound_hit,625
measured,probe-memory-buffer,run,1148,155232372,0,0,0,10000,10000,16777216,bound_hit,625
measured,probe-memory-buffer,run,1149,155364372,0,0,0,10000,10000,16777216,bound_hit,625
measured,probe-memory-buffer,run,1150,155495972,0,0,0,10000,10000,16777216,bound_hit,625
measured,probe-memory-buffer,run,1151,155627372,0,0,0,10000,10000,16777216,bound_hit,625
measured,probe-memory-buffer,run,1152,155758972,0,0,0,10000,10000,16777216,bound_hit,625
measured,probe-memory-buffer,run,1153,155890672,0,0,0,10000,10000,16777216,bound_hit,625
measured,probe-memory-buffer,run,1154,156022172,0,0,0,10000,10000,16777216,bound_hit,625
measured,probe-memory-buffer,run,1155,156153572,0,0,0,10000,10000,16777216,bound_hit,625
measured,probe-memory-buffer,run,1156,156284871,0,0,0,10000,10000,16777216,bound_hit,625
measured,probe-memory-buffer,run,1157,156416371,0,0,0,10000,10000,16777216,bound_hit,625
measured,probe-memory-buffer,run,1158,156547871,0,0,0,10000,10000,16777216,bound_hit,625
measured,probe-memory-buffer,run,1159,156672471,0,0,0,10000,10000,16777216,bound_hit,625
measured,probe-memory-buffer,run,1160,156799971,0,0,0,10000,10000,16777216,bound_hit,625
measured,probe-memory-buffer,run,1161,156931271,0,0,0,10000,10000,16777216,bound_hit,625
measured,probe-memory-buffer,run,1162,157062371,0,0,0,10000,10000,16777216,bound_hit,625
measured,probe-memory-buffer,run,1163,157193471,0,0,0,10000,10000,16777216,bound_hit,625
measured,probe-memory-buffer,run,1164,157332971,0,0,0,10000,10000,16777216,bound_hit,625
measured,probe-memory-buffer,run,1165,157464271,0,0,0,10000,10000,16777216,bound_hit,625
measured,probe-memory-buffer,run,1166,157595271,0,0,0,10000,10000,16777216,bound_hit,625
measured,probe-memory-buffer,run,1167,157726771,0,0,0,10000,10000,16777216,bound_hit,625
measured,probe-memory-buffer,run,1168,157857871,0,0,0,10000,10000,16777216,bound_hit,625
measured,probe-memory-buffer,run,1169,157988771,0,0,0,10000,10000,16777216,bound_hit,625
measured,probe-memory-buffer,run,1170,158119771,0,0,0,10000,10000,16777216,bound_hit,625
measured,probe-memory-buffer,run,1171,158251171,0,0,0,10000,10000,16777216,bound_hit,625
measured,probe-memory-buffer,run,1172,158382571,0,0,0,10000,10000,16777216,bound_hit,625
measured,probe-memory-buffer,run,1173,158514071,0,0,0,10000,10000,16777216,bound_hit,625
measured,probe-memory-buffer,run,1174,158645271,0,0,0,10000,10000,16777216,bound_hit,625
measured,probe-memory-buffer,run,1175,158776871,0,0,0,10000,10000,16777216,bound_hit,625
measured,probe-memory-buffer,run,1176,158907971,0,0,0,10000,10000,16777216,bound_hit,625
measured,probe-memory-buffer,run,1177,159039771,0,0,0,10000,10000,16777216,bound_hit,625
measured,probe-memory-buffer,run,1178,159171171,0,0,0,10000,10000,16777216,bound_hit,625
measured,probe-memory-buffer,run,1179,159302671,0,0,0,10000,10000,16777216,bound_hit,625
measured,probe-memory-buffer,run,1180,159434171,0,0,0,10000,10000,16777216,bound_hit,625
measured,probe-memory-buffer,run,1181,159565371,0,0,0,10000,10000,16777216,bound_hit,625
measured,probe-memory-buffer,run,1182,159697871,0,0,0,10000,10000,16777216,bound_hit,625
measured,probe-memory-buffer,run,1183,159878471,0,0,0,10000,10000,16777216,bound_hit,625
measured,probe-memory-buffer,run,1184,160052671,0,0,0,10000,10000,16777216,bound_hit,625
measured,probe-memory-buffer,run,1185,160199971,0,0,0,10000,10000,16777216,bound_hit,625
measured,probe-memory-buffer,run,1186,160340871,0,0,0,10000,10000,16777216,bound_hit,625
measured,probe-memory-buffer,run,1187,160478971,0,0,0,10000,10000,16777216,bound_hit,625
measured,probe-memory-buffer,run,1188,160740371,0,0,0,10000,10000,16777216,bound_hit,625
measured,probe-memory-buffer,run,1189,160887071,0,0,0,10000,10000,16777216,bound_hit,625
measured,probe-memory-buffer,run,1190,161054571,0,0,0,10000,10000,16777216,bound_hit,625
measured,probe-memory-buffer,run,1191,161197871,0,0,0,10000,10000,16777216,bound_hit,625
measured,probe-memory-buffer,run,1192,161363771,0,0,0,10000,10000,16777216,bound_hit,625
measured,probe-memory-buffer,run,1193,161505071,0,0,0,10000,10000,16777216,bound_hit,625
measured,probe-memory-buffer,run,1194,161645870,0,0,0,10000,10000,16777216,bound_hit,625
measured,probe-memory-buffer,run,1195,161786270,0,0,0,10000,10000,16777216,bound_hit,625
measured,probe-memory-buffer,run,1196,161927070,0,0,0,10000,10000,16777216,bound_hit,625
measured,probe-memory-buffer,run,1197,162067870,0,0,0,10000,10000,16777216,bound_hit,625
measured,probe-memory-buffer,run,1198,162208370,0,0,0,10000,10000,16777216,bound_hit,625
measured,probe-memory-buffer,run,1199,162347970,0,0,0,10000,10000,16777216,bound_hit,625
measured,probe-memory-buffer,run,1200,162485170,0,0,0,10000,10000,16777216,bound_hit,625
measured,probe-memory-buffer,run,1201,162619670,0,0,0,10000,10000,16777216,bound_hit,625
measured,probe-memory-buffer,run,1202,162753870,0,0,0,10000,10000,16777216,bound_hit,625
measured,probe-memory-buffer,run,1203,162889070,0,0,0,10000,10000,16777216,bound_hit,625
measured,probe-memory-buffer,run,1204,163023270,0,0,0,10000,10000,16777216,bound_hit,625
measured,probe-memory-buffer,run,1205,163157670,0,0,0,10000,10000,16777216,bound_hit,625
measured,probe-memory-buffer,run,1206,163292070,0,0,0,10000,10000,16777216,bound_hit,625
measured,probe-memory-buffer,run,1207,163426470,0,0,0,10000,10000,16777216,bound_hit,625
measured,probe-memory-buffer,run,1208,163561070,0,0,0,10000,10000,16777216,bound_hit,625
measured,probe-memory-buffer,run,1209,163695770,0,0,0,10000,10000,16777216,bound_hit,625
measured,probe-memory-buffer,run,1210,163830170,0,0,0,10000,10000,16777216,bound_hit,625
measured,probe-memory-buffer,run,1211,163964670,0,0,0,10000,10000,16777216,bound_hit,625
measured,probe-memory-buffer,run,1212,164098970,0,0,0,10000,10000,16777216,bound_hit,625
measured,probe-memory-buffer,run,1213,164233070,0,0,0,10000,10000,16777216,bound_hit,625
measured,probe-memory-buffer,run,1214,164367270,0,0,0,10000,10000,16777216,bound_hit,625
measured,probe-memory-buffer,run,1215,164501770,0,0,0,10000,10000,16777216,bound_hit,625
measured,probe-memory-buffer,run,1216,164636070,0,0,0,10000,10000,16777216,bound_hit,625
measured,probe-memory-buffer,run,1217,164770270,0,0,0,10000,10000,16777216,bound_hit,625
measured,probe-memory-buffer,run,1218,164905070,0,0,0,10000,10000,16777216,bound_hit,625
measured,probe-memory-buffer,run,1219,165055070,0,0,0,10000,10000,16777216,bound_hit,625
measured,probe-memory-buffer,run,1220,165188570,0,0,0,10000,10000,16777216,bound_hit,625
measured,probe-memory-buffer,run,1221,165329970,0,0,0,10000,10000,16777216,bound_hit,625
measured,probe-memory-buffer,run,1222,165463470,0,0,0,10000,10000,16777216,bound_hit,625
measured,probe-memory-buffer,run,1223,165597370,0,0,0,10000,10000,16777216,bound_hit,625
measured,probe-memory-buffer,run,1224,165730770,0,0,0,10000,10000,16777216,bound_hit,625
measured,probe-memory-buffer,run,1225,165864470,0,0,0,10000,10000,16777216,bound_hit,625
measured,probe-memory-buffer,run,1226,165997770,0,0,0,10000,10000,16777216,bound_hit,625
measured,probe-memory-buffer,run,1227,166131270,0,0,0,10000,10000,16777216,bound_hit,625
measured,probe-memory-buffer,run,1228,166264870,0,0,0,10000,10000,16777216,bound_hit,625
measured,probe-memory-buffer,run,1229,166398470,0,0,0,10000,10000,16777216,bound_hit,625
measured,probe-memory-buffer,run,1230,166532170,0,0,0,10000,10000,16777216,bound_hit,625
measured,probe-memory-buffer,run,1231,166688470,0,0,0,10000,10000,16777216,bound_hit,625
measured,probe-memory-buffer,run,1232,166849270,0,0,0,10000,10000,16777216,bound_hit,625
measured,probe-memory-buffer,run,1233,167010970,0,0,0,10000,10000,16777216,bound_hit,625
measured,probe-memory-buffer,run,1234,167145769,0,0,0,10000,10000,16777216,bound_hit,625
measured,probe-memory-buffer,run,1235,167310169,0,0,0,10000,10000,16777216,bound_hit,625
measured,probe-memory-buffer,run,1236,167512469,0,0,0,10000,10000,16777216,bound_hit,625
measured,probe-memory-buffer,run,1237,167684969,0,0,0,10000,10000,16777216,bound_hit,625
measured,probe-memory-buffer,run,1238,167851169,0,0,0,10000,10000,16777216,bound_hit,625
measured,probe-memory-buffer,run,1239,168015569,0,0,0,10000,10000,16777216,bound_hit,625
measured,probe-memory-buffer,run,1240,168215269,0,0,0,10000,10000,16777216,bound_hit,625
measured,probe-memory-buffer,run,1241,168381869,0,0,0,10000,10000,16777216,bound_hit,625
measured,probe-memory-buffer,run,1242,168540669,0,0,0,10000,10000,16777216,bound_hit,625
measured,probe-memory-buffer,run,1243,168675569,0,0,0,10000,10000,16777216,bound_hit,625
measured,probe-memory-buffer,run,1244,168796369,0,0,0,10000,10000,16777216,bound_hit,625
measured,probe-memory-buffer,run,1245,168930469,0,0,0,10000,10000,16777216,bound_hit,625
measured,probe-memory-buffer,run,1246,169063169,0,0,0,10000,10000,16777216,bound_hit,625
measured,probe-memory-buffer,run,1247,169195769,0,0,0,10000,10000,16777216,bound_hit,625
measured,probe-memory-buffer,run,1248,169328569,0,0,0,10000,10000,16777216,bound_hit,625
measured,probe-memory-buffer,run,1249,169461469,0,0,0,10000,10000,16777216,bound_hit,625
measured,probe-memory-buffer,run,1250,169594669,0,0,0,10000,10000,16777216,bound_hit,625
measured,probe-memory-buffer,run,1251,169727269,0,0,0,10000,10000,16777216,bound_hit,625
measured,probe-memory-buffer,run,1252,169860069,0,0,0,10000,10000,16777216,bound_hit,625
measured,probe-memory-buffer,run,1253,169993069,0,0,0,10000,10000,16777216,bound_hit,625
measured,probe-memory-buffer,run,1254,170125669,0,0,0,10000,10000,16777216,bound_hit,625
measured,probe-memory-buffer,run,1255,170258569,0,0,0,10000,10000,16777216,bound_hit,625
measured,probe-memory-buffer,run,1256,170391569,0,0,0,10000,10000,16777216,bound_hit,625
measured,probe-memory-buffer,run,1257,170524669,0,0,0,10000,10000,16777216,bound_hit,625
measured,probe-memory-buffer,run,1258,170657569,0,0,0,10000,10000,16777216,bound_hit,625
measured,probe-memory-buffer,run,1259,170790069,0,0,0,10000,10000,16777216,bound_hit,625
measured,probe-memory-buffer,run,1260,170922769,0,0,0,10000,10000,16777216,bound_hit,625
measured,probe-memory-buffer,run,1261,171055369,0,0,0,10000,10000,16777216,bound_hit,625
measured,probe-memory-buffer,run,1262,171187969,0,0,0,10000,10000,16777216,bound_hit,625
measured,probe-memory-buffer,run,1263,171320869,0,0,0,10000,10000,16777216,bound_hit,625
measured,probe-memory-buffer,run,1264,171453569,0,0,0,10000,10000,16777216,bound_hit,625
measured,probe-memory-buffer,run,1265,171586169,0,0,0,10000,10000,16777216,bound_hit,625
measured,probe-memory-buffer,run,1266,171718869,0,0,0,10000,10000,16777216,bound_hit,625
measured,probe-memory-buffer,run,1267,171851869,0,0,0,10000,10000,16777216,bound_hit,625
measured,probe-memory-buffer,run,1268,171984469,0,0,0,10000,10000,16777216,bound_hit,625
measured,probe-memory-buffer,run,1269,172117369,0,0,0,10000,10000,16777216,bound_hit,625
measured,probe-memory-buffer,run,1270,172250169,0,0,0,10000,10000,16777216,bound_hit,625
measured,probe-memory-buffer,run,1271,172383169,0,0,0,10000,10000,16777216,bound_hit,625
measured,probe-memory-buffer,run,1272,172515868,0,0,0,10000,10000,16777216,bound_hit,625
measured,probe-memory-buffer,run,1273,172648668,0,0,0,10000,10000,16777216,bound_hit,625
measured,probe-memory-buffer,run,1274,172680868,0,0,0,10000,10000,16777216,update,0
measured,probe-memory-buffer,run,1275,172814868,0,0,0,10000,10000,16777216,bound_hit,625
measured,probe-memory-buffer,run,1276,172934568,0,0,0,10000,10000,16777216,bound_hit,625
measured,probe-memory-buffer,run,1277,173060568,0,0,0,10000,10000,16777216,bound_hit,625
measured,probe-memory-buffer,run,1278,173180868,0,0,0,10000,10000,16777216,bound_hit,625
measured,probe-memory-buffer,run,1279,173300868,0,0,0,10000,10000,16777216,bound_hit,625
measured,probe-memory-buffer,run,1280,173420068,0,0,0,10000,10000,16777216,bound_hit,625
measured,probe-memory-buffer,run,1281,173539568,0,0,0,10000,10000,16777216,bound_hit,625
measured,probe-memory-buffer,run,1282,173660068,0,0,0,10000,10000,16777216,bound_hit,625
measured,probe-memory-buffer,run,1283,173803268,0,0,0,10000,10000,16777216,bound_hit,625
measured,probe-memory-buffer,run,1284,173933068,0,0,0,10000,10000,16777216,bound_hit,625
measured,probe-memory-buffer,run,1285,174069768,0,0,0,10000,10000,16777216,bound_hit,625
measured,probe-memory-buffer,run,1286,174216468,0,0,0,10000,10000,16777216,bound_hit,625
measured,probe-memory-buffer,run,1287,174369168,0,0,0,10000,10000,16777216,bound_hit,625
measured,probe-memory-buffer,run,1288,174494968,0,0,0,10000,10000,16777216,bound_hit,625
measured,probe-memory-buffer,run,1289,174616968,0,0,0,10000,10000,16777216,bound_hit,625
measured,probe-memory-buffer,run,1290,174737768,0,0,0,10000,10000,16777216,bound_hit,625
measured,probe-memory-buffer,run,1291,174870468,0,0,0,10000,10000,16777216,bound_hit,625
measured,probe-memory-buffer,run,1292,174991368,0,0,0,10000,10000,16777216,bound_hit,625
measured,probe-memory-buffer,run,1293,175112968,0,0,0,10000,10000,16777216,bound_hit,625
measured,probe-memory-buffer,run,1294,175232868,0,0,0,10000,10000,16777216,bound_hit,625
measured,probe-memory-buffer,run,1295,175355168,0,0,0,10000,10000,16777216,bound_hit,625
measured,probe-memory-buffer,run,1296,175475168,0,0,0,10000,10000,16777216,bound_hit,625
measured,probe-memory-buffer,run,1297,175594668,0,0,0,10000,10000,16777216,bound_hit,625
measured,probe-memory-buffer,run,1298,175714768,0,0,0,10000,10000,16777216,bound_hit,625
measured,probe-memory-buffer,run,1299,175839768,0,0,0,10000,10000,16777216,bound_hit,625
measured,probe-memory-buffer,run,1300,175962668,0,0,0,10000,10000,16777216,bound_hit,625
measured,probe-memory-buffer,run,1301,176083868,0,0,0,10000,10000,16777216,bound_hit,625
measured,probe-memory-buffer,run,1302,176204068,0,0,0,10000,10000,16777216,bound_hit,625
measured,probe-memory-buffer,run,1303,176324168,0,0,0,10000,10000,16777216,bound_hit,625
measured,probe-memory-buffer,run,1304,176444168,0,0,0,10000,10000,16777216,bound_hit,625
measured,probe-memory-buffer,run,1305,176581268,0,0,0,10000,10000,16777216,bound_hit,625
measured,probe-memory-buffer,run,1306,176705168,0,0,0,10000,10000,16777216,bound_hit,625
measured,probe-memory-buffer,run,1307,176825168,0,0,0,10000,10000,16777216,bound_hit,625
measured,probe-memory-buffer,run,1308,176944768,0,0,0,10000,10000,16777216,bound_hit,625
measured,probe-memory-buffer,run,1309,177063968,0,0,0,10000,10000,16777216,bound_hit,625
measured,probe-memory-buffer,run,1310,177183368,0,0,0,10000,10000,16777216,bound_hit,625
measured,probe-memory-buffer,run,1311,177302668,0,0,0,10000,10000,16777216,bound_hit,625
measured,probe-memory-buffer,run,1312,177421968,0,0,0,10000,10000,16777216,bound_hit,625
measured,probe-memory-buffer,run,1313,177541368,0,0,0,10000,10000,16777216,bound_hit,625
measured,probe-memory-buffer,run,1314,177661468,0,0,0,10000,10000,16777216,bound_hit,625
measured,probe-memory-buffer,run,1315,177780968,0,0,0,10000,10000,16777216,bound_hit,625
measured,probe-memory-buffer,run,1316,177900367,0,0,0,10000,10000,16777216,bound_hit,625
measured,probe-memory-buffer,run,1317,178019867,0,0,0,10000,10000,16777216,bound_hit,625
measured,probe-memory-buffer,run,1318,178139567,0,0,0,10000,10000,16777216,bound_hit,625
measured,probe-memory-buffer,run,1319,178258967,0,0,0,10000,10000,16777216,bound_hit,625
measured,probe-memory-buffer,run,1320,178378067,0,0,0,10000,10000,16777216,bound_hit,625
measured,probe-memory-buffer,run,1321,178497467,0,0,0,10000,10000,16777216,bound_hit,625
measured,probe-memory-buffer,run,1322,178617767,0,0,0,10000,10000,16777216,bound_hit,625
measured,probe-memory-buffer,run,1323,178737267,0,0,0,10000,10000,16777216,bound_hit,625
measured,probe-memory-buffer,run,1324,178857067,0,0,0,10000,10000,16777216,bound_hit,625
measured,probe-memory-buffer,run,1325,178976367,0,0,0,10000,10000,16777216,bound_hit,625
measured,probe-memory-buffer,run,1326,179095867,0,0,0,10000,10000,16777216,bound_hit,625
measured,probe-memory-buffer,run,1327,179215267,0,0,0,10000,10000,16777216,bound_hit,625
measured,probe-memory-buffer,run,1328,179334767,0,0,0,10000,10000,16777216,bound_hit,625
measured,probe-memory-buffer,run,1329,179454367,0,0,0,10000,10000,16777216,bound_hit,625
measured,probe-memory-buffer,run,1330,179573967,0,0,0,10000,10000,16777216,bound_hit,625
measured,probe-memory-buffer,run,1331,179693367,0,0,0,10000,10000,16777216,bound_hit,625
measured,probe-memory-buffer,run,1332,179812567,0,0,0,10000,10000,16777216,bound_hit,625
measured,probe-memory-buffer,run,1333,179931867,0,0,0,10000,10000,16777216,bound_hit,625
measured,probe-memory-buffer,run,1334,180059067,0,0,0,10000,10000,16777216,bound_hit,625
measured,probe-memory-buffer,run,1335,180178767,0,0,0,10000,10000,16777216,bound_hit,625
measured,probe-memory-buffer,run,1336,180298167,0,0,0,10000,10000,16777216,bound_hit,625
measured,probe-memory-buffer,run,1337,180417567,0,0,0,10000,10000,16777216,bound_hit,625
measured,probe-memory-buffer,run,1338,180537467,0,0,0,10000,10000,16777216,bound_hit,625
measured,probe-memory-buffer,run,1339,180774467,0,0,0,10000,10000,16777216,bound_hit,625
measured,probe-memory-buffer,run,1340,180913567,0,0,0,10000,10000,16777216,bound_hit,625
measured,probe-memory-buffer,run,1341,181065267,0,0,0,10000,10000,16777216,bound_hit,625
measured,probe-memory-buffer,run,1342,181231967,0,0,0,10000,10000,16777216,bound_hit,625
measured,probe-memory-buffer,run,1343,181365167,0,0,0,10000,10000,16777216,bound_hit,625
measured,probe-memory-buffer,run,1344,181527067,0,0,0,10000,10000,16777216,bound_hit,625
measured,probe-memory-buffer,run,1345,181657567,0,0,0,10000,10000,16777216,bound_hit,625
measured,probe-memory-buffer,run,1346,181874367,0,0,0,10000,10000,16777216,bound_hit,625
measured,probe-memory-buffer,run,1347,182001367,0,0,0,10000,10000,16777216,bound_hit,625
measured,probe-memory-buffer,run,1348,182150767,0,0,0,10000,10000,16777216,bound_hit,625
measured,probe-memory-buffer,run,1349,182284667,0,0,0,10000,10000,16777216,bound_hit,625
measured,probe-memory-buffer,run,1350,182408067,0,0,0,10000,10000,16777216,bound_hit,625
measured,probe-memory-buffer,run,1351,182528367,0,0,0,10000,10000,16777216,bound_hit,625
measured,probe-memory-buffer,run,1352,182647367,0,0,0,10000,10000,16777216,bound_hit,625
measured,probe-memory-buffer,run,1353,182766067,0,0,0,10000,10000,16777216,bound_hit,625
measured,probe-memory-buffer,run,1354,182884867,0,0,0,10000,10000,16777216,bound_hit,625
measured,probe-memory-buffer,run,1355,183003767,0,0,0,10000,10000,16777216,bound_hit,625
measured,probe-memory-buffer,run,1356,183123167,0,0,0,10000,10000,16777216,bound_hit,625
measured,probe-memory-buffer,run,1357,183242066,0,0,0,10000,10000,16777216,bound_hit,625
measured,probe-memory-buffer,run,1358,183360666,0,0,0,10000,10000,16777216,bound_hit,625
measured,probe-memory-buffer,run,1359,183479366,0,0,0,10000,10000,16777216,bound_hit,625
measured,probe-memory-buffer,run,1360,183597666,0,0,0,10000,10000,16777216,bound_hit,625
measured,probe-memory-buffer,run,1361,183716166,0,0,0,10000,10000,16777216,bound_hit,625
measured,probe-memory-buffer,run,1362,183834766,0,0,0,10000,10000,16777216,bound_hit,625
measured,probe-memory-buffer,run,1363,183953366,0,0,0,10000,10000,16777216,bound_hit,625
measured,probe-memory-buffer,run,1364,184073466,0,0,0,10000,10000,16777216,bound_hit,625
measured,probe-memory-buffer,run,1365,184192566,0,0,0,10000,10000,16777216,bound_hit,625
measured,probe-memory-buffer,run,1366,184311366,0,0,0,10000,10000,16777216,bound_hit,625
measured,probe-memory-buffer,run,1367,184430266,0,0,0,10000,10000,16777216,bound_hit,625
measured,probe-memory-buffer,run,1368,184549066,0,0,0,10000,10000,16777216,bound_hit,625
measured,probe-memory-buffer,run,1369,184710766,0,0,0,10000,10000,16777216,bound_hit,625
measured,probe-memory-buffer,run,1370,184829866,0,0,0,10000,10000,16777216,bound_hit,625
measured,probe-memory-buffer,run,1371,184948566,0,0,0,10000,10000,16777216,bound_hit,625
measured,probe-memory-buffer,run,1372,185067266,0,0,0,10000,10000,16777216,bound_hit,625
measured,probe-memory-buffer,run,1373,185186066,0,0,0,10000,10000,16777216,bound_hit,625
measured,probe-memory-buffer,run,1374,185304466,0,0,0,10000,10000,16777216,bound_hit,625
measured,probe-memory-buffer,run,1375,185423166,0,0,0,10000,10000,16777216,bound_hit,625
measured,probe-memory-buffer,run,1376,185541666,0,0,0,10000,10000,16777216,bound_hit,625
measured,probe-memory-buffer,run,1377,185660066,0,0,0,10000,10000,16777216,bound_hit,625
measured,probe-memory-buffer,run,1378,185778666,0,0,0,10000,10000,16777216,bound_hit,625
measured,probe-memory-buffer,run,1379,185897766,0,0,0,10000,10000,16777216,bound_hit,625
measured,probe-memory-buffer,run,1380,186016366,0,0,0,10000,10000,16777216,bound_hit,625
measured,probe-memory-buffer,run,1381,186134966,0,0,0,10000,10000,16777216,bound_hit,625
measured,probe-memory-buffer,run,1382,186253666,0,0,0,10000,10000,16777216,bound_hit,625
measured,probe-memory-buffer,run,1383,186372266,0,0,0,10000,10000,16777216,bound_hit,625
measured,probe-memory-buffer,run,1384,186490966,0,0,0,10000,10000,16777216,bound_hit,625
measured,probe-memory-buffer,run,1385,186609466,0,0,0,10000,10000,16777216,bound_hit,625
measured,probe-memory-buffer,run,1386,186728166,0,0,0,10000,10000,16777216,bound_hit,625
measured,probe-memory-buffer,run,1387,186847566,0,0,0,10000,10000,16777216,bound_hit,625
measured,probe-memory-buffer,run,1388,186967066,0,0,0,10000,10000,16777216,bound_hit,625
measured,probe-memory-buffer,run,1389,187085766,0,0,0,10000,10000,16777216,bound_hit,625
measured,probe-memory-buffer,run,1390,187204366,0,0,0,10000,10000,16777216,bound_hit,625
measured,probe-memory-buffer,run,1391,187330966,0,0,0,10000,10000,16777216,bound_hit,625
measured,probe-memory-buffer,run,1392,187527266,0,0,0,10000,10000,16777216,bound_hit,625
measured,probe-memory-buffer,run,1393,187709966,0,0,0,10000,10000,16777216,bound_hit,625
measured,probe-memory-buffer,run,1394,187902766,0,0,0,10000,10000,16777216,bound_hit,625
measured,probe-memory-buffer,run,1395,188045366,0,0,0,10000,10000,16777216,bound_hit,625
measured,probe-memory-buffer,run,1396,188174566,0,0,0,10000,10000,16777216,bound_hit,625
measured,probe-memory-buffer,run,1397,188302166,0,0,0,10000,10000,16777216,bound_hit,625
measured,probe-memory-buffer,run,1398,188445366,0,0,0,10000,10000,16777216,bound_hit,625
measured,probe-memory-buffer,run,1399,188568966,0,0,0,10000,10000,16777216,bound_hit,625
measured,probe-memory-buffer,run,1400,188681165,0,0,0,10000,10000,16777216,bound_hit,625
measured,probe-memory-buffer,run,1401,188806065,0,0,0,10000,10000,16777216,bound_hit,625
measured,probe-memory-buffer,run,1402,188945865,0,0,0,10000,10000,16777216,bound_hit,625
measured,probe-memory-buffer,run,1403,189068665,0,0,0,10000,10000,16777216,bound_hit,625
measured,probe-memory-buffer,run,1404,189192165,0,0,0,10000,10000,16777216,bound_hit,625
measured,probe-memory-buffer,run,1405,189315465,0,0,0,10000,10000,16777216,bound_hit,625
measured,probe-memory-buffer,run,1406,189437965,0,0,0,10000,10000,16777216,bound_hit,625
measured,probe-memory-buffer,run,1407,189558565,0,0,0,10000,10000,16777216,bound_hit,625
measured,probe-memory-buffer,run,1408,189677465,0,0,0,10000,10000,16777216,bound_hit,625
measured,probe-memory-buffer,run,1409,189796465,0,0,0,10000,10000,16777216,bound_hit,625
measured,probe-memory-buffer,run,1410,189915565,0,0,0,10000,10000,16777216,bound_hit,625
measured,probe-memory-buffer,run,1411,190034465,0,0,0,10000,10000,16777216,bound_hit,625
measured,probe-memory-buffer,run,1412,190154165,0,0,0,10000,10000,16777216,bound_hit,625
measured,probe-memory-buffer,run,1413,190272165,0,0,0,10000,10000,16777216,bound_hit,625
measured,probe-memory-buffer,run,1414,190390265,0,0,0,10000,10000,16777216,bound_hit,625
measured,probe-memory-buffer,run,1415,190508365,0,0,0,10000,10000,16777216,bound_hit,625
measured,probe-memory-buffer,run,1416,190626565,0,0,0,10000,10000,16777216,bound_hit,625
measured,probe-memory-buffer,run,1417,190744665,0,0,0,10000,10000,16777216,bound_hit,625
measured,probe-memory-buffer,run,1418,190862765,0,0,0,10000,10000,16777216,bound_hit,625
measured,probe-memory-buffer,run,1419,190980865,0,0,0,10000,10000,16777216,bound_hit,625
measured,probe-memory-buffer,run,1420,191098965,0,0,0,10000,10000,16777216,bound_hit,625
measured,probe-memory-buffer,run,1421,191217165,0,0,0,10000,10000,16777216,bound_hit,625
measured,probe-memory-buffer,run,1422,191335265,0,0,0,10000,10000,16777216,bound_hit,625
measured,probe-memory-buffer,run,1423,191453465,0,0,0,10000,10000,16777216,bound_hit,625
measured,probe-memory-buffer,run,1424,191571565,0,0,0,10000,10000,16777216,bound_hit,625
measured,probe-memory-buffer,run,1425,191689665,0,0,0,10000,10000,16777216,bound_hit,625
measured,probe-memory-buffer,run,1426,191807865,0,0,0,10000,10000,16777216,bound_hit,625
measured,probe-memory-buffer,run,1427,191925765,0,0,0,10000,10000,16777216,bound_hit,625
measured,probe-memory-buffer,run,1428,192043665,0,0,0,10000,10000,16777216,bound_hit,625
measured,probe-memory-buffer,run,1429,192161665,0,0,0,10000,10000,16777216,bound_hit,625
measured,probe-memory-buffer,run,1430,192280265,0,0,0,10000,10000,16777216,bound_hit,625
measured,probe-memory-buffer,run,1431,272919150,0,20000,10000,10000,10000,16777216,update,0
measured,probe-memory-buffer,run,1432,273353150,0,20000,10000,11697,10000,16777216,read,731
measured,probe-memory-buffer,run,1433,273608250,0,20000,10000,12694,10000,16777216,read,793
measured,probe-memory-buffer,run,1434,273859750,0,20000,10000,13676,10000,16777216,read,854
measured,probe-memory-buffer,run,1435,274030850,0,20000,10000,14345,10000,16777216,read,896
measured,probe-memory-buffer,run,1436,274251450,0,20000,10000,15206,10000,16777216,read,950
measured,probe-memory-buffer,run,1437,274493450,0,20000,10000,16151,10000,16777216,read,1009
measured,probe-memory-buffer,run,1438,274728250,0,20000,10000,17069,10000,16777216,read,1066
measured,probe-memory-buffer,run,1439,274914949,0,20000,10000,17798,10000,16777216,read,1112
measured,probe-memory-buffer,run,1440,275088449,0,20000,10000,18476,10000,16777216,read,1154
measured,probe-memory-buffer,run,1441,275265449,0,20000,10000,19167,10000,16777216,read,1197
measured,probe-memory-buffer,run,1442,275517249,0,20000,10000,20000,10000,16777216,bound_hit,1250
measured,probe-memory-buffer,run,1443,275751949,0,20000,10000,20000,10000,16777216,bound_hit,1250
measured,probe-memory-buffer,run,1444,275927549,0,20000,10000,20000,10000,16777216,bound_hit,1250
measured,probe-memory-buffer,run,1445,276097649,0,20000,10000,20000,10000,16777216,bound_hit,1250
measured,probe-memory-buffer,run,1446,276264049,0,20000,10000,20000,10000,16777216,bound_hit,1250
measured,probe-memory-buffer,run,1447,276431649,0,20000,10000,20000,10000,16777216,bound_hit,1250
measured,probe-memory-buffer,run,1448,276614249,0,20000,10000,20000,10000,16777216,bound_hit,1250
measured,probe-memory-buffer,run,1449,276744349,0,20000,10000,20000,10000,16777216,bound_hit,1250
measured,probe-memory-buffer,run,1450,276907949,0,20000,10000,20000,10000,16777216,bound_hit,1250
measured,probe-memory-buffer,run,1451,277075549,0,20000,10000,20000,10000,16777216,bound_hit,1250
measured,probe-memory-buffer,run,1452,277242949,0,20000,10000,20000,10000,16777216,bound_hit,1250
measured,probe-memory-buffer,run,1453,277419949,0,20000,10000,20000,10000,16777216,bound_hit,1250
measured,probe-memory-buffer,run,1454,277543749,0,20000,10000,20000,10000,16777216,bound_hit,1250
measured,probe-memory-buffer,run,1455,277667549,0,20000,10000,20000,10000,16777216,bound_hit,1250
measured,probe-memory-buffer,run,1456,277796149,0,20000,10000,20000,10000,16777216,bound_hit,1250
measured,probe-memory-buffer,run,1457,277921849,0,20000,10000,20000,10000,16777216,bound_hit,1250
measured,probe-memory-buffer,run,1458,278105249,0,20000,10000,20000,10000,16777216,bound_hit,1250
measured,probe-memory-buffer,run,1459,278246949,0,20000,10000,20000,10000,16777216,bound_hit,1250
measured,probe-memory-buffer,run,1460,278437349,0,20000,10000,20000,10000,16777216,bound_hit,1250
measured,probe-memory-buffer,run,1461,278573449,0,20000,10000,20000,10000,16777216,bound_hit,1250
measured,probe-memory-buffer,run,1462,278719649,0,20000,10000,20000,10000,16777216,bound_hit,1250
measured,probe-memory-buffer,run,1463,278884949,0,20000,10000,20000,10000,16777216,bound_hit,1250
measured,probe-memory-buffer,run,1464,279080049,0,20000,10000,20000,10000,16777216,bound_hit,1250
measured,probe-memory-buffer,run,1465,279206749,0,20000,10000,20000,10000,16777216,bound_hit,1250
measured,probe-memory-buffer,run,1466,279330149,0,20000,10000,20000,10000,16777216,bound_hit,1250
measured,probe-memory-buffer,run,1467,279453149,0,20000,10000,20000,10000,16777216,bound_hit,1250
measured,probe-memory-buffer,run,1468,279575649,0,20000,10000,20000,10000,16777216,bound_hit,1250
measured,probe-memory-buffer,run,1469,279698749,0,20000,10000,20000,10000,16777216,bound_hit,1250
measured,probe-memory-buffer,run,1470,279821449,0,20000,10000,20000,10000,16777216,bound_hit,1250
measured,probe-memory-buffer,run,1471,279944249,0,20000,10000,20000,10000,16777216,bound_hit,1250
measured,probe-memory-buffer,run,1472,280067449,0,20000,10000,20000,10000,16777216,bound_hit,1250
measured,probe-memory-buffer,run,1473,280190549,0,20000,10000,20000,10000,16777216,bound_hit,1250
measured,probe-memory-buffer,run,1474,280313548,0,20000,10000,20000,10000,16777216,bound_hit,1250
measured,probe-memory-buffer,run,1475,280436448,0,20000,10000,20000,10000,16777216,bound_hit,1250
measured,probe-memory-buffer,run,1476,280559148,0,20000,10000,20000,10000,16777216,bound_hit,1250
measured,probe-memory-buffer,run,1477,280677648,0,20000,10000,20000,10000,16777216,bound_hit,1250
measured,probe-memory-buffer,run,1478,280800048,0,20000,10000,20000,10000,16777216,bound_hit,1250
measured,probe-memory-buffer,run,1479,280922748,0,20000,10000,20000,10000,16777216,bound_hit,1250
measured,probe-memory-buffer,run,1480,281045648,0,20000,10000,20000,10000,16777216,bound_hit,1250
measured,probe-memory-buffer,run,1481,281168448,0,20000,10000,20000,10000,16777216,bound_hit,1250
measured,probe-memory-buffer,run,1482,281291148,0,20000,10000,20000,10000,16777216,bound_hit,1250
measured,probe-memory-buffer,run,1483,281413248,0,20000,10000,20000,10000,16777216,bound_hit,1250
measured,probe-memory-buffer,run,1484,281532948,0,20000,10000,20000,10000,16777216,bound_hit,1250
measured,probe-memory-buffer,run,1485,281651648,0,20000,10000,20000,10000,16777216,bound_hit,1250
measured,probe-memory-buffer,run,1486,281770148,0,20000,10000,20000,10000,16777216,bound_hit,1250
measured,probe-memory-buffer,run,1487,281888548,0,20000,10000,20000,10000,16777216,bound_hit,1250
measured,probe-memory-buffer,run,1488,282006948,0,20000,10000,20000,10000,16777216,bound_hit,1250
measured,probe-memory-buffer,run,1489,282125348,0,20000,10000,20000,10000,16777216,bound_hit,1250
measured,probe-memory-buffer,run,1490,282243748,0,20000,10000,20000,10000,16777216,bound_hit,1250
measured,probe-memory-buffer,run,1491,282362148,0,20000,10000,20000,10000,16777216,bound_hit,1250
measured,probe-memory-buffer,run,1492,282480448,0,20000,10000,20000,10000,16777216,bound_hit,1250
measured,probe-memory-buffer,run,1493,282598948,0,20000,10000,20000,10000,16777216,bound_hit,1250
measured,probe-memory-buffer,run,1494,282717448,0,20000,10000,20000,10000,16777216,bound_hit,1250
measured,probe-memory-buffer,run,1495,282835748,0,20000,10000,20000,10000,16777216,bound_hit,1250
measured,probe-memory-buffer,run,1496,282954248,0,20000,10000,20000,10000,16777216,bound_hit,1250
measured,probe-memory-buffer,run,1497,283072648,0,20000,10000,20000,10000,16777216,bound_hit,1250
measured,probe-memory-buffer,run,1498,283191048,0,20000,10000,20000,10000,16777216,bound_hit,1250
measured,probe-memory-buffer,run,1499,283309648,0,20000,10000,20000,10000,16777216,bound_hit,1250
measured,probe-memory-buffer,run,1500,283428248,0,20000,10000,20000,10000,16777216,bound_hit,1250
measured,probe-memory-buffer,run,1501,283546848,0,20000,10000,20000,10000,16777216,bound_hit,1250
measured,probe-memory-buffer,run,1502,283665448,0,20000,10000,20000,10000,16777216,bound_hit,1250
measured,probe-memory-buffer,run,1503,283784048,0,20000,10000,20000,10000,16777216,bound_hit,1250
measured,probe-memory-buffer,run,1504,283902548,0,20000,10000,20000,10000,16777216,bound_hit,1250
measured,probe-memory-buffer,run,1505,284028748,0,20000,10000,20000,10000,16777216,bound_hit,1250
measured,probe-memory-buffer,run,1506,284148148,0,20000,10000,20000,10000,16777216,bound_hit,1250
measured,probe-memory-buffer,run,1507,284266648,0,20000,10000,20000,10000,16777216,bound_hit,1250
measured,probe-memory-buffer,run,1508,284385248,0,20000,10000,20000,10000,16777216,bound_hit,1250
measured,probe-memory-buffer,run,1509,284503748,0,20000,10000,20000,10000,16777216,bound_hit,1250
measured,probe-memory-buffer,run,1510,284622148,0,20000,10000,20000,10000,16777216,bound_hit,1250
measured,probe-memory-buffer,run,1511,284779748,0,20000,10000,20000,10000,16777216,bound_hit,1250
measured,probe-memory-buffer,run,1512,284954648,0,20000,10000,20000,10000,16777216,bound_hit,1250
measured,probe-memory-buffer,run,1513,285185148,0,20000,10000,20000,10000,16777216,bound_hit,1250
measured,probe-memory-buffer,run,1514,285317348,0,20000,10000,20000,10000,16777216,bound_hit,1250
measured,probe-memory-buffer,run,1515,285440648,0,20000,10000,20000,10000,16777216,bound_hit,1250
measured,probe-memory-buffer,run,1516,285619948,0,20000,10000,20000,10000,16777216,bound_hit,1250
measured,probe-memory-buffer,run,1517,285741947,0,20000,10000,20000,10000,16777216,bound_hit,1250
measured,probe-memory-buffer,run,1518,285861947,0,20000,10000,20000,10000,16777216,bound_hit,1250
measured,probe-memory-buffer,run,1519,285980847,0,20000,10000,20000,10000,16777216,bound_hit,1250
measured,probe-memory-buffer,run,1520,286099747,0,20000,10000,20000,10000,16777216,bound_hit,1250
measured,probe-memory-buffer,run,1521,286218947,0,20000,10000,20000,10000,16777216,bound_hit,1250
measured,probe-memory-buffer,run,1522,286337647,0,20000,10000,20000,10000,16777216,bound_hit,1250
measured,probe-memory-buffer,run,1523,286456447,0,20000,10000,20000,10000,16777216,bound_hit,1250
measured,probe-memory-buffer,run,1524,286575247,0,20000,10000,20000,10000,16777216,bound_hit,1250
measured,probe-memory-buffer,run,1525,286694047,0,20000,10000,20000,10000,16777216,bound_hit,1250
measured,probe-memory-buffer,run,1526,286812847,0,20000,10000,20000,10000,16777216,bound_hit,1250
measured,probe-memory-buffer,run,1527,286931647,0,20000,10000,20000,10000,16777216,bound_hit,1250
measured,probe-memory-buffer,run,1528,287050547,0,20000,10000,20000,10000,16777216,bound_hit,1250
measured,probe-memory-buffer,run,1529,287169347,0,20000,10000,20000,10000,16777216,bound_hit,1250
measured,probe-memory-buffer,run,1530,287288147,0,20000,10000,20000,10000,16777216,bound_hit,1250
measured,probe-memory-buffer,run,1531,287406847,0,20000,10000,20000,10000,16777216,bound_hit,1250
measured,probe-memory-buffer,run,1532,287525447,0,20000,10000,20000,10000,16777216,bound_hit,1250
measured,probe-memory-buffer,run,1533,287644347,0,20000,10000,20000,10000,16777216,bound_hit,1250
measured,probe-memory-buffer,run,1534,287763047,0,20000,10000,20000,10000,16777216,bound_hit,1250
measured,probe-memory-buffer,run,1535,287881947,0,20000,10000,20000,10000,16777216,bound_hit,1250
measured,probe-memory-buffer,run,1536,288000647,0,20000,10000,20000,10000,16777216,bound_hit,1250
measured,probe-memory-buffer,run,1537,288119547,0,20000,10000,20000,10000,16777216,bound_hit,1250
measured,probe-memory-buffer,run,1538,288238247,0,20000,10000,20000,10000,16777216,bound_hit,1250
measured,probe-memory-buffer,run,1539,288356947,0,20000,10000,20000,10000,16777216,bound_hit,1250
measured,probe-memory-buffer,run,1540,288475647,0,20000,10000,20000,10000,16777216,bound_hit,1250
measured,probe-memory-buffer,run,1541,288594447,0,20000,10000,20000,10000,16777216,bound_hit,1250
measured,probe-memory-buffer,run,1542,288715247,0,20000,10000,20000,10000,16777216,bound_hit,1250
measured,probe-memory-buffer,run,1543,288834047,0,20000,10000,20000,10000,16777216,bound_hit,1250
measured,probe-memory-buffer,run,1544,288952747,0,20000,10000,20000,10000,16777216,bound_hit,1250
measured,probe-memory-buffer,run,1545,289071447,0,20000,10000,20000,10000,16777216,bound_hit,1250
measured,probe-memory-buffer,run,1546,289190047,0,20000,10000,20000,10000,16777216,bound_hit,1250
measured,probe-memory-buffer,run,1547,289308547,0,20000,10000,20000,10000,16777216,bound_hit,1250
measured,probe-memory-buffer,run,1548,289427047,0,20000,10000,20000,10000,16777216,bound_hit,1250
measured,probe-memory-buffer,run,1549,289545547,0,20000,10000,20000,10000,16777216,bound_hit,1250
measured,probe-memory-buffer,run,1550,289664047,0,20000,10000,20000,10000,16777216,bound_hit,1250
measured,probe-memory-buffer,run,1551,289782747,0,20000,10000,20000,10000,16777216,bound_hit,1250
measured,probe-memory-buffer,run,1552,289901347,0,20000,10000,20000,10000,16777216,bound_hit,1250
measured,probe-memory-buffer,run,1553,290019947,0,20000,10000,20000,10000,16777216,bound_hit,1250
measured,probe-memory-buffer,run,1554,290138447,0,20000,10000,20000,10000,16777216,bound_hit,1250
measured,probe-memory-buffer,run,1555,290257047,0,20000,10000,20000,10000,16777216,bound_hit,1250
measured,probe-memory-buffer,run,1556,290375547,0,20000,10000,20000,10000,16777216,bound_hit,1250
measured,probe-memory-buffer,run,1557,290494247,0,20000,10000,20000,10000,16777216,bound_hit,1250
measured,probe-memory-buffer,run,1558,290612847,0,20000,10000,20000,10000,16777216,bound_hit,1250
measured,probe-memory-buffer,run,1559,290731247,0,20000,10000,20000,10000,16777216,bound_hit,1250
measured,probe-memory-buffer,run,1560,290849847,0,20000,10000,20000,10000,16777216,bound_hit,1250
measured,probe-memory-buffer,run,1561,290968447,0,20000,10000,20000,10000,16777216,bound_hit,1250
measured,probe-memory-buffer,run,1562,291094146,0,20000,10000,20000,10000,16777216,bound_hit,1250
measured,probe-memory-buffer,run,1563,291212846,0,20000,10000,20000,10000,16777216,bound_hit,1250
measured,probe-memory-buffer,run,1564,291331546,0,20000,10000,20000,10000,16777216,bound_hit,1250
measured,probe-memory-buffer,run,1565,291450646,0,20000,10000,20000,10000,16777216,bound_hit,1250
measured,probe-memory-buffer,run,1566,291569246,0,20000,10000,20000,10000,16777216,bound_hit,1250
measured,probe-memory-buffer,run,1567,291734846,0,20000,10000,20000,10000,16777216,bound_hit,1250
measured,probe-memory-buffer,run,1568,291886946,0,20000,10000,20000,10000,16777216,bound_hit,1250
measured,probe-memory-buffer,run,1569,292019546,0,20000,10000,20000,10000,16777216,bound_hit,1250
measured,probe-memory-buffer,run,1570,292150746,0,20000,10000,20000,10000,16777216,bound_hit,1250
measured,probe-memory-buffer,run,1571,292281946,0,20000,10000,20000,10000,16777216,bound_hit,1250
measured,probe-memory-buffer,run,1572,292410446,0,20000,10000,20000,10000,16777216,bound_hit,1250
measured,probe-memory-buffer,run,1573,292539146,0,20000,10000,20000,10000,16777216,bound_hit,1250
measured,probe-memory-buffer,run,1574,292688746,0,20000,10000,20000,10000,16777216,bound_hit,1250
measured,probe-memory-buffer,run,1575,292814646,0,20000,10000,20000,10000,16777216,bound_hit,1250
measured,probe-memory-buffer,run,1576,292936946,0,20000,10000,20000,10000,16777216,bound_hit,1250
measured,probe-memory-buffer,run,1577,293058046,0,20000,10000,20000,10000,16777216,bound_hit,1250
measured,probe-memory-buffer,run,1578,293178146,0,20000,10000,20000,10000,16777216,bound_hit,1250
measured,probe-memory-buffer,run,1579,293298046,0,20000,10000,20000,10000,16777216,bound_hit,1250
measured,probe-memory-buffer,run,1580,293417846,0,20000,10000,20000,10000,16777216,bound_hit,1250
measured,probe-memory-buffer,run,1581,293537846,0,20000,10000,20000,10000,16777216,bound_hit,1250
measured,probe-memory-buffer,run,1582,293657646,0,20000,10000,20000,10000,16777216,bound_hit,1250
measured,probe-memory-buffer,run,1583,293777246,0,20000,10000,20000,10000,16777216,bound_hit,1250
measured,probe-memory-buffer,run,1584,293897046,0,20000,10000,20000,10000,16777216,bound_hit,1250
measured,probe-memory-buffer,run,1585,294016846,0,20000,10000,20000,10000,16777216,bound_hit,1250
measured,probe-memory-buffer,run,1586,294136646,0,20000,10000,20000,10000,16777216,bound_hit,1250
measured,probe-memory-buffer,run,1587,294256446,0,20000,10000,20000,10000,16777216,bound_hit,1250
measured,probe-memory-buffer,run,1588,294376346,0,20000,10000,20000,10000,16777216,bound_hit,1250
measured,probe-memory-buffer,run,1589,294496046,0,20000,10000,20000,10000,16777216,bound_hit,1250
measured,probe-memory-buffer,run,1590,294615746,0,20000,10000,20000,10000,16777216,bound_hit,1250
measured,probe-memory-buffer,run,1591,294735546,0,20000,10000,20000,10000,16777216,bound_hit,1250
measured,probe-memory-buffer,run,1592,294855046,0,20000,10000,20000,10000,16777216,bound_hit,1250
measured,probe-memory-buffer,run,1593,294974546,0,20000,10000,20000,10000,16777216,bound_hit,1250
measured,probe-memory-buffer,run,1594,295094246,0,20000,10000,20000,10000,16777216,bound_hit,1250
measured,probe-memory-buffer,run,1595,295214046,0,20000,10000,20000,10000,16777216,bound_hit,1250
measured,probe-memory-buffer,run,1596,295333846,0,20000,10000,20000,10000,16777216,bound_hit,1250
measured,probe-memory-buffer,run,1597,295453346,0,20000,10000,20000,10000,16777216,bound_hit,1250
measured,probe-memory-buffer,run,1598,295572846,0,20000,10000,20000,10000,16777216,bound_hit,1250
measured,probe-memory-buffer,run,1599,295692546,0,20000,10000,20000,10000,16777216,bound_hit,1250
measured,probe-memory-buffer,run,1600,295812646,0,20000,10000,20000,10000,16777216,bound_hit,1250
measured,probe-memory-buffer,run,1601,295932446,0,20000,10000,20000,10000,16777216,bound_hit,1250
measured,probe-memory-buffer,run,1602,296052146,0,20000,10000,20000,10000,16777216,bound_hit,1250
measured,probe-memory-buffer,run,1603,296171846,0,20000,10000,20000,10000,16777216,bound_hit,1250
measured,probe-memory-buffer,run,1604,296291746,0,20000,10000,20000,10000,16777216,bound_hit,1250
measured,probe-memory-buffer,run,1605,296412046,0,20000,10000,20000,10000,16777216,bound_hit,1250
measured,probe-memory-buffer,run,1606,296531745,0,20000,10000,20000,10000,16777216,bound_hit,1250
measured,probe-memory-buffer,run,1607,296651645,0,20000,10000,20000,10000,16777216,bound_hit,1250
measured,probe-memory-buffer,run,1608,296778745,0,20000,10000,20000,10000,16777216,bound_hit,1250
measured,probe-memory-buffer,run,1609,296898545,0,20000,10000,20000,10000,16777216,bound_hit,1250
measured,probe-memory-buffer,run,1610,297018145,0,20000,10000,20000,10000,16777216,bound_hit,1250
measured,probe-memory-buffer,run,1611,297137545,0,20000,10000,20000,10000,16777216,bound_hit,1250
measured,probe-memory-buffer,run,1612,297257445,0,20000,10000,20000,10000,16777216,bound_hit,1250
measured,probe-memory-buffer,run,1613,297376945,0,20000,10000,20000,10000,16777216,bound_hit,1250
measured,probe-memory-buffer,run,1614,297497245,0,20000,10000,20000,10000,16777216,bound_hit,1250
measured,probe-memory-buffer,run,1615,297616945,0,20000,10000,20000,10000,16777216,bound_hit,1250
measured,probe-memory-buffer,run,1616,297736545,0,20000,10000,20000,10000,16777216,bound_hit,1250
measured,probe-memory-buffer,run,1617,297856345,0,20000,10000,20000,10000,16777216,bound_hit,1250
measured,probe-memory-buffer,run,1618,297976045,0,20000,10000,20000,10000,16777216,bound_hit,1250
measured,probe-memory-buffer,run,1619,298103145,0,20000,10000,20000,10000,16777216,bound_hit,1250
measured,probe-memory-buffer,run,1620,298223545,0,20000,10000,20000,10000,16777216,bound_hit,1250
measured,probe-memory-buffer,run,1621,298343345,0,20000,10000,20000,10000,16777216,bound_hit,1250
measured,probe-memory-buffer,run,1622,298462845,0,20000,10000,20000,10000,16777216,bound_hit,1250
measured,probe-memory-buffer,run,1623,298583745,0,20000,10000,20000,10000,16777216,bound_hit,1250
measured,probe-memory-buffer,run,1624,298709845,0,20000,10000,20000,10000,16777216,bound_hit,1250
measured,probe-memory-buffer,run,1625,298837145,0,20000,10000,20000,10000,16777216,bound_hit,1250
measured,probe-memory-buffer,run,1626,298959145,0,20000,10000,20000,10000,16777216,bound_hit,1250
measured,probe-memory-buffer,run,1627,299079845,0,20000,10000,20000,10000,16777216,bound_hit,1250
measured,probe-memory-buffer,run,1628,299200345,0,20000,10000,20000,10000,16777216,bound_hit,1250
measured,probe-memory-buffer,run,1629,299319845,0,20000,10000,20000,10000,16777216,bound_hit,1250
measured,probe-memory-buffer,run,1630,299439245,0,20000,10000,20000,10000,16777216,bound_hit,1250
measured,probe-memory-buffer,run,1631,299561145,0,20000,10000,20000,10000,16777216,bound_hit,1250
measured,probe-memory-buffer,run,1632,299682345,0,20000,10000,20000,10000,16777216,bound_hit,1250
measured,probe-memory-buffer,run,1633,299803545,0,20000,10000,20000,10000,16777216,bound_hit,1250
measured,probe-memory-buffer,run,1634,299931445,0,20000,10000,20000,10000,16777216,bound_hit,1250
measured,probe-memory-buffer,run,1635,300058845,0,20000,10000,20000,10000,16777216,bound_hit,1250
measured,probe-memory-buffer,run,1636,300181645,0,20000,10000,20000,10000,16777216,bound_hit,1250
measured,probe-memory-buffer,run,1637,300302245,0,20000,10000,20000,10000,16777216,bound_hit,1250
measured,probe-memory-buffer,run,1638,300421645,0,20000,10000,20000,10000,16777216,bound_hit,1250
measured,probe-memory-buffer,run,1639,300546245,0,20000,10000,20000,10000,16777216,bound_hit,1250
measured,probe-memory-buffer,run,1640,300676545,0,20000,10000,20000,10000,16777216,bound_hit,1250
measured,probe-memory-buffer,run,1641,300800945,0,20000,10000,20000,10000,16777216,bound_hit,1250
measured,probe-memory-buffer,run,1642,300921645,0,20000,10000,20000,10000,16777216,bound_hit,1250
measured,probe-memory-buffer,run,1643,301040545,0,20000,10000,20000,10000,16777216,bound_hit,1250
measured,probe-memory-buffer,run,1644,301159345,0,20000,10000,20000,10000,16777216,bound_hit,1250
measured,probe-memory-buffer,run,1645,301278145,0,20000,10000,20000,10000,16777216,bound_hit,1250
measured,probe-memory-buffer,run,1646,301398445,0,20000,10000,20000,10000,16777216,bound_hit,1250
measured,probe-memory-buffer,run,1647,301517945,0,20000,10000,20000,10000,16777216,bound_hit,1250
measured,probe-memory-buffer,run,1648,301636745,0,20000,10000,20000,10000,16777216,bound_hit,1250
measured,probe-memory-buffer,run,1649,301755445,0,20000,10000,20000,10000,16777216,bound_hit,1250
measured,probe-memory-buffer,run,1650,301874244,0,20000,10000,20000,10000,16777216,bound_hit,1250
measured,probe-memory-buffer,run,1651,301994444,0,20000,10000,20000,10000,16777216,bound_hit,1250
measured,probe-memory-buffer,run,1652,302113744,0,20000,10000,20000,10000,16777216,bound_hit,1250
measured,probe-memory-buffer,run,1653,302232844,0,20000,10000,20000,10000,16777216,bound_hit,1250
measured,probe-memory-buffer,run,1654,302351744,0,20000,10000,20000,10000,16777216,bound_hit,1250
measured,probe-memory-buffer,run,1655,302470344,0,20000,10000,20000,10000,16777216,bound_hit,1250
measured,probe-memory-buffer,run,1656,302589344,0,20000,10000,20000,10000,16777216,bound_hit,1250
measured,probe-memory-buffer,run,1657,302708244,0,20000,10000,20000,10000,16777216,bound_hit,1250
measured,probe-memory-buffer,run,1658,302826944,0,20000,10000,20000,10000,16777216,bound_hit,1250
measured,probe-memory-buffer,run,1659,302945744,0,20000,10000,20000,10000,16777216,bound_hit,1250
measured,probe-memory-buffer,run,1660,303064744,0,20000,10000,20000,10000,16777216,bound_hit,1250
measured,probe-memory-buffer,run,1661,303183544,0,20000,10000,20000,10000,16777216,bound_hit,1250
measured,probe-memory-buffer,run,1662,303302544,0,20000,10000,20000,10000,16777216,bound_hit,1250
measured,probe-memory-buffer,run,1663,303421444,0,20000,10000,20000,10000,16777216,bound_hit,1250
measured,probe-memory-buffer,run,1664,303540144,0,20000,10000,20000,10000,16777216,bound_hit,1250
measured,probe-memory-buffer,run,1665,303659044,0,20000,10000,20000,10000,16777216,bound_hit,1250
measured,probe-memory-buffer,run,1666,303777944,0,20000,10000,20000,10000,16777216,bound_hit,1250
measured,probe-memory-buffer,run,1667,303896744,0,20000,10000,20000,10000,16777216,bound_hit,1250
measured,probe-memory-buffer,run,1668,304015844,0,20000,10000,20000,10000,16777216,bound_hit,1250
measured,probe-memory-buffer,run,1669,304134644,0,20000,10000,20000,10000,16777216,bound_hit,1250
measured,probe-memory-buffer,run,1670,304253944,0,20000,10000,20000,10000,16777216,bound_hit,1250
measured,probe-memory-buffer,run,1671,304372944,0,20000,10000,20000,10000,16777216,bound_hit,1250
measured,probe-memory-buffer,run,1672,304491544,0,20000,10000,20000,10000,16777216,bound_hit,1250
measured,probe-memory-buffer,run,1673,304610344,0,20000,10000,20000,10000,16777216,bound_hit,1250
measured,probe-memory-buffer,run,1674,304731844,0,20000,10000,20000,10000,16777216,bound_hit,1250
measured,probe-memory-buffer,run,1675,304851144,0,20000,10000,20000,10000,16777216,bound_hit,1250
measured,probe-memory-buffer,run,1676,304978044,0,20000,10000,20000,10000,16777216,bound_hit,1250
measured,probe-memory-buffer,run,1677,305096844,0,20000,10000,20000,10000,16777216,bound_hit,1250
measured,probe-memory-buffer,run,1678,305215644,0,20000,10000,20000,10000,16777216,bound_hit,1250
measured,probe-memory-buffer,run,1679,305334444,0,20000,10000,20000,10000,16777216,bound_hit,1250
measured,probe-memory-buffer,run,1680,305453144,0,20000,10000,20000,10000,16777216,bound_hit,1250
measured,probe-memory-buffer,run,1681,305576244,0,20000,10000,20000,10000,16777216,bound_hit,1250
measured,probe-memory-buffer,run,1682,305698444,0,20000,10000,20000,10000,16777216,bound_hit,1250
measured,probe-memory-buffer,run,1683,305818744,0,20000,10000,20000,10000,16777216,bound_hit,1250
measured,probe-memory-buffer,run,1684,305941844,0,20000,10000,20000,10000,16777216,bound_hit,1250
measured,probe-memory-buffer,run,1685,306063944,0,20000,10000,20000,10000,16777216,bound_hit,1250
measured,probe-memory-buffer,run,1686,306200744,0,20000,10000,20000,10000,16777216,bound_hit,1250
measured,probe-memory-buffer,run,1687,306334644,0,20000,10000,20000,10000,16777216,bound_hit,1250
measured,probe-memory-buffer,run,1688,306461144,0,20000,10000,20000,10000,16777216,bound_hit,1250
measured,probe-memory-buffer,run,1689,306586544,0,20000,10000,20000,10000,16777216,bound_hit,1250
measured,probe-memory-buffer,run,1690,306710744,0,20000,10000,20000,10000,16777216,bound_hit,1250
measured,probe-memory-buffer,run,1691,306834844,0,20000,10000,20000,10000,16777216,bound_hit,1250
measured,probe-memory-buffer,run,1692,307012444,0,20000,10000,20000,10000,16777216,bound_hit,1250
measured,probe-memory-buffer,run,1693,307139744,0,20000,10000,20000,10000,16777216,bound_hit,1250
measured,probe-memory-buffer,run,1694,307282343,0,20000,10000,20000,10000,16777216,bound_hit,1250
measured,probe-memory-buffer,run,1695,307405343,0,20000,10000,20000,10000,16777216,bound_hit,1250
measured,probe-memory-buffer,run,1696,307528343,0,20000,10000,20000,10000,16777216,bound_hit,1250
measured,probe-memory-buffer,run,1697,307651143,0,20000,10000,20000,10000,16777216,bound_hit,1250
measured,probe-memory-buffer,run,1698,307774543,0,20000,10000,20000,10000,16777216,bound_hit,1250
measured,probe-memory-buffer,run,1699,307897843,0,20000,10000,20000,10000,16777216,bound_hit,1250
measured,probe-memory-buffer,run,1700,308020943,0,20000,10000,20000,10000,16777216,bound_hit,1250
measured,probe-memory-buffer,run,1701,308144243,0,20000,10000,20000,10000,16777216,bound_hit,1250
measured,probe-memory-buffer,run,1702,308267043,0,20000,10000,20000,10000,16777216,bound_hit,1250
measured,probe-memory-buffer,run,1703,308390143,0,20000,10000,20000,10000,16777216,bound_hit,1250
measured,probe-memory-buffer,run,1704,308510043,0,20000,10000,20000,10000,16777216,bound_hit,1250
measured,probe-memory-buffer,run,1705,308628943,0,20000,10000,20000,10000,16777216,bound_hit,1250
measured,probe-memory-buffer,run,1706,308749843,0,20000,10000,20000,10000,16777216,bound_hit,1250
measured,probe-memory-buffer,run,1707,308868743,0,20000,10000,20000,10000,16777216,bound_hit,1250
measured,probe-memory-buffer,run,1708,308987443,0,20000,10000,20000,10000,16777216,bound_hit,1250
measured,probe-memory-buffer,run,1709,309106243,0,20000,10000,20000,10000,16777216,bound_hit,1250
measured,probe-memory-buffer,run,1710,309224743,0,20000,10000,20000,10000,16777216,bound_hit,1250
measured,probe-memory-buffer,run,1711,309343243,0,20000,10000,20000,10000,16777216,bound_hit,1250
measured,probe-memory-buffer,run,1712,309461843,0,20000,10000,20000,10000,16777216,bound_hit,1250
measured,probe-memory-buffer,run,1713,309580243,0,20000,10000,20000,10000,16777216,bound_hit,1250
measured,probe-memory-buffer,run,1714,309698843,0,20000,10000,20000,10000,16777216,bound_hit,1250
measured,probe-memory-buffer,run,1715,309817143,0,20000,10000,20000,10000,16777216,bound_hit,1250
measured,probe-memory-buffer,run,1716,309935443,0,20000,10000,20000,10000,16777216,bound_hit,1250
measured,probe-memory-buffer,run,1717,310053843,0,20000,10000,20000,10000,16777216,bound_hit,1250
measured,probe-memory-buffer,run,1718,310172243,0,20000,10000,20000,10000,16777216,bound_hit,1250
measured,probe-memory-buffer,run,1719,310290743,0,20000,10000,20000,10000,16777216,bound_hit,1250
measured,probe-memory-buffer,run,1720,310409443,0,20000,10000,20000,10000,16777216,bound_hit,1250
measured,probe-memory-buffer,run,1721,310528143,0,20000,10000,20000,10000,16777216,bound_hit,1250
measured,probe-memory-buffer,run,1722,310646643,0,20000,10000,20000,10000,16777216,bound_hit,1250
measured,probe-memory-buffer,run,1723,310765143,0,20000,10000,20000,10000,16777216,bound_hit,1250
measured,probe-memory-buffer,run,1724,310883643,0,20000,10000,20000,10000,16777216,bound_hit,1250
measured,probe-memory-buffer,run,1725,311002143,0,20000,10000,20000,10000,16777216,bound_hit,1250
measured,probe-memory-buffer,run,1726,311120443,0,20000,10000,20000,10000,16777216,bound_hit,1250
measured,probe-memory-buffer,run,1727,311238943,0,20000,10000,20000,10000,16777216,bound_hit,1250
measured,probe-memory-buffer,run,1728,311357443,0,20000,10000,20000,10000,16777216,bound_hit,1250
measured,probe-memory-buffer,run,1729,311476043,0,20000,10000,20000,10000,16777216,bound_hit,1250
measured,probe-memory-buffer,run,1730,311594543,0,20000,10000,20000,10000,16777216,bound_hit,1250
measured,probe-memory-buffer,run,1731,311712843,0,20000,10000,20000,10000,16777216,bound_hit,1250
measured,probe-memory-buffer,run,1732,311831343,0,20000,10000,20000,10000,16777216,bound_hit,1250
measured,probe-memory-buffer,run,1733,311958443,0,20000,10000,20000,10000,16777216,bound_hit,1250
measured,probe-memory-buffer,run,1734,312077043,0,20000,10000,20000,10000,16777216,bound_hit,1250
measured,probe-memory-buffer,run,1735,312195643,0,20000,10000,20000,10000,16777216,bound_hit,1250
measured,probe-memory-buffer,run,1736,312314043,0,20000,10000,20000,10000,16777216,bound_hit,1250
measured,probe-memory-buffer,run,1737,312432543,0,20000,10000,20000,10000,16777216,bound_hit,1250
measured,probe-memory-buffer,run,1738,312551743,0,20000,10000,20000,10000,16777216,bound_hit,1250
measured,probe-memory-buffer,run,1739,312672042,0,20000,10000,20000,10000,16777216,bound_hit,1250
measured,probe-memory-buffer,run,1740,312791142,0,20000,10000,20000,10000,16777216,bound_hit,1250
measured,probe-memory-buffer,run,1741,312909742,0,20000,10000,20000,10000,16777216,bound_hit,1250
measured,probe-memory-buffer,run,1742,313031142,0,20000,10000,20000,10000,16777216,bound_hit,1250
measured,probe-memory-buffer,run,1743,313168542,0,20000,10000,20000,10000,16777216,bound_hit,1250
measured,probe-memory-buffer,run,1744,313315242,0,20000,10000,20000,10000,16777216,bound_hit,1250
measured,probe-memory-buffer,run,1745,313458842,0,20000,10000,20000,10000,16777216,bound_hit,1250
measured,probe-memory-buffer,run,1746,313598242,0,20000,10000,20000,10000,16777216,bound_hit,1250
measured,probe-memory-buffer,run,1747,313776242,0,20000,10000,20000,10000,16777216,bound_hit,1250
measured,probe-memory-buffer,run,1748,313985942,0,20000,10000,20000,10000,16777216,bound_hit,1250
measured,probe-memory-buffer,run,1749,314130342,0,20000,10000,20000,10000,16777216,bound_hit,1250
measured,probe-memory-buffer,run,1750,314264242,0,20000,10000,20000,10000,16777216,bound_hit,1250
measured,probe-memory-buffer,run,1751,314393642,0,20000,10000,20000,10000,16777216,bound_hit,1250
measured,probe-memory-buffer,run,1752,314533042,0,20000,10000,20000,10000,16777216,bound_hit,1250
measured,probe-memory-buffer,run,1753,314704742,0,20000,10000,20000,10000,16777216,bound_hit,1250
measured,probe-memory-buffer,run,1754,314831942,0,20000,10000,20000,10000,16777216,bound_hit,1250
measured,probe-memory-buffer,run,1755,314956342,0,20000,10000,20000,10000,16777216,bound_hit,1250
measured,probe-memory-buffer,run,1756,315108642,0,20000,10000,20000,10000,16777216,bound_hit,1250
measured,probe-memory-buffer,run,1757,315238742,0,20000,10000,20000,10000,16777216,bound_hit,1250
measured,probe-memory-buffer,run,1758,315385742,0,20000,10000,20000,10000,16777216,bound_hit,1250
measured,probe-memory-buffer,run,1759,315521942,0,20000,10000,20000,10000,16777216,bound_hit,1250
measured,probe-memory-buffer,run,1760,315678442,0,20000,10000,20000,10000,16777216,bound_hit,1250
measured,probe-memory-buffer,run,1761,315813842,0,20000,10000,20000,10000,16777216,bound_hit,1250
measured,probe-memory-buffer,run,1762,315944242,0,20000,10000,20000,10000,16777216,bound_hit,1250
measured,probe-memory-buffer,run,1763,316067942,0,20000,10000,20000,10000,16777216,bound_hit,1250
measured,probe-memory-buffer,run,1764,316202642,0,20000,10000,20000,10000,16777216,bound_hit,1250
measured,probe-memory-buffer,run,1765,316344142,0,20000,10000,20000,10000,16777216,bound_hit,1250
measured,probe-memory-buffer,run,1766,316464242,0,20000,10000,20000,10000,16777216,bound_hit,1250
measured,probe-memory-buffer,run,1767,316586042,0,20000,10000,20000,10000,16777216,bound_hit,1250
measured,probe-memory-buffer,run,1768,316708142,0,20000,10000,20000,10000,16777216,bound_hit,1250
measured,probe-memory-buffer,run,1769,316832542,0,20000,10000,20000,10000,16777216,bound_hit,1250
measured,probe-memory-buffer,run,1770,316953242,0,20000,10000,20000,10000,16777216,bound_hit,1250
measured,probe-memory-buffer,run,1771,317075742,0,20000,10000,20000,10000,16777216,bound_hit,1250
measured,probe-memory-buffer,run,1772,317196942,0,20000,10000,20000,10000,16777216,bound_hit,1250
measured,probe-memory-buffer,run,1773,317363242,0,20000,10000,20000,10000,16777216,bound_hit,1250
measured,probe-memory-buffer,run,1774,317492442,0,20000,10000,20000,10000,16777216,bound_hit,1250
measured,probe-memory-buffer,run,1775,317619242,0,20000,10000,20000,10000,16777216,bound_hit,1250
measured,probe-memory-buffer,run,1776,317747442,0,20000,10000,20000,10000,16777216,bound_hit,1250
measured,probe-memory-buffer,run,1777,317878242,0,20000,10000,20000,10000,16777216,bound_hit,1250
measured,probe-memory-buffer,run,1778,318005042,0,20000,10000,20000,10000,16777216,bound_hit,1250
measured,probe-memory-buffer,run,1779,318132641,0,20000,10000,20000,10000,16777216,bound_hit,1250
measured,probe-memory-buffer,run,1780,318271241,0,20000,10000,20000,10000,16777216,bound_hit,1250
measured,probe-memory-buffer,run,1781,318409641,0,20000,10000,20000,10000,16777216,bound_hit,1250
measured,probe-memory-buffer,run,1782,318546541,0,20000,10000,20000,10000,16777216,bound_hit,1250
measured,probe-memory-buffer,run,1783,318680641,0,20000,10000,20000,10000,16777216,bound_hit,1250
measured,probe-memory-buffer,run,1784,318884841,0,20000,10000,20000,10000,16777216,bound_hit,1250
measured,probe-memory-buffer,run,1785,319013941,0,20000,10000,20000,10000,16777216,bound_hit,1250
measured,probe-memory-buffer,run,1786,319142141,0,20000,10000,20000,10000,16777216,bound_hit,1250
measured,probe-memory-buffer,run,1787,319266641,0,20000,10000,20000,10000,16777216,bound_hit,1250
measured,probe-memory-buffer,run,1788,319395441,0,20000,10000,20000,10000,16777216,bound_hit,1250
measured,probe-memory-buffer,run,1789,319549941,0,20000,10000,20000,10000,16777216,bound_hit,1250
measured,probe-memory-buffer,run,1790,319698041,0,20000,10000,20000,10000,16777216,bound_hit,1250
measured,probe-memory-buffer,run,1791,319850341,0,20000,10000,20000,10000,16777216,bound_hit,1250
measured,probe-memory-buffer,run,1792,320029041,0,20000,10000,20000,10000,16777216,bound_hit,1250
measured,probe-memory-buffer,run,1793,320225241,0,20000,10000,20000,10000,16777216,bound_hit,1250
measured,probe-memory-buffer,run,1794,320400941,0,20000,10000,20000,10000,16777216,bound_hit,1250
measured,probe-memory-buffer,run,1795,320589541,0,20000,10000,20000,10000,16777216,bound_hit,1250
measured,probe-memory-buffer,run,1796,320798441,0,20000,10000,20000,10000,16777216,bound_hit,1250
measured,probe-memory-buffer,run,1797,321008641,0,20000,10000,20000,10000,16777216,bound_hit,1250
measured,probe-memory-buffer,run,1798,321192641,0,20000,10000,20000,10000,16777216,bound_hit,1250
measured,probe-memory-buffer,run,1799,321351841,0,20000,10000,20000,10000,16777216,bound_hit,1250
measured,probe-memory-buffer,run,1800,321485841,0,20000,10000,20000,10000,16777216,bound_hit,1250
measured,probe-memory-buffer,run,1801,321616841,0,20000,10000,20000,10000,16777216,bound_hit,1250
measured,probe-memory-buffer,run,1802,321764141,0,20000,10000,20000,10000,16777216,bound_hit,1250
measured,probe-memory-buffer,run,1803,321896741,0,20000,10000,20000,10000,16777216,bound_hit,1250
measured,probe-memory-buffer,run,1804,322027141,0,20000,10000,20000,10000,16777216,bound_hit,1250
measured,probe-memory-buffer,run,1805,322191941,0,20000,10000,20000,10000,16777216,bound_hit,1250
measured,probe-memory-buffer,run,1806,322356241,0,20000,10000,20000,10000,16777216,bound_hit,1250
measured,probe-memory-buffer,run,1807,322519141,0,20000,10000,20000,10000,16777216,bound_hit,1250
measured,probe-memory-buffer,run,1808,322661341,0,20000,10000,20000,10000,16777216,bound_hit,1250
measured,probe-memory-buffer,run,1809,322785441,0,20000,10000,20000,10000,16777216,bound_hit,1250
measured,probe-memory-buffer,run,1810,322909041,0,20000,10000,20000,10000,16777216,bound_hit,1250
measured,probe-memory-buffer,run,1811,323032641,0,20000,10000,20000,10000,16777216,bound_hit,1250
measured,probe-memory-buffer,run,1812,323156241,0,20000,10000,20000,10000,16777216,bound_hit,1250
measured,probe-memory-buffer,run,1813,323279941,0,20000,10000,20000,10000,16777216,bound_hit,1250
measured,probe-memory-buffer,run,1814,323400241,0,20000,10000,20000,10000,16777216,bound_hit,1250
measured,probe-memory-buffer,run,1815,323519340,0,20000,10000,20000,10000,16777216,bound_hit,1250
measured,probe-memory-buffer,run,1816,323638340,0,20000,10000,20000,10000,16777216,bound_hit,1250
measured,probe-memory-buffer,run,1817,323757340,0,20000,10000,20000,10000,16777216,bound_hit,1250
measured,probe-memory-buffer,run,1818,323876140,0,20000,10000,20000,10000,16777216,bound_hit,1250
measured,probe-memory-buffer,run,1819,323994840,0,20000,10000,20000,10000,16777216,bound_hit,1250
measured,probe-memory-buffer,run,1820,324113740,0,20000,10000,20000,10000,16777216,bound_hit,1250
measured,probe-memory-buffer,run,1821,324232440,0,20000,10000,20000,10000,16777216,bound_hit,1250
measured,probe-memory-buffer,run,1822,324350840,0,20000,10000,20000,10000,16777216,bound_hit,1250
measured,probe-memory-buffer,run,1823,324469540,0,20000,10000,20000,10000,16777216,bound_hit,1250
measured,probe-memory-buffer,run,1824,324588240,0,20000,10000,20000,10000,16777216,bound_hit,1250
measured,probe-memory-buffer,run,1825,324709040,0,20000,10000,20000,10000,16777216,bound_hit,1250
measured,probe-memory-buffer,run,1826,324827640,0,20000,10000,20000,10000,16777216,bound_hit,1250
measured,probe-memory-buffer,run,1827,324946740,0,20000,10000,20000,10000,16777216,bound_hit,1250
measured,probe-memory-buffer,run,1828,325065540,0,20000,10000,20000,10000,16777216,bound_hit,1250
measured,probe-memory-buffer,run,1829,325184040,0,20000,10000,20000,10000,16777216,bound_hit,1250
measured,probe-memory-buffer,run,1830,325302540,0,20000,10000,20000,10000,16777216,bound_hit,1250
measured,probe-memory-buffer,run,1831,325421240,0,20000,10000,20000,10000,16777216,bound_hit,1250
measured,probe-memory-buffer,run,1832,325539840,0,20000,10000,20000,10000,16777216,bound_hit,1250
measured,probe-memory-buffer,run,1833,325658340,0,20000,10000,20000,10000,16777216,bound_hit,1250
measured,probe-memory-buffer,run,1834,325776940,0,20000,10000,20000,10000,16777216,bound_hit,1250
measured,probe-memory-buffer,run,1835,325895440,0,20000,10000,20000,10000,16777216,bound_hit,1250
measured,probe-memory-buffer,run,1836,326014040,0,20000,10000,20000,10000,16777216,bound_hit,1250
measured,probe-memory-buffer,run,1837,326132640,0,20000,10000,20000,10000,16777216,bound_hit,1250
measured,probe-memory-buffer,run,1838,326251140,0,20000,10000,20000,10000,16777216,bound_hit,1250
measured,probe-memory-buffer,run,1839,326370340,0,20000,10000,20000,10000,16777216,bound_hit,1250
measured,probe-memory-buffer,run,1840,326489340,0,20000,10000,20000,10000,16777216,bound_hit,1250
measured,probe-memory-buffer,run,1841,326608440,0,20000,10000,20000,10000,16777216,bound_hit,1250
measured,probe-memory-buffer,run,1842,326727240,0,20000,10000,20000,10000,16777216,bound_hit,1250
measured,probe-memory-buffer,run,1843,326846540,0,20000,10000,20000,10000,16777216,bound_hit,1250
measured,probe-memory-buffer,run,1844,327070040,0,20000,10000,20000,10000,16777216,bound_hit,1250
measured,probe-memory-buffer,run,1845,327196540,0,20000,10000,20000,10000,16777216,bound_hit,1250
measured,probe-memory-buffer,run,1846,327328540,0,20000,10000,20000,10000,16777216,bound_hit,1250
measured,probe-memory-buffer,run,1847,327462240,0,20000,10000,20000,10000,16777216,bound_hit,1250
measured,probe-memory-buffer,run,1848,327591840,0,20000,10000,20000,10000,16777216,bound_hit,1250
measured,probe-memory-buffer,run,1849,327743540,0,20000,10000,20000,10000,16777216,bound_hit,1250
measured,probe-memory-buffer,run,1850,327939840,0,20000,10000,20000,10000,16777216,bound_hit,1250
measured,probe-memory-buffer,run,1851,328066440,0,20000,10000,20000,10000,16777216,bound_hit,1250
measured,probe-memory-buffer,run,1852,328186640,0,20000,10000,20000,10000,16777216,bound_hit,1250
measured,probe-memory-buffer,run,1853,328305640,0,20000,10000,20000,10000,16777216,bound_hit,1250
measured,probe-memory-buffer,run,1854,328424240,0,20000,10000,20000,10000,16777216,bound_hit,1250
measured,probe-memory-buffer,run,1855,328542440,0,20000,10000,20000,10000,16777216,bound_hit,1250
measured,probe-memory-buffer,run,1856,328704340,0,20000,10000,20000,10000,16777216,bound_hit,1250
measured,probe-memory-buffer,run,1857,328825640,0,20000,10000,20000,10000,16777216,bound_hit,1250
measured,probe-memory-buffer,run,1858,328945439,0,20000,10000,20000,10000,16777216,bound_hit,1250
measured,probe-memory-buffer,run,1859,329065039,0,20000,10000,20000,10000,16777216,bound_hit,1250
measured,probe-memory-buffer,run,1860,329184139,0,20000,10000,20000,10000,16777216,bound_hit,1250
measured,probe-memory-buffer,run,1861,329304039,0,20000,10000,20000,10000,16777216,bound_hit,1250
measured,probe-memory-buffer,run,1862,329423539,0,20000,10000,20000,10000,16777216,bound_hit,1250
measured,probe-memory-buffer,run,1863,329542639,0,20000,10000,20000,10000,16777216,bound_hit,1250
measured,probe-memory-buffer,run,1864,329661739,0,20000,10000,20000,10000,16777216,bound_hit,1250
measured,probe-memory-buffer,run,1865,329780939,0,20000,10000,20000,10000,16777216,bound_hit,1250
measured,probe-memory-buffer,run,1866,329900139,0,20000,10000,20000,10000,16777216,bound_hit,1250
measured,probe-memory-buffer,run,1867,330019339,0,20000,10000,20000,10000,16777216,bound_hit,1250
measured,probe-memory-buffer,run,1868,330138639,0,20000,10000,20000,10000,16777216,bound_hit,1250
measured,probe-memory-buffer,run,1869,330257639,0,20000,10000,20000,10000,16777216,bound_hit,1250
measured,probe-memory-buffer,run,1870,330376739,0,20000,10000,20000,10000,16777216,bound_hit,1250
measured,probe-memory-buffer,run,1871,330495839,0,20000,10000,20000,10000,16777216,bound_hit,1250
measured,probe-memory-buffer,run,1872,330615039,0,20000,10000,20000,10000,16777216,bound_hit,1250
measured,probe-memory-buffer,run,1873,330734239,0,20000,10000,20000,10000,16777216,bound_hit,1250
measured,probe-memory-buffer,run,1874,330853239,0,20000,10000,20000,10000,16777216,bound_hit,1250
measured,probe-memory-buffer,run,1875,330972239,0,20000,10000,20000,10000,16777216,bound_hit,1250
measured,probe-memory-buffer,run,1876,331091439,0,20000,10000,20000,10000,16777216,bound_hit,1250
measured,probe-memory-buffer,run,1877,331210639,0,20000,10000,20000,10000,16777216,bound_hit,1250
measured,probe-memory-buffer,run,1878,331330039,0,20000,10000,20000,10000,16777216,bound_hit,1250
measured,probe-memory-buffer,run,1879,331449239,0,20000,10000,20000,10000,16777216,bound_hit,1250
measured,probe-memory-buffer,run,1880,331568439,0,20000,10000,20000,10000,16777216,bound_hit,1250
measured,probe-memory-buffer,run,1881,331688239,0,20000,10000,20000,10000,16777216,bound_hit,1250
measured,probe-memory-buffer,run,1882,331807439,0,20000,10000,20000,10000,16777216,bound_hit,1250
measured,probe-memory-buffer,run,1883,331926639,0,20000,10000,20000,10000,16777216,bound_hit,1250
measured,probe-memory-buffer,run,1884,332045939,0,20000,10000,20000,10000,16777216,bound_hit,1250
measured,probe-memory-buffer,run,1885,332165039,0,20000,10000,20000,10000,16777216,bound_hit,1250
measured,probe-memory-buffer,run,1886,332284439,0,20000,10000,20000,10000,16777216,bound_hit,1250
measured,probe-memory-buffer,run,1887,332403639,0,20000,10000,20000,10000,16777216,bound_hit,1250
measured,probe-memory-buffer,run,1888,332522839,0,20000,10000,20000,10000,16777216,bound_hit,1250
measured,probe-memory-buffer,run,1889,332642239,0,20000,10000,20000,10000,16777216,bound_hit,1250
measured,probe-memory-buffer,run,1890,332763239,0,20000,10000,20000,10000,16777216,bound_hit,1250
measured,probe-memory-buffer,run,1891,332882639,0,20000,10000,20000,10000,16777216,bound_hit,1250
measured,probe-memory-buffer,run,1892,333001939,0,20000,10000,20000,10000,16777216,bound_hit,1250
measured,probe-memory-buffer,run,1893,333121639,0,20000,10000,20000,10000,16777216,bound_hit,1250
measured,probe-memory-buffer,run,1894,333240839,0,20000,10000,20000,10000,16777216,bound_hit,1250
measured,probe-memory-buffer,run,1895,333387939,0,20000,10000,20000,10000,16777216,bound_hit,1250
measured,probe-memory-buffer,run,1896,333513939,0,20000,10000,20000,10000,16777216,bound_hit,1250
measured,probe-memory-buffer,run,1897,333641539,0,20000,10000,20000,10000,16777216,bound_hit,1250
measured,probe-memory-buffer,run,1898,333770239,0,20000,10000,20000,10000,16777216,bound_hit,1250
measured,probe-memory-buffer,run,1899,333899339,0,20000,10000,20000,10000,16777216,bound_hit,1250
measured,probe-memory-buffer,run,1900,334039839,0,20000,10000,20000,10000,16777216,bound_hit,1250
measured,probe-memory-buffer,run,1901,334173939,0,20000,10000,20000,10000,16777216,bound_hit,1250
measured,probe-memory-buffer,run,1902,334309438,0,20000,10000,20000,10000,16777216,bound_hit,1250
measured,probe-memory-buffer,run,1903,334449338,0,20000,10000,20000,10000,16777216,bound_hit,1250
measured,probe-memory-buffer,run,1904,334579238,0,20000,10000,20000,10000,16777216,bound_hit,1250
measured,probe-memory-buffer,run,1905,334712438,0,20000,10000,20000,10000,16777216,bound_hit,1250
measured,probe-memory-buffer,run,1906,334841738,0,20000,10000,20000,10000,16777216,bound_hit,1250
measured,probe-memory-buffer,run,1907,334983738,0,20000,10000,20000,10000,16777216,bound_hit,1250
measured,probe-memory-buffer,run,1908,335199338,0,20000,10000,20000,10000,16777216,bound_hit,1250
measured,probe-memory-buffer,run,1909,335362738,0,20000,10000,20000,10000,16777216,bound_hit,1250
measured,probe-memory-buffer,run,1910,335489738,0,20000,10000,20000,10000,16777216,bound_hit,1250
measured,probe-memory-buffer,run,1911,335613938,0,20000,10000,20000,10000,16777216,bound_hit,1250
measured,probe-memory-buffer,run,1912,335737838,0,20000,10000,20000,10000,16777216,bound_hit,1250
measured,probe-memory-buffer,run,1913,335861838,0,20000,10000,20000,10000,16777216,bound_hit,1250
measured,probe-memory-buffer,run,1914,335985538,0,20000,10000,20000,10000,16777216,bound_hit,1250
measured,probe-memory-buffer,run,1915,336109838,0,20000,10000,20000,10000,16777216,bound_hit,1250
measured,probe-memory-buffer,run,1916,336233838,0,20000,10000,20000,10000,16777216,bound_hit,1250
measured,probe-memory-buffer,run,1917,336357838,0,20000,10000,20000,10000,16777216,bound_hit,1250
measured,probe-memory-buffer,run,1918,336480838,0,20000,10000,20000,10000,16777216,bound_hit,1250
measured,probe-memory-buffer,run,1919,336601738,0,20000,10000,20000,10000,16777216,bound_hit,1250
measured,probe-memory-buffer,run,1920,336723438,0,20000,10000,20000,10000,16777216,bound_hit,1250
measured,probe-memory-buffer,run,1921,336843038,0,20000,10000,20000,10000,16777216,bound_hit,1250
measured,probe-memory-buffer,run,1922,336962138,0,20000,10000,20000,10000,16777216,bound_hit,1250
measured,probe-memory-buffer,run,1923,337081438,0,20000,10000,20000,10000,16777216,bound_hit,1250
measured,probe-memory-buffer,run,1924,337200938,0,20000,10000,20000,10000,16777216,bound_hit,1250
measured,probe-memory-buffer,run,1925,337320238,0,20000,10000,20000,10000,16777216,bound_hit,1250
measured,probe-memory-buffer,run,1926,337439138,0,20000,10000,20000,10000,16777216,bound_hit,1250
measured,probe-memory-buffer,run,1927,337558338,0,20000,10000,20000,10000,16777216,bound_hit,1250
measured,probe-memory-buffer,run,1928,337677638,0,20000,10000,20000,10000,16777216,bound_hit,1250
measured,probe-memory-buffer,run,1929,337796838,0,20000,10000,20000,10000,16777216,bound_hit,1250
measured,probe-memory-buffer,run,1930,337947038,0,20000,10000,20000,10000,16777216,bound_hit,1250
measured,probe-memory-buffer,run,1931,338067438,0,20000,10000,20000,10000,16777216,bound_hit,1250
measured,probe-memory-buffer,run,1932,338187238,0,20000,10000,20000,10000,16777216,bound_hit,1250
measured,probe-memory-buffer,run,1933,338306738,0,20000,10000,20000,10000,16777216,bound_hit,1250
measured,probe-memory-buffer,run,1934,338425938,0,20000,10000,20000,10000,16777216,bound_hit,1250
measured,probe-memory-buffer,run,1935,338545238,0,20000,10000,20000,10000,16777216,bound_hit,1250
measured,probe-memory-buffer,run,1936,338664938,0,20000,10000,20000,10000,16777216,bound_hit,1250
measured,probe-memory-buffer,run,1937,338784538,0,20000,10000,20000,10000,16777216,bound_hit,1250
measured,probe-memory-buffer,run,1938,338904238,0,20000,10000,20000,10000,16777216,bound_hit,1250
measured,probe-memory-buffer,run,1939,339024038,0,20000,10000,20000,10000,16777216,bound_hit,1250
measured,probe-memory-buffer,run,1940,339144238,0,20000,10000,20000,10000,16777216,bound_hit,1250
measured,probe-memory-buffer,run,1941,339263638,0,20000,10000,20000,10000,16777216,bound_hit,1250
measured,probe-memory-buffer,run,1942,339383238,0,20000,10000,20000,10000,16777216,bound_hit,1250
measured,probe-memory-buffer,run,1943,339502638,0,20000,10000,20000,10000,16777216,bound_hit,1250
measured,probe-memory-buffer,run,1944,339622237,0,20000,10000,20000,10000,16777216,bound_hit,1250
measured,probe-memory-buffer,run,1945,339741537,0,20000,10000,20000,10000,16777216,bound_hit,1250
measured,probe-memory-buffer,run,1946,339860837,0,20000,10000,20000,10000,16777216,bound_hit,1250
measured,probe-memory-buffer,run,1947,339980037,0,20000,10000,20000,10000,16777216,bound_hit,1250
measured,probe-memory-buffer,run,1948,340100337,0,20000,10000,20000,10000,16777216,bound_hit,1250
measured,probe-memory-buffer,run,1949,340220237,0,20000,10000,20000,10000,16777216,bound_hit,1250
measured,probe-memory-buffer,run,1950,340366837,0,20000,10000,20000,10000,16777216,bound_hit,1250
measured,probe-memory-buffer,run,1951,340489037,0,20000,10000,20000,10000,16777216,bound_hit,1250
measured,probe-memory-buffer,run,1952,340629237,0,20000,10000,20000,10000,16777216,bound_hit,1250
measured,probe-memory-buffer,run,1953,340758637,0,20000,10000,20000,10000,16777216,bound_hit,1250
measured,probe-memory-buffer,run,1954,340883137,0,20000,10000,20000,10000,16777216,bound_hit,1250
measured,probe-memory-buffer,run,1955,341009237,0,20000,10000,20000,10000,16777216,bound_hit,1250
measured,probe-memory-buffer,run,1956,341132537,0,20000,10000,20000,10000,16777216,bound_hit,1250
measured,probe-memory-buffer,run,1957,341253837,0,20000,10000,20000,10000,16777216,bound_hit,1250
measured,probe-memory-buffer,run,1958,341373637,0,20000,10000,20000,10000,16777216,bound_hit,1250
measured,probe-memory-buffer,run,1959,341492837,0,20000,10000,20000,10000,16777216,bound_hit,1250
measured,probe-memory-buffer,run,1960,341624437,0,20000,10000,20000,10000,16777216,bound_hit,1250
measured,probe-memory-buffer,run,1961,341748537,0,20000,10000,20000,10000,16777216,bound_hit,1250
measured,probe-memory-buffer,run,1962,341868637,0,20000,10000,20000,10000,16777216,bound_hit,1250
measured,probe-memory-buffer,run,1963,341988237,0,20000,10000,20000,10000,16777216,bound_hit,1250
measured,probe-memory-buffer,run,1964,342127437,0,20000,10000,20000,10000,16777216,bound_hit,1250
measured,probe-memory-buffer,run,1965,342255337,0,20000,10000,20000,10000,16777216,bound_hit,1250
measured,probe-memory-buffer,run,1966,342380937,0,20000,10000,20000,10000,16777216,bound_hit,1250
measured,probe-memory-buffer,run,1967,342522237,0,20000,10000,20000,10000,16777216,bound_hit,1250
measured,probe-memory-buffer,run,1968,342648937,0,20000,10000,20000,10000,16777216,bound_hit,1250
measured,probe-memory-buffer,run,1969,342772937,0,20000,10000,20000,10000,16777216,bound_hit,1250
measured,probe-memory-buffer,run,1970,342940337,0,20000,10000,20000,10000,16777216,bound_hit,1250
measured,probe-memory-buffer,run,1971,343097137,0,20000,10000,20000,10000,16777216,bound_hit,1250
measured,probe-memory-buffer,run,1972,343221237,0,20000,10000,20000,10000,16777216,bound_hit,1250
measured,probe-memory-buffer,run,1973,343341737,0,20000,10000,20000,10000,16777216,bound_hit,1250
measured,probe-memory-buffer,run,1974,343461537,0,20000,10000,20000,10000,16777216,bound_hit,1250
measured,probe-memory-buffer,run,1975,343581237,0,20000,10000,20000,10000,16777216,bound_hit,1250
measured,probe-memory-buffer,run,1976,343700737,0,20000,10000,20000,10000,16777216,bound_hit,1250
measured,probe-memory-buffer,run,1977,343820637,0,20000,10000,20000,10000,16777216,bound_hit,1250
measured,probe-memory-buffer,run,1978,343941137,0,20000,10000,20000,10000,16777216,bound_hit,1250
measured,probe-memory-buffer,run,1979,344060537,0,20000,10000,20000,10000,16777216,bound_hit,1250
measured,probe-memory-buffer,run,1980,344180137,0,20000,10000,20000,10000,16777216,bound_hit,1250
measured,probe-memory-buffer,run,1981,344299537,0,20000,10000,20000,10000,16777216,bound_hit,1250
measured,probe-memory-buffer,run,1982,344419737,0,20000,10000,20000,10000,16777216,bound_hit,1250
measured,probe-memory-buffer,run,1983,344539337,0,20000,10000,20000,10000,16777216,bound_hit,1250
measured,probe-memory-buffer,run,1984,344681637,0,20000,10000,20000,10000,16777216,bound_hit,1250
measured,probe-memory-buffer,run,1985,344801637,0,20000,10000,20000,10000,16777216,bound_hit,1250
measured,probe-memory-buffer,run,1986,344921137,0,20000,10000,20000,10000,16777216,bound_hit,1250
measured,probe-memory-buffer,run,1987,345040336,0,20000,10000,20000,10000,16777216,bound_hit,1250
measured,probe-memory-buffer,run,1988,345159536,0,20000,10000,20000,10000,16777216,bound_hit,1250
measured,probe-memory-buffer,run,1989,345279036,0,20000,10000,20000,10000,16777216,bound_hit,1250
measured,probe-memory-buffer,run,1990,345398236,0,20000,10000,20000,10000,16777216,bound_hit,1250
measured,probe-memory-buffer,run,1991,345517536,0,20000,10000,20000,10000,16777216,bound_hit,1250
measured,probe-memory-buffer,run,1992,345636536,0,20000,10000,20000,10000,16777216,bound_hit,1250
measured,probe-memory-buffer,run,1993,345755636,0,20000,10000,20000,10000,16777216,bound_hit,1250
measured,probe-memory-buffer,run,1994,345874836,0,20000,10000,20000,10000,16777216,bound_hit,1250
measured,probe-memory-buffer,run,1995,345993936,0,20000,10000,20000,10000,16777216,bound_hit,1250
measured,probe-memory-buffer,run,1996,346113036,0,20000,10000,20000,10000,16777216,bound_hit,1250
measured,probe-memory-buffer,run,1997,346232336,0,20000,10000,20000,10000,16777216,bound_hit,1250
measured,probe-memory-buffer,run,1998,346351436,0,20000,10000,20000,10000,16777216,bound_hit,1250
measured,probe-memory-buffer,run,1999,346470536,0,20000,10000,20000,10000,16777216,bound_hit,1250
measured,probe-memory-buffer,run,2000,346589636,0,20000,10000,20000,10000,16777216,bound_hit,1250
measured,probe-memory-buffer,run,2001,346708836,0,20000,10000,20000,10000,16777216,bound_hit,1250
measured,probe-memory-buffer,run,2002,346828036,0,20000,10000,20000,10000,16777216,bound_hit,1250
measured,probe-memory-buffer,run,2003,346946936,0,20000,10000,20000,10000,16777216,bound_hit,1250
measured,probe-memory-buffer,run,2004,347065936,0,20000,10000,20000,10000,16777216,bound_hit,1250
measured,probe-memory-buffer,run,2005,347184936,0,20000,10000,20000,10000,16777216,bound_hit,1250
measured,probe-memory-buffer,run,2006,347313436,0,20000,10000,20000,10000,16777216,bound_hit,1250
measured,probe-memory-buffer,run,2007,347452436,0,20000,10000,20000,10000,16777216,bound_hit,1250
measured,probe-memory-buffer,run,2008,347573136,0,20000,10000,20000,10000,16777216,bound_hit,1250
measured,probe-memory-buffer,run,2009,347694536,0,20000,10000,20000,10000,16777216,bound_hit,1250
measured,probe-memory-buffer,run,2010,347862836,0,20000,10000,20000,10000,16777216,bound_hit,1250
measured,probe-memory-buffer,run,2011,348024936,0,20000,10000,20000,10000,16777216,bound_hit,1250
measured,probe-memory-buffer,run,2012,348182436,0,20000,10000,20000,10000,16777216,bound_hit,1250
measured,probe-memory-buffer,run,2013,348453736,0,20000,10000,20000,10000,16777216,bound_hit,1250
measured,probe-memory-buffer,run,2014,348605236,0,20000,10000,20000,10000,16777216,bound_hit,1250
measured,probe-memory-buffer,run,2015,348721136,0,20000,10000,20000,10000,16777216,bound_hit,1250
measured,probe-memory-buffer,run,2016,348875936,0,20000,10000,20000,10000,16777216,bound_hit,1250
measured,probe-memory-buffer,run,2017,349064936,0,20000,10000,20000,10000,16777216,bound_hit,1250
measured,probe-memory-buffer,run,2018,349205236,0,20000,10000,20000,10000,16777216,bound_hit,1250
measured,probe-memory-buffer,run,2019,349351136,0,20000,10000,20000,10000,16777216,bound_hit,1250
measured,probe-memory-buffer,run,2020,349476136,0,20000,10000,20000,10000,16777216,bound_hit,1250
measured,probe-memory-buffer,run,2021,349599536,0,20000,10000,20000,10000,16777216,bound_hit,1250
measured,probe-memory-buffer,run,2022,349743536,0,20000,10000,20000,10000,16777216,bound_hit,1250
measured,probe-memory-buffer,run,2023,349888936,0,20000,10000,20000,10000,16777216,bound_hit,1250
measured,probe-memory-buffer,run,2024,350052136,0,20000,10000,20000,10000,16777216,bound_hit,1250
measured,probe-memory-buffer,run,2025,350215936,0,20000,10000,20000,10000,16777216,bound_hit,1250
measured,probe-memory-buffer,run,2026,350338836,0,20000,10000,20000,10000,16777216,bound_hit,1250
measured,probe-memory-buffer,run,2027,350479135,0,20000,10000,20000,10000,16777216,bound_hit,1250
measured,probe-memory-buffer,run,2028,350603635,0,20000,10000,20000,10000,16777216,bound_hit,1250
measured,probe-memory-buffer,run,2029,350726435,0,20000,10000,20000,10000,16777216,bound_hit,1250
measured,probe-memory-buffer,run,2030,350880535,0,20000,10000,20000,10000,16777216,bound_hit,1250
measured,probe-memory-buffer,run,2031,351027335,0,20000,10000,20000,10000,16777216,bound_hit,1250
measured,probe-memory-buffer,run,2032,351173235,0,20000,10000,20000,10000,16777216,bound_hit,1250
measured,probe-memory-buffer,run,2033,351297435,0,20000,10000,20000,10000,16777216,bound_hit,1250
measured,probe-memory-buffer,run,2034,351423135,0,20000,10000,20000,10000,16777216,bound_hit,1250
measured,probe-memory-buffer,run,2035,351547435,0,20000,10000,20000,10000,16777216,bound_hit,1250
measured,probe-memory-buffer,run,2036,351667235,0,20000,10000,20000,10000,16777216,bound_hit,1250
measured,probe-memory-buffer,run,2037,351787135,0,20000,10000,20000,10000,16777216,bound_hit,1250
measured,probe-memory-buffer,run,2038,351925835,0,20000,10000,20000,10000,16777216,bound_hit,1250
measured,probe-memory-buffer,run,2039,352046535,0,20000,10000,20000,10000,16777216,bound_hit,1250
measured,probe-memory-buffer,run,2040,352166035,0,20000,10000,20000,10000,16777216,bound_hit,1250
measured,probe-memory-buffer,run,2041,352284635,0,20000,10000,20000,10000,16777216,bound_hit,1250
measured,probe-memory-buffer,run,2042,352403135,0,20000,10000,20000,10000,16777216,bound_hit,1250
measured,probe-memory-buffer,run,2043,352522635,0,20000,10000,20000,10000,16777216,bound_hit,1250
measured,probe-memory-buffer,run,2044,352642335,0,20000,10000,20000,10000,16777216,bound_hit,1250
measured,probe-memory-buffer,run,2045,352763835,0,20000,10000,20000,10000,16777216,bound_hit,1250
measured,probe-memory-buffer,run,2046,352884735,0,20000,10000,20000,10000,16777216,bound_hit,1250
measured,probe-memory-buffer,run,2047,353006435,0,20000,10000,20000,10000,16777216,bound_hit,1250
measured,probe-memory-buffer,run,2048,353126635,0,20000,10000,20000,10000,16777216,bound_hit,1250
measured,probe-memory-buffer,run,2049,353260235,0,20000,10000,20000,10000,16777216,bound_hit,1250
measured,probe-memory-buffer,run,2050,353380135,0,20000,10000,20000,10000,16777216,bound_hit,1250
measured,probe-memory-buffer,run,2051,353500635,0,20000,10000,20000,10000,16777216,bound_hit,1250
measured,probe-memory-buffer,run,2052,353619035,0,20000,10000,20000,10000,16777216,bound_hit,1250
measured,probe-memory-buffer,run,2053,353737335,0,20000,10000,20000,10000,16777216,bound_hit,1250
measured,probe-memory-buffer,run,2054,353858635,0,20000,10000,20000,10000,16777216,bound_hit,1250
measured,probe-memory-buffer,run,2055,353976735,0,20000,10000,20000,10000,16777216,bound_hit,1250
measured,probe-memory-buffer,run,2056,354121835,0,20000,10000,20000,10000,16777216,bound_hit,1250
measured,probe-memory-buffer,run,2057,354273535,0,20000,10000,20000,10000,16777216,bound_hit,1250
measured,probe-memory-buffer,run,2058,354401635,0,20000,10000,20000,10000,16777216,bound_hit,1250
measured,probe-memory-buffer,run,2059,354572435,0,20000,10000,20000,10000,16777216,bound_hit,1250
measured,probe-memory-buffer,run,2060,354723035,0,20000,10000,20000,10000,16777216,bound_hit,1250
measured,probe-memory-buffer,run,2061,354864435,0,20000,10000,20000,10000,16777216,bound_hit,1250
measured,probe-memory-buffer,run,2062,354993435,0,20000,10000,20000,10000,16777216,bound_hit,1250
measured,probe-memory-buffer,run,2063,355142535,0,20000,10000,20000,10000,16777216,bound_hit,1250
measured,probe-memory-buffer,run,2064,355262635,0,20000,10000,20000,10000,16777216,bound_hit,1250
measured,probe-memory-buffer,run,2065,355404835,0,20000,10000,20000,10000,16777216,bound_hit,1250
measured,probe-memory-buffer,run,2066,355525235,0,20000,10000,20000,10000,16777216,bound_hit,1250
measured,probe-memory-buffer,run,2067,355678335,0,20000,10000,20000,10000,16777216,bound_hit,1250
measured,probe-memory-buffer,run,2068,355797835,0,20000,10000,20000,10000,16777216,bound_hit,1250
measured,probe-memory-buffer,run,2069,355917434,0,20000,10000,20000,10000,16777216,bound_hit,1250
measured,probe-memory-buffer,run,2070,356036934,0,20000,10000,20000,10000,16777216,bound_hit,1250
measured,probe-memory-buffer,run,2071,356156334,0,20000,10000,20000,10000,16777216,bound_hit,1250
measured,probe-memory-buffer,run,2072,356275734,0,20000,10000,20000,10000,16777216,bound_hit,1250
measured,probe-memory-buffer,run,2073,356395134,0,20000,10000,20000,10000,16777216,bound_hit,1250
measured,probe-memory-buffer,run,2074,356532434,0,20000,10000,20000,10000,16777216,bound_hit,1250
measured,probe-memory-buffer,run,2075,356651634,0,20000,10000,20000,10000,16777216,bound_hit,1250
measured,probe-memory-buffer,run,2076,356831634,0,20000,10000,20000,10000,16777216,bound_hit,1250
measured,probe-memory-buffer,run,2077,356951134,0,20000,10000,20000,10000,16777216,bound_hit,1250
measured,probe-memory-buffer,run,2078,357070634,0,20000,10000,20000,10000,16777216,bound_hit,1250
measured,probe-memory-buffer,run,2079,357189834,0,20000,10000,20000,10000,16777216,bound_hit,1250
measured,probe-memory-buffer,run,2080,357343034,0,20000,10000,20000,10000,16777216,bound_hit,1250
measured,probe-memory-buffer,run,2081,357468834,0,20000,10000,20000,10000,16777216,bound_hit,1250
measured,probe-memory-buffer,run,2082,357588634,0,20000,10000,20000,10000,16777216,bound_hit,1250
measured,probe-memory-buffer,run,2083,357707434,0,20000,10000,20000,10000,16777216,bound_hit,1250
measured,probe-memory-buffer,run,2084,357826234,0,20000,10000,20000,10000,16777216,bound_hit,1250
measured,probe-memory-buffer,run,2085,357970334,0,20000,10000,20000,10000,16777216,bound_hit,1250
measured,probe-memory-buffer,run,2086,358142434,0,20000,10000,20000,10000,16777216,bound_hit,1250
measured,probe-memory-buffer,run,2087,358272734,0,20000,10000,20000,10000,16777216,bound_hit,1250
measured,probe-memory-buffer,run,2088,358397734,0,20000,10000,20000,10000,16777216,bound_hit,1250
measured,probe-memory-buffer,run,2089,358521934,0,20000,10000,20000,10000,16777216,bound_hit,1250
measured,probe-memory-buffer,run,2090,358646534,0,20000,10000,20000,10000,16777216,bound_hit,1250
measured,probe-memory-buffer,run,2091,358770934,0,20000,10000,20000,10000,16777216,bound_hit,1250
measured,probe-memory-buffer,run,2092,358895334,0,20000,10000,20000,10000,16777216,bound_hit,1250
measured,probe-memory-buffer,run,2093,359019734,0,20000,10000,20000,10000,16777216,bound_hit,1250
measured,probe-memory-buffer,run,2094,359144434,0,20000,10000,20000,10000,16777216,bound_hit,1250
measured,probe-memory-buffer,run,2095,359268734,0,20000,10000,20000,10000,16777216,bound_hit,1250
measured,probe-memory-buffer,run,2096,359390034,0,20000,10000,20000,10000,16777216,bound_hit,1250
measured,probe-memory-buffer,run,2097,359510134,0,20000,10000,20000,10000,16777216,bound_hit,1250
measured,probe-memory-buffer,run,2098,359629534,0,20000,10000,20000,10000,16777216,bound_hit,1250
measured,probe-memory-buffer,run,2099,359749134,0,20000,10000,20000,10000,16777216,bound_hit,1250
measured,probe-memory-buffer,run,2100,359868434,0,20000,10000,20000,10000,16777216,bound_hit,1250
measured,probe-memory-buffer,run,2101,359987834,0,20000,10000,20000,10000,16777216,bound_hit,1250
measured,probe-memory-buffer,run,2102,360107334,0,20000,10000,20000,10000,16777216,bound_hit,1250
measured,probe-memory-buffer,run,2103,360226834,0,20000,10000,20000,10000,16777216,bound_hit,1250
measured,probe-memory-buffer,run,2104,360346434,0,20000,10000,20000,10000,16777216,bound_hit,1250
measured,probe-memory-buffer,run,2105,360466134,0,20000,10000,20000,10000,16777216,bound_hit,1250
measured,probe-memory-buffer,run,2106,360585534,0,20000,10000,20000,10000,16777216,bound_hit,1250
measured,probe-memory-buffer,run,2107,360707234,0,20000,10000,20000,10000,16777216,bound_hit,1250
measured,probe-memory-buffer,run,2108,360826934,0,20000,10000,20000,10000,16777216,bound_hit,1250
measured,probe-memory-buffer,run,2109,360946434,0,20000,10000,20000,10000,16777216,bound_hit,1250
measured,probe-memory-buffer,run,2110,361066234,0,20000,10000,20000,10000,16777216,bound_hit,1250
measured,probe-memory-buffer,run,2111,361208233,0,20000,10000,20000,10000,16777216,bound_hit,1250
measured,probe-memory-buffer,run,2112,361374833,0,20000,10000,20000,10000,16777216,bound_hit,1250
measured,probe-memory-buffer,run,2113,361508333,0,20000,10000,20000,10000,16777216,bound_hit,1250
measured,probe-memory-buffer,run,2114,361642633,0,20000,10000,20000,10000,16777216,bound_hit,1250
measured,probe-memory-buffer,run,2115,361766533,0,20000,10000,20000,10000,16777216,bound_hit,1250
measured,probe-memory-buffer,run,2116,361982433,0,20000,10000,20000,10000,16777216,bound_hit,1250
measured,probe-memory-buffer,run,2117,362109733,0,20000,10000,20000,10000,16777216,bound_hit,1250
measured,probe-memory-buffer,run,2118,362234233,0,20000,10000,20000,10000,16777216,bound_hit,1250
measured,probe-memory-buffer,run,2119,362391933,0,20000,10000,20000,10000,16777216,bound_hit,1250
measured,probe-memory-buffer,run,2120,362546833,0,20000,10000,20000,10000,16777216,bound_hit,1250
measured,probe-memory-buffer,run,2121,362667333,0,20000,10000,20000,10000,16777216,bound_hit,1250
measured,probe-memory-buffer,run,2122,362822633,0,20000,10000,20000,10000,16777216,bound_hit,1250
measured,probe-memory-buffer,run,2123,362946333,0,20000,10000,20000,10000,16777216,bound_hit,1250
measured,probe-memory-buffer,run,2124,363066533,0,20000,10000,20000,10000,16777216,bound_hit,1250
measured,probe-memory-buffer,run,2125,363186433,0,20000,10000,20000,10000,16777216,bound_hit,1250
measured,probe-memory-buffer,run,2126,363306233,0,20000,10000,20000,10000,16777216,bound_hit,1250
measured,probe-memory-buffer,run,2127,363426133,0,20000,10000,20000,10000,16777216,bound_hit,1250
measured,probe-memory-buffer,run,2128,363545633,0,20000,10000,20000,10000,16777216,bound_hit,1250
measured,probe-memory-buffer,run,2129,363665133,0,20000,10000,20000,10000,16777216,bound_hit,1250
measured,probe-memory-buffer,run,2130,363784833,0,20000,10000,20000,10000,16777216,bound_hit,1250
measured,probe-memory-buffer,run,2131,363912733,0,20000,10000,20000,10000,16777216,bound_hit,1250
measured,probe-memory-buffer,run,2132,364032533,0,20000,10000,20000,10000,16777216,bound_hit,1250
measured,probe-memory-buffer,run,2133,364152033,0,20000,10000,20000,10000,16777216,bound_hit,1250
measured,probe-memory-buffer,run,2134,364271533,0,20000,10000,20000,10000,16777216,bound_hit,1250
measured,probe-memory-buffer,run,2135,364391633,0,20000,10000,20000,10000,16777216,bound_hit,1250
measured,probe-memory-buffer,run,2136,364511133,0,20000,10000,20000,10000,16777216,bound_hit,1250
measured,probe-memory-buffer,run,2137,364630633,0,20000,10000,20000,10000,16777216,bound_hit,1250
measured,probe-memory-buffer,run,2138,364752033,0,20000,10000,20000,10000,16777216,bound_hit,1250
measured,probe-memory-buffer,run,2139,364872033,0,20000,10000,20000,10000,16777216,bound_hit,1250
measured,probe-memory-buffer,run,2140,364991633,0,20000,10000,20000,10000,16777216,bound_hit,1250
measured,probe-memory-buffer,run,2141,365111133,0,20000,10000,20000,10000,16777216,bound_hit,1250
measured,probe-memory-buffer,run,2142,365230733,0,20000,10000,20000,10000,16777216,bound_hit,1250
measured,probe-memory-buffer,run,2143,365350333,0,20000,10000,20000,10000,16777216,bound_hit,1250
measured,probe-memory-buffer,run,2144,365470033,0,20000,10000,20000,10000,16777216,bound_hit,1250
measured,probe-memory-buffer,run,2145,365589433,0,20000,10000,20000,10000,16777216,bound_hit,1250
measured,probe-memory-buffer,run,2146,365709333,0,20000,10000,20000,10000,16777216,bound_hit,1250
measured,probe-memory-buffer,run,2147,365828833,0,20000,10000,20000,10000,16777216,bound_hit,1250
measured,probe-memory-buffer,run,2148,365948233,0,20000,10000,20000,10000,16777216,bound_hit,1250
measured,probe-memory-buffer,run,2149,366067833,0,20000,10000,20000,10000,16777216,bound_hit,1250
measured,probe-memory-buffer,run,2150,366187433,0,20000,10000,20000,10000,16777216,bound_hit,1250
measured,probe-memory-buffer,run,2151,366306833,0,20000,10000,20000,10000,16777216,bound_hit,1250
measured,probe-memory-buffer,run,2152,366426333,0,20000,10000,20000,10000,16777216,bound_hit,1250
measured,probe-memory-buffer,run,2153,366545833,0,20000,10000,20000,10000,16777216,bound_hit,1250
measured,probe-memory-buffer,run,2154,366665232,0,20000,10000,20000,10000,16777216,bound_hit,1250
measured,probe-memory-buffer,run,2155,366784632,0,20000,10000,20000,10000,16777216,bound_hit,1250
measured,probe-memory-buffer,run,2156,366904032,0,20000,10000,20000,10000,16777216,bound_hit,1250
measured,probe-memory-buffer,run,2157,367023532,0,20000,10000,20000,10000,16777216,bound_hit,1250
measured,probe-memory-buffer,run,2158,367143232,0,20000,10000,20000,10000,16777216,bound_hit,1250
measured,probe-memory-buffer,run,2159,367262632,0,20000,10000,20000,10000,16777216,bound_hit,1250
measured,probe-memory-buffer,run,2160,367382032,0,20000,10000,20000,10000,16777216,bound_hit,1250
measured,probe-memory-buffer,run,2161,367501732,0,20000,10000,20000,10000,16777216,bound_hit,1250
measured,probe-memory-buffer,run,2162,367621332,0,20000,10000,20000,10000,16777216,bound_hit,1250
measured,probe-memory-buffer,run,2163,367741032,0,20000,10000,20000,10000,16777216,bound_hit,1250
measured,probe-memory-buffer,run,2164,367860632,0,20000,10000,20000,10000,16777216,bound_hit,1250
measured,probe-memory-buffer,run,2165,367982232,0,20000,10000,20000,10000,16777216,bound_hit,1250
measured,probe-memory-buffer,run,2166,368124532,0,20000,10000,20000,10000,16777216,bound_hit,1250
measured,probe-memory-buffer,run,2167,368298732,0,20000,10000,20000,10000,16777216,bound_hit,1250
measured,probe-memory-buffer,run,2168,368462632,0,20000,10000,20000,10000,16777216,bound_hit,1250
measured,probe-memory-buffer,run,2169,368698332,0,20000,10000,20000,10000,16777216,bound_hit,1250
measured,probe-memory-buffer,run,2170,368844432,0,20000,10000,20000,10000,16777216,bound_hit,1250
measured,probe-memory-buffer,run,2171,368969432,0,20000,10000,20000,10000,16777216,bound_hit,1250
measured,probe-memory-buffer,run,2172,369093132,0,20000,10000,20000,10000,16777216,bound_hit,1250
measured,probe-memory-buffer,run,2173,369216132,0,20000,10000,20000,10000,16777216,bound_hit,1250
measured,probe-memory-buffer,run,2174,369339132,0,20000,10000,20000,10000,16777216,bound_hit,1250
measured,probe-memory-buffer,run,2175,369463432,0,20000,10000,20000,10000,16777216,bound_hit,1250
measured,probe-memory-buffer,run,2176,369586532,0,20000,10000,20000,10000,16777216,bound_hit,1250
measured,probe-memory-buffer,run,2177,369709532,0,20000,10000,20000,10000,16777216,bound_hit,1250
measured,probe-memory-buffer,run,2178,369832432,0,20000,10000,20000,10000,16777216,bound_hit,1250
measured,probe-memory-buffer,run,2179,369955532,0,20000,10000,20000,10000,16777216,bound_hit,1250
measured,probe-memory-buffer,run,2180,370078432,0,20000,10000,20000,10000,16777216,bound_hit,1250
measured,probe-memory-buffer,run,2181,370202532,0,20000,10000,20000,10000,16777216,bound_hit,1250
measured,probe-memory-buffer,run,2182,370326732,0,20000,10000,20000,10000,16777216,bound_hit,1250
measured,probe-memory-buffer,run,2183,370447432,0,20000,10000,20000,10000,16777216,bound_hit,1250
measured,probe-memory-buffer,run,2184,370566932,0,20000,10000,20000,10000,16777216,bound_hit,1250
measured,probe-memory-buffer,run,2185,370686332,0,20000,10000,20000,10000,16777216,bound_hit,1250
measured,probe-memory-buffer,run,2186,370805632,0,20000,10000,20000,10000,16777216,bound_hit,1250
measured,probe-memory-buffer,run,2187,370924932,0,20000,10000,20000,10000,16777216,bound_hit,1250
measured,probe-memory-buffer,run,2188,371051832,0,20000,10000,20000,10000,16777216,bound_hit,1250
measured,probe-memory-buffer,run,2189,371171232,0,20000,10000,20000,10000,16777216,bound_hit,1250
measured,probe-memory-buffer,run,2190,371290732,0,20000,10000,20000,10000,16777216,bound_hit,1250
measured,probe-memory-buffer,run,2191,371410032,0,20000,10000,20000,10000,16777216,bound_hit,1250
measured,probe-memory-buffer,run,2192,371529432,0,20000,10000,20000,10000,16777216,bound_hit,1250
measured,probe-memory-buffer,run,2193,371648732,0,20000,10000,20000,10000,16777216,bound_hit,1250
measured,probe-memory-buffer,run,2194,371768232,0,20000,10000,20000,10000,16777216,bound_hit,1250
measured,probe-memory-buffer,run,2195,371887432,0,20000,10000,20000,10000,16777216,bound_hit,1250
measured,probe-memory-buffer,run,2196,372007331,0,20000,10000,20000,10000,16777216,bound_hit,1250
measured,probe-memory-buffer,run,2197,372126431,0,20000,10000,20000,10000,16777216,bound_hit,1250
measured,probe-memory-buffer,run,2198,372245731,0,20000,10000,20000,10000,16777216,bound_hit,1250
measured,probe-memory-buffer,run,2199,372365031,0,20000,10000,20000,10000,16777216,bound_hit,1250
measured,probe-memory-buffer,run,2200,372484231,0,20000,10000,20000,10000,16777216,bound_hit,1250
measured,probe-memory-buffer,run,2201,372603731,0,20000,10000,20000,10000,16777216,bound_hit,1250
measured,probe-memory-buffer,run,2202,372724731,0,20000,10000,20000,10000,16777216,bound_hit,1250
measured,probe-memory-buffer,run,2203,372844331,0,20000,10000,20000,10000,16777216,bound_hit,1250
measured,probe-memory-buffer,run,2204,372963731,0,20000,10000,20000,10000,16777216,bound_hit,1250
measured,probe-memory-buffer,run,2205,373083031,0,20000,10000,20000,10000,16777216,bound_hit,1250
measured,probe-memory-buffer,run,2206,373202431,0,20000,10000,20000,10000,16777216,bound_hit,1250
measured,probe-memory-buffer,run,2207,373337631,0,20000,10000,20000,10000,16777216,bound_hit,1250
measured,probe-memory-buffer,run,2208,373470931,0,20000,10000,20000,10000,16777216,bound_hit,1250
measured,probe-memory-buffer,run,2209,373604031,0,20000,10000,20000,10000,16777216,bound_hit,1250
measured,probe-memory-buffer,run,2210,373736931,0,20000,10000,20000,10000,16777216,bound_hit,1250
measured,probe-memory-buffer,run,2211,373870231,0,20000,10000,20000,10000,16777216,bound_hit,1250
measured,probe-memory-buffer,run,2212,374002931,0,20000,10000,20000,10000,16777216,bound_hit,1250
measured,probe-memory-buffer,run,2213,374135831,0,20000,10000,20000,10000,16777216,bound_hit,1250
measured,probe-memory-buffer,run,2214,374268731,0,20000,10000,20000,10000,16777216,bound_hit,1250
measured,probe-memory-buffer,run,2215,374401731,0,20000,10000,20000,10000,16777216,bound_hit,1250
measured,probe-memory-buffer,run,2216,374534931,0,20000,10000,20000,10000,16777216,bound_hit,1250
measured,probe-memory-buffer,run,2217,374668531,0,20000,10000,20000,10000,16777216,bound_hit,1250
measured,probe-memory-buffer,run,2218,374802531,0,20000,10000,20000,10000,16777216,bound_hit,1250
measured,probe-memory-buffer,run,2219,374937031,0,20000,10000,20000,10000,16777216,bound_hit,1250
measured,probe-memory-buffer,run,2220,375070531,0,20000,10000,20000,10000,16777216,bound_hit,1250
measured,probe-memory-buffer,run,2221,375212231,0,20000,10000,20000,10000,16777216,bound_hit,1250
measured,probe-memory-buffer,run,2222,375359831,0,20000,10000,20000,10000,16777216,bound_hit,1250
measured,probe-memory-buffer,run,2223,375503031,0,20000,10000,20000,10000,16777216,bound_hit,1250
measured,probe-memory-buffer,run,2224,375644731,0,20000,10000,20000,10000,16777216,bound_hit,1250
measured,probe-memory-buffer,run,2225,375786231,0,20000,10000,20000,10000,16777216,bound_hit,1250
measured,probe-memory-buffer,run,2226,375953131,0,20000,10000,20000,10000,16777216,bound_hit,1250
measured,probe-memory-buffer,run,2227,376119831,0,20000,10000,20000,10000,16777216,bound_hit,1250
measured,probe-memory-buffer,run,2228,376269531,0,20000,10000,20000,10000,16777216,bound_hit,1250
measured,probe-memory-buffer,run,2229,376411131,0,20000,10000,20000,10000,16777216,bound_hit,1250
measured,probe-memory-buffer,run,2230,376546631,0,20000,10000,20000,10000,16777216,bound_hit,1250
measured,probe-memory-buffer,run,2231,376679831,0,20000,10000,20000,10000,16777216,bound_hit,1250
measured,probe-memory-buffer,run,2232,376801731,0,20000,10000,20000,10000,16777216,bound_hit,1250
measured,probe-memory-buffer,run,2233,376938231,0,20000,10000,20000,10000,16777216,bound_hit,1250
measured,probe-memory-buffer,run,2234,377073331,0,20000,10000,20000,10000,16777216,bound_hit,1250
measured,probe-memory-buffer,run,2235,377208231,0,20000,10000,20000,10000,16777216,bound_hit,1250
measured,probe-memory-buffer,run,2236,377343231,0,20000,10000,20000,10000,16777216,bound_hit,1250
measured,probe-memory-buffer,run,2237,377478830,0,20000,10000,20000,10000,16777216,bound_hit,1250
measured,probe-memory-buffer,run,2238,377613730,0,20000,10000,20000,10000,16777216,bound_hit,1250
measured,probe-memory-buffer,run,2239,377748430,0,20000,10000,20000,10000,16777216,bound_hit,1250
measured,probe-memory-buffer,run,2240,377883030,0,20000,10000,20000,10000,16777216,bound_hit,1250
measured,probe-memory-buffer,run,2241,378018230,0,20000,10000,20000,10000,16777216,bound_hit,1250
measured,probe-memory-buffer,run,2242,378153430,0,20000,10000,20000,10000,16777216,bound_hit,1250
measured,probe-memory-buffer,run,2243,378288130,0,20000,10000,20000,10000,16777216,bound_hit,1250
measured,probe-memory-buffer,run,2244,378423830,0,20000,10000,20000,10000,16777216,bound_hit,1250
measured,probe-memory-buffer,run,2245,378566030,0,20000,10000,20000,10000,16777216,bound_hit,1250
measured,probe-memory-buffer,run,2246,378701130,0,20000,10000,20000,10000,16777216,bound_hit,1250
measured,probe-memory-buffer,run,2247,378836130,0,20000,10000,20000,10000,16777216,bound_hit,1250
measured,probe-memory-buffer,run,2248,378971430,0,20000,10000,20000,10000,16777216,bound_hit,1250
measured,probe-memory-buffer,run,2249,379106630,0,20000,10000,20000,10000,16777216,bound_hit,1250
measured,probe-memory-buffer,run,2250,379241430,0,20000,10000,20000,10000,16777216,bound_hit,1250
measured,probe-memory-buffer,run,2251,379376330,0,20000,10000,20000,10000,16777216,bound_hit,1250
measured,probe-memory-buffer,run,2252,379511430,0,20000,10000,20000,10000,16777216,bound_hit,1250
measured,probe-memory-buffer,run,2253,379646330,0,20000,10000,20000,10000,16777216,bound_hit,1250
measured,probe-memory-buffer,run,2254,379781330,0,20000,10000,20000,10000,16777216,bound_hit,1250
measured,probe-memory-buffer,run,2255,379916030,0,20000,10000,20000,10000,16777216,bound_hit,1250
measured,probe-memory-buffer,run,2256,380050430,0,20000,10000,20000,10000,16777216,bound_hit,1250
measured,probe-memory-buffer,run,2257,380185030,0,20000,10000,20000,10000,16777216,bound_hit,1250
measured,probe-memory-buffer,run,2258,380319630,0,20000,10000,20000,10000,16777216,bound_hit,1250
measured,probe-memory-buffer,run,2259,380454130,0,20000,10000,20000,10000,16777216,bound_hit,1250
measured,probe-memory-buffer,run,2260,380588730,0,20000,10000,20000,10000,16777216,bound_hit,1250
measured,probe-memory-buffer,run,2261,380724730,0,20000,10000,20000,10000,16777216,bound_hit,1250
measured,probe-memory-buffer,run,2262,380859930,0,20000,10000,20000,10000,16777216,bound_hit,1250
measured,probe-memory-buffer,run,2263,380995130,0,20000,10000,20000,10000,16777216,bound_hit,1250
measured,probe-memory-buffer,run,2264,381129930,0,20000,10000,20000,10000,16777216,bound_hit,1250
measured,probe-memory-buffer,run,2265,381264430,0,20000,10000,20000,10000,16777216,bound_hit,1250
measured,probe-memory-buffer,run,2266,381399030,0,20000,10000,20000,10000,16777216,bound_hit,1250
measured,probe-memory-buffer,run,2267,381533430,0,20000,10000,20000,10000,16777216,bound_hit,1250
measured,probe-memory-buffer,run,2268,381667830,0,20000,10000,20000,10000,16777216,bound_hit,1250
measured,probe-memory-buffer,run,2269,381802330,0,20000,10000,20000,10000,16777216,bound_hit,1250
measured,probe-memory-buffer,run,2270,381962530,0,20000,10000,20000,10000,16777216,bound_hit,1250
measured,probe-memory-buffer,run,2271,382166030,0,20000,10000,20000,10000,16777216,bound_hit,1250
measured,probe-memory-buffer,run,2272,382329430,0,20000,10000,20000,10000,16777216,bound_hit,1250
measured,probe-memory-buffer,run,2273,382486030,0,20000,10000,20000,10000,16777216,bound_hit,1250
measured,probe-memory-buffer,run,2274,382639930,0,20000,10000,20000,10000,16777216,bound_hit,1250
measured,probe-memory-buffer,run,2275,382785129,0,20000,10000,20000,10000,16777216,bound_hit,1250
measured,probe-memory-buffer,run,2276,382928629,0,20000,10000,20000,10000,16777216,bound_hit,1250
measured,probe-memory-buffer,run,2277,383071329,0,20000,10000,20000,10000,16777216,bound_hit,1250
measured,probe-memory-buffer,run,2278,383238229,0,20000,10000,20000,10000,16777216,bound_hit,1250
measured,probe-memory-buffer,run,2279,383400129,0,20000,10000,20000,10000,16777216,bound_hit,1250
measured,probe-memory-buffer,run,2280,383552229,0,20000,10000,20000,10000,16777216,bound_hit,1250
measured,probe-memory-buffer,run,2281,383709729,0,20000,10000,20000,10000,16777216,bound_hit,1250
measured,probe-memory-buffer,run,2282,383887829,0,20000,10000,20000,10000,16777216,bound_hit,1250
measured,probe-memory-buffer,run,2283,384055029,0,20000,10000,20000,10000,16777216,bound_hit,1250
measured,probe-memory-buffer,run,2284,384201729,0,20000,10000,20000,10000,16777216,bound_hit,1250
measured,probe-memory-buffer,run,2285,384367429,0,20000,10000,20000,10000,16777216,bound_hit,1250
measured,probe-memory-buffer,run,2286,384532629,0,20000,10000,20000,10000,16777216,bound_hit,1250
measured,probe-memory-buffer,run,2287,384678829,0,20000,10000,20000,10000,16777216,bound_hit,1250
measured,probe-memory-buffer,run,2288,384826029,0,20000,10000,20000,10000,16777216,bound_hit,1250
measured,probe-memory-buffer,run,2289,384963229,0,20000,10000,20000,10000,16777216,bound_hit,1250
measured,probe-memory-buffer,run,2290,385101629,0,20000,10000,20000,10000,16777216,bound_hit,1250
measured,probe-memory-buffer,run,2291,385239129,0,20000,10000,20000,10000,16777216,bound_hit,1250
measured,probe-memory-buffer,run,2292,385377129,0,20000,10000,20000,10000,16777216,bound_hit,1250
measured,probe-memory-buffer,run,2293,385515129,0,20000,10000,20000,10000,16777216,bound_hit,1250
measured,probe-memory-buffer,run,2294,385652329,0,20000,10000,20000,10000,16777216,bound_hit,1250
measured,probe-memory-buffer,run,2295,385789429,0,20000,10000,20000,10000,16777216,bound_hit,1250
measured,probe-memory-buffer,run,2296,385928029,0,20000,10000,20000,10000,16777216,bound_hit,1250
measured,probe-memory-buffer,run,2297,386066429,0,20000,10000,20000,10000,16777216,bound_hit,1250
measured,probe-memory-buffer,run,2298,386204129,0,20000,10000,20000,10000,16777216,bound_hit,1250
measured,probe-memory-buffer,run,2299,386339829,0,20000,10000,20000,10000,16777216,bound_hit,1250
measured,probe-memory-buffer,run,2300,386476029,0,20000,10000,20000,10000,16777216,bound_hit,1250
measured,probe-memory-buffer,run,2301,386624729,0,20000,10000,20000,10000,16777216,bound_hit,1250
measured,probe-memory-buffer,run,2302,386762229,0,20000,10000,20000,10000,16777216,bound_hit,1250
measured,probe-memory-buffer,run,2303,386899029,0,20000,10000,20000,10000,16777216,bound_hit,1250
measured,probe-memory-buffer,run,2304,387037229,0,20000,10000,20000,10000,16777216,bound_hit,1250
measured,probe-memory-buffer,run,2305,387173229,0,20000,10000,20000,10000,16777216,bound_hit,1250
measured,probe-memory-buffer,run,2306,387308929,0,20000,10000,20000,10000,16777216,bound_hit,1250
measured,probe-memory-buffer,run,2307,387444529,0,20000,10000,20000,10000,16777216,bound_hit,1250
measured,probe-memory-buffer,run,2308,387580829,0,20000,10000,20000,10000,16777216,bound_hit,1250
measured,probe-memory-buffer,run,2309,387716529,0,20000,10000,20000,10000,16777216,bound_hit,1250
measured,probe-memory-buffer,run,2310,387852929,0,20000,10000,20000,10000,16777216,bound_hit,1250
measured,probe-memory-buffer,run,2311,387990429,0,20000,10000,20000,10000,16777216,bound_hit,1250
measured,probe-memory-buffer,run,2312,388138929,0,20000,10000,20000,10000,16777216,bound_hit,1250
measured,probe-memory-buffer,run,2313,388308328,0,20000,10000,20000,10000,16777216,bound_hit,1250
measured,probe-memory-buffer,run,2314,388478428,0,20000,10000,20000,10000,16777216,bound_hit,1250
measured,probe-memory-buffer,run,2315,388627928,0,20000,10000,20000,10000,16777216,bound_hit,1250
measured,probe-memory-buffer,run,2316,388769528,0,20000,10000,20000,10000,16777216,bound_hit,1250
measured,probe-memory-buffer,run,2317,388919428,0,20000,10000,20000,10000,16777216,bound_hit,1250
measured,probe-memory-buffer,run,2318,389119228,0,20000,10000,20000,10000,16777216,bound_hit,1250
measured,probe-memory-buffer,run,2319,389269928,0,20000,10000,20000,10000,16777216,bound_hit,1250
measured,probe-memory-buffer,run,2320,389440728,0,20000,10000,20000,10000,16777216,bound_hit,1250
measured,probe-memory-buffer,run,2321,389611328,0,20000,10000,20000,10000,16777216,bound_hit,1250
measured,probe-memory-buffer,run,2322,389759728,0,20000,10000,20000,10000,16777216,bound_hit,1250
measured,probe-memory-buffer,run,2323,389908228,0,20000,10000,20000,10000,16777216,bound_hit,1250
measured,probe-memory-buffer,run,2324,390053828,0,20000,10000,20000,10000,16777216,bound_hit,1250
measured,probe-memory-buffer,run,2325,390190728,0,20000,10000,20000,10000,16777216,bound_hit,1250
measured,probe-memory-buffer,run,2326,390327328,0,20000,10000,20000,10000,16777216,bound_hit,1250
measured,probe-memory-buffer,run,2327,390518128,0,20000,10000,20000,10000,16777216,bound_hit,1250
measured,probe-memory-buffer,run,2328,390687328,0,20000,10000,20000,10000,16777216,bound_hit,1250
measured,probe-memory-buffer,run,2329,390851528,0,20000,10000,20000,10000,16777216,bound_hit,1250
measured,probe-memory-buffer,run,2330,391016028,0,20000,10000,20000,10000,16777216,bound_hit,1250
measured,probe-memory-buffer,run,2331,391156728,0,20000,10000,20000,10000,16777216,bound_hit,1250
measured,probe-memory-buffer,run,2332,391297828,0,20000,10000,20000,10000,16777216,bound_hit,1250
measured,probe-memory-buffer,run,2333,391435228,0,20000,10000,20000,10000,16777216,bound_hit,1250
measured,probe-memory-buffer,run,2334,391570028,0,20000,10000,20000,10000,16777216,bound_hit,1250
measured,probe-memory-buffer,run,2335,391704328,0,20000,10000,20000,10000,16777216,bound_hit,1250
measured,probe-memory-buffer,run,2336,391838828,0,20000,10000,20000,10000,16777216,bound_hit,1250
measured,probe-memory-buffer,run,2337,391973328,0,20000,10000,20000,10000,16777216,bound_hit,1250
measured,probe-memory-buffer,run,2338,392107828,0,20000,10000,20000,10000,16777216,bound_hit,1250
measured,probe-memory-buffer,run,2339,392244328,0,20000,10000,20000,10000,16777216,bound_hit,1250
measured,probe-memory-buffer,run,2340,392378828,0,20000,10000,20000,10000,16777216,bound_hit,1250
measured,probe-memory-buffer,run,2341,392513228,0,20000,10000,20000,10000,16777216,bound_hit,1250
measured,probe-memory-buffer,run,2342,392647528,0,20000,10000,20000,10000,16777216,bound_hit,1250
measured,probe-memory-buffer,run,2343,392684128,0,20000,10000,20000,10000,16777216,update,0
measured,probe-memory-buffer,run,2344,392807528,0,20000,10000,20000,10000,16777216,bound_hit,1250
measured,probe-memory-buffer,run,2345,392942128,0,20000,10000,20000,10000,16777216,bound_hit,1250
measured,probe-memory-buffer,run,2346,393076228,0,20000,10000,20000,10000,16777216,bound_hit,1250
measured,probe-memory-buffer,run,2347,393210428,0,20000,10000,20000,10000,16777216,bound_hit,1250
measured,probe-memory-buffer,run,2348,393344528,0,20000,10000,20000,10000,16777216,bound_hit,1250
measured,probe-memory-buffer,run,2349,393478928,0,20000,10000,20000,10000,16777216,bound_hit,1250
measured,probe-memory-buffer,run,2350,393613527,0,20000,10000,20000,10000,16777216,bound_hit,1250
measured,probe-memory-buffer,run,2351,393748027,0,20000,10000,20000,10000,16777216,bound_hit,1250
measured,probe-memory-buffer,run,2352,393882427,0,20000,10000,20000,10000,16777216,bound_hit,1250
measured,probe-memory-buffer,run,2353,394017227,0,20000,10000,20000,10000,16777216,bound_hit,1250
measured,probe-memory-buffer,run,2354,394151427,0,20000,10000,20000,10000,16777216,bound_hit,1250
measured,probe-memory-buffer,run,2355,394285827,0,20000,10000,20000,10000,16777216,bound_hit,1250
measured,probe-memory-buffer,run,2356,394420127,0,20000,10000,20000,10000,16777216,bound_hit,1250
measured,probe-memory-buffer,run,2357,394554627,0,20000,10000,20000,10000,16777216,bound_hit,1250
measured,probe-memory-buffer,run,2358,394697727,0,20000,10000,20000,10000,16777216,bound_hit,1250
measured,probe-memory-buffer,run,2359,394832327,0,20000,10000,20000,10000,16777216,bound_hit,1250
measured,probe-memory-buffer,run,2360,394966227,0,20000,10000,20000,10000,16777216,bound_hit,1250
measured,probe-memory-buffer,run,2361,395099527,0,20000,10000,20000,10000,16777216,bound_hit,1250
measured,probe-memory-buffer,run,2362,395233127,0,20000,10000,20000,10000,16777216,bound_hit,1250
measured,probe-memory-buffer,run,2363,395366627,0,20000,10000,20000,10000,16777216,bound_hit,1250
measured,probe-memory-buffer,run,2364,395499827,0,20000,10000,20000,10000,16777216,bound_hit,1250
measured,probe-memory-buffer,run,2365,395633327,0,20000,10000,20000,10000,16777216,bound_hit,1250
measured,probe-memory-buffer,run,2366,395766527,0,20000,10000,20000,10000,16777216,bound_hit,1250
measured,probe-memory-buffer,run,2367,395914927,0,20000,10000,20000,10000,16777216,bound_hit,1250
measured,probe-memory-buffer,run,2368,396058127,0,20000,10000,20000,10000,16777216,bound_hit,1250
measured,probe-memory-buffer,run,2369,396203027,0,20000,10000,20000,10000,16777216,bound_hit,1250
measured,probe-memory-buffer,run,2370,396341827,0,20000,10000,20000,10000,16777216,bound_hit,1250
measured,probe-memory-buffer,run,2371,396507127,0,20000,10000,20000,10000,16777216,bound_hit,1250
measured,probe-memory-buffer,run,2372,396678627,0,20000,10000,20000,10000,16777216,bound_hit,1250
measured,probe-memory-buffer,run,2373,396801927,0,20000,10000,20000,10000,16777216,bound_hit,1250
measured,probe-memory-buffer,run,2374,396982427,0,20000,10000,20000,10000,16777216,bound_hit,1250
measured,probe-memory-buffer,run,2375,397167627,0,20000,10000,20000,10000,16777216,bound_hit,1250
measured,probe-memory-buffer,run,2376,397325727,0,20000,10000,20000,10000,16777216,bound_hit,1250
measured,probe-memory-buffer,run,2377,397484827,0,20000,10000,20000,10000,16777216,bound_hit,1250
measured,probe-memory-buffer,run,2378,397621427,0,20000,10000,20000,10000,16777216,bound_hit,1250
measured,probe-memory-buffer,run,2379,397757927,0,20000,10000,20000,10000,16777216,bound_hit,1250
measured,probe-memory-buffer,run,2380,397894027,0,20000,10000,20000,10000,16777216,bound_hit,1250
measured,probe-memory-buffer,run,2381,398030427,0,20000,10000,20000,10000,16777216,bound_hit,1250
measured,probe-memory-buffer,run,2382,398172627,0,20000,10000,20000,10000,16777216,bound_hit,1250
measured,probe-memory-buffer,run,2383,398311727,0,20000,10000,20000,10000,16777216,bound_hit,1250
measured,probe-memory-buffer,run,2384,398449227,0,20000,10000,20000,10000,16777216,bound_hit,1250
measured,probe-memory-buffer,run,2385,398585527,0,20000,10000,20000,10000,16777216,bound_hit,1250
measured,probe-memory-buffer,run,2386,398721727,0,20000,10000,20000,10000,16777216,bound_hit,1250
measured,probe-memory-buffer,run,2387,398859327,0,20000,10000,20000,10000,16777216,bound_hit,1250
measured,probe-memory-buffer,run,2388,398995626,0,20000,10000,20000,10000,16777216,bound_hit,1250
measured,probe-memory-buffer,run,2389,399132126,0,20000,10000,20000,10000,16777216,bound_hit,1250
measured,probe-memory-buffer,run,2390,399267826,0,20000,10000,20000,10000,16777216,bound_hit,1250
measured,probe-memory-buffer,run,2391,399403926,0,20000,10000,20000,10000,16777216,bound_hit,1250
measured,probe-memory-buffer,run,2392,399540126,0,20000,10000,20000,10000,16777216,bound_hit,1250
measured,probe-memory-buffer,run,2393,399676026,0,20000,10000,20000,10000,16777216,bound_hit,1250
measured,probe-memory-buffer,run,2394,399812026,0,20000,10000,20000,10000,16777216,bound_hit,1250
measured,probe-memory-buffer,run,2395,399948126,0,20000,10000,20000,10000,16777216,bound_hit,1250
measured,probe-memory-buffer,run,2396,400084226,0,20000,10000,20000,10000,16777216,bound_hit,1250
measured,probe-memory-buffer,run,2397,400220026,0,20000,10000,20000,10000,16777216,bound_hit,1250
measured,probe-memory-buffer,run,2398,400355726,0,20000,10000,20000,10000,16777216,bound_hit,1250
measured,probe-memory-buffer,run,2399,400491926,0,20000,10000,20000,10000,16777216,bound_hit,1250
measured,probe-memory-buffer,run,2400,400628126,0,20000,10000,20000,10000,16777216,bound_hit,1250
measured,probe-memory-buffer,run,2401,400765826,0,20000,10000,20000,10000,16777216,bound_hit,1250
measured,probe-memory-buffer,run,2402,400902626,0,20000,10000,20000,10000,16777216,bound_hit,1250
measured,probe-memory-buffer,run,2403,401038626,0,20000,10000,20000,10000,16777216,bound_hit,1250
measured,probe-memory-buffer,run,2404,401175126,0,20000,10000,20000,10000,16777216,bound_hit,1250
measured,probe-memory-buffer,run,2405,401311126,0,20000,10000,20000,10000,16777216,bound_hit,1250
measured,probe-memory-buffer,run,2406,401447726,0,20000,10000,20000,10000,16777216,bound_hit,1250
measured,probe-memory-buffer,run,2407,401583526,0,20000,10000,20000,10000,16777216,bound_hit,1250
measured,probe-memory-buffer,run,2408,401719726,0,20000,10000,20000,10000,16777216,bound_hit,1250
measured,probe-memory-buffer,run,2409,401855826,0,20000,10000,20000,10000,16777216,bound_hit,1250
measured,probe-memory-buffer,run,2410,401991926,0,20000,10000,20000,10000,16777216,bound_hit,1250
measured,probe-memory-buffer,run,2411,402128026,0,20000,10000,20000,10000,16777216,bound_hit,1250
measured,probe-memory-buffer,run,2412,402264126,0,20000,10000,20000,10000,16777216,bound_hit,1250
measured,probe-memory-buffer,run,2413,402400026,0,20000,10000,20000,10000,16777216,bound_hit,1250
measured,probe-memory-buffer,run,2414,402536226,0,20000,10000,20000,10000,16777216,bound_hit,1250
measured,probe-memory-buffer,run,2415,402680726,0,20000,10000,20000,10000,16777216,bound_hit,1250
measured,probe-memory-buffer,run,2416,402826826,0,20000,10000,20000,10000,16777216,bound_hit,1250
measured,probe-memory-buffer,run,2417,402969626,0,20000,10000,20000,10000,16777216,bound_hit,1250
measured,probe-memory-buffer,run,2418,403108226,0,20000,10000,20000,10000,16777216,bound_hit,1250
measured,probe-memory-buffer,run,2419,403245226,0,20000,10000,20000,10000,16777216,bound_hit,1250
measured,probe-memory-buffer,run,2420,403383126,0,20000,10000,20000,10000,16777216,bound_hit,1250
measured,probe-memory-buffer,run,2421,403523426,0,20000,10000,20000,10000,16777216,bound_hit,1250
measured,probe-memory-buffer,run,2422,403666826,0,20000,10000,20000,10000,16777216,bound_hit,1250
measured,probe-memory-buffer,run,2423,403806926,0,20000,10000,20000,10000,16777216,bound_hit,1250
measured,probe-memory-buffer,run,2424,403947026,0,20000,10000,20000,10000,16777216,bound_hit,1250
measured,probe-memory-buffer,run,2425,404087326,0,20000,10000,20000,10000,16777216,bound_hit,1250
measured,probe-memory-buffer,run,2426,404234026,0,20000,10000,20000,10000,16777216,bound_hit,1250
measured,probe-memory-buffer,run,2427,404371125,0,20000,10000,20000,10000,16777216,bound_hit,1250
measured,probe-memory-buffer,run,2428,404507525,0,20000,10000,20000,10000,16777216,bound_hit,1250
measured,probe-memory-buffer,run,2429,404644025,0,20000,10000,20000,10000,16777216,bound_hit,1250
measured,probe-memory-buffer,run,2430,404807825,0,20000,10000,20000,10000,16777216,bound_hit,1250
measured,probe-memory-buffer,run,2431,404929125,0,20000,10000,20000,10000,16777216,bound_hit,1250
measured,probe-memory-buffer,run,2432,405050125,0,20000,10000,20000,10000,16777216,bound_hit,1250
measured,probe-memory-buffer,run,2433,405172425,0,20000,10000,20000,10000,16777216,bound_hit,1250
measured,probe-memory-buffer,run,2434,405293725,0,20000,10000,20000,10000,16777216,bound_hit,1250
measured,probe-memory-buffer,run,2435,405414825,0,20000,10000,20000,10000,16777216,bound_hit,1250
measured,probe-memory-buffer,run,2436,405535525,0,20000,10000,20000,10000,16777216,bound_hit,1250
measured,probe-memory-buffer,run,2437,405657325,0,20000,10000,20000,10000,16777216,bound_hit,1250
measured,probe-memory-buffer,run,2438,405778925,0,20000,10000,20000,10000,16777216,bound_hit,1250
measured,probe-memory-buffer,run,2439,405900325,0,20000,10000,20000,10000,16777216,bound_hit,1250
measured,probe-memory-buffer,run,2440,406022125,0,20000,10000,20000,10000,16777216,bound_hit,1250
measured,probe-memory-buffer,run,2441,406143225,0,20000,10000,20000,10000,16777216,bound_hit,1250
measured,probe-memory-buffer,run,2442,406264225,0,20000,10000,20000,10000,16777216,bound_hit,1250
measured,probe-memory-buffer,run,2443,406385325,0,20000,10000,20000,10000,16777216,bound_hit,1250
measured,probe-memory-buffer,run,2444,406506125,0,20000,10000,20000,10000,16777216,bound_hit,1250
measured,probe-memory-buffer,run,2445,406627025,0,20000,10000,20000,10000,16777216,bound_hit,1250
measured,probe-memory-buffer,run,2446,406747725,0,20000,10000,20000,10000,16777216,bound_hit,1250
measured,probe-memory-buffer,run,2447,406869125,0,20000,10000,20000,10000,16777216,bound_hit,1250
measured,probe-memory-buffer,run,2448,406990025,0,20000,10000,20000,10000,16777216,bound_hit,1250
measured,probe-memory-buffer,run,2449,407111625,0,20000,10000,20000,10000,16777216,bound_hit,1250
measured,probe-memory-buffer,run,2450,407232825,0,20000,10000,20000,10000,16777216,bound_hit,1250
measured,probe-memory-buffer,run,2451,407354025,0,20000,10000,20000,10000,16777216,bound_hit,1250
measured,probe-memory-buffer,run,2452,407475025,0,20000,10000,20000,10000,16777216,bound_hit,1250
measured,probe-memory-buffer,run,2453,407595625,0,20000,10000,20000,10000,16777216,bound_hit,1250
measured,probe-memory-buffer,run,2454,407716125,0,20000,10000,20000,10000,16777216,bound_hit,1250
measured,probe-memory-buffer,run,2455,407836725,0,20000,10000,20000,10000,16777216,bound_hit,1250
measured,probe-memory-buffer,run,2456,407957425,0,20000,10000,20000,10000,16777216,bound_hit,1250
measured,probe-memory-buffer,run,2457,408078025,0,20000,10000,20000,10000,16777216,bound_hit,1250
measured,probe-memory-buffer,run,2458,408198225,0,20000,10000,20000,10000,16777216,bound_hit,1250
measured,probe-memory-buffer,run,2459,408318425,0,20000,10000,20000,10000,16777216,bound_hit,1250
measured,probe-memory-buffer,run,2460,408438825,0,20000,10000,20000,10000,16777216,bound_hit,1250
measured,probe-memory-buffer,run,2461,408559125,0,20000,10000,20000,10000,16777216,bound_hit,1250
measured,probe-memory-buffer,run,2462,408675625,0,20000,10000,20000,10000,16777216,bound_hit,1250
measured,probe-memory-buffer,run,2463,408796225,0,20000,10000,20000,10000,16777216,bound_hit,1250
measured,probe-memory-buffer,run,2464,408916525,0,20000,10000,20000,10000,16777216,bound_hit,1250
measured,probe-memory-buffer,run,2465,409036825,0,20000,10000,20000,10000,16777216,bound_hit,1250
measured,probe-memory-buffer,run,2466,409156825,0,20000,10000,20000,10000,16777216,bound_hit,1250
measured,probe-memory-buffer,run,2467,409277125,0,20000,10000,20000,10000,16777216,bound_hit,1250
measured,probe-memory-buffer,run,2468,409397225,0,20000,10000,20000,10000,16777216,bound_hit,1250
measured,probe-memory-buffer,run,2469,409517525,0,20000,10000,20000,10000,16777216,bound_hit,1250
measured,probe-memory-buffer,run,2470,409640225,0,20000,10000,20000,10000,16777216,bound_hit,1250
measured,probe-memory-buffer,run,2471,409778424,0,20000,10000,20000,10000,16777216,bound_hit,1250
measured,probe-memory-buffer,run,2472,409908524,0,20000,10000,20000,10000,16777216,bound_hit,1250
measured,probe-memory-buffer,run,2473,410029424,0,20000,10000,20000,10000,16777216,bound_hit,1250
measured,probe-memory-buffer,run,2474,410155524,0,20000,10000,20000,10000,16777216,bound_hit,1250
measured,probe-memory-buffer,run,2475,410289324,0,20000,10000,20000,10000,16777216,bound_hit,1250
measured,probe-memory-buffer,run,2476,410419824,0,20000,10000,20000,10000,16777216,bound_hit,1250
measured,probe-memory-buffer,run,2477,410545624,0,20000,10000,20000,10000,16777216,bound_hit,1250
measured,probe-memory-buffer,run,2478,410670724,0,20000,10000,20000,10000,16777216,bound_hit,1250
measured,probe-memory-buffer,run,2479,410797924,0,20000,10000,20000,10000,16777216,bound_hit,1250
measured,probe-memory-buffer,run,2480,410922624,0,20000,10000,20000,10000,16777216,bound_hit,1250
measured,probe-memory-buffer,run,2481,411046824,0,20000,10000,20000,10000,16777216,bound_hit,1250
measured,probe-memory-buffer,run,2482,411212424,0,20000,10000,20000,10000,16777216,bound_hit,1250
measured,probe-memory-buffer,run,2483,411339524,0,20000,10000,20000,10000,16777216,bound_hit,1250
measured,probe-memory-buffer,run,2484,411464224,0,20000,10000,20000,10000,16777216,bound_hit,1250
measured,probe-memory-buffer,run,2485,411588324,0,20000,10000,20000,10000,16777216,bound_hit,1250
measured,probe-memory-buffer,run,2486,411712024,0,20000,10000,20000,10000,16777216,bound_hit,1250
measured,probe-memory-buffer,run,2487,411835824,0,20000,10000,20000,10000,16777216,bound_hit,1250
measured,probe-memory-buffer,run,2488,411959524,0,20000,10000,20000,10000,16777216,bound_hit,1250
measured,probe-memory-buffer,run,2489,412083324,0,20000,10000,20000,10000,16777216,bound_hit,1250
measured,probe-memory-buffer,run,2490,412207124,0,20000,10000,20000,10000,16777216,bound_hit,1250
measured,probe-memory-buffer,run,2491,412330824,0,20000,10000,20000,10000,16777216,bound_hit,1250
measured,probe-memory-buffer,run,2492,412454024,0,20000,10000,20000,10000,16777216,bound_hit,1250
measured,probe-memory-buffer,run,2493,412575024,0,20000,10000,20000,10000,16777216,bound_hit,1250
measured,probe-memory-buffer,run,2494,412693724,0,20000,10000,20000,10000,16777216,bound_hit,1250
measured,probe-memory-buffer,run,2495,412813324,0,20000,10000,20000,10000,16777216,bound_hit,1250
measured,probe-memory-buffer,run,2496,412932824,0,20000,10000,20000,10000,16777216,bound_hit,1250
measured,probe-memory-buffer,run,2497,413052224,0,20000,10000,20000,10000,16777216,bound_hit,1250
measured,probe-memory-buffer,run,2498,413171424,0,20000,10000,20000,10000,16777216,bound_hit,1250
measured,probe-memory-buffer,run,2499,413290924,0,20000,10000,20000,10000,16777216,bound_hit,1250
measured,probe-memory-buffer,run,2500,413410324,0,20000,10000,20000,10000,16777216,bound_hit,1250
measured,probe-memory-buffer,run,2501,413529524,0,20000,10000,20000,10000,16777216,bound_hit,1250
measured,probe-memory-buffer,run,2502,413648824,0,20000,10000,20000,10000,16777216,bound_hit,1250
measured,probe-memory-buffer,run,2503,413768124,0,20000,10000,20000,10000,16777216,bound_hit,1250
measured,probe-memory-buffer,run,2504,413887324,0,20000,10000,20000,10000,16777216,bound_hit,1250
measured,probe-memory-buffer,run,2505,414006524,0,20000,10000,20000,10000,16777216,bound_hit,1250
measured,probe-memory-buffer,run,2506,414125724,0,20000,10000,20000,10000,16777216,bound_hit,1250
measured,probe-memory-buffer,run,2507,414244824,0,20000,10000,20000,10000,16777216,bound_hit,1250
measured,probe-memory-buffer,run,2508,414364024,0,20000,10000,20000,10000,16777216,bound_hit,1250
measured,probe-memory-buffer,run,2509,414483124,0,20000,10000,20000,10000,16777216,bound_hit,1250
measured,probe-memory-buffer,run,2510,414602424,0,20000,10000,20000,10000,16777216,bound_hit,1250
measured,probe-memory-buffer,run,2511,414721924,0,20000,10000,20000,10000,16777216,bound_hit,1250
measured,probe-memory-buffer,run,2512,414841024,0,20000,10000,20000,10000,16777216,bound_hit,1250
measured,probe-memory-buffer,run,2513,414960424,0,20000,10000,20000,10000,16777216,bound_hit,1250
measured,probe-memory-buffer,run,2514,415079624,0,20000,10000,20000,10000,16777216,bound_hit,1250
measured,probe-memory-buffer,run,2515,415198923,0,20000,10000,20000,10000,16777216,bound_hit,1250
measured,probe-memory-buffer,run,2516,415318123,0,20000,10000,20000,10000,16777216,bound_hit,1250
measured,probe-memory-buffer,run,2517,415437323,0,20000,10000,20000,10000,16777216,bound_hit,1250
measured,probe-memory-buffer,run,2518,415556623,0,20000,10000,20000,10000,16777216,bound_hit,1250
measured,probe-memory-buffer,run,2519,415676023,0,20000,10000,20000,10000,16777216,bound_hit,1250
measured,probe-memory-buffer,run,2520,415795423,0,20000,10000,20000,10000,16777216,bound_hit,1250
measured,probe-memory-buffer,run,2521,415914623,0,20000,10000,20000,10000,16777216,bound_hit,1250
measured,probe-memory-buffer,run,2522,416033723,0,20000,10000,20000,10000,16777216,bound_hit,1250
measured,probe-memory-buffer,run,2523,416153123,0,20000,10000,20000,10000,16777216,bound_hit,1250
measured,probe-memory-buffer,run,2524,416272523,0,20000,10000,20000,10000,16777216,bound_hit,1250
measured,probe-memory-buffer,run,2525,416391723,0,20000,10000,20000,10000,16777216,bound_hit,1250
measured,probe-memory-buffer,run,2526,416511023,0,20000,10000,20000,10000,16777216,bound_hit,1250
measured,probe-memory-buffer,run,2527,416713923,0,20000,10000,20000,10000,16777216,bound_hit,1250
measured,probe-memory-buffer,run,2528,416841123,0,20000,10000,20000,10000,16777216,bound_hit,1250
measured,probe-memory-buffer,run,2529,416974723,0,20000,10000,20000,10000,16777216,bound_hit,1250
measured,probe-memory-buffer,run,2530,417101723,0,20000,10000,20000,10000,16777216,bound_hit,1250
measured,probe-memory-buffer,run,2531,417233523,0,20000,10000,20000,10000,16777216,bound_hit,1250
measured,probe-memory-buffer,run,2532,417357223,0,20000,10000,20000,10000,16777216,bound_hit,1250
measured,probe-memory-buffer,run,2533,417478623,0,20000,10000,20000,10000,16777216,bound_hit,1250
measured,probe-memory-buffer,run,2534,417603723,0,20000,10000,20000,10000,16777216,bound_hit,1250
measured,probe-memory-buffer,run,2535,417724023,0,20000,10000,20000,10000,16777216,bound_hit,1250
measured,probe-memory-buffer,run,2536,417849123,0,20000,10000,20000,10000,16777216,bound_hit,1250
measured,probe-memory-buffer,run,2537,417970423,0,20000,10000,20000,10000,16777216,bound_hit,1250
measured,probe-memory-buffer,run,2538,418090923,0,20000,10000,20000,10000,16777216,bound_hit,1250
measured,probe-memory-buffer,run,2539,418211323,0,20000,10000,20000,10000,16777216,bound_hit,1250
measured,probe-memory-buffer,run,2540,418331423,0,20000,10000,20000,10000,16777216,bound_hit,1250
measured,probe-memory-buffer,run,2541,418451823,0,20000,10000,20000,10000,16777216,bound_hit,1250
measured,probe-memory-buffer,run,2542,418571923,0,20000,10000,20000,10000,16777216,bound_hit,1250
measured,probe-memory-buffer,run,2543,418692123,0,20000,10000,20000,10000,16777216,bound_hit,1250
measured,probe-memory-buffer,run,2544,418812523,0,20000,10000,20000,10000,16777216,bound_hit,1250
measured,probe-memory-buffer,run,2545,418932923,0,20000,10000,20000,10000,16777216,bound_hit,1250
measured,probe-memory-buffer,run,2546,419053023,0,20000,10000,20000,10000,16777216,bound_hit,1250
measured,probe-memory-buffer,run,2547,419173523,0,20000,10000,20000,10000,16777216,bound_hit,1250
measured,probe-memory-buffer,run,2548,419293623,0,20000,10000,20000,10000,16777216,bound_hit,1250
measured,probe-memory-buffer,run,2549,419414123,0,20000,10000,20000,10000,16777216,bound_hit,1250
measured,probe-memory-buffer,run,2550,419534323,0,20000,10000,20000,10000,16777216,bound_hit,1250
measured,probe-memory-buffer,run,2551,419654423,0,20000,10000,20000,10000,16777216,bound_hit,1250
measured,probe-memory-buffer,run,2552,419774523,0,20000,10000,20000,10000,16777216,bound_hit,1250
measured,probe-memory-buffer,run,2553,419894623,0,20000,10000,20000,10000,16777216,bound_hit,1250
measured,probe-memory-buffer,run,2554,420015223,0,20000,10000,20000,10000,16777216,bound_hit,1250
measured,probe-memory-buffer,run,2555,420135723,0,20000,10000,20000,10000,16777216,bound_hit,1250
measured,probe-memory-buffer,run,2556,420256123,0,20000,10000,20000,10000,16777216,bound_hit,1250
measured,probe-memory-buffer,run,2557,420376423,0,20000,10000,20000,10000,16777216,bound_hit,1250
measured,probe-memory-buffer,run,2558,420496823,0,20000,10000,20000,10000,16777216,bound_hit,1250
measured,probe-memory-buffer,run,2559,420617322,0,20000,10000,20000,10000,16777216,bound_hit,1250
measured,probe-memory-buffer,run,2560,420739922,0,20000,10000,20000,10000,16777216,bound_hit,1250
measured,probe-memory-buffer,run,2561,420860422,0,20000,10000,20000,10000,16777216,bound_hit,1250
measured,probe-memory-buffer,run,2562,420980722,0,20000,10000,20000,10000,16777216,bound_hit,1250
measured,probe-memory-buffer,run,2563,421100822,0,20000,10000,20000,10000,16777216,bound_hit,1250
measured,probe-memory-buffer,run,2564,421221022,0,20000,10000,20000,10000,16777216,bound_hit,1250
measured,probe-memory-buffer,run,2565,421341322,0,20000,10000,20000,10000,16777216,bound_hit,1250
measured,probe-memory-buffer,run,2566,421461422,0,20000,10000,20000,10000,16777216,bound_hit,1250
measured,probe-memory-buffer,run,2567,421581522,0,20000,10000,20000,10000,16777216,bound_hit,1250
measured,probe-memory-buffer,run,2568,421702022,0,20000,10000,20000,10000,16777216,bound_hit,1250
measured,probe-memory-buffer,run,2569,421822322,0,20000,10000,20000,10000,16777216,bound_hit,1250
measured,probe-memory-buffer,run,2570,421942422,0,20000,10000,20000,10000,16777216,bound_hit,1250
measured,probe-memory-buffer,run,2571,422062822,0,20000,10000,20000,10000,16777216,bound_hit,1250
measured,probe-memory-buffer,run,2572,422182822,0,20000,10000,20000,10000,16777216,bound_hit,1250
measured,probe-memory-buffer,run,2573,422303422,0,20000,10000,20000,10000,16777216,bound_hit,1250
measured,probe-memory-buffer,run,2574,422423622,0,20000,10000,20000,10000,16777216,bound_hit,1250
measured,probe-memory-buffer,run,2575,422543822,0,20000,10000,20000,10000,16777216,bound_hit,1250
measured,probe-memory-buffer,run,2576,422663922,0,20000,10000,20000,10000,16777216,bound_hit,1250
measured,probe-memory-buffer,run,2577,422784122,0,20000,10000,20000,10000,16777216,bound_hit,1250
measured,probe-memory-buffer,run,2578,422904222,0,20000,10000,20000,10000,16777216,bound_hit,1250
measured,probe-memory-buffer,run,2579,423024422,0,20000,10000,20000,10000,16777216,bound_hit,1250
measured,probe-memory-buffer,run,2580,423144522,0,20000,10000,20000,10000,16777216,bound_hit,1250
measured,probe-memory-buffer,run,2581,423264522,0,20000,10000,20000,10000,16777216,bound_hit,1250
measured,probe-memory-buffer,run,2582,423384522,0,20000,10000,20000,10000,16777216,bound_hit,1250
measured,probe-memory-buffer,run,2583,423504722,0,20000,10000,20000,10000,16777216,bound_hit,1250
measured,probe-memory-buffer,run,2584,423672322,0,20000,10000,20000,10000,16777216,bound_hit,1250
measured,probe-memory-buffer,run,2585,423800822,0,20000,10000,20000,10000,16777216,bound_hit,1250
measured,probe-memory-buffer,run,2586,423933822,0,20000,10000,20000,10000,16777216,bound_hit,1250
measured,probe-memory-buffer,run,2587,424060522,0,20000,10000,20000,10000,16777216,bound_hit,1250
measured,probe-memory-buffer,run,2588,424187322,0,20000,10000,20000,10000,16777216,bound_hit,1250
measured,probe-memory-buffer,run,2589,424313722,0,20000,10000,20000,10000,16777216,bound_hit,1250
measured,probe-memory-buffer,run,2590,424439222,0,20000,10000,20000,10000,16777216,bound_hit,1250
measured,probe-memory-buffer,run,2591,424564822,0,20000,10000,20000,10000,16777216,bound_hit,1250
measured,probe-memory-buffer,run,2592,424680422,0,20000,10000,20000,10000,16777216,bound_hit,1250
measured,probe-memory-buffer,run,2593,424805922,0,20000,10000,20000,10000,16777216,bound_hit,1250
measured,probe-memory-buffer,run,2594,424931422,0,20000,10000,20000,10000,16777216,bound_hit,1250
measured,probe-memory-buffer,run,2595,425056722,0,20000,10000,20000,10000,16777216,bound_hit,1250
measured,probe-memory-buffer,run,2596,425182422,0,20000,10000,20000,10000,16777216,bound_hit,1250
measured,probe-memory-buffer,run,2597,425307822,0,20000,10000,20000,10000,16777216,bound_hit,1250
measured,probe-memory-buffer,run,2598,425433022,0,20000,10000,20000,10000,16777216,bound_hit,1250
measured,probe-memory-buffer,run,2599,425555422,0,20000,10000,20000,10000,16777216,bound_hit,1250
measured,probe-memory-buffer,run,2600,425676022,0,20000,10000,20000,10000,16777216,bound_hit,1250
measured,probe-memory-buffer,run,2601,425796322,0,20000,10000,20000,10000,16777216,bound_hit,1250
measured,probe-memory-buffer,run,2602,425916922,0,20000,10000,20000,10000,16777216,bound_hit,1250
measured,probe-memory-buffer,run,2603,426040021,0,20000,10000,20000,10000,16777216,bound_hit,1250
measured,probe-memory-buffer,run,2604,426161521,0,20000,10000,20000,10000,16777216,bound_hit,1250
measured,probe-memory-buffer,run,2605,426282021,0,20000,10000,20000,10000,16777216,bound_hit,1250
measured,probe-memory-buffer,run,2606,426402021,0,20000,10000,20000,10000,16777216,bound_hit,1250
measured,probe-memory-buffer,run,2607,426522421,0,20000,10000,20000,10000,16777216,bound_hit,1250
measured,probe-memory-buffer,run,2608,426642621,0,20000,10000,20000,10000,16777216,bound_hit,1250
measured,probe-memory-buffer,run,2609,426763021,0,20000,10000,20000,10000,16777216,bound_hit,1250
measured,probe-memory-buffer,run,2610,426883121,0,20000,10000,20000,10000,16777216,bound_hit,1250
measured,probe-memory-buffer,run,2611,427003221,0,20000,10000,20000,10000,16777216,bound_hit,1250
measured,probe-memory-buffer,run,2612,427123521,0,20000,10000,20000,10000,16777216,bound_hit,1250
measured,probe-memory-buffer,run,2613,427243721,0,20000,10000,20000,10000,16777216,bound_hit,1250
measured,probe-memory-buffer,run,2614,427363921,0,20000,10000,20000,10000,16777216,bound_hit,1250
measured,probe-memory-buffer,run,2615,427484321,0,20000,10000,20000,10000,16777216,bound_hit,1250
measured,probe-memory-buffer,run,2616,427604421,0,20000,10000,20000,10000,16777216,bound_hit,1250
measured,probe-memory-buffer,run,2617,427724621,0,20000,10000,20000,10000,16777216,bound_hit,1250
measured,probe-memory-buffer,run,2618,427844521,0,20000,10000,20000,10000,16777216,bound_hit,1250
measured,probe-memory-buffer,run,2619,427964521,0,20000,10000,20000,10000,16777216,bound_hit,1250
measured,probe-memory-buffer,run,2620,428085821,0,20000,10000,20000,10000,16777216,bound_hit,1250
measured,probe-memory-buffer,run,2621,428206321,0,20000,10000,20000,10000,16777216,bound_hit,1250
measured,probe-memory-buffer,run,2622,428327121,0,20000,10000,20000,10000,16777216,bound_hit,1250
measured,probe-memory-buffer,run,2623,428447321,0,20000,10000,20000,10000,16777216,bound_hit,1250
measured,probe-memory-buffer,run,2624,428567521,0,20000,10000,20000,10000,16777216,bound_hit,1250
measured,probe-memory-buffer,run,2625,428677221,0,20000,10000,20000,10000,16777216,bound_hit,1250
measured,probe-memory-buffer,run,2626,428797621,0,20000,10000,20000,10000,16777216,bound_hit,1250
measured,probe-memory-buffer,run,2627,428917621,0,20000,10000,20000,10000,16777216,bound_hit,1250
measured,probe-memory-buffer,run,2628,429037621,0,20000,10000,20000,10000,16777216,bound_hit,1250
measured,probe-memory-buffer,run,2629,429157621,0,20000,10000,20000,10000,16777216,bound_hit,1250
measured,probe-memory-buffer,run,2630,429277721,0,20000,10000,20000,10000,16777216,bound_hit,1250
measured,probe-memory-buffer,run,2631,429416321,0,20000,10000,20000,10000,16777216,bound_hit,1250
measured,probe-memory-buffer,run,2632,429537321,0,20000,10000,20000,10000,16777216,bound_hit,1250
measured,probe-memory-buffer,run,2633,429658521,0,20000,10000,20000,10000,16777216,bound_hit,1250
measured,probe-memory-buffer,run,2634,429778721,0,20000,10000,20000,10000,16777216,bound_hit,1250
measured,probe-memory-buffer,run,2635,429898921,0,20000,10000,20000,10000,16777216,bound_hit,1250
measured,probe-memory-buffer,run,2636,430018821,0,20000,10000,20000,10000,16777216,bound_hit,1250
measured,probe-memory-buffer,run,2637,430138721,0,20000,10000,20000,10000,16777216,bound_hit,1250
measured,probe-memory-buffer,run,2638,430258721,0,20000,10000,20000,10000,16777216,bound_hit,1250
measured,probe-memory-buffer,run,2639,430378621,0,20000,10000,20000,10000,16777216,bound_hit,1250
measured,probe-memory-buffer,run,2640,430498721,0,20000,10000,20000,10000,16777216,bound_hit,1250
measured,probe-memory-buffer,run,2641,430619721,0,20000,10000,20000,10000,16777216,bound_hit,1250
measured,probe-memory-buffer,run,2642,430740421,0,20000,10000,20000,10000,16777216,bound_hit,1250
measured,probe-memory-buffer,run,2643,430868821,0,20000,10000,20000,10000,16777216,bound_hit,1250
measured,probe-memory-buffer,run,2644,430989321,0,20000,10000,20000,10000,16777216,bound_hit,1250
measured,probe-memory-buffer,run,2645,431111821,0,20000,10000,20000,10000,16777216,bound_hit,1250
measured,probe-memory-buffer,run,2646,431234921,0,20000,10000,20000,10000,16777216,bound_hit,1250
measured,probe-memory-buffer,run,2647,431356620,0,20000,10000,20000,10000,16777216,bound_hit,1250
measured,probe-memory-buffer,run,2648,431477920,0,20000,10000,20000,10000,16777216,bound_hit,1250
measured,probe-memory-buffer,run,2649,431599220,0,20000,10000,20000,10000,16777216,bound_hit,1250
measured,probe-memory-buffer,run,2650,431720520,0,20000,10000,20000,10000,16777216,bound_hit,1250
measured,probe-memory-buffer,run,2651,431847120,0,20000,10000,20000,10000,16777216,bound_hit,1250
measured,probe-memory-buffer,run,2652,431968220,0,20000,10000,20000,10000,16777216,bound_hit,1250
measured,probe-memory-buffer,run,2653,432088820,0,20000,10000,20000,10000,16777216,bound_hit,1250
measured,probe-memory-buffer,run,2654,432210320,0,20000,10000,20000,10000,16777216,bound_hit,1250
measured,probe-memory-buffer,run,2655,432330720,0,20000,10000,20000,10000,16777216,bound_hit,1250
measured,probe-memory-buffer,run,2656,432451720,0,20000,10000,20000,10000,16777216,bound_hit,1250
measured,probe-memory-buffer,run,2657,432572220,0,20000,10000,20000,10000,16777216,bound_hit,1250
measured,probe-memory-buffer,run,2658,432681420,0,20000,10000,20000,10000,16777216,bound_hit,1250
measured,probe-memory-buffer,run,2659,432802320,0,20000,10000,20000,10000,16777216,bound_hit,1250
measured,probe-memory-buffer,run,2660,432922520,0,20000,10000,20000,10000,16777216,bound_hit,1250
measured,probe-memory-buffer,run,2661,433042420,0,20000,10000,20000,10000,16777216,bound_hit,1250
measured,probe-memory-buffer,run,2662,433162520,0,20000,10000,20000,10000,16777216,bound_hit,1250
measured,probe-memory-buffer,run,2663,433282720,0,20000,10000,20000,10000,16777216,bound_hit,1250
measured,probe-memory-buffer,run,2664,433403020,0,20000,10000,20000,10000,16777216,bound_hit,1250
measured,probe-memory-buffer,run,2665,433523420,0,20000,10000,20000,10000,16777216,bound_hit,1250
measured,probe-memory-buffer,run,2666,433643620,0,20000,10000,20000,10000,16777216,bound_hit,1250
measured,probe-memory-buffer,run,2667,433763720,0,20000,10000,20000,10000,16777216,bound_hit,1250
measured,probe-memory-buffer,run,2668,433883720,0,20000,10000,20000,10000,16777216,bound_hit,1250
measured,probe-memory-buffer,run,2669,434005120,0,20000,10000,20000,10000,16777216,bound_hit,1250
measured,probe-memory-buffer,run,2670,434125420,0,20000,10000,20000,10000,16777216,bound_hit,1250
measured,probe-memory-buffer,run,2671,434245620,0,20000,10000,20000,10000,16777216,bound_hit,1250
measured,probe-memory-buffer,run,2672,434365520,0,20000,10000,20000,10000,16777216,bound_hit,1250
measured,probe-memory-buffer,run,2673,434485620,0,20000,10000,20000,10000,16777216,bound_hit,1250
measured,probe-memory-buffer,run,2674,434606020,0,20000,10000,20000,10000,16777216,bound_hit,1250
measured,probe-memory-buffer,run,2675,434726220,0,20000,10000,20000,10000,16777216,bound_hit,1250
measured,probe-memory-buffer,run,2676,434846220,0,20000,10000,20000,10000,16777216,bound_hit,1250
measured,probe-memory-buffer,run,2677,434967020,0,20000,10000,20000,10000,16777216,bound_hit,1250
measured,probe-memory-buffer,run,2678,435087120,0,20000,10000,20000,10000,16777216,bound_hit,1250
measured,probe-memory-buffer,run,2679,435207120,0,20000,10000,20000,10000,16777216,bound_hit,1250
measured,probe-memory-buffer,run,2680,435327220,0,20000,10000,20000,10000,16777216,bound_hit,1250
measured,probe-memory-buffer,run,2681,435447120,0,20000,10000,20000,10000,16777216,bound_hit,1250
measured,probe-memory-buffer,run,2682,435567120,0,20000,10000,20000,10000,16777216,bound_hit,1250
measured,probe-memory-buffer,run,2683,435687120,0,20000,10000,20000,10000,16777216,bound_hit,1250
measured,probe-memory-buffer,run,2684,435807120,0,20000,10000,20000,10000,16777216,bound_hit,1250
measured,probe-memory-buffer,run,2685,435927020,0,20000,10000,20000,10000,16777216,bound_hit,1250
measured,probe-memory-buffer,run,2686,436047020,0,20000,10000,20000,10000,16777216,bound_hit,1250
measured,probe-memory-buffer,run,2687,436167120,0,20000,10000,20000,10000,16777216,bound_hit,1250
measured,probe-memory-buffer,run,2688,436287220,0,20000,10000,20000,10000,16777216,bound_hit,1250
measured,probe-memory-buffer,run,2689,436407320,0,20000,10000,20000,10000,16777216,bound_hit,1250
measured,probe-memory-buffer,run,2690,436527520,0,20000,10000,20000,10000,16777216,bound_hit,1250
measured,probe-memory-buffer,run,2691,436647520,0,20000,10000,20000,10000,16777216,bound_hit,1250
measured,probe-memory-buffer,run,2692,436770019,0,20000,10000,20000,10000,16777216,bound_hit,1250
measured,probe-memory-buffer,run,2693,436890119,0,20000,10000,20000,10000,16777216,bound_hit,1250
measured,probe-memory-buffer,run,2694,437010719,0,20000,10000,20000,10000,16777216,bound_hit,1250
measured,probe-memory-buffer,run,2695,437130819,0,20000,10000,20000,10000,16777216,bound_hit,1250
measured,probe-memory-buffer,run,2696,437250719,0,20000,10000,20000,10000,16777216,bound_hit,1250
measured,probe-memory-buffer,run,2697,437372019,0,20000,10000,20000,10000,16777216,bound_hit,1250
measured,probe-memory-buffer,run,2698,437492619,0,20000,10000,20000,10000,16777216,bound_hit,1250
measured,probe-memory-buffer,run,2699,437613319,0,20000,10000,20000,10000,16777216,bound_hit,1250
measured,probe-memory-buffer,run,2700,437741619,0,20000,10000,20000,10000,16777216,bound_hit,1250
measured,probe-memory-buffer,run,2701,437862719,0,20000,10000,20000,10000,16777216,bound_hit,1250
measured,probe-memory-buffer,run,2702,437983019,0,20000,10000,20000,10000,16777216,bound_hit,1250
measured,probe-memory-buffer,run,2703,438121819,0,20000,10000,20000,10000,16777216,bound_hit,1250
measured,probe-memory-buffer,run,2704,438261419,0,20000,10000,20000,10000,16777216,bound_hit,1250
measured,probe-memory-buffer,run,2705,438385019,0,20000,10000,20000,10000,16777216,bound_hit,1250
measured,probe-memory-buffer,run,2706,438506519,0,20000,10000,20000,10000,16777216,bound_hit,1250
measured,probe-memory-buffer,run,2707,438631219,0,20000,10000,20000,10000,16777216,bound_hit,1250
measured,probe-memory-buffer,run,2708,438757919,0,20000,10000,20000,10000,16777216,bound_hit,1250
measured,probe-memory-buffer,run,2709,438885719,0,20000,10000,20000,10000,16777216,bound_hit,1250
measured,probe-memory-buffer,run,2710,439016319,0,20000,10000,20000,10000,16777216,bound_hit,1250
measured,probe-memory-buffer,run,2711,439138919,0,20000,10000,20000,10000,16777216,bound_hit,1250
measured,probe-memory-buffer,run,2712,439259519,0,20000,10000,20000,10000,16777216,bound_hit,1250
measured,probe-memory-buffer,run,2713,439379819,0,20000,10000,20000,10000,16777216,bound_hit,1250
measured,probe-memory-buffer,run,2714,439500219,0,20000,10000,20000,10000,16777216,bound_hit,1250
measured,probe-memory-buffer,run,2715,439620619,0,20000,10000,20000,10000,16777216,bound_hit,1250
measured,probe-memory-buffer,run,2716,439740819,0,20000,10000,20000,10000,16777216,bound_hit,1250
measured,probe-memory-buffer,run,2717,439861719,0,20000,10000,20000,10000,16777216,bound_hit,1250
measured,probe-memory-buffer,run,2718,439981819,0,20000,10000,20000,10000,16777216,bound_hit,1250
measured,probe-memory-buffer,run,2719,440101719,0,20000,10000,20000,10000,16777216,bound_hit,1250
measured,probe-memory-buffer,run,2720,440221319,0,20000,10000,20000,10000,16777216,bound_hit,1250
measured,probe-memory-buffer,run,2721,440341119,0,20000,10000,20000,10000,16777216,bound_hit,1250
measured,probe-memory-buffer,run,2722,440461019,0,20000,10000,20000,10000,16777216,bound_hit,1250
measured,probe-memory-buffer,run,2723,440581319,0,20000,10000,20000,10000,16777216,bound_hit,1250
measured,probe-memory-buffer,run,2724,440706119,0,20000,10000,20000,10000,16777216,bound_hit,1250
measured,probe-memory-buffer,run,2725,440826219,0,20000,10000,20000,10000,16777216,bound_hit,1250
measured,probe-memory-buffer,run,2726,440946219,0,20000,10000,20000,10000,16777216,bound_hit,1250
measured,probe-memory-buffer,run,2727,441066019,0,20000,10000,20000,10000,16777216,bound_hit,1250
measured,probe-memory-buffer,run,2728,441185819,0,20000,10000,20000,10000,16777216,bound_hit,1250
measured,probe-memory-buffer,run,2729,441305619,0,20000,10000,20000,10000,16777216,bound_hit,1250
measured,probe-memory-buffer,run,2730,441425619,0,20000,10000,20000,10000,16777216,bound_hit,1250
measured,probe-memory-buffer,run,2731,441545519,0,20000,10000,20000,10000,16777216,bound_hit,1250
measured,probe-memory-buffer,run,2732,441665519,0,20000,10000,20000,10000,16777216,bound_hit,1250
measured,probe-memory-buffer,run,2733,441785219,0,20000,10000,20000,10000,16777216,bound_hit,1250
measured,probe-memory-buffer,run,2734,441905119,0,20000,10000,20000,10000,16777216,bound_hit,1250
measured,probe-memory-buffer,run,2735,442025119,0,20000,10000,20000,10000,16777216,bound_hit,1250
measured,probe-memory-buffer,run,2736,442145018,0,20000,10000,20000,10000,16777216,bound_hit,1250
measured,probe-memory-buffer,run,2737,442264718,0,20000,10000,20000,10000,16777216,bound_hit,1250
measured,probe-memory-buffer,run,2738,442384418,0,20000,10000,20000,10000,16777216,bound_hit,1250
measured,probe-memory-buffer,run,2739,442504118,0,20000,10000,20000,10000,16777216,bound_hit,1250
measured,probe-memory-buffer,run,2740,442624018,0,20000,10000,20000,10000,16777216,bound_hit,1250
measured,probe-memory-buffer,run,2741,442743618,0,20000,10000,20000,10000,16777216,bound_hit,1250
measured,probe-memory-buffer,run,2742,442863418,0,20000,10000,20000,10000,16777216,bound_hit,1250
measured,probe-memory-buffer,run,2743,442983318,0,20000,10000,20000,10000,16777216,bound_hit,1250
measured,probe-memory-buffer,run,2744,443103318,0,20000,10000,20000,10000,16777216,bound_hit,1250
measured,probe-memory-buffer,run,2745,443223418,0,20000,10000,20000,10000,16777216,bound_hit,1250
measured,probe-memory-buffer,run,2746,443343318,0,20000,10000,20000,10000,16777216,bound_hit,1250
measured,probe-memory-buffer,run,2747,443463318,0,20000,10000,20000,10000,16777216,bound_hit,1250
measured,probe-memory-buffer,run,2748,443583218,0,20000,10000,20000,10000,16777216,bound_hit,1250
measured,probe-memory-buffer,run,2749,443702918,0,20000,10000,20000,10000,16777216,bound_hit,1250
measured,probe-memory-buffer,run,2750,443822818,0,20000,10000,20000,10000,16777216,bound_hit,1250
measured,probe-memory-buffer,run,2751,443942718,0,20000,10000,20000,10000,16777216,bound_hit,1250
measured,probe-memory-buffer,run,2752,444062518,0,20000,10000,20000,10000,16777216,bound_hit,1250
measured,probe-memory-buffer,run,2753,444182318,0,20000,10000,20000,10000,16777216,bound_hit,1250
measured,probe-memory-buffer,run,2754,444302118,0,20000,10000,20000,10000,16777216,bound_hit,1250
measured,probe-memory-buffer,run,2755,444427418,0,20000,10000,20000,10000,16777216,bound_hit,1250
measured,probe-memory-buffer,run,2756,444554218,0,20000,10000,20000,10000,16777216,bound_hit,1250
measured,probe-memory-buffer,run,2757,444682018,0,20000,10000,20000,10000,16777216,bound_hit,1250
measured,probe-memory-buffer,run,2758,444812418,0,20000,10000,20000,10000,16777216,bound_hit,1250
measured,probe-memory-buffer,run,2759,444942818,0,20000,10000,20000,10000,16777216,bound_hit,1250
measured,probe-memory-buffer,run,2760,445081318,0,20000,10000,20000,10000,16777216,bound_hit,1250
measured,probe-memory-buffer,run,2761,445219718,0,20000,10000,20000,10000,16777216,bound_hit,1250
measured,probe-memory-buffer,run,2762,445345618,0,20000,10000,20000,10000,16777216,bound_hit,1250
measured,probe-memory-buffer,run,2763,445470218,0,20000,10000,20000,10000,16777216,bound_hit,1250
measured,probe-memory-buffer,run,2764,445594418,0,20000,10000,20000,10000,16777216,bound_hit,1250
measured,probe-memory-buffer,run,2765,445718218,0,20000,10000,20000,10000,16777216,bound_hit,1250
measured,probe-memory-buffer,run,2766,445842218,0,20000,10000,20000,10000,16777216,bound_hit,1250
measured,probe-memory-buffer,run,2767,445966318,0,20000,10000,20000,10000,16777216,bound_hit,1250
measured,probe-memory-buffer,run,2768,446089518,0,20000,10000,20000,10000,16777216,bound_hit,1250
measured,probe-memory-buffer,run,2769,446213118,0,20000,10000,20000,10000,16777216,bound_hit,1250
measured,probe-memory-buffer,run,2770,446336418,0,20000,10000,20000,10000,16777216,bound_hit,1250
measured,probe-memory-buffer,run,2771,446460018,0,20000,10000,20000,10000,16777216,bound_hit,1250
measured,probe-memory-buffer,run,2772,446583018,0,20000,10000,20000,10000,16777216,bound_hit,1250
measured,probe-memory-buffer,run,2773,446706418,0,20000,10000,20000,10000,16777216,bound_hit,1250
measured,probe-memory-buffer,run,2774,446829518,0,20000,10000,20000,10000,16777216,bound_hit,1250
measured,probe-memory-buffer,run,2775,446952718,0,20000,10000,20000,10000,16777216,bound_hit,1250
measured,probe-memory-buffer,run,2776,447075718,0,20000,10000,20000,10000,16777216,bound_hit,1250
measured,probe-memory-buffer,run,2777,447199218,0,20000,10000,20000,10000,16777216,bound_hit,1250
measured,probe-memory-buffer,run,2778,447322718,0,20000,10000,20000,10000,16777216,bound_hit,1250
measured,probe-memory-buffer,run,2779,447444018,0,20000,10000,20000,10000,16777216,bound_hit,1250
measured,probe-memory-buffer,run,2780,447563217,0,20000,10000,20000,10000,16777216,bound_hit,1250
measured,probe-memory-buffer,run,2781,447682117,0,20000,10000,20000,10000,16777216,bound_hit,1250
measured,probe-memory-buffer,run,2782,447800817,0,20000,10000,20000,10000,16777216,bound_hit,1250
measured,probe-memory-buffer,run,2783,447919717,0,20000,10000,20000,10000,16777216,bound_hit,1250
measured,probe-memory-buffer,run,2784,448038417,0,20000,10000,20000,10000,16777216,bound_hit,1250
measured,probe-memory-buffer,run,2785,448157317,0,20000,10000,20000,10000,16777216,bound_hit,1250
measured,probe-memory-buffer,run,2786,448276217,0,20000,10000,20000,10000,16777216,bound_hit,1250
measured,probe-memory-buffer,run,2787,448395117,0,20000,10000,20000,10000,16777216,bound_hit,1250
measured,probe-memory-buffer,run,2788,448513917,0,20000,10000,20000,10000,16777216,bound_hit,1250
measured,probe-memory-buffer,run,2789,448632617,0,20000,10000,20000,10000,16777216,bound_hit,1250
measured,probe-memory-buffer,run,2790,448753717,0,20000,10000,20000,10000,16777216,bound_hit,1250
measured,probe-memory-buffer,run,2791,448872417,0,20000,10000,20000,10000,16777216,bound_hit,1250
measured,probe-memory-buffer,run,2792,448990917,0,20000,10000,20000,10000,16777216,bound_hit,1250
measured,probe-memory-buffer,run,2793,449109817,0,20000,10000,20000,10000,16777216,bound_hit,1250
measured,probe-memory-buffer,run,2794,449228717,0,20000,10000,20000,10000,16777216,bound_hit,1250
measured,probe-memory-buffer,run,2795,449347417,0,20000,10000,20000,10000,16777216,bound_hit,1250
measured,probe-memory-buffer,run,2796,449466117,0,20000,10000,20000,10000,16777216,bound_hit,1250
measured,probe-memory-buffer,run,2797,449585017,0,20000,10000,20000,10000,16777216,bound_hit,1250
measured,probe-memory-buffer,run,2798,449703717,0,20000,10000,20000,10000,16777216,bound_hit,1250
measured,probe-memory-buffer,run,2799,449822517,0,20000,10000,20000,10000,16777216,bound_hit,1250
measured,probe-memory-buffer,run,2800,449941217,0,20000,10000,20000,10000,16777216,bound_hit,1250
measured,probe-memory-buffer,run,2801,450059917,0,20000,10000,20000,10000,16777216,bound_hit,1250
measured,probe-memory-buffer,run,2802,450178617,0,20000,10000,20000,10000,16777216,bound_hit,1250
measured,probe-memory-buffer,run,2803,450297217,0,20000,10000,20000,10000,16777216,bound_hit,1250
measured,probe-memory-buffer,run,2804,450415917,0,20000,10000,20000,10000,16777216,bound_hit,1250
measured,probe-memory-buffer,run,2805,450534817,0,20000,10000,20000,10000,16777216,bound_hit,1250
measured,probe-memory-buffer,run,2806,450653617,0,20000,10000,20000,10000,16777216,bound_hit,1250
measured,probe-memory-buffer,run,2807,450772417,0,20000,10000,20000,10000,16777216,bound_hit,1250
measured,probe-memory-buffer,run,2808,450891117,0,20000,10000,20000,10000,16777216,bound_hit,1250
measured,probe-memory-buffer,run,2809,451009717,0,20000,10000,20000,10000,16777216,bound_hit,1250
measured,probe-memory-buffer,run,2810,451128517,0,20000,10000,20000,10000,16777216,bound_hit,1250
measured,probe-memory-buffer,run,2811,451247217,0,20000,10000,20000,10000,16777216,bound_hit,1250
measured,probe-memory-buffer,run,2812,451366117,0,20000,10000,20000,10000,16777216,bound_hit,1250
measured,probe-memory-buffer,run,2813,451493517,0,20000,10000,20000,10000,16777216,bound_hit,1250
measured,probe-memory-buffer,run,2814,451613617,0,20000,10000,20000,10000,16777216,bound_hit,1250
measured,probe-memory-buffer,run,2815,451733217,0,20000,10000,20000,10000,16777216,bound_hit,1250
measured,probe-memory-buffer,run,2816,451901817,0,20000,10000,20000,10000,16777216,bound_hit,1250
measured,probe-memory-buffer,run,2817,452032017,0,20000,10000,20000,10000,16777216,bound_hit,1250
measured,probe-memory-buffer,run,2818,452158217,0,20000,10000,20000,10000,16777216,bound_hit,1250
measured,probe-memory-buffer,run,2819,452283717,0,20000,10000,20000,10000,16777216,bound_hit,1250
measured,probe-memory-buffer,run,2820,452409617,0,20000,10000,20000,10000,16777216,bound_hit,1250
measured,probe-memory-buffer,run,2821,452532417,0,20000,10000,20000,10000,16777216,bound_hit,1250
measured,probe-memory-buffer,run,2822,452679517,0,20000,10000,20000,10000,16777216,bound_hit,1250
measured,probe-memory-buffer,run,2823,452800617,0,20000,10000,20000,10000,16777216,bound_hit,1250
measured,probe-memory-buffer,run,2824,452921016,0,20000,10000,20000,10000,16777216,bound_hit,1250
measured,probe-memory-buffer,run,2825,453041116,0,20000,10000,20000,10000,16777216,bound_hit,1250
measured,probe-memory-buffer,run,2826,453161116,0,20000,10000,20000,10000,16777216,bound_hit,1250
measured,probe-memory-buffer,run,2827,453281116,0,20000,10000,20000,10000,16777216,bound_hit,1250
measured,probe-memory-buffer,run,2828,453400916,0,20000,10000,20000,10000,16777216,bound_hit,1250
measured,probe-memory-buffer,run,2829,453520916,0,20000,10000,20000,10000,16777216,bound_hit,1250
measured,probe-memory-buffer,run,2830,453641116,0,20000,10000,20000,10000,16777216,bound_hit,1250
measured,probe-memory-buffer,run,2831,453761316,0,20000,10000,20000,10000,16777216,bound_hit,1250
measured,probe-memory-buffer,run,2832,453881416,0,20000,10000,20000,10000,16777216,bound_hit,1250
measured,probe-memory-buffer,run,2833,454001316,0,20000,10000,20000,10000,16777216,bound_hit,1250
measured,probe-memory-buffer,run,2834,454121416,0,20000,10000,20000,10000,16777216,bound_hit,1250
measured,probe-memory-buffer,run,2835,454241616,0,20000,10000,20000,10000,16777216,bound_hit,1250
measured,probe-memory-buffer,run,2836,454361716,0,20000,10000,20000,10000,16777216,bound_hit,1250
measured,probe-memory-buffer,run,2837,454481716,0,20000,10000,20000,10000,16777216,bound_hit,1250
measured,probe-memory-buffer,run,2838,454601716,0,20000,10000,20000,10000,16777216,bound_hit,1250
measured,probe-memory-buffer,run,2839,454721616,0,20000,10000,20000,10000,16777216,bound_hit,1250
measured,probe-memory-buffer,run,2840,454841516,0,20000,10000,20000,10000,16777216,bound_hit,1250
measured,probe-memory-buffer,run,2841,454961416,0,20000,10000,20000,10000,16777216,bound_hit,1250
measured,probe-memory-buffer,run,2842,455081716,0,20000,10000,20000,10000,16777216,bound_hit,1250
measured,probe-memory-buffer,run,2843,455202316,0,20000,10000,20000,10000,16777216,bound_hit,1250
measured,probe-memory-buffer,run,2844,455322416,0,20000,10000,20000,10000,16777216,bound_hit,1250
measured,probe-memory-buffer,run,2845,455442416,0,20000,10000,20000,10000,16777216,bound_hit,1250
measured,probe-memory-buffer,run,2846,455562316,0,20000,10000,20000,10000,16777216,bound_hit,1250
measured,probe-memory-buffer,run,2847,455683316,0,20000,10000,20000,10000,16777216,bound_hit,1250
measured,probe-memory-buffer,run,2848,455803616,0,20000,10000,20000,10000,16777216,bound_hit,1250
measured,probe-memory-buffer,run,2849,455923616,0,20000,10000,20000,10000,16777216,bound_hit,1250
measured,probe-memory-buffer,run,2850,456043616,0,20000,10000,20000,10000,16777216,bound_hit,1250
measured,probe-memory-buffer,run,2851,456163516,0,20000,10000,20000,10000,16777216,bound_hit,1250
measured,probe-memory-buffer,run,2852,456283516,0,20000,10000,20000,10000,16777216,bound_hit,1250
measured,probe-memory-buffer,run,2853,456403416,0,20000,10000,20000,10000,16777216,bound_hit,1250
measured,probe-memory-buffer,run,2854,456523416,0,20000,10000,20000,10000,16777216,bound_hit,1250
measured,probe-memory-buffer,run,2855,456643416,0,20000,10000,20000,10000,16777216,bound_hit,1250
measured,probe-memory-buffer,run,2856,456765716,0,20000,10000,20000,10000,16777216,bound_hit,1250
measured,probe-memory-buffer,run,2857,456886216,0,20000,10000,20000,10000,16777216,bound_hit,1250
measured,probe-memory-buffer,run,2858,457006116,0,20000,10000,20000,10000,16777216,bound_hit,1250
measured,probe-memory-buffer,run,2859,457126116,0,20000,10000,20000,10000,16777216,bound_hit,1250
measured,probe-memory-buffer,run,2860,457246216,0,20000,10000,20000,10000,16777216,bound_hit,1250
measured,probe-memory-buffer,run,2861,457366116,0,20000,10000,20000,10000,16777216,bound_hit,1250
measured,probe-memory-buffer,run,2862,493288409,0,40000,20000,20000,10000,16777216,update,0
measured,probe-memory-buffer,run,2863,493588709,0,40000,20000,21173,10000,16777216,read,1323
measured,probe-memory-buffer,run,2864,493755809,0,40000,20000,21826,10000,16777216,read,1364
measured,probe-memory-buffer,run,2865,493932809,0,40000,20000,22518,10000,16777216,read,1407
measured,probe-memory-buffer,run,2866,494142009,0,40000,20000,23335,10000,16777216,read,1458
measured,probe-memory-buffer,run,2867,494275709,0,40000,20000,23857,10000,16777216,read,1491
measured,probe-memory-buffer,run,2868,494417409,0,40000,20000,24410,10000,16777216,read,1525
measured,probe-memory-buffer,run,2869,494552309,0,40000,20000,24937,10000,16777216,read,1558
measured,probe-memory-buffer,run,2870,494702709,0,40000,20000,25525,10000,16777216,read,1595
measured,probe-memory-buffer,run,2871,494829709,0,40000,20000,26021,10000,16777216,read,1626
measured,probe-memory-buffer,run,2872,494954609,0,40000,20000,26509,10000,16777216,read,1656
measured,probe-memory-buffer,run,2873,495078809,0,40000,20000,26994,10000,16777216,read,1687
measured,probe-memory-buffer,run,2874,495203709,0,40000,20000,27482,10000,16777216,read,1717
measured,probe-memory-buffer,run,2875,495328709,0,40000,20000,27971,10000,16777216,read,1748
measured,probe-memory-buffer,run,2876,495453509,0,40000,20000,28458,10000,16777216,read,1778
measured,probe-memory-buffer,run,2877,495578209,0,40000,20000,28945,10000,16777216,read,1809
measured,probe-memory-buffer,run,2878,495702709,0,40000,20000,29432,10000,16777216,read,1839
measured,probe-memory-buffer,run,2879,495827309,0,40000,20000,29918,10000,16777216,read,1869
measured,probe-memory-buffer,run,2880,495951909,0,40000,20000,30000,10000,16777216,bound_hit,1875
measured,probe-memory-buffer,run,2881,496076708,0,40000,20000,30000,10000,16777216,bound_hit,1875
measured,probe-memory-buffer,run,2882,496201408,0,40000,20000,30000,10000,16777216,bound_hit,1875
measured,probe-memory-buffer,run,2883,496326008,0,40000,20000,30000,10000,16777216,bound_hit,1875
measured,probe-memory-buffer,run,2884,496450508,0,40000,20000,30000,10000,16777216,bound_hit,1875
measured,probe-memory-buffer,run,2885,496575308,0,40000,20000,30000,10000,16777216,bound_hit,1875
measured,probe-memory-buffer,run,2886,496685108,0,40000,20000,30000,10000,16777216,bound_hit,1875
measured,probe-memory-buffer,run,2887,496806708,0,40000,20000,30000,10000,16777216,bound_hit,1875
measured,probe-memory-buffer,run,2888,496926908,0,40000,20000,30000,10000,16777216,bound_hit,1875
measured,probe-memory-buffer,run,2889,497047008,0,40000,20000,30000,10000,16777216,bound_hit,1875
measured,probe-memory-buffer,run,2890,497167408,0,40000,20000,30000,10000,16777216,bound_hit,1875
measured,probe-memory-buffer,run,2891,497287408,0,40000,20000,30000,10000,16777216,bound_hit,1875
measured,probe-memory-buffer,run,2892,497406608,0,40000,20000,30000,10000,16777216,bound_hit,1875
measured,probe-memory-buffer,run,2893,497525308,0,40000,20000,30000,10000,16777216,bound_hit,1875
measured,probe-memory-buffer,run,2894,497644108,0,40000,20000,30000,10000,16777216,bound_hit,1875
measured,probe-memory-buffer,run,2895,497762708,0,40000,20000,30000,10000,16777216,bound_hit,1875
measured,probe-memory-buffer,run,2896,497881508,0,40000,20000,30000,10000,16777216,bound_hit,1875
measured,probe-memory-buffer,run,2897,498000308,0,40000,20000,30000,10000,16777216,bound_hit,1875
measured,probe-memory-buffer,run,2898,498118908,0,40000,20000,30000,10000,16777216,bound_hit,1875
measured,probe-memory-buffer,run,2899,498237708,0,40000,20000,30000,10000,16777216,bound_hit,1875
measured,probe-memory-buffer,run,2900,498356608,0,40000,20000,30000,10000,16777216,bound_hit,1875
measured,probe-memory-buffer,run,2901,498475308,0,40000,20000,30000,10000,16777216,bound_hit,1875
measured,probe-memory-buffer,run,2902,498594308,0,40000,20000,30000,10000,16777216,bound_hit,1875
measured,probe-memory-buffer,run,2903,498713208,0,40000,20000,30000,10000,16777216,bound_hit,1875
measured,probe-memory-buffer,run,2904,498832108,0,40000,20000,30000,10000,16777216,bound_hit,1875
measured,probe-memory-buffer,run,2905,498950808,0,40000,20000,30000,10000,16777216,bound_hit,1875
measured,probe-memory-buffer,run,2906,499069508,0,40000,20000,30000,10000,16777216,bound_hit,1875
measured,probe-memory-buffer,run,2907,499188208,0,40000,20000,30000,10000,16777216,bound_hit,1875
measured,probe-memory-buffer,run,2908,499306908,0,40000,20000,30000,10000,16777216,bound_hit,1875
measured,probe-memory-buffer,run,2909,499425608,0,40000,20000,30000,10000,16777216,bound_hit,1875
measured,probe-memory-buffer,run,2910,499544508,0,40000,20000,30000,10000,16777216,bound_hit,1875
measured,probe-memory-buffer,run,2911,499663208,0,40000,20000,30000,10000,16777216,bound_hit,1875
measured,probe-memory-buffer,run,2912,499781908,0,40000,20000,30000,10000,16777216,bound_hit,1875
measured,probe-memory-buffer,run,2913,499900808,0,40000,20000,30000,10000,16777216,bound_hit,1875
measured,probe-memory-buffer,run,2914,500022008,0,40000,20000,30000,10000,16777216,bound_hit,1875
measured,probe-memory-buffer,run,2915,500147008,0,40000,20000,30000,10000,16777216,bound_hit,1875
measured,probe-memory-buffer,run,2916,500268708,0,40000,20000,30000,10000,16777216,bound_hit,1875
measured,probe-memory-buffer,run,2917,500395508,0,40000,20000,30000,10000,16777216,bound_hit,1875
measured,probe-memory-buffer,run,2918,500524408,0,40000,20000,30000,10000,16777216,bound_hit,1875
measured,probe-memory-buffer,run,2919,500684208,0,40000,20000,30000,10000,16777216,bound_hit,1875
measured,probe-memory-buffer,run,2920,500898108,0,40000,20000,30000,10000,16777216,bound_hit,1875
measured,probe-memory-buffer,run,2921,501026808,0,40000,20000,30000,10000,16777216,bound_hit,1875
measured,probe-memory-buffer,run,2922,501176708,0,40000,20000,30000,10000,16777216,bound_hit,1875
measured,probe-memory-buffer,run,2923,501301708,0,40000,20000,30000,10000,16777216,bound_hit,1875
measured,probe-memory-buffer,run,2924,501426108,0,40000,20000,30000,10000,16777216,bound_hit,1875
measured,probe-memory-buffer,run,2925,501550407,0,40000,20000,30000,10000,16777216,bound_hit,1875
measured,probe-memory-buffer,run,2926,501674907,0,40000,20000,30000,10000,16777216,bound_hit,1875
measured,probe-memory-buffer,run,2927,501807007,0,40000,20000,30000,10000,16777216,bound_hit,1875
measured,probe-memory-buffer,run,2928,501931107,0,40000,20000,30000,10000,16777216,bound_hit,1875
measured,probe-memory-buffer,run,2929,502055007,0,40000,20000,30000,10000,16777216,bound_hit,1875
measured,probe-memory-buffer,run,2930,502179107,0,40000,20000,30000,10000,16777216,bound_hit,1875
measured,probe-memory-buffer,run,2931,502303407,0,40000,20000,30000,10000,16777216,bound_hit,1875
measured,probe-memory-buffer,run,2932,502424407,0,40000,20000,30000,10000,16777216,bound_hit,1875
measured,probe-memory-buffer,run,2933,502543907,0,40000,20000,30000,10000,16777216,bound_hit,1875
measured,probe-memory-buffer,run,2934,502663407,0,40000,20000,30000,10000,16777216,bound_hit,1875
measured,probe-memory-buffer,run,2935,502782807,0,40000,20000,30000,10000,16777216,bound_hit,1875
measured,probe-memory-buffer,run,2936,502902007,0,40000,20000,30000,10000,16777216,bound_hit,1875
measured,probe-memory-buffer,run,2937,503021707,0,40000,20000,30000,10000,16777216,bound_hit,1875
measured,probe-memory-buffer,run,2938,503141207,0,40000,20000,30000,10000,16777216,bound_hit,1875
measured,probe-memory-buffer,run,2939,503260607,0,40000,20000,30000,10000,16777216,bound_hit,1875
measured,probe-memory-buffer,run,2940,503379807,0,40000,20000,30000,10000,16777216,bound_hit,1875
measured,probe-memory-buffer,run,2941,503499107,0,40000,20000,30000,10000,16777216,bound_hit,1875
measured,probe-memory-buffer,run,2942,503618307,0,40000,20000,30000,10000,16777216,bound_hit,1875
measured,probe-memory-buffer,run,2943,503737507,0,40000,20000,30000,10000,16777216,bound_hit,1875
measured,probe-memory-buffer,run,2944,503856907,0,40000,20000,30000,10000,16777216,bound_hit,1875
measured,probe-memory-buffer,run,2945,503976307,0,40000,20000,30000,10000,16777216,bound_hit,1875
measured,probe-memory-buffer,run,2946,504095707,0,40000,20000,30000,10000,16777216,bound_hit,1875
measured,probe-memory-buffer,run,2947,504214807,0,40000,20000,30000,10000,16777216,bound_hit,1875
measured,probe-memory-buffer,run,2948,504334107,0,40000,20000,30000,10000,16777216,bound_hit,1875
measured,probe-memory-buffer,run,2949,504453407,0,40000,20000,30000,10000,16777216,bound_hit,1875
measured,probe-memory-buffer,run,2950,504572907,0,40000,20000,30000,10000,16777216,bound_hit,1875
measured,probe-memory-buffer,run,2951,504692407,0,40000,20000,30000,10000,16777216,bound_hit,1875
measured,probe-memory-buffer,run,2952,504812307,0,40000,20000,30000,10000,16777216,bound_hit,1875
measured,probe-memory-buffer,run,2953,504931807,0,40000,20000,30000,10000,16777216,bound_hit,1875
measured,probe-memory-buffer,run,2954,505050907,0,40000,20000,30000,10000,16777216,bound_hit,1875
measured,probe-memory-buffer,run,2955,505170007,0,40000,20000,30000,10000,16777216,bound_hit,1875
measured,probe-memory-buffer,run,2956,505289307,0,40000,20000,30000,10000,16777216,bound_hit,1875
measured,probe-memory-buffer,run,2957,505408507,0,40000,20000,30000,10000,16777216,bound_hit,1875
measured,probe-memory-buffer,run,2958,505527607,0,40000,20000,30000,10000,16777216,bound_hit,1875
measured,probe-memory-buffer,run,2959,505646607,0,40000,20000,30000,10000,16777216,bound_hit,1875
measured,probe-memory-buffer,run,2960,505765907,0,40000,20000,30000,10000,16777216,bound_hit,1875
measured,probe-memory-buffer,run,2961,505885407,0,40000,20000,30000,10000,16777216,bound_hit,1875
measured,probe-memory-buffer,run,2962,506004807,0,40000,20000,30000,10000,16777216,bound_hit,1875
measured,probe-memory-buffer,run,2963,506123907,0,40000,20000,30000,10000,16777216,bound_hit,1875
measured,probe-memory-buffer,run,2964,506242907,0,40000,20000,30000,10000,16777216,bound_hit,1875
measured,probe-memory-buffer,run,2965,506362007,0,40000,20000,30000,10000,16777216,bound_hit,1875
measured,probe-memory-buffer,run,2966,506481107,0,40000,20000,30000,10000,16777216,bound_hit,1875
measured,probe-memory-buffer,run,2967,506600207,0,40000,20000,30000,10000,16777216,bound_hit,1875
measured,probe-memory-buffer,run,2968,506719407,0,40000,20000,30000,10000,16777216,bound_hit,1875
measured,probe-memory-buffer,run,2969,506838406,0,40000,20000,30000,10000,16777216,bound_hit,1875
measured,probe-memory-buffer,run,2970,506957706,0,40000,20000,30000,10000,16777216,bound_hit,1875
measured,probe-memory-buffer,run,2971,507164906,0,40000,20000,30000,10000,16777216,bound_hit,1875
measured,probe-memory-buffer,run,2972,507298506,0,40000,20000,30000,10000,16777216,bound_hit,1875
measured,probe-memory-buffer,run,2973,507420606,0,40000,20000,30000,10000,16777216,bound_hit,1875
measured,probe-memory-buffer,run,2974,507540706,0,40000,20000,30000,10000,16777216,bound_hit,1875
measured,probe-memory-buffer,run,2975,507705006,0,40000,20000,30000,10000,16777216,bound_hit,1875
measured,probe-memory-buffer,run,2976,507880806,0,40000,20000,30000,10000,16777216,bound_hit,1875
measured,probe-memory-buffer,run,2977,508029406,0,40000,20000,30000,10000,16777216,bound_hit,1875
measured,probe-memory-buffer,run,2978,508167206,0,40000,20000,30000,10000,16777216,bound_hit,1875
measured,probe-memory-buffer,run,2979,508307706,0,40000,20000,30000,10000,16777216,bound_hit,1875
measured,probe-memory-buffer,run,2980,508489906,0,40000,20000,30000,10000,16777216,bound_hit,1875
measured,probe-memory-buffer,run,2981,508638106,0,40000,20000,30000,10000,16777216,bound_hit,1875
measured,probe-memory-buffer,run,2982,508765006,0,40000,20000,30000,10000,16777216,bound_hit,1875
measured,probe-memory-buffer,run,2983,508888806,0,40000,20000,30000,10000,16777216,bound_hit,1875
measured,probe-memory-buffer,run,2984,509019806,0,40000,20000,30000,10000,16777216,bound_hit,1875
measured,probe-memory-buffer,run,2985,509165706,0,40000,20000,30000,10000,16777216,bound_hit,1875
measured,probe-memory-buffer,run,2986,509290006,0,40000,20000,30000,10000,16777216,bound_hit,1875
measured,probe-memory-buffer,run,2987,509413606,0,40000,20000,30000,10000,16777216,bound_hit,1875
measured,probe-memory-buffer,run,2988,509537206,0,40000,20000,30000,10000,16777216,bound_hit,1875
measured,probe-memory-buffer,run,2989,509660806,0,40000,20000,30000,10000,16777216,bound_hit,1875
measured,probe-memory-buffer,run,2990,509784506,0,40000,20000,30000,10000,16777216,bound_hit,1875
measured,probe-memory-buffer,run,2991,509908206,0,40000,20000,30000,10000,16777216,bound_hit,1875
measured,probe-memory-buffer,run,2992,510031906,0,40000,20000,30000,10000,16777216,bound_hit,1875
measured,probe-memory-buffer,run,2993,510155706,0,40000,20000,30000,10000,16777216,bound_hit,1875
measured,probe-memory-buffer,run,2994,510279706,0,40000,20000,30000,10000,16777216,bound_hit,1875
measured,probe-memory-buffer,run,2995,510403006,0,40000,20000,30000,10000,16777216,bound_hit,1875
measured,probe-memory-buffer,run,2996,510523606,0,40000,20000,30000,10000,16777216,bound_hit,1875
measured,probe-memory-buffer,run,2997,510642706,0,40000,20000,30000,10000,16777216,bound_hit,1875
measured,probe-memory-buffer,run,2998,510761906,0,40000,20000,30000,10000,16777216,bound_hit,1875
measured,probe-memory-buffer,run,2999,510881006,0,40000,20000,30000,10000,16777216,bound_hit,1875
measured,probe-memory-buffer,run,3000,511000006,0,40000,20000,30000,10000,16777216,bound_hit,1875
measured,probe-memory-buffer,run,3001,511119006,0,40000,20000,30000,10000,16777216,bound_hit,1875
measured,probe-memory-buffer,run,3002,511238106,0,40000,20000,30000,10000,16777216,bound_hit,1875
measured,probe-memory-buffer,run,3003,511357106,0,40000,20000,30000,10000,16777216,bound_hit,1875
measured,probe-memory-buffer,run,3004,511476206,0,40000,20000,30000,10000,16777216,bound_hit,1875
measured,probe-memory-buffer,run,3005,511595206,0,40000,20000,30000,10000,16777216,bound_hit,1875
measured,probe-memory-buffer,run,3006,511714306,0,40000,20000,30000,10000,16777216,bound_hit,1875
measured,probe-memory-buffer,run,3007,511833506,0,40000,20000,30000,10000,16777216,bound_hit,1875
measured,probe-memory-buffer,run,3008,511952606,0,40000,20000,30000,10000,16777216,bound_hit,1875
measured,probe-memory-buffer,run,3009,512071706,0,40000,20000,30000,10000,16777216,bound_hit,1875
measured,probe-memory-buffer,run,3010,512190806,0,40000,20000,30000,10000,16777216,bound_hit,1875
measured,probe-memory-buffer,run,3011,512311005,0,40000,20000,30000,10000,16777216,bound_hit,1875
measured,probe-memory-buffer,run,3012,512431005,0,40000,20000,30000,10000,16777216,bound_hit,1875
measured,probe-memory-buffer,run,3013,512550205,0,40000,20000,30000,10000,16777216,bound_hit,1875
measured,probe-memory-buffer,run,3014,512688605,0,40000,20000,30000,10000,16777216,bound_hit,1875
measured,probe-memory-buffer,run,3015,512808605,0,40000,20000,30000,10000,16777216,bound_hit,1875
measured,probe-memory-buffer,run,3016,512927905,0,40000,20000,30000,10000,16777216,bound_hit,1875
measured,probe-memory-buffer,run,3017,513047205,0,40000,20000,30000,10000,16777216,bound_hit,1875
measured,probe-memory-buffer,run,3018,513166405,0,40000,20000,30000,10000,16777216,bound_hit,1875
measured,probe-memory-buffer,run,3019,513285705,0,40000,20000,30000,10000,16777216,bound_hit,1875
measured,probe-memory-buffer,run,3020,513404805,0,40000,20000,30000,10000,16777216,bound_hit,1875
measured,probe-memory-buffer,run,3021,513523905,0,40000,20000,30000,10000,16777216,bound_hit,1875
measured,probe-memory-buffer,run,3022,513643105,0,40000,20000,30000,10000,16777216,bound_hit,1875
measured,probe-memory-buffer,run,3023,513762105,0,40000,20000,30000,10000,16777216,bound_hit,1875
measured,probe-memory-buffer,run,3024,513915605,0,40000,20000,30000,10000,16777216,bound_hit,1875
measured,probe-memory-buffer,run,3025,514126105,0,40000,20000,30000,10000,16777216,bound_hit,1875
measured,probe-memory-buffer,run,3026,514261705,0,40000,20000,30000,10000,16777216,bound_hit,1875
measured,probe-memory-buffer,run,3027,514388105,0,40000,20000,30000,10000,16777216,bound_hit,1875
measured,probe-memory-buffer,run,3028,514513505,0,40000,20000,30000,10000,16777216,bound_hit,1875
measured,probe-memory-buffer,run,3029,514637805,0,40000,20000,30000,10000,16777216,bound_hit,1875
measured,probe-memory-buffer,run,3030,514762005,0,40000,20000,30000,10000,16777216,bound_hit,1875
measured,probe-memory-buffer,run,3031,514885005,0,40000,20000,30000,10000,16777216,bound_hit,1875
measured,probe-memory-buffer,run,3032,515016205,0,40000,20000,30000,10000,16777216,bound_hit,1875
measured,probe-memory-buffer,run,3033,515137405,0,40000,20000,30000,10000,16777216,bound_hit,1875
measured,probe-memory-buffer,run,3034,515256605,0,40000,20000,30000,10000,16777216,bound_hit,1875
measured,probe-memory-buffer,run,3035,515377205,0,40000,20000,30000,10000,16777216,bound_hit,1875
measured,probe-memory-buffer,run,3036,515497605,0,40000,20000,30000,10000,16777216,bound_hit,1875
measured,probe-memory-buffer,run,3037,515617305,0,40000,20000,30000,10000,16777216,bound_hit,1875
measured,probe-memory-buffer,run,3038,515737905,0,40000,20000,30000,10000,16777216,bound_hit,1875
measured,probe-memory-buffer,run,3039,515857905,0,40000,20000,30000,10000,16777216,bound_hit,1875
measured,probe-memory-buffer,run,3040,515977605,0,40000,20000,30000,10000,16777216,bound_hit,1875
measured,probe-memory-buffer,run,3041,516108105,0,40000,20000,30000,10000,16777216,bound_hit,1875
measured,probe-memory-buffer,run,3042,516228005,0,40000,20000,30000,10000,16777216,bound_hit,1875
measured,probe-memory-buffer,run,3043,516347605,0,40000,20000,30000,10000,16777216,bound_hit,1875
measured,probe-memory-buffer,run,3044,516467305,0,40000,20000,30000,10000,16777216,bound_hit,1875
measured,probe-memory-buffer,run,3045,516587005,0,40000,20000,30000,10000,16777216,bound_hit,1875
measured,probe-memory-buffer,run,3046,516708505,0,40000,20000,30000,10000,16777216,bound_hit,1875
measured,probe-memory-buffer,run,3047,516828105,0,40000,20000,30000,10000,16777216,bound_hit,1875
measured,probe-memory-buffer,run,3048,516947405,0,40000,20000,30000,10000,16777216,bound_hit,1875
measured,probe-memory-buffer,run,3049,517066705,0,40000,20000,30000,10000,16777216,bound_hit,1875
measured,probe-memory-buffer,run,3050,517195405,0,40000,20000,30000,10000,16777216,bound_hit,1875
measured,probe-memory-buffer,run,3051,517314305,0,40000,20000,30000,10000,16777216,bound_hit,1875
measured,probe-memory-buffer,run,3052,517432905,0,40000,20000,30000,10000,16777216,bound_hit,1875
measured,probe-memory-buffer,run,3053,517552505,0,40000,20000,30000,10000,16777216,bound_hit,1875
measured,probe-memory-buffer,run,3054,517671304,0,40000,20000,30000,10000,16777216,bound_hit,1875
measured,probe-memory-buffer,run,3055,517790004,0,40000,20000,30000,10000,16777216,bound_hit,1875
measured,probe-memory-buffer,run,3056,517908604,0,40000,20000,30000,10000,16777216,bound_hit,1875
measured,probe-memory-buffer,run,3057,518027204,0,40000,20000,30000,10000,16777216,bound_hit,1875
measured,probe-memory-buffer,run,3058,518145704,0,40000,20000,30000,10000,16777216,bound_hit,1875
measured,probe-memory-buffer,run,3059,518264404,0,40000,20000,30000,10000,16777216,bound_hit,1875
measured,probe-memory-buffer,run,3060,518383004,0,40000,20000,30000,10000,16777216,bound_hit,1875
measured,probe-memory-buffer,run,3061,518501804,0,40000,20000,30000,10000,16777216,bound_hit,1875
measured,probe-memory-buffer,run,3062,518620304,0,40000,20000,30000,10000,16777216,bound_hit,1875
measured,probe-memory-buffer,run,3063,518738804,0,40000,20000,30000,10000,16777216,bound_hit,1875
measured,probe-memory-buffer,run,3064,518857404,0,40000,20000,30000,10000,16777216,bound_hit,1875
measured,probe-memory-buffer,run,3065,518976004,0,40000,20000,30000,10000,16777216,bound_hit,1875
measured,probe-memory-buffer,run,3066,519095504,0,40000,20000,30000,10000,16777216,bound_hit,1875
measured,probe-memory-buffer,run,3067,519214204,0,40000,20000,30000,10000,16777216,bound_hit,1875
measured,probe-memory-buffer,run,3068,519333004,0,40000,20000,30000,10000,16777216,bound_hit,1875
measured,probe-memory-buffer,run,3069,519451804,0,40000,20000,30000,10000,16777216,bound_hit,1875
measured,probe-memory-buffer,run,3070,519570404,0,40000,20000,30000,10000,16777216,bound_hit,1875
measured,probe-memory-buffer,run,3071,519690104,0,40000,20000,30000,10000,16777216,bound_hit,1875
measured,probe-memory-buffer,run,3072,519809004,0,40000,20000,30000,10000,16777216,bound_hit,1875
measured,probe-memory-buffer,run,3073,519928104,0,40000,20000,30000,10000,16777216,bound_hit,1875
measured,probe-memory-buffer,run,3074,520047404,0,40000,20000,30000,10000,16777216,bound_hit,1875
measured,probe-memory-buffer,run,3075,520166104,0,40000,20000,30000,10000,16777216,bound_hit,1875
measured,probe-memory-buffer,run,3076,520284904,0,40000,20000,30000,10000,16777216,bound_hit,1875
measured,probe-memory-buffer,run,3077,520403504,0,40000,20000,30000,10000,16777216,bound_hit,1875
measured,probe-memory-buffer,run,3078,520522104,0,40000,20000,30000,10000,16777216,bound_hit,1875
measured,probe-memory-buffer,run,3079,520640804,0,40000,20000,30000,10000,16777216,bound_hit,1875
measured,probe-memory-buffer,run,3080,520761204,0,40000,20000,30000,10000,16777216,bound_hit,1875
measured,probe-memory-buffer,run,3081,520881304,0,40000,20000,30000,10000,16777216,bound_hit,1875
measured,probe-memory-buffer,run,3082,521067404,0,40000,20000,30000,10000,16777216,bound_hit,1875
measured,probe-memory-buffer,run,3083,521210104,0,40000,20000,30000,10000,16777216,bound_hit,1875
measured,probe-memory-buffer,run,3084,521344004,0,40000,20000,30000,10000,16777216,bound_hit,1875
measured,probe-memory-buffer,run,3085,521477504,0,40000,20000,30000,10000,16777216,bound_hit,1875
measured,probe-memory-buffer,run,3086,521610204,0,40000,20000,30000,10000,16777216,bound_hit,1875
measured,probe-memory-buffer,run,3087,521744904,0,40000,20000,30000,10000,16777216,bound_hit,1875
measured,probe-memory-buffer,run,3088,521872404,0,40000,20000,30000,10000,16777216,bound_hit,1875
measured,probe-memory-buffer,run,3089,521997504,0,40000,20000,30000,10000,16777216,bound_hit,1875
measured,probe-memory-buffer,run,3090,522123404,0,40000,20000,30000,10000,16777216,bound_hit,1875
measured,probe-memory-buffer,run,3091,522247804,0,40000,20000,30000,10000,16777216,bound_hit,1875
measured,probe-memory-buffer,run,3092,522372904,0,40000,20000,30000,10000,16777216,bound_hit,1875
measured,probe-memory-buffer,run,3093,522497204,0,40000,20000,30000,10000,16777216,bound_hit,1875
measured,probe-memory-buffer,run,3094,522621704,0,40000,20000,30000,10000,16777216,bound_hit,1875
measured,probe-memory-buffer,run,3095,522746704,0,40000,20000,30000,10000,16777216,bound_hit,1875
measured,probe-memory-buffer,run,3096,522871004,0,40000,20000,30000,10000,16777216,bound_hit,1875
measured,probe-memory-buffer,run,3097,522995704,0,40000,20000,30000,10000,16777216,bound_hit,1875
measured,probe-memory-buffer,run,3098,523130903,0,40000,20000,30000,10000,16777216,bound_hit,1875
measured,probe-memory-buffer,run,3099,523255103,0,40000,20000,30000,10000,16777216,bound_hit,1875
measured,probe-memory-buffer,run,3100,523378503,0,40000,20000,30000,10000,16777216,bound_hit,1875
measured,probe-memory-buffer,run,3101,523499203,0,40000,20000,30000,10000,16777216,bound_hit,1875
measured,probe-memory-buffer,run,3102,523618603,0,40000,20000,30000,10000,16777216,bound_hit,1875
measured,probe-memory-buffer,run,3103,523737903,0,40000,20000,30000,10000,16777216,bound_hit,1875
measured,probe-memory-buffer,run,3104,523857403,0,40000,20000,30000,10000,16777216,bound_hit,1875
measured,probe-memory-buffer,run,3105,523976803,0,40000,20000,30000,10000,16777216,bound_hit,1875
measured,probe-memory-buffer,run,3106,524096003,0,40000,20000,30000,10000,16777216,bound_hit,1875
measured,probe-memory-buffer,run,3107,524215403,0,40000,20000,30000,10000,16777216,bound_hit,1875
measured,probe-memory-buffer,run,3108,524334903,0,40000,20000,30000,10000,16777216,bound_hit,1875
measured,probe-memory-buffer,run,3109,524454203,0,40000,20000,30000,10000,16777216,bound_hit,1875
measured,probe-memory-buffer,run,3110,524573403,0,40000,20000,30000,10000,16777216,bound_hit,1875
measured,probe-memory-buffer,run,3111,524683003,0,40000,20000,30000,10000,16777216,bound_hit,1875
measured,probe-memory-buffer,run,3112,524802803,0,40000,20000,30000,10000,16777216,bound_hit,1875
measured,probe-memory-buffer,run,3113,524922203,0,40000,20000,30000,10000,16777216,bound_hit,1875
measured,probe-memory-buffer,run,3114,525041603,0,40000,20000,30000,10000,16777216,bound_hit,1875
measured,probe-memory-buffer,run,3115,525161003,0,40000,20000,30000,10000,16777216,bound_hit,1875
measured,probe-memory-buffer,run,3116,525280103,0,40000,20000,30000,10000,16777216,bound_hit,1875
measured,probe-memory-buffer,run,3117,525399603,0,40000,20000,30000,10000,16777216,bound_hit,1875
measured,probe-memory-buffer,run,3118,525519103,0,40000,20000,30000,10000,16777216,bound_hit,1875
measured,probe-memory-buffer,run,3119,525638503,0,40000,20000,30000,10000,16777216,bound_hit,1875
measured,probe-memory-buffer,run,3120,525757903,0,40000,20000,30000,10000,16777216,bound_hit,1875
measured,probe-memory-buffer,run,3121,525877503,0,40000,20000,30000,10000,16777216,bound_hit,1875
measured,probe-memory-buffer,run,3122,525997003,0,40000,20000,30000,10000,16777216,bound_hit,1875
measured,probe-memory-buffer,run,3123,526116503,0,40000,20000,30000,10000,16777216,bound_hit,1875
measured,probe-memory-buffer,run,3124,526236803,0,40000,20000,30000,10000,16777216,bound_hit,1875
measured,probe-memory-buffer,run,3125,526356403,0,40000,20000,30000,10000,16777216,bound_hit,1875
measured,probe-memory-buffer,run,3126,526475803,0,40000,20000,30000,10000,16777216,bound_hit,1875
measured,probe-memory-buffer,run,3127,526595303,0,40000,20000,30000,10000,16777216,bound_hit,1875
measured,probe-memory-buffer,run,3128,526714703,0,40000,20000,30000,10000,16777216,bound_hit,1875
measured,probe-memory-buffer,run,3129,526834003,0,40000,20000,30000,10000,16777216,bound_hit,1875
measured,probe-memory-buffer,run,3130,526953503,0,40000,20000,30000,10000,16777216,bound_hit,1875
measured,probe-memory-buffer,run,3131,527073003,0,40000,20000,30000,10000,16777216,bound_hit,1875
measured,probe-memory-buffer,run,3132,527192403,0,40000,20000,30000,10000,16777216,bound_hit,1875
measured,probe-memory-buffer,run,3133,527311903,0,40000,20000,30000,10000,16777216,bound_hit,1875
measured,probe-memory-buffer,run,3134,527431303,0,40000,20000,30000,10000,16777216,bound_hit,1875
measured,probe-memory-buffer,run,3135,527551103,0,40000,20000,30000,10000,16777216,bound_hit,1875
measured,probe-memory-buffer,run,3136,527670703,0,40000,20000,30000,10000,16777216,bound_hit,1875
measured,probe-memory-buffer,run,3137,527791203,0,40000,20000,30000,10000,16777216,bound_hit,1875
measured,probe-memory-buffer,run,3138,527916303,0,40000,20000,30000,10000,16777216,bound_hit,1875
measured,probe-memory-buffer,run,3139,528045603,0,40000,20000,30000,10000,16777216,bound_hit,1875
measured,probe-memory-buffer,run,3140,528175503,0,40000,20000,30000,10000,16777216,bound_hit,1875
measured,probe-memory-buffer,run,3141,528306603,0,40000,20000,30000,10000,16777216,bound_hit,1875
measured,probe-memory-buffer,run,3142,528436702,0,40000,20000,30000,10000,16777216,bound_hit,1875
measured,probe-memory-buffer,run,3143,528562002,0,40000,20000,30000,10000,16777216,bound_hit,1875
measured,probe-memory-buffer,run,3144,528675702,0,40000,20000,30000,10000,16777216,bound_hit,1875
measured,probe-memory-buffer,run,3145,528797002,0,40000,20000,30000,10000,16777216,bound_hit,1875
measured,probe-memory-buffer,run,3146,528916902,0,40000,20000,30000,10000,16777216,bound_hit,1875
measured,probe-memory-buffer,run,3147,529038202,0,40000,20000,30000,10000,16777216,bound_hit,1875
measured,probe-memory-buffer,run,3148,529157702,0,40000,20000,30000,10000,16777216,bound_hit,1875
measured,probe-memory-buffer,run,3149,529277102,0,40000,20000,30000,10000,16777216,bound_hit,1875
measured,probe-memory-buffer,run,3150,529396502,0,40000,20000,30000,10000,16777216,bound_hit,1875
measured,probe-memory-buffer,run,3151,529516002,0,40000,20000,30000,10000,16777216,bound_hit,1875
measured,probe-memory-buffer,run,3152,529635302,0,40000,20000,30000,10000,16777216,bound_hit,1875
measured,probe-memory-buffer,run,3153,529754702,0,40000,20000,30000,10000,16777216,bound_hit,1875
measured,probe-memory-buffer,run,3154,529873802,0,40000,20000,30000,10000,16777216,bound_hit,1875
measured,probe-memory-buffer,run,3155,530000602,0,40000,20000,30000,10000,16777216,bound_hit,1875
measured,probe-memory-buffer,run,3156,530120402,0,40000,20000,30000,10000,16777216,bound_hit,1875
measured,probe-memory-buffer,run,3157,530240102,0,40000,20000,30000,10000,16777216,bound_hit,1875
measured,probe-memory-buffer,run,3158,530359702,0,40000,20000,30000,10000,16777216,bound_hit,1875
measured,probe-memory-buffer,run,3159,530479102,0,40000,20000,30000,10000,16777216,bound_hit,1875
measured,probe-memory-buffer,run,3160,530598602,0,40000,20000,30000,10000,16777216,bound_hit,1875
measured,probe-memory-buffer,run,3161,530718002,0,40000,20000,30000,10000,16777216,bound_hit,1875
measured,probe-memory-buffer,run,3162,530837402,0,40000,20000,30000,10000,16777216,bound_hit,1875
measured,probe-memory-buffer,run,3163,530956702,0,40000,20000,30000,10000,16777216,bound_hit,1875
measured,probe-memory-buffer,run,3164,531075802,0,40000,20000,30000,10000,16777216,bound_hit,1875
measured,probe-memory-buffer,run,3165,531195402,0,40000,20000,30000,10000,16777216,bound_hit,1875
measured,probe-memory-buffer,run,3166,531314702,0,40000,20000,30000,10000,16777216,bound_hit,1875
measured,probe-memory-buffer,run,3167,531433902,0,40000,20000,30000,10000,16777216,bound_hit,1875
measured,probe-memory-buffer,run,3168,531552902,0,40000,20000,30000,10000,16777216,bound_hit,1875
measured,probe-memory-buffer,run,3169,531672102,0,40000,20000,30000,10000,16777216,bound_hit,1875
measured,probe-memory-buffer,run,3170,531791302,0,40000,20000,30000,10000,16777216,bound_hit,1875
measured,probe-memory-buffer,run,3171,531910502,0,40000,20000,30000,10000,16777216,bound_hit,1875
measured,probe-memory-buffer,run,3172,532029802,0,40000,20000,30000,10000,16777216,bound_hit,1875
measured,probe-memory-buffer,run,3173,532149402,0,40000,20000,30000,10000,16777216,bound_hit,1875
measured,probe-memory-buffer,run,3174,532268602,0,40000,20000,30000,10000,16777216,bound_hit,1875
measured,probe-memory-buffer,run,3175,532387802,0,40000,20000,30000,10000,16777216,bound_hit,1875
measured,probe-memory-buffer,run,3176,532507202,0,40000,20000,30000,10000,16777216,bound_hit,1875
measured,probe-memory-buffer,run,3177,532626502,0,40000,20000,30000,10000,16777216,bound_hit,1875
measured,probe-memory-buffer,run,3178,532748002,0,40000,20000,30000,10000,16777216,bound_hit,1875
measured,probe-memory-buffer,run,3179,532867402,0,40000,20000,30000,10000,16777216,bound_hit,1875
measured,probe-memory-buffer,run,3180,532987002,0,40000,20000,30000,10000,16777216,bound_hit,1875
measured,probe-memory-buffer,run,3181,533106402,0,40000,20000,30000,10000,16777216,bound_hit,1875
measured,probe-memory-buffer,run,3182,533225602,0,40000,20000,30000,10000,16777216,bound_hit,1875
measured,probe-memory-buffer,run,3183,533345202,0,40000,20000,30000,10000,16777216,bound_hit,1875
measured,probe-memory-buffer,run,3184,533464602,0,40000,20000,30000,10000,16777216,bound_hit,1875
measured,probe-memory-buffer,run,3185,533584102,0,40000,20000,30000,10000,16777216,bound_hit,1875
measured,probe-memory-buffer,run,3186,533703402,0,40000,20000,30000,10000,16777216,bound_hit,1875
measured,probe-memory-buffer,run,3187,533822701,0,40000,20000,30000,10000,16777216,bound_hit,1875
measured,probe-memory-buffer,run,3188,533942001,0,40000,20000,30000,10000,16777216,bound_hit,1875
measured,probe-memory-buffer,run,3189,534061401,0,40000,20000,30000,10000,16777216,bound_hit,1875
measured,probe-memory-buffer,run,3190,534180601,0,40000,20000,30000,10000,16777216,bound_hit,1875
measured,probe-memory-buffer,run,3191,534299901,0,40000,20000,30000,10000,16777216,bound_hit,1875
measured,probe-memory-buffer,run,3192,534419501,0,40000,20000,30000,10000,16777216,bound_hit,1875
measured,probe-memory-buffer,run,3193,534538901,0,40000,20000,30000,10000,16777216,bound_hit,1875
measured,probe-memory-buffer,run,3194,534658201,0,40000,20000,30000,10000,16777216,bound_hit,1875
measured,probe-memory-buffer,run,3195,534777801,0,40000,20000,30000,10000,16777216,bound_hit,1875
measured,probe-memory-buffer,run,3196,534990001,0,40000,20000,30000,10000,16777216,bound_hit,1875
measured,probe-memory-buffer,run,3197,535134301,0,40000,20000,30000,10000,16777216,bound_hit,1875
measured,probe-memory-buffer,run,3198,535258201,0,40000,20000,30000,10000,16777216,bound_hit,1875
measured,probe-memory-buffer,run,3199,535382301,0,40000,20000,30000,10000,16777216,bound_hit,1875
measured,probe-memory-buffer,run,3200,535505401,0,40000,20000,30000,10000,16777216,bound_hit,1875
measured,probe-memory-buffer,run,3201,535629101,0,40000,20000,30000,10000,16777216,bound_hit,1875
measured,probe-memory-buffer,run,3202,535752501,0,40000,20000,30000,10000,16777216,bound_hit,1875
measured,probe-memory-buffer,run,3203,535875501,0,40000,20000,30000,10000,16777216,bound_hit,1875
measured,probe-memory-buffer,run,3204,535998701,0,40000,20000,30000,10000,16777216,bound_hit,1875
measured,probe-memory-buffer,run,3205,536122101,0,40000,20000,30000,10000,16777216,bound_hit,1875
measured,probe-memory-buffer,run,3206,536245201,0,40000,20000,30000,10000,16777216,bound_hit,1875
measured,probe-memory-buffer,run,3207,536368201,0,40000,20000,30000,10000,16777216,bound_hit,1875
measured,probe-memory-buffer,run,3208,536488301,0,40000,20000,30000,10000,16777216,bound_hit,1875
measured,probe-memory-buffer,run,3209,536607501,0,40000,20000,30000,10000,16777216,bound_hit,1875
measured,probe-memory-buffer,run,3210,536728301,0,40000,20000,30000,10000,16777216,bound_hit,1875
measured,probe-memory-buffer,run,3211,536846901,0,40000,20000,30000,10000,16777216,bound_hit,1875
measured,probe-memory-buffer,run,3212,536972201,0,40000,20000,30000,10000,16777216,bound_hit,1875
measured,probe-memory-buffer,run,3213,537090901,0,40000,20000,30000,10000,16777216,bound_hit,1875
measured,probe-memory-buffer,run,3214,537209601,0,40000,20000,30000,10000,16777216,bound_hit,1875
measured,probe-memory-buffer,run,3215,537328101,0,40000,20000,30000,10000,16777216,bound_hit,1875
measured,probe-memory-buffer,run,3216,537446701,0,40000,20000,30000,10000,16777216,bound_hit,1875
measured,probe-memory-buffer,run,3217,537565201,0,40000,20000,30000,10000,16777216,bound_hit,1875
measured,probe-memory-buffer,run,3218,537683701,0,40000,20000,30000,10000,16777216,bound_hit,1875
measured,probe-memory-buffer,run,3219,537802201,0,40000,20000,30000,10000,16777216,bound_hit,1875
measured,probe-memory-buffer,run,3220,537920601,0,40000,20000,30000,10000,16777216,bound_hit,1875
measured,probe-memory-buffer,run,3221,538039201,0,40000,20000,30000,10000,16777216,bound_hit,1875
measured,probe-memory-buffer,run,3222,538157801,0,40000,20000,30000,10000,16777216,bound_hit,1875
measured,probe-memory-buffer,run,3223,538276301,0,40000,20000,30000,10000,16777216,bound_hit,1875
measured,probe-memory-buffer,run,3224,538394801,0,40000,20000,30000,10000,16777216,bound_hit,1875
measured,probe-memory-buffer,run,3225,538513301,0,40000,20000,30000,10000,16777216,bound_hit,1875
measured,probe-memory-buffer,run,3226,538632001,0,40000,20000,30000,10000,16777216,bound_hit,1875
measured,probe-memory-buffer,run,3227,538750601,0,40000,20000,30000,10000,16777216,bound_hit,1875
measured,probe-memory-buffer,run,3228,538869101,0,40000,20000,30000,10000,16777216,bound_hit,1875
measured,probe-memory-buffer,run,3229,538987601,0,40000,20000,30000,10000,16777216,bound_hit,1875
measured,probe-memory-buffer,run,3230,539106101,0,40000,20000,30000,10000,16777216,bound_hit,1875
measured,probe-memory-buffer,run,3231,539224700,0,40000,20000,30000,10000,16777216,bound_hit,1875
measured,probe-memory-buffer,run,3232,539343200,0,40000,20000,30000,10000,16777216,bound_hit,1875
measured,probe-memory-buffer,run,3233,539461700,0,40000,20000,30000,10000,16777216,bound_hit,1875
measured,probe-memory-buffer,run,3234,539580300,0,40000,20000,30000,10000,16777216,bound_hit,1875
measured,probe-memory-buffer,run,3235,539698800,0,40000,20000,30000,10000,16777216,bound_hit,1875
measured,probe-memory-buffer,run,3236,539817500,0,40000,20000,30000,10000,16777216,bound_hit,1875
measured,probe-memory-buffer,run,3237,539936100,0,40000,20000,30000,10000,16777216,bound_hit,1875
measured,probe-memory-buffer,run,3238,540054600,0,40000,20000,30000,10000,16777216,bound_hit,1875
measured,probe-memory-buffer,run,3239,540173100,0,40000,20000,30000,10000,16777216,bound_hit,1875
measured,probe-memory-buffer,run,3240,540291700,0,40000,20000,30000,10000,16777216,bound_hit,1875
measured,probe-memory-buffer,run,3241,540410200,0,40000,20000,30000,10000,16777216,bound_hit,1875
measured,probe-memory-buffer,run,3242,540528700,0,40000,20000,30000,10000,16777216,bound_hit,1875
measured,probe-memory-buffer,run,3243,540647300,0,40000,20000,30000,10000,16777216,bound_hit,1875
measured,probe-memory-buffer,run,3244,540767400,0,40000,20000,30000,10000,16777216,bound_hit,1875
measured,probe-memory-buffer,run,3245,540886000,0,40000,20000,30000,10000,16777216,bound_hit,1875
measured,probe-memory-buffer,run,3246,541004700,0,40000,20000,30000,10000,16777216,bound_hit,1875
measured,probe-memory-buffer,run,3247,541123200,0,40000,20000,30000,10000,16777216,bound_hit,1875
measured,probe-memory-buffer,run,3248,541242200,0,40000,20000,30000,10000,16777216,bound_hit,1875
measured,probe-memory-buffer,run,3249,541360700,0,40000,20000,30000,10000,16777216,bound_hit,1875
measured,probe-memory-buffer,run,3250,541479400,0,40000,20000,30000,10000,16777216,bound_hit,1875
measured,probe-memory-buffer,run,3251,541677000,0,40000,20000,30000,10000,16777216,bound_hit,1875
measured,probe-memory-buffer,run,3252,541813300,0,40000,20000,30000,10000,16777216,bound_hit,1875
measured,probe-memory-buffer,run,3253,541946400,0,40000,20000,30000,10000,16777216,bound_hit,1875
measured,probe-memory-buffer,run,3254,542077200,0,40000,20000,30000,10000,16777216,bound_hit,1875
measured,probe-memory-buffer,run,3255,542201900,0,40000,20000,30000,10000,16777216,bound_hit,1875
measured,probe-memory-buffer,run,3256,542329100,0,40000,20000,30000,10000,16777216,bound_hit,1875
measured,probe-memory-buffer,run,3257,542452200,0,40000,20000,30000,10000,16777216,bound_hit,1875
measured,probe-memory-buffer,run,3258,542602900,0,40000,20000,30000,10000,16777216,bound_hit,1875
measured,probe-memory-buffer,run,3259,542726400,0,40000,20000,30000,10000,16777216,bound_hit,1875
measured,probe-memory-buffer,run,3260,542849600,0,40000,20000,30000,10000,16777216,bound_hit,1875
measured,probe-memory-buffer,run,3261,542973200,0,40000,20000,30000,10000,16777216,bound_hit,1875
measured,probe-memory-buffer,run,3262,543095800,0,40000,20000,30000,10000,16777216,bound_hit,1875
measured,probe-memory-buffer,run,3263,543218900,0,40000,20000,30000,10000,16777216,bound_hit,1875
measured,probe-memory-buffer,run,3264,543341900,0,40000,20000,30000,10000,16777216,bound_hit,1875
measured,probe-memory-buffer,run,3265,543465000,0,40000,20000,30000,10000,16777216,bound_hit,1875
measured,probe-memory-buffer,run,3266,543587900,0,40000,20000,30000,10000,16777216,bound_hit,1875
measured,probe-memory-buffer,run,3267,543710600,0,40000,20000,30000,10000,16777216,bound_hit,1875
measured,probe-memory-buffer,run,3268,543834100,0,40000,20000,30000,10000,16777216,bound_hit,1875
measured,probe-memory-buffer,run,3269,543963700,0,40000,20000,30000,10000,16777216,bound_hit,1875
measured,probe-memory-buffer,run,3270,544086400,0,40000,20000,30000,10000,16777216,bound_hit,1875
measured,probe-memory-buffer,run,3271,544209000,0,40000,20000,30000,10000,16777216,bound_hit,1875
measured,probe-memory-buffer,run,3272,544331800,0,40000,20000,30000,10000,16777216,bound_hit,1875
measured,probe-memory-buffer,run,3273,544451500,0,40000,20000,30000,10000,16777216,bound_hit,1875
measured,probe-memory-buffer,run,3274,544569900,0,40000,20000,30000,10000,16777216,bound_hit,1875
measured,probe-memory-buffer,run,3275,544677899,0,40000,20000,30000,10000,16777216,bound_hit,1875
measured,probe-memory-buffer,run,3276,544796699,0,40000,20000,30000,10000,16777216,bound_hit,1875
measured,probe-memory-buffer,run,3277,544915099,0,40000,20000,30000,10000,16777216,bound_hit,1875
measured,probe-memory-buffer,run,3278,545033399,0,40000,20000,30000,10000,16777216,bound_hit,1875
measured,probe-memory-buffer,run,3279,545151799,0,40000,20000,30000,10000,16777216,bound_hit,1875
measured,probe-memory-buffer,run,3280,545269999,0,40000,20000,30000,10000,16777216,bound_hit,1875
measured,probe-memory-buffer,run,3281,545388299,0,40000,20000,30000,10000,16777216,bound_hit,1875
measured,probe-memory-buffer,run,3282,545506399,0,40000,20000,30000,10000,16777216,bound_hit,1875
measured,probe-memory-buffer,run,3283,545624599,0,40000,20000,30000,10000,16777216,bound_hit,1875
measured,probe-memory-buffer,run,3284,545743099,0,40000,20000,30000,10000,16777216,bound_hit,1875
measured,probe-memory-buffer,run,3285,545861399,0,40000,20000,30000,10000,16777216,bound_hit,1875
measured,probe-memory-buffer,run,3286,545979599,0,40000,20000,30000,10000,16777216,bound_hit,1875
measured,probe-memory-buffer,run,3287,546097699,0,40000,20000,30000,10000,16777216,bound_hit,1875
measured,probe-memory-buffer,run,3288,546215999,0,40000,20000,30000,10000,16777216,bound_hit,1875
measured,probe-memory-buffer,run,3289,546334299,0,40000,20000,30000,10000,16777216,bound_hit,1875
measured,probe-memory-buffer,run,3290,546452599,0,40000,20000,30000,10000,16777216,bound_hit,1875
measured,probe-memory-buffer,run,3291,546570799,0,40000,20000,30000,10000,16777216,bound_hit,1875
measured,probe-memory-buffer,run,3292,546689199,0,40000,20000,30000,10000,16777216,bound_hit,1875
measured,probe-memory-buffer,run,3293,546807399,0,40000,20000,30000,10000,16777216,bound_hit,1875
measured,probe-memory-buffer,run,3294,546925699,0,40000,20000,30000,10000,16777216,bound_hit,1875
measured,probe-memory-buffer,run,3295,547043999,0,40000,20000,30000,10000,16777216,bound_hit,1875
measured,probe-memory-buffer,run,3296,547162299,0,40000,20000,30000,10000,16777216,bound_hit,1875
measured,probe-memory-buffer,run,3297,547280599,0,40000,20000,30000,10000,16777216,bound_hit,1875
measured,probe-memory-buffer,run,3298,547398899,0,40000,20000,30000,10000,16777216,bound_hit,1875
measured,probe-memory-buffer,run,3299,547517099,0,40000,20000,30000,10000,16777216,bound_hit,1875
measured,probe-memory-buffer,run,3300,547635399,0,40000,20000,30000,10000,16777216,bound_hit,1875
measured,probe-memory-buffer,run,3301,547753699,0,40000,20000,30000,10000,16777216,bound_hit,1875
measured,probe-memory-buffer,run,3302,547871899,0,40000,20000,30000,10000,16777216,bound_hit,1875
measured,probe-memory-buffer,run,3303,547990299,0,40000,20000,30000,10000,16777216,bound_hit,1875
measured,probe-memory-buffer,run,3304,548108799,0,40000,20000,30000,10000,16777216,bound_hit,1875
measured,probe-memory-buffer,run,3305,548227099,0,40000,20000,30000,10000,16777216,bound_hit,1875
measured,probe-memory-buffer,run,3306,548345399,0,40000,20000,30000,10000,16777216,bound_hit,1875
measured,probe-memory-buffer,run,3307,548463999,0,40000,20000,30000,10000,16777216,bound_hit,1875
measured,probe-memory-buffer,run,3308,548628999,0,40000,20000,30000,10000,16777216,bound_hit,1875
measured,probe-memory-buffer,run,3309,548775699,0,40000,20000,30000,10000,16777216,bound_hit,1875
measured,probe-memory-buffer,run,3310,548914999,0,40000,20000,30000,10000,16777216,bound_hit,1875
measured,probe-memory-buffer,run,3311,549054599,0,40000,20000,30000,10000,16777216,bound_hit,1875
measured,probe-memory-buffer,run,3312,549385399,0,40000,20000,30000,10000,16777216,bound_hit,1875
measured,probe-memory-buffer,run,3313,549509599,0,40000,20000,30000,10000,16777216,bound_hit,1875
measured,probe-memory-buffer,run,3314,549736299,0,40000,20000,30000,10000,16777216,bound_hit,1875
measured,probe-memory-buffer,run,3315,549859099,0,40000,20000,30000,10000,16777216,bound_hit,1875
measured,probe-memory-buffer,run,3316,550051698,0,40000,20000,30000,10000,16777216,bound_hit,1875
measured,probe-memory-buffer,run,3317,550227298,0,40000,20000,30000,10000,16777216,bound_hit,1875
measured,probe-memory-buffer,run,3318,550361798,0,40000,20000,30000,10000,16777216,bound_hit,1875
measured,probe-memory-buffer,run,3319,550484498,0,40000,20000,30000,10000,16777216,bound_hit,1875
measured,probe-memory-buffer,run,3320,550605698,0,40000,20000,30000,10000,16777216,bound_hit,1875
measured,probe-memory-buffer,run,3321,550748998,0,40000,20000,30000,10000,16777216,bound_hit,1875
measured,probe-memory-buffer,run,3322,550930298,0,40000,20000,30000,10000,16777216,bound_hit,1875
measured,probe-memory-buffer,run,3323,551068998,0,40000,20000,30000,10000,16777216,bound_hit,1875
measured,probe-memory-buffer,run,3324,551202098,0,40000,20000,30000,10000,16777216,bound_hit,1875
measured,probe-memory-buffer,run,3325,551382998,0,40000,20000,30000,10000,16777216,bound_hit,1875
measured,probe-memory-buffer,run,3326,551516798,0,40000,20000,30000,10000,16777216,bound_hit,1875
measured,probe-memory-buffer,run,3327,551650698,0,40000,20000,30000,10000,16777216,bound_hit,1875
measured,probe-memory-buffer,run,3328,551783998,0,40000,20000,30000,10000,16777216,bound_hit,1875
measured,probe-memory-buffer,run,3329,551915698,0,40000,20000,30000,10000,16777216,bound_hit,1875
measured,probe-memory-buffer,run,3330,552046898,0,40000,20000,30000,10000,16777216,bound_hit,1875
measured,probe-memory-buffer,run,3331,552179598,0,40000,20000,30000,10000,16777216,bound_hit,1875
measured,probe-memory-buffer,run,3332,552312098,0,40000,20000,30000,10000,16777216,bound_hit,1875
measured,probe-memory-buffer,run,3333,552442798,0,40000,20000,30000,10000,16777216,bound_hit,1875
measured,probe-memory-buffer,run,3334,552572698,0,40000,20000,30000,10000,16777216,bound_hit,1875
measured,probe-memory-buffer,run,3335,552687498,0,40000,20000,30000,10000,16777216,bound_hit,1875
measured,probe-memory-buffer,run,3336,552818098,0,40000,20000,30000,10000,16777216,bound_hit,1875
measured,probe-memory-buffer,run,3337,552948798,0,40000,20000,30000,10000,16777216,bound_hit,1875
measured,probe-memory-buffer,run,3338,553080998,0,40000,20000,30000,10000,16777216,bound_hit,1875
measured,probe-memory-buffer,run,3339,553211398,0,40000,20000,30000,10000,16777216,bound_hit,1875
measured,probe-memory-buffer,run,3340,553343698,0,40000,20000,30000,10000,16777216,bound_hit,1875
measured,probe-memory-buffer,run,3341,553474598,0,40000,20000,30000,10000,16777216,bound_hit,1875
measured,probe-memory-buffer,run,3342,553606498,0,40000,20000,30000,10000,16777216,bound_hit,1875
measured,probe-memory-buffer,run,3343,553736898,0,40000,20000,30000,10000,16777216,bound_hit,1875
measured,probe-memory-buffer,run,3344,553882298,0,40000,20000,30000,10000,16777216,bound_hit,1875
measured,probe-memory-buffer,run,3345,554013998,0,40000,20000,30000,10000,16777216,bound_hit,1875
measured,probe-memory-buffer,run,3346,554145098,0,40000,20000,30000,10000,16777216,bound_hit,1875
measured,probe-memory-buffer,run,3347,554275698,0,40000,20000,30000,10000,16777216,bound_hit,1875
measured,probe-memory-buffer,run,3348,554408098,0,40000,20000,30000,10000,16777216,bound_hit,1875
measured,probe-memory-buffer,run,3349,554542298,0,40000,20000,30000,10000,16777216,bound_hit,1875
measured,probe-memory-buffer,run,3350,554667898,0,40000,20000,30000,10000,16777216,bound_hit,1875
measured,probe-memory-buffer,run,3351,554792998,0,40000,20000,30000,10000,16777216,bound_hit,1875
measured,probe-memory-buffer,run,3352,554924298,0,40000,20000,30000,10000,16777216,bound_hit,1875
measured,probe-memory-buffer,run,3353,555055098,0,40000,20000,30000,10000,16777216,bound_hit,1875
measured,probe-memory-buffer,run,3354,555184198,0,40000,20000,30000,10000,16777216,bound_hit,1875
measured,probe-memory-buffer,run,3355,555308598,0,40000,20000,30000,10000,16777216,bound_hit,1875
measured,probe-memory-buffer,run,3356,555433197,0,40000,20000,30000,10000,16777216,bound_hit,1875
measured,probe-memory-buffer,run,3357,555558797,0,40000,20000,30000,10000,16777216,bound_hit,1875
measured,probe-memory-buffer,run,3358,555698197,0,40000,20000,30000,10000,16777216,bound_hit,1875
measured,probe-memory-buffer,run,3359,555833797,0,40000,20000,30000,10000,16777216,bound_hit,1875
measured,probe-memory-buffer,run,3360,555974297,0,40000,20000,30000,10000,16777216,bound_hit,1875
measured,probe-memory-buffer,run,3361,556121497,0,40000,20000,30000,10000,16777216,bound_hit,1875
measured,probe-memory-buffer,run,3362,556273997,0,40000,20000,30000,10000,16777216,bound_hit,1875
measured,probe-memory-buffer,run,3363,556424097,0,40000,20000,30000,10000,16777216,bound_hit,1875
measured,probe-memory-buffer,run,3364,556554897,0,40000,20000,30000,10000,16777216,bound_hit,1875
measured,probe-memory-buffer,run,3365,556707097,0,40000,20000,30000,10000,16777216,bound_hit,1875
measured,probe-memory-buffer,run,3366,556846597,0,40000,20000,30000,10000,16777216,bound_hit,1875
measured,probe-memory-buffer,run,3367,556966297,0,40000,20000,30000,10000,16777216,bound_hit,1875
measured,probe-memory-buffer,run,3368,557088997,0,40000,20000,30000,10000,16777216,bound_hit,1875
measured,probe-memory-buffer,run,3369,557210197,0,40000,20000,30000,10000,16777216,bound_hit,1875
measured,probe-memory-buffer,run,3370,557329997,0,40000,20000,30000,10000,16777216,bound_hit,1875
measured,probe-memory-buffer,run,3371,557449397,0,40000,20000,30000,10000,16777216,bound_hit,1875
measured,probe-memory-buffer,run,3372,557568697,0,40000,20000,30000,10000,16777216,bound_hit,1875
measured,probe-memory-buffer,run,3373,557688097,0,40000,20000,30000,10000,16777216,bound_hit,1875
measured,probe-memory-buffer,run,3374,557807397,0,40000,20000,30000,10000,16777216,bound_hit,1875
measured,probe-memory-buffer,run,3375,557927097,0,40000,20000,30000,10000,16777216,bound_hit,1875
measured,probe-memory-buffer,run,3376,558046297,0,40000,20000,30000,10000,16777216,bound_hit,1875
measured,probe-memory-buffer,run,3377,558165797,0,40000,20000,30000,10000,16777216,bound_hit,1875
measured,probe-memory-buffer,run,3378,558284997,0,40000,20000,30000,10000,16777216,bound_hit,1875
measured,probe-memory-buffer,run,3379,558404097,0,40000,20000,30000,10000,16777216,bound_hit,1875
measured,probe-memory-buffer,run,3380,558523197,0,40000,20000,30000,10000,16777216,bound_hit,1875
measured,probe-memory-buffer,run,3381,558642497,0,40000,20000,30000,10000,16777216,bound_hit,1875
measured,probe-memory-buffer,run,3382,558771297,0,40000,20000,30000,10000,16777216,bound_hit,1875
measured,probe-memory-buffer,run,3383,558890397,0,40000,20000,30000,10000,16777216,bound_hit,1875
measured,probe-memory-buffer,run,3384,559009497,0,40000,20000,30000,10000,16777216,bound_hit,1875
measured,probe-memory-buffer,run,3385,559128597,0,40000,20000,30000,10000,16777216,bound_hit,1875
measured,probe-memory-buffer,run,3386,559247797,0,40000,20000,30000,10000,16777216,bound_hit,1875
measured,probe-memory-buffer,run,3387,559366497,0,40000,20000,30000,10000,16777216,bound_hit,1875
measured,probe-memory-buffer,run,3388,559485297,0,40000,20000,30000,10000,16777216,bound_hit,1875
measured,probe-memory-buffer,run,3389,559604097,0,40000,20000,30000,10000,16777216,bound_hit,1875
measured,probe-memory-buffer,run,3390,559723097,0,40000,20000,30000,10000,16777216,bound_hit,1875
measured,probe-memory-buffer,run,3391,559841997,0,40000,20000,30000,10000,16777216,bound_hit,1875
measured,probe-memory-buffer,run,3392,559960797,0,40000,20000,30000,10000,16777216,bound_hit,1875
measured,probe-memory-buffer,run,3393,560079597,0,40000,20000,30000,10000,16777216,bound_hit,1875
measured,probe-memory-buffer,run,3394,560198397,0,40000,20000,30000,10000,16777216,bound_hit,1875
measured,probe-memory-buffer,run,3395,560316997,0,40000,20000,30000,10000,16777216,bound_hit,1875
measured,probe-memory-buffer,run,3396,560435697,0,40000,20000,30000,10000,16777216,bound_hit,1875
measured,probe-memory-buffer,run,3397,560554497,0,40000,20000,30000,10000,16777216,bound_hit,1875
measured,probe-memory-buffer,run,3398,560673097,0,40000,20000,30000,10000,16777216,bound_hit,1875
measured,probe-memory-buffer,run,3399,560792196,0,40000,20000,30000,10000,16777216,bound_hit,1875
measured,probe-memory-buffer,run,3400,560911096,0,40000,20000,30000,10000,16777216,bound_hit,1875
measured,probe-memory-buffer,run,3401,561029896,0,40000,20000,30000,10000,16777216,bound_hit,1875
measured,probe-memory-buffer,run,3402,561148696,0,40000,20000,30000,10000,16777216,bound_hit,1875
measured,probe-memory-buffer,run,3403,561267596,0,40000,20000,30000,10000,16777216,bound_hit,1875
measured,probe-memory-buffer,run,3404,561386396,0,40000,20000,30000,10000,16777216,bound_hit,1875
measured,probe-memory-buffer,run,3405,561505496,0,40000,20000,30000,10000,16777216,bound_hit,1875
measured,probe-memory-buffer,run,3406,561624196,0,40000,20000,30000,10000,16777216,bound_hit,1875
measured,probe-memory-buffer,run,3407,561742896,0,40000,20000,30000,10000,16777216,bound_hit,1875
measured,probe-memory-buffer,run,3408,561861996,0,40000,20000,30000,10000,16777216,bound_hit,1875
measured,probe-memory-buffer,run,3409,561980596,0,40000,20000,30000,10000,16777216,bound_hit,1875
measured,probe-memory-buffer,run,3410,562099296,0,40000,20000,30000,10000,16777216,bound_hit,1875
measured,probe-memory-buffer,run,3411,562217996,0,40000,20000,30000,10000,16777216,bound_hit,1875
measured,probe-memory-buffer,run,3412,562336696,0,40000,20000,30000,10000,16777216,bound_hit,1875
measured,probe-memory-buffer,run,3413,562455596,0,40000,20000,30000,10000,16777216,bound_hit,1875
measured,probe-memory-buffer,run,3414,562575596,0,40000,20000,30000,10000,16777216,bound_hit,1875
measured,probe-memory-buffer,run,3415,562721696,0,40000,20000,30000,10000,16777216,bound_hit,1875
measured,probe-memory-buffer,run,3416,562856396,0,40000,20000,30000,10000,16777216,bound_hit,1875
measured,probe-memory-buffer,run,3417,562988196,0,40000,20000,30000,10000,16777216,bound_hit,1875
measured,probe-memory-buffer,run,3418,563119196,0,40000,20000,30000,10000,16777216,bound_hit,1875
measured,probe-memory-buffer,run,3419,563249896,0,40000,20000,30000,10000,16777216,bound_hit,1875
measured,probe-memory-buffer,run,3420,563401196,0,40000,20000,30000,10000,16777216,bound_hit,1875
measured,probe-memory-buffer,run,3421,563523996,0,40000,20000,30000,10000,16777216,bound_hit,1875
measured,probe-memory-buffer,run,3422,563645996,0,40000,20000,30000,10000,16777216,bound_hit,1875
measured,probe-memory-buffer,run,3423,563766296,0,40000,20000,30000,10000,16777216,bound_hit,1875
measured,probe-memory-buffer,run,3424,563886096,0,40000,20000,30000,10000,16777216,bound_hit,1875
measured,probe-memory-buffer,run,3425,564005596,0,40000,20000,30000,10000,16777216,bound_hit,1875
measured,probe-memory-buffer,run,3426,564125296,0,40000,20000,30000,10000,16777216,bound_hit,1875
measured,probe-memory-buffer,run,3427,564244496,0,40000,20000,30000,10000,16777216,bound_hit,1875
measured,probe-memory-buffer,run,3428,564364496,0,40000,20000,30000,10000,16777216,bound_hit,1875
measured,probe-memory-buffer,run,3429,564483896,0,40000,20000,30000,10000,16777216,bound_hit,1875
measured,probe-memory-buffer,run,3430,564603296,0,40000,20000,30000,10000,16777216,bound_hit,1875
measured,probe-memory-buffer,run,3431,564725396,0,40000,20000,30000,10000,16777216,bound_hit,1875
measured,probe-memory-buffer,run,3432,564845096,0,40000,20000,30000,10000,16777216,bound_hit,1875
measured,probe-memory-buffer,run,3433,564964496,0,40000,20000,30000,10000,16777216,bound_hit,1875
measured,probe-memory-buffer,run,3434,565083496,0,40000,20000,30000,10000,16777216,bound_hit,1875
measured,probe-memory-buffer,run,3435,565202696,0,40000,20000,30000,10000,16777216,bound_hit,1875
measured,probe-memory-buffer,run,3436,565321996,0,40000,20000,30000,10000,16777216,bound_hit,1875
measured,probe-memory-buffer,run,3437,565441096,0,40000,20000,30000,10000,16777216,bound_hit,1875
measured,probe-memory-buffer,run,3438,565560596,0,40000,20000,30000,10000,16777216,bound_hit,1875
measured,probe-memory-buffer,run,3439,565688096,0,40000,20000,30000,10000,16777216,bound_hit,1875
measured,probe-memory-buffer,run,3440,565807596,0,40000,20000,30000,10000,16777216,bound_hit,1875
measured,probe-memory-buffer,run,3441,565926996,0,40000,20000,30000,10000,16777216,bound_hit,1875
measured,probe-memory-buffer,run,3442,566047196,0,40000,20000,30000,10000,16777216,bound_hit,1875
measured,probe-memory-buffer,run,3443,566166796,0,40000,20000,30000,10000,16777216,bound_hit,1875
measured,probe-memory-buffer,run,3444,566286195,0,40000,20000,30000,10000,16777216,bound_hit,1875
measured,probe-memory-buffer,run,3445,566405595,0,40000,20000,30000,10000,16777216,bound_hit,1875
measured,probe-memory-buffer,run,3446,566524995,0,40000,20000,30000,10000,16777216,bound_hit,1875
measured,probe-memory-buffer,run,3447,566644495,0,40000,20000,30000,10000,16777216,bound_hit,1875
measured,probe-memory-buffer,run,3448,566763795,0,40000,20000,30000,10000,16777216,bound_hit,1875
measured,probe-memory-buffer,run,3449,566883295,0,40000,20000,30000,10000,16777216,bound_hit,1875
measured,probe-memory-buffer,run,3450,567002595,0,40000,20000,30000,10000,16777216,bound_hit,1875
measured,probe-memory-buffer,run,3451,567121795,0,40000,20000,30000,10000,16777216,bound_hit,1875
measured,probe-memory-buffer,run,3452,567241095,0,40000,20000,30000,10000,16777216,bound_hit,1875
measured,probe-memory-buffer,run,3453,567360495,0,40000,20000,30000,10000,16777216,bound_hit,1875
measured,probe-memory-buffer,run,3454,567479795,0,40000,20000,30000,10000,16777216,bound_hit,1875
measured,probe-memory-buffer,run,3455,567599295,0,40000,20000,30000,10000,16777216,bound_hit,1875
measured,probe-memory-buffer,run,3456,567718595,0,40000,20000,30000,10000,16777216,bound_hit,1875
measured,probe-memory-buffer,run,3457,567837995,0,40000,20000,30000,10000,16777216,bound_hit,1875
measured,probe-memory-buffer,run,3458,567957195,0,40000,20000,30000,10000,16777216,bound_hit,1875
measured,probe-memory-buffer,run,3459,568076695,0,40000,20000,30000,10000,16777216,bound_hit,1875
measured,probe-memory-buffer,run,3460,568196095,0,40000,20000,30000,10000,16777216,bound_hit,1875
measured,probe-memory-buffer,run,3461,568315395,0,40000,20000,30000,10000,16777216,bound_hit,1875
measured,probe-memory-buffer,run,3462,568434795,0,40000,20000,30000,10000,16777216,bound_hit,1875
measured,probe-memory-buffer,run,3463,568553995,0,40000,20000,30000,10000,16777216,bound_hit,1875
measured,probe-memory-buffer,run,3464,568673495,0,40000,20000,30000,10000,16777216,bound_hit,1875
measured,probe-memory-buffer,run,3465,568793195,0,40000,20000,30000,10000,16777216,bound_hit,1875
measured,probe-memory-buffer,run,3466,568912995,0,40000,20000,30000,10000,16777216,bound_hit,1875
measured,probe-memory-buffer,run,3467,569032395,0,40000,20000,30000,10000,16777216,bound_hit,1875
measured,probe-memory-buffer,run,3468,569151595,0,40000,20000,30000,10000,16777216,bound_hit,1875
measured,probe-memory-buffer,run,3469,569270995,0,40000,20000,30000,10000,16777216,bound_hit,1875
measured,probe-memory-buffer,run,3470,569390395,0,40000,20000,30000,10000,16777216,bound_hit,1875
measured,probe-memory-buffer,run,3471,569509895,0,40000,20000,30000,10000,16777216,bound_hit,1875
measured,probe-memory-buffer,run,3472,569651395,0,40000,20000,30000,10000,16777216,bound_hit,1875
measured,probe-memory-buffer,run,3473,569808595,0,40000,20000,30000,10000,16777216,bound_hit,1875
measured,probe-memory-buffer,run,3474,569992395,0,40000,20000,30000,10000,16777216,bound_hit,1875
measured,probe-memory-buffer,run,3475,570146395,0,40000,20000,30000,10000,16777216,bound_hit,1875
measured,probe-memory-buffer,run,3476,570290495,0,40000,20000,30000,10000,16777216,bound_hit,1875
measured,probe-memory-buffer,run,3477,570455895,0,40000,20000,30000,10000,16777216,bound_hit,1875
measured,probe-memory-buffer,run,3478,570624595,0,40000,20000,30000,10000,16777216,bound_hit,1875
measured,probe-memory-buffer,run,3479,570766795,0,40000,20000,30000,10000,16777216,bound_hit,1875
measured,probe-memory-buffer,run,3480,570913795,0,40000,20000,30000,10000,16777216,bound_hit,1875
measured,probe-memory-buffer,run,3481,571048495,0,40000,20000,30000,10000,16777216,bound_hit,1875
measured,probe-memory-buffer,run,3482,571188795,0,40000,20000,30000,10000,16777216,bound_hit,1875
measured,probe-memory-buffer,run,3483,571313695,0,40000,20000,30000,10000,16777216,bound_hit,1875
measured,probe-memory-buffer,run,3484,571436195,0,40000,20000,30000,10000,16777216,bound_hit,1875
measured,probe-memory-buffer,run,3485,571559195,0,40000,20000,30000,10000,16777216,bound_hit,1875
measured,probe-memory-buffer,run,3486,571682094,0,40000,20000,30000,10000,16777216,bound_hit,1875
measured,probe-memory-buffer,run,3487,571802494,0,40000,20000,30000,10000,16777216,bound_hit,1875
measured,probe-memory-buffer,run,3488,571923394,0,40000,20000,30000,10000,16777216,bound_hit,1875
measured,probe-memory-buffer,run,3489,572046194,0,40000,20000,30000,10000,16777216,bound_hit,1875
measured,probe-memory-buffer,run,3490,572167194,0,40000,20000,30000,10000,16777216,bound_hit,1875
measured,probe-memory-buffer,run,3491,572288094,0,40000,20000,30000,10000,16777216,bound_hit,1875
measured,probe-memory-buffer,run,3492,572413094,0,40000,20000,30000,10000,16777216,bound_hit,1875
measured,probe-memory-buffer,run,3493,572539794,0,40000,20000,30000,10000,16777216,bound_hit,1875
measured,probe-memory-buffer,run,3494,572699294,0,40000,20000,30000,10000,16777216,bound_hit,1875
measured,probe-memory-buffer,run,3495,572826294,0,40000,20000,30000,10000,16777216,bound_hit,1875
measured,probe-memory-buffer,run,3496,572970194,0,40000,20000,30000,10000,16777216,bound_hit,1875
measured,probe-memory-buffer,run,3497,573097594,0,40000,20000,30000,10000,16777216,bound_hit,1875
measured,probe-memory-buffer,run,3498,573225894,0,40000,20000,30000,10000,16777216,bound_hit,1875
measured,probe-memory-buffer,run,3499,573353594,0,40000,20000,30000,10000,16777216,bound_hit,1875
measured,probe-memory-buffer,run,3500,573481594,0,40000,20000,30000,10000,16777216,bound_hit,1875
measured,probe-memory-buffer,run,3501,573609794,0,40000,20000,30000,10000,16777216,bound_hit,1875
measured,probe-memory-buffer,run,3502,573737894,0,40000,20000,30000,10000,16777216,bound_hit,1875
measured,probe-memory-buffer,run,3503,573864194,0,40000,20000,30000,10000,16777216,bound_hit,1875
measured,probe-memory-buffer,run,3504,573992094,0,40000,20000,30000,10000,16777216,bound_hit,1875
measured,probe-memory-buffer,run,3505,574117794,0,40000,20000,30000,10000,16777216,bound_hit,1875
measured,probe-memory-buffer,run,3506,574244294,0,40000,20000,30000,10000,16777216,bound_hit,1875
measured,probe-memory-buffer,run,3507,574371194,0,40000,20000,30000,10000,16777216,bound_hit,1875
measured,probe-memory-buffer,run,3508,574501994,0,40000,20000,30000,10000,16777216,bound_hit,1875
measured,probe-memory-buffer,run,3509,574631394,0,40000,20000,30000,10000,16777216,bound_hit,1875
measured,probe-memory-buffer,run,3510,574761894,0,40000,20000,30000,10000,16777216,bound_hit,1875
measured,probe-memory-buffer,run,3511,574887994,0,40000,20000,30000,10000,16777216,bound_hit,1875
measured,probe-memory-buffer,run,3512,575016894,0,40000,20000,30000,10000,16777216,bound_hit,1875
measured,probe-memory-buffer,run,3513,575150394,0,40000,20000,30000,10000,16777216,bound_hit,1875
measured,probe-memory-buffer,run,3514,575282694,0,40000,20000,30000,10000,16777216,bound_hit,1875
measured,probe-memory-buffer,run,3515,575434194,0,40000,20000,30000,10000,16777216,bound_hit,1875
measured,probe-memory-buffer,run,3516,575568294,0,40000,20000,30000,10000,16777216,bound_hit,1875
measured,probe-memory-buffer,run,3517,575699794,0,40000,20000,30000,10000,16777216,bound_hit,1875
measured,probe-memory-buffer,run,3518,575837094,0,40000,20000,30000,10000,16777216,bound_hit,1875
measured,probe-memory-buffer,run,3519,575970194,0,40000,20000,30000,10000,16777216,bound_hit,1875
measured,probe-memory-buffer,run,3520,576112494,0,40000,20000,30000,10000,16777216,bound_hit,1875
measured,probe-memory-buffer,run,3521,576246394,0,40000,20000,30000,10000,16777216,bound_hit,1875
measured,probe-memory-buffer,run,3522,576403294,0,40000,20000,30000,10000,16777216,bound_hit,1875
measured,probe-memory-buffer,run,3523,576540694,0,40000,20000,30000,10000,16777216,bound_hit,1875
measured,probe-memory-buffer,run,3524,576692694,0,40000,20000,30000,10000,16777216,bound_hit,1875
measured,probe-memory-buffer,run,3525,576862394,0,40000,20000,30000,10000,16777216,bound_hit,1875
measured,probe-memory-buffer,run,3526,576994193,0,40000,20000,30000,10000,16777216,bound_hit,1875
measured,probe-memory-buffer,run,3527,577117693,0,40000,20000,30000,10000,16777216,bound_hit,1875
measured,probe-memory-buffer,run,3528,577239693,0,40000,20000,30000,10000,16777216,bound_hit,1875
measured,probe-memory-buffer,run,3529,577381193,0,40000,20000,30000,10000,16777216,bound_hit,1875
measured,probe-memory-buffer,run,3530,577547693,0,40000,20000,30000,10000,16777216,bound_hit,1875
measured,probe-memory-buffer,run,3531,577667593,0,40000,20000,30000,10000,16777216,bound_hit,1875
measured,probe-memory-buffer,run,3532,577787293,0,40000,20000,30000,10000,16777216,bound_hit,1875
measured,probe-memory-buffer,run,3533,577961893,0,40000,20000,30000,10000,16777216,bound_hit,1875
measured,probe-memory-buffer,run,3534,578090393,0,40000,20000,30000,10000,16777216,bound_hit,1875
measured,probe-memory-buffer,run,3535,578214493,0,40000,20000,30000,10000,16777216,bound_hit,1875
measured,probe-memory-buffer,run,3536,578343493,0,40000,20000,30000,10000,16777216,bound_hit,1875
measured,probe-memory-buffer,run,3537,578483593,0,40000,20000,30000,10000,16777216,bound_hit,1875
measured,probe-memory-buffer,run,3538,578606693,0,40000,20000,30000,10000,16777216,bound_hit,1875
measured,probe-memory-buffer,run,3539,578729693,0,40000,20000,30000,10000,16777216,bound_hit,1875
measured,probe-memory-buffer,run,3540,578852893,0,40000,20000,30000,10000,16777216,bound_hit,1875
measured,probe-memory-buffer,run,3541,578976193,0,40000,20000,30000,10000,16777216,bound_hit,1875
measured,probe-memory-buffer,run,3542,579099193,0,40000,20000,30000,10000,16777216,bound_hit,1875
measured,probe-memory-buffer,run,3543,579222293,0,40000,20000,30000,10000,16777216,bound_hit,1875
measured,probe-memory-buffer,run,3544,579345593,0,40000,20000,30000,10000,16777216,bound_hit,1875
measured,probe-memory-buffer,run,3545,579465893,0,40000,20000,30000,10000,16777216,bound_hit,1875
measured,probe-memory-buffer,run,3546,579585093,0,40000,20000,30000,10000,16777216,bound_hit,1875
measured,probe-memory-buffer,run,3547,579703993,0,40000,20000,30000,10000,16777216,bound_hit,1875
measured,probe-memory-buffer,run,3548,579823193,0,40000,20000,30000,10000,16777216,bound_hit,1875
measured,probe-memory-buffer,run,3549,579941993,0,40000,20000,30000,10000,16777216,bound_hit,1875
measured,probe-memory-buffer,run,3550,580060893,0,40000,20000,30000,10000,16777216,bound_hit,1875
measured,probe-memory-buffer,run,3551,580179593,0,40000,20000,30000,10000,16777216,bound_hit,1875
measured,probe-memory-buffer,run,3552,580298293,0,40000,20000,30000,10000,16777216,bound_hit,1875
measured,probe-memory-buffer,run,3553,580425393,0,40000,20000,30000,10000,16777216,bound_hit,1875
measured,probe-memory-buffer,run,3554,580544293,0,40000,20000,30000,10000,16777216,bound_hit,1875
measured,probe-memory-buffer,run,3555,580687593,0,40000,20000,30000,10000,16777216,bound_hit,1875
measured,probe-memory-buffer,run,3556,580806593,0,40000,20000,30000,10000,16777216,bound_hit,1875
measured,probe-memory-buffer,run,3557,580925393,0,40000,20000,30000,10000,16777216,bound_hit,1875
measured,probe-memory-buffer,run,3558,581043793,0,40000,20000,30000,10000,16777216,bound_hit,1875
measured,probe-memory-buffer,run,3559,581162493,0,40000,20000,30000,10000,16777216,bound_hit,1875
measured,probe-memory-buffer,run,3560,581281193,0,40000,20000,30000,10000,16777216,bound_hit,1875
measured,probe-memory-buffer,run,3561,581399893,0,40000,20000,30000,10000,16777216,bound_hit,1875
measured,probe-memory-buffer,run,3562,581518593,0,40000,20000,30000,10000,16777216,bound_hit,1875
measured,probe-memory-buffer,run,3563,581637593,0,40000,20000,30000,10000,16777216,bound_hit,1875
measured,probe-memory-buffer,run,3564,581756293,0,40000,20000,30000,10000,16777216,bound_hit,1875
measured,probe-memory-buffer,run,3565,581875093,0,40000,20000,30000,10000,16777216,bound_hit,1875
measured,probe-memory-buffer,run,3566,581993893,0,40000,20000,30000,10000,16777216,bound_hit,1875
measured,probe-memory-buffer,run,3567,582112593,0,40000,20000,30000,10000,16777216,bound_hit,1875
measured,probe-memory-buffer,run,3568,582231393,0,40000,20000,30000,10000,16777216,bound_hit,1875
measured,probe-memory-buffer,run,3569,582350093,0,40000,20000,30000,10000,16777216,bound_hit,1875
measured,probe-memory-buffer,run,3570,582468892,0,40000,20000,30000,10000,16777216,bound_hit,1875
measured,probe-memory-buffer,run,3571,582587692,0,40000,20000,30000,10000,16777216,bound_hit,1875
measured,probe-memory-buffer,run,3572,582706592,0,40000,20000,30000,10000,16777216,bound_hit,1875
measured,probe-memory-buffer,run,3573,582825292,0,40000,20000,30000,10000,16777216,bound_hit,1875
measured,probe-memory-buffer,run,3574,582943992,0,40000,20000,30000,10000,16777216,bound_hit,1875
measured,probe-memory-buffer,run,3575,583063092,0,40000,20000,30000,10000,16777216,bound_hit,1875
measured,probe-memory-buffer,run,3576,583181992,0,40000,20000,30000,10000,16777216,bound_hit,1875
measured,probe-memory-buffer,run,3577,583325792,0,40000,20000,30000,10000,16777216,bound_hit,1875
measured,probe-memory-buffer,run,3578,583469792,0,40000,20000,30000,10000,16777216,bound_hit,1875
measured,probe-memory-buffer,run,3579,583608792,0,40000,20000,30000,10000,16777216,bound_hit,1875
measured,probe-memory-buffer,run,3580,583735892,0,40000,20000,30000,10000,16777216,bound_hit,1875
measured,probe-memory-buffer,run,3581,583864192,0,40000,20000,30000,10000,16777216,bound_hit,1875
measured,probe-memory-buffer,run,3582,583992092,0,40000,20000,30000,10000,16777216,bound_hit,1875
measured,probe-memory-buffer,run,3583,584140492,0,40000,20000,30000,10000,16777216,bound_hit,1875
measured,probe-memory-buffer,run,3584,584264292,0,40000,20000,30000,10000,16777216,bound_hit,1875
measured,probe-memory-buffer,run,3585,584388392,0,40000,20000,30000,10000,16777216,bound_hit,1875
measured,probe-memory-buffer,run,3586,584516192,0,40000,20000,30000,10000,16777216,bound_hit,1875
measured,probe-memory-buffer,run,3587,584640792,0,40000,20000,30000,10000,16777216,bound_hit,1875
measured,probe-memory-buffer,run,3588,584765792,0,40000,20000,30000,10000,16777216,bound_hit,1875
measured,probe-memory-buffer,run,3589,584888792,0,40000,20000,30000,10000,16777216,bound_hit,1875
measured,probe-memory-buffer,run,3590,585011292,0,40000,20000,30000,10000,16777216,bound_hit,1875
measured,probe-memory-buffer,run,3591,585134092,0,40000,20000,30000,10000,16777216,bound_hit,1875
measured,probe-memory-buffer,run,3592,585256692,0,40000,20000,30000,10000,16777216,bound_hit,1875
measured,probe-memory-buffer,run,3593,585378592,0,40000,20000,30000,10000,16777216,bound_hit,1875
measured,probe-memory-buffer,run,3594,585498392,0,40000,20000,30000,10000,16777216,bound_hit,1875
measured,probe-memory-buffer,run,3595,585617192,0,40000,20000,30000,10000,16777216,bound_hit,1875
measured,probe-memory-buffer,run,3596,585736092,0,40000,20000,30000,10000,16777216,bound_hit,1875
measured,probe-memory-buffer,run,3597,585855192,0,40000,20000,30000,10000,16777216,bound_hit,1875
measured,probe-memory-buffer,run,3598,585973992,0,40000,20000,30000,10000,16777216,bound_hit,1875
measured,probe-memory-buffer,run,3599,586092792,0,40000,20000,30000,10000,16777216,bound_hit,1875
measured,probe-memory-buffer,run,3600,586211392,0,40000,20000,30000,10000,16777216,bound_hit,1875
measured,probe-memory-buffer,run,3601,586330092,0,40000,20000,30000,10000,16777216,bound_hit,1875
measured,probe-memory-buffer,run,3602,586448892,0,40000,20000,30000,10000,16777216,bound_hit,1875
measured,probe-memory-buffer,run,3603,586567592,0,40000,20000,30000,10000,16777216,bound_hit,1875
measured,probe-memory-buffer,run,3604,586686492,0,40000,20000,30000,10000,16777216,bound_hit,1875
measured,probe-memory-buffer,run,3605,586805092,0,40000,20000,30000,10000,16777216,bound_hit,1875
measured,probe-memory-buffer,run,3606,586923692,0,40000,20000,30000,10000,16777216,bound_hit,1875
measured,probe-memory-buffer,run,3607,587042392,0,40000,20000,30000,10000,16777216,bound_hit,1875
measured,probe-memory-buffer,run,3608,587161092,0,40000,20000,30000,10000,16777216,bound_hit,1875
measured,probe-memory-buffer,run,3609,587279592,0,40000,20000,30000,10000,16777216,bound_hit,1875
measured,probe-memory-buffer,run,3610,587405692,0,40000,20000,30000,10000,16777216,bound_hit,1875
measured,probe-memory-buffer,run,3611,587524392,0,40000,20000,30000,10000,16777216,bound_hit,1875
measured,probe-memory-buffer,run,3612,587642992,0,40000,20000,30000,10000,16777216,bound_hit,1875
measured,probe-memory-buffer,run,3613,587761791,0,40000,20000,30000,10000,16777216,bound_hit,1875
measured,probe-memory-buffer,run,3614,587880391,0,40000,20000,30000,10000,16777216,bound_hit,1875
measured,probe-memory-buffer,run,3615,587998891,0,40000,20000,30000,10000,16777216,bound_hit,1875
measured,probe-memory-buffer,run,3616,588117491,0,40000,20000,30000,10000,16777216,bound_hit,1875
measured,probe-memory-buffer,run,3617,588236091,0,40000,20000,30000,10000,16777216,bound_hit,1875
measured,probe-memory-buffer,run,3618,588354691,0,40000,20000,30000,10000,16777216,bound_hit,1875
measured,probe-memory-buffer,run,3619,588473391,0,40000,20000,30000,10000,16777216,bound_hit,1875
measured,probe-memory-buffer,run,3620,588591991,0,40000,20000,30000,10000,16777216,bound_hit,1875
measured,probe-memory-buffer,run,3621,588712891,0,40000,20000,30000,10000,16777216,bound_hit,1875
measured,probe-memory-buffer,run,3622,588831791,0,40000,20000,30000,10000,16777216,bound_hit,1875
measured,probe-memory-buffer,run,3623,588950591,0,40000,20000,30000,10000,16777216,bound_hit,1875
measured,probe-memory-buffer,run,3624,589069191,0,40000,20000,30000,10000,16777216,bound_hit,1875
measured,probe-memory-buffer,run,3625,589187791,0,40000,20000,30000,10000,16777216,bound_hit,1875
measured,probe-memory-buffer,run,3626,589306391,0,40000,20000,30000,10000,16777216,bound_hit,1875
measured,probe-memory-buffer,run,3627,589424991,0,40000,20000,30000,10000,16777216,bound_hit,1875
measured,probe-memory-buffer,run,3628,589543691,0,40000,20000,30000,10000,16777216,bound_hit,1875
measured,probe-memory-buffer,run,3629,589662391,0,40000,20000,30000,10000,16777216,bound_hit,1875
measured,probe-memory-buffer,run,3630,589781691,0,40000,20000,30000,10000,16777216,bound_hit,1875
measured,probe-memory-buffer,run,3631,589900391,0,40000,20000,30000,10000,16777216,bound_hit,1875
measured,probe-memory-buffer,run,3632,590018991,0,40000,20000,30000,10000,16777216,bound_hit,1875
measured,probe-memory-buffer,run,3633,590137591,0,40000,20000,30000,10000,16777216,bound_hit,1875
measured,probe-memory-buffer,run,3634,590288991,0,40000,20000,30000,10000,16777216,bound_hit,1875
measured,probe-memory-buffer,run,3635,590451191,0,40000,20000,30000,10000,16777216,bound_hit,1875
measured,probe-memory-buffer,run,3636,590578091,0,40000,20000,30000,10000,16777216,bound_hit,1875
measured,probe-memory-buffer,run,3637,590698491,0,40000,20000,30000,10000,16777216,bound_hit,1875
measured,probe-memory-buffer,run,3638,590817591,0,40000,20000,30000,10000,16777216,bound_hit,1875
measured,probe-memory-buffer,run,3639,590936291,0,40000,20000,30000,10000,16777216,bound_hit,1875
measured,probe-memory-buffer,run,3640,591054991,0,40000,20000,30000,10000,16777216,bound_hit,1875
measured,probe-memory-buffer,run,3641,591173791,0,40000,20000,30000,10000,16777216,bound_hit,1875
measured,probe-memory-buffer,run,3642,591352491,0,40000,20000,30000,10000,16777216,bound_hit,1875
measured,probe-memory-buffer,run,3643,591480191,0,40000,20000,30000,10000,16777216,bound_hit,1875
measured,probe-memory-buffer,run,3644,591603691,0,40000,20000,30000,10000,16777216,bound_hit,1875
measured,probe-memory-buffer,run,3645,591726791,0,40000,20000,30000,10000,16777216,bound_hit,1875
measured,probe-memory-buffer,run,3646,591874691,0,40000,20000,30000,10000,16777216,bound_hit,1875
measured,probe-memory-buffer,run,3647,591995991,0,40000,20000,30000,10000,16777216,bound_hit,1875
measured,probe-memory-buffer,run,3648,592116791,0,40000,20000,30000,10000,16777216,bound_hit,1875
measured,probe-memory-buffer,run,3649,592312591,0,40000,20000,30000,10000,16777216,bound_hit,1875
measured,probe-memory-buffer,run,3650,592440691,0,40000,20000,30000,10000,16777216,bound_hit,1875
measured,probe-memory-buffer,run,3651,592565091,0,40000,20000,30000,10000,16777216,bound_hit,1875
measured,probe-memory-buffer,run,3652,592679991,0,40000,20000,30000,10000,16777216,bound_hit,1875
measured,probe-memory-buffer,run,3653,592804791,0,40000,20000,30000,10000,16777216,bound_hit,1875
measured,probe-memory-buffer,run,3654,592929391,0,40000,20000,30000,10000,16777216,bound_hit,1875
measured,probe-memory-buffer,run,3655,593053191,0,40000,20000,30000,10000,16777216,bound_hit,1875
measured,probe-memory-buffer,run,3656,593176790,0,40000,20000,30000,10000,16777216,bound_hit,1875
measured,probe-memory-buffer,run,3657,593300290,0,40000,20000,30000,10000,16777216,bound_hit,1875
measured,probe-memory-buffer,run,3658,593447790,0,40000,20000,30000,10000,16777216,bound_hit,1875
measured,probe-memory-buffer,run,3659,593568590,0,40000,20000,30000,10000,16777216,bound_hit,1875
measured,probe-memory-buffer,run,3660,593728890,0,40000,20000,30000,10000,16777216,bound_hit,1875
measured,probe-memory-buffer,run,3661,593884090,0,40000,20000,30000,10000,16777216,bound_hit,1875
measured,probe-memory-buffer,run,3662,594038290,0,40000,20000,30000,10000,16777216,bound_hit,1875
measured,probe-memory-buffer,run,3663,594192290,0,40000,20000,30000,10000,16777216,bound_hit,1875
measured,probe-memory-buffer,run,3664,594346390,0,40000,20000,30000,10000,16777216,bound_hit,1875
measured,probe-memory-buffer,run,3665,594500090,0,40000,20000,30000,10000,16777216,bound_hit,1875
measured,probe-memory-buffer,run,3666,594653690,0,40000,20000,30000,10000,16777216,bound_hit,1875
measured,probe-memory-buffer,run,3667,594816690,0,40000,20000,30000,10000,16777216,bound_hit,1875
measured,probe-memory-buffer,run,3668,594949490,0,40000,20000,30000,10000,16777216,bound_hit,1875
measured,probe-memory-buffer,run,3669,595082590,0,40000,20000,30000,10000,16777216,bound_hit,1875
measured,probe-memory-buffer,run,3670,595215790,0,40000,20000,30000,10000,16777216,bound_hit,1875
measured,probe-memory-buffer,run,3671,595349290,0,40000,20000,30000,10000,16777216,bound_hit,1875
measured,probe-memory-buffer,run,3672,595482290,0,40000,20000,30000,10000,16777216,bound_hit,1875
measured,probe-memory-buffer,run,3673,595615390,0,40000,20000,30000,10000,16777216,bound_hit,1875
measured,probe-memory-buffer,run,3674,595748590,0,40000,20000,30000,10000,16777216,bound_hit,1875
measured,probe-memory-buffer,run,3675,595881790,0,40000,20000,30000,10000,16777216,bound_hit,1875
measured,probe-memory-buffer,run,3676,596014690,0,40000,20000,30000,10000,16777216,bound_hit,1875
measured,probe-memory-buffer,run,3677,596147890,0,40000,20000,30000,10000,16777216,bound_hit,1875
measured,probe-memory-buffer,run,3678,596280990,0,40000,20000,30000,10000,16777216,bound_hit,1875
measured,probe-memory-buffer,run,3679,596414590,0,40000,20000,30000,10000,16777216,bound_hit,1875
measured,probe-memory-buffer,run,3680,596547790,0,40000,20000,30000,10000,16777216,bound_hit,1875
measured,probe-memory-buffer,run,3681,596672790,0,40000,20000,30000,10000,16777216,bound_hit,1875
measured,probe-memory-buffer,run,3682,596793390,0,40000,20000,30000,10000,16777216,bound_hit,1875
measured,probe-memory-buffer,run,3683,596926690,0,40000,20000,30000,10000,16777216,bound_hit,1875
measured,probe-memory-buffer,run,3684,597059790,0,40000,20000,30000,10000,16777216,bound_hit,1875
measured,probe-memory-buffer,run,3685,597233090,0,40000,20000,30000,10000,16777216,bound_hit,1875
measured,probe-memory-buffer,run,3686,597426690,0,40000,20000,30000,10000,16777216,bound_hit,1875
measured,probe-memory-buffer,run,3687,597573390,0,40000,20000,30000,10000,16777216,bound_hit,1875
measured,probe-memory-buffer,run,3688,597708690,0,40000,20000,30000,10000,16777216,bound_hit,1875
measured,probe-memory-buffer,run,3689,597842990,0,40000,20000,30000,10000,16777216,bound_hit,1875
measured,probe-memory-buffer,run,3690,597991690,0,40000,20000,30000,10000,16777216,bound_hit,1875
measured,probe-memory-buffer,run,3691,598124490,0,40000,20000,30000,10000,16777216,bound_hit,1875
measured,probe-memory-buffer,run,3692,598257390,0,40000,20000,30000,10000,16777216,bound_hit,1875
measured,probe-memory-buffer,run,3693,598408890,0,40000,20000,30000,10000,16777216,bound_hit,1875
measured,probe-memory-buffer,run,3694,598564089,0,40000,20000,30000,10000,16777216,bound_hit,1875
measured,probe-memory-buffer,run,3695,598703689,0,40000,20000,30000,10000,16777216,bound_hit,1875
measured,probe-memory-buffer,run,3696,598853189,0,40000,20000,30000,10000,16777216,bound_hit,1875
measured,probe-memory-buffer,run,3697,599011289,0,40000,20000,30000,10000,16777216,bound_hit,1875
measured,probe-memory-buffer,run,3698,599166889,0,40000,20000,30000,10000,16777216,bound_hit,1875
measured,probe-memory-buffer,run,3699,599322589,0,40000,20000,30000,10000,16777216,bound_hit,1875
measured,probe-memory-buffer,run,3700,599478989,0,40000,20000,30000,10000,16777216,bound_hit,1875
measured,probe-memory-buffer,run,3701,599613489,0,40000,20000,30000,10000,16777216,bound_hit,1875
measured,probe-memory-buffer,run,3702,599747689,0,40000,20000,30000,10000,16777216,bound_hit,1875
measured,probe-memory-buffer,run,3703,599881689,0,40000,20000,30000,10000,16777216,bound_hit,1875
measured,probe-memory-buffer,run,3704,600015889,0,40000,20000,30000,10000,16777216,bound_hit,1875
measured,probe-memory-buffer,run,3705,600149689,0,40000,20000,30000,10000,16777216,bound_hit,1875
measured,probe-memory-buffer,run,3706,600283289,0,40000,20000,30000,10000,16777216,bound_hit,1875
measured,probe-memory-buffer,run,3707,600416789,0,40000,20000,30000,10000,16777216,bound_hit,1875
measured,probe-memory-buffer,run,3708,600550489,0,40000,20000,30000,10000,16777216,bound_hit,1875
measured,probe-memory-buffer,run,3709,600678989,0,40000,20000,30000,10000,16777216,bound_hit,1875
measured,probe-memory-buffer,run,3710,600801689,0,40000,20000,30000,10000,16777216,bound_hit,1875
measured,probe-memory-buffer,run,3711,600935589,0,40000,20000,30000,10000,16777216,bound_hit,1875
measured,probe-memory-buffer,run,3712,601068289,0,40000,20000,30000,10000,16777216,bound_hit,1875
measured,probe-memory-buffer,run,3713,601200989,0,40000,20000,30000,10000,16777216,bound_hit,1875
measured,probe-memory-buffer,run,3714,601333689,0,40000,20000,30000,10000,16777216,bound_hit,1875
measured,probe-memory-buffer,run,3715,601466189,0,40000,20000,30000,10000,16777216,bound_hit,1875
measured,probe-memory-buffer,run,3716,601599189,0,40000,20000,30000,10000,16777216,bound_hit,1875
measured,probe-memory-buffer,run,3717,601732089,0,40000,20000,30000,10000,16777216,bound_hit,1875
measured,probe-memory-buffer,run,3718,601866689,0,40000,20000,30000,10000,16777216,bound_hit,1875
measured,probe-memory-buffer,run,3719,602001189,0,40000,20000,30000,10000,16777216,bound_hit,1875
measured,probe-memory-buffer,run,3720,602134189,0,40000,20000,30000,10000,16777216,bound_hit,1875
measured,probe-memory-buffer,run,3721,602267189,0,40000,20000,30000,10000,16777216,bound_hit,1875
measured,probe-memory-buffer,run,3722,602400289,0,40000,20000,30000,10000,16777216,bound_hit,1875
measured,probe-memory-buffer,run,3723,602533489,0,40000,20000,30000,10000,16777216,bound_hit,1875
measured,probe-memory-buffer,run,3724,602675189,0,40000,20000,30000,10000,16777216,bound_hit,1875
measured,probe-memory-buffer,run,3725,602807889,0,40000,20000,30000,10000,16777216,bound_hit,1875
measured,probe-memory-buffer,run,3726,602941089,0,40000,20000,30000,10000,16777216,bound_hit,1875
measured,probe-memory-buffer,run,3727,603073789,0,40000,20000,30000,10000,16777216,bound_hit,1875
measured,probe-memory-buffer,run,3728,603207189,0,40000,20000,30000,10000,16777216,bound_hit,1875
measured,probe-memory-buffer,run,3729,603340089,0,40000,20000,30000,10000,16777216,bound_hit,1875
measured,probe-memory-buffer,run,3730,603472989,0,40000,20000,30000,10000,16777216,bound_hit,1875
measured,probe-memory-buffer,run,3731,603605689,0,40000,20000,30000,10000,16777216,bound_hit,1875
measured,probe-memory-buffer,run,3732,603740789,0,40000,20000,30000,10000,16777216,bound_hit,1875
measured,probe-memory-buffer,run,3733,603873389,0,40000,20000,30000,10000,16777216,bound_hit,1875
measured,probe-memory-buffer,run,3734,604005888,0,40000,20000,30000,10000,16777216,bound_hit,1875
measured,probe-memory-buffer,run,3735,604138688,0,40000,20000,30000,10000,16777216,bound_hit,1875
measured,probe-memory-buffer,run,3736,604284088,0,40000,20000,30000,10000,16777216,bound_hit,1875
measured,probe-memory-buffer,run,3737,604479288,0,40000,20000,30000,10000,16777216,bound_hit,1875
measured,probe-memory-buffer,run,3738,604641088,0,40000,20000,30000,10000,16777216,bound_hit,1875
measured,probe-memory-buffer,run,3739,604891388,0,40000,20000,30000,10000,16777216,bound_hit,1875
measured,probe-memory-buffer,run,3740,605110388,0,40000,20000,30000,10000,16777216,bound_hit,1875
measured,probe-memory-buffer,run,3741,605257488,0,40000,20000,30000,10000,16777216,bound_hit,1875
measured,probe-memory-buffer,run,3742,605397788,0,40000,20000,30000,10000,16777216,bound_hit,1875
measured,probe-memory-buffer,run,3743,605558688,0,40000,20000,30000,10000,16777216,bound_hit,1875
measured,probe-memory-buffer,run,3744,605743888,0,40000,20000,30000,10000,16777216,bound_hit,1875
measured,probe-memory-buffer,run,3745,605884888,0,40000,20000,30000,10000,16777216,bound_hit,1875
measured,probe-memory-buffer,run,3746,606042888,0,40000,20000,30000,10000,16777216,bound_hit,1875
measured,probe-memory-buffer,run,3747,606197988,0,40000,20000,30000,10000,16777216,bound_hit,1875
measured,probe-memory-buffer,run,3748,606352988,0,40000,20000,30000,10000,16777216,bound_hit,1875
measured,probe-memory-buffer,run,3749,606486588,0,40000,20000,30000,10000,16777216,bound_hit,1875
measured,probe-memory-buffer,run,3750,606620088,0,40000,20000,30000,10000,16777216,bound_hit,1875
measured,probe-memory-buffer,run,3751,606753788,0,40000,20000,30000,10000,16777216,bound_hit,1875
measured,probe-memory-buffer,run,3752,606887388,0,40000,20000,30000,10000,16777216,bound_hit,1875
measured,probe-memory-buffer,run,3753,607078488,0,40000,20000,30000,10000,16777216,bound_hit,1875
measured,probe-memory-buffer,run,3754,607211688,0,40000,20000,30000,10000,16777216,bound_hit,1875
measured,probe-memory-buffer,run,3755,607344188,0,40000,20000,30000,10000,16777216,bound_hit,1875
measured,probe-memory-buffer,run,3756,607476888,0,40000,20000,30000,10000,16777216,bound_hit,1875
measured,probe-memory-buffer,run,3757,607609388,0,40000,20000,30000,10000,16777216,bound_hit,1875
measured,probe-memory-buffer,run,3758,607741788,0,40000,20000,30000,10000,16777216,bound_hit,1875
measured,probe-memory-buffer,run,3759,607874188,0,40000,20000,30000,10000,16777216,bound_hit,1875
measured,probe-memory-buffer,run,3760,608006688,0,40000,20000,30000,10000,16777216,bound_hit,1875
measured,probe-memory-buffer,run,3761,608139488,0,40000,20000,30000,10000,16777216,bound_hit,1875
measured,probe-memory-buffer,run,3762,608271888,0,40000,20000,30000,10000,16777216,bound_hit,1875
measured,probe-memory-buffer,run,3763,608404288,0,40000,20000,30000,10000,16777216,bound_hit,1875
measured,probe-memory-buffer,run,3764,608536788,0,40000,20000,30000,10000,16777216,bound_hit,1875
measured,probe-memory-buffer,run,3765,608686388,0,40000,20000,30000,10000,16777216,bound_hit,1875
measured,probe-memory-buffer,run,3766,608818988,0,40000,20000,30000,10000,16777216,bound_hit,1875
measured,probe-memory-buffer,run,3767,608951488,0,40000,20000,30000,10000,16777216,bound_hit,1875
measured,probe-memory-buffer,run,3768,609084188,0,40000,20000,30000,10000,16777216,bound_hit,1875
measured,probe-memory-buffer,run,3769,609216888,0,40000,20000,30000,10000,16777216,bound_hit,1875
measured,probe-memory-buffer,run,3770,609349687,0,40000,20000,30000,10000,16777216,bound_hit,1875
measured,probe-memory-buffer,run,3771,609482487,0,40000,20000,30000,10000,16777216,bound_hit,1875
measured,probe-memory-buffer,run,3772,609615187,0,40000,20000,30000,10000,16777216,bound_hit,1875
measured,probe-memory-buffer,run,3773,609747787,0,40000,20000,30000,10000,16777216,bound_hit,1875
measured,probe-memory-buffer,run,3774,609880087,0,40000,20000,30000,10000,16777216,bound_hit,1875
measured,probe-memory-buffer,run,3775,610012387,0,40000,20000,30000,10000,16777216,bound_hit,1875
measured,probe-memory-buffer,run,3776,610144687,0,40000,20000,30000,10000,16777216,bound_hit,1875
measured,probe-memory-buffer,run,3777,610277187,0,40000,20000,30000,10000,16777216,bound_hit,1875
measured,probe-memory-buffer,run,3778,610410287,0,40000,20000,30000,10000,16777216,bound_hit,1875
measured,probe-memory-buffer,run,3779,610542787,0,40000,20000,30000,10000,16777216,bound_hit,1875
measured,probe-memory-buffer,run,3780,610675187,0,40000,20000,30000,10000,16777216,bound_hit,1875
measured,probe-memory-buffer,run,3781,610815887,0,40000,20000,30000,10000,16777216,bound_hit,1875
measured,probe-memory-buffer,run,3782,610948287,0,40000,20000,30000,10000,16777216,bound_hit,1875
measured,probe-memory-buffer,run,3783,611090587,0,40000,20000,30000,10000,16777216,bound_hit,1875
measured,probe-memory-buffer,run,3784,611241787,0,40000,20000,30000,10000,16777216,bound_hit,1875
measured,probe-memory-buffer,run,3785,611378187,0,40000,20000,30000,10000,16777216,bound_hit,1875
measured,probe-memory-buffer,run,3786,611549387,0,40000,20000,30000,10000,16777216,bound_hit,1875
measured,probe-memory-buffer,run,3787,611684587,0,40000,20000,30000,10000,16777216,bound_hit,1875
measured,probe-memory-buffer,run,3788,611820387,0,40000,20000,30000,10000,16777216,bound_hit,1875
measured,probe-memory-buffer,run,3789,611956787,0,40000,20000,30000,10000,16777216,bound_hit,1875
measured,probe-memory-buffer,run,3790,612114587,0,40000,20000,30000,10000,16777216,bound_hit,1875
measured,probe-memory-buffer,run,3791,612247587,0,40000,20000,30000,10000,16777216,bound_hit,1875
measured,probe-memory-buffer,run,3792,612379987,0,40000,20000,30000,10000,16777216,bound_hit,1875
measured,probe-memory-buffer,run,3793,612512187,0,40000,20000,30000,10000,16777216,bound_hit,1875
measured,probe-memory-buffer,run,3794,612644387,0,40000,20000,30000,10000,16777216,bound_hit,1875
measured,probe-memory-buffer,run,3795,612833587,0,40000,20000,30000,10000,16777216,bound_hit,1875
measured,probe-memory-buffer,run,3796,612965887,0,40000,20000,30000,10000,16777216,bound_hit,1875
measured,probe-memory-buffer,run,3797,613097687,0,40000,20000,30000,10000,16777216,bound_hit,1875
measured,probe-memory-buffer,run,3798,613229587,0,40000,20000,30000,10000,16777216,bound_hit,1875
measured,probe-memory-buffer,run,3799,613362187,0,40000,20000,30000,10000,16777216,bound_hit,1875
measured,probe-memory-buffer,run,3800,613494587,0,40000,20000,30000,10000,16777216,bound_hit,1875
measured,probe-memory-buffer,run,3801,613626887,0,40000,20000,30000,10000,16777216,bound_hit,1875
measured,probe-memory-buffer,run,3802,613759287,0,40000,20000,30000,10000,16777216,bound_hit,1875
measured,probe-memory-buffer,run,3803,613891687,0,40000,20000,30000,10000,16777216,bound_hit,1875
measured,probe-memory-buffer,run,3804,614039087,0,40000,20000,30000,10000,16777216,bound_hit,1875
measured,probe-memory-buffer,run,3805,614172087,0,40000,20000,30000,10000,16777216,bound_hit,1875
measured,probe-memory-buffer,run,3806,614305787,0,40000,20000,30000,10000,16777216,bound_hit,1875
measured,probe-memory-buffer,run,3807,614438887,0,40000,20000,30000,10000,16777216,bound_hit,1875
measured,probe-memory-buffer,run,3808,614572987,0,40000,20000,30000,10000,16777216,bound_hit,1875
measured,probe-memory-buffer,run,3809,614706086,0,40000,20000,30000,10000,16777216,bound_hit,1875
measured,probe-memory-buffer,run,3810,614839286,0,40000,20000,30000,10000,16777216,bound_hit,1875
measured,probe-memory-buffer,run,3811,614972086,0,40000,20000,30000,10000,16777216,bound_hit,1875
measured,probe-memory-buffer,run,3812,615104486,0,40000,20000,30000,10000,16777216,bound_hit,1875
measured,probe-memory-buffer,run,3813,615236886,0,40000,20000,30000,10000,16777216,bound_hit,1875
measured,probe-memory-buffer,run,3814,615370086,0,40000,20000,30000,10000,16777216,bound_hit,1875
measured,probe-memory-buffer,run,3815,615502686,0,40000,20000,30000,10000,16777216,bound_hit,1875
measured,probe-memory-buffer,run,3816,615635086,0,40000,20000,30000,10000,16777216,bound_hit,1875
measured,probe-memory-buffer,run,3817,615767386,0,40000,20000,30000,10000,16777216,bound_hit,1875
measured,probe-memory-buffer,run,3818,615899986,0,40000,20000,30000,10000,16777216,bound_hit,1875
measured,probe-memory-buffer,run,3819,616032486,0,40000,20000,30000,10000,16777216,bound_hit,1875
measured,probe-memory-buffer,run,3820,616165286,0,40000,20000,30000,10000,16777216,bound_hit,1875
measured,probe-memory-buffer,run,3821,616297786,0,40000,20000,30000,10000,16777216,bound_hit,1875
measured,probe-memory-buffer,run,3822,616430586,0,40000,20000,30000,10000,16777216,bound_hit,1875
measured,probe-memory-buffer,run,3823,616563386,0,40000,20000,30000,10000,16777216,bound_hit,1875
measured,probe-memory-buffer,run,3824,616698986,0,40000,20000,30000,10000,16777216,bound_hit,1875
measured,probe-memory-buffer,run,3825,616831586,0,40000,20000,30000,10000,16777216,bound_hit,1875
measured,probe-memory-buffer,run,3826,616964286,0,40000,20000,30000,10000,16777216,bound_hit,1875
measured,probe-memory-buffer,run,3827,617096886,0,40000,20000,30000,10000,16777216,bound_hit,1875
measured,probe-memory-buffer,run,3828,617229486,0,40000,20000,30000,10000,16777216,bound_hit,1875
measured,probe-memory-buffer,run,3829,617361786,0,40000,20000,30000,10000,16777216,bound_hit,1875
measured,probe-memory-buffer,run,3830,617494486,0,40000,20000,30000,10000,16777216,bound_hit,1875
measured,probe-memory-buffer,run,3831,617627086,0,40000,20000,30000,10000,16777216,bound_hit,1875
measured,probe-memory-buffer,run,3832,617759686,0,40000,20000,30000,10000,16777216,bound_hit,1875
measured,probe-memory-buffer,run,3833,617892386,0,40000,20000,30000,10000,16777216,bound_hit,1875
measured,probe-memory-buffer,run,3834,618038686,0,40000,20000,30000,10000,16777216,bound_hit,1875
measured,probe-memory-buffer,run,3835,618187186,0,40000,20000,30000,10000,16777216,bound_hit,1875
measured,probe-memory-buffer,run,3836,618337386,0,40000,20000,30000,10000,16777216,bound_hit,1875
measured,probe-memory-buffer,run,3837,618870386,0,40000,20000,30000,10000,16777216,bound_hit,1875
measured,probe-memory-buffer,run,3838,619014686,0,40000,20000,30000,10000,16777216,bound_hit,1875
measured,probe-memory-buffer,run,3839,619153686,0,40000,20000,30000,10000,16777216,bound_hit,1875
measured,probe-memory-buffer,run,3840,619293886,0,40000,20000,30000,10000,16777216,bound_hit,1875
measured,probe-memory-buffer,run,3841,619431886,0,40000,20000,30000,10000,16777216,bound_hit,1875
measured,probe-memory-buffer,run,3842,619569886,0,40000,20000,30000,10000,16777216,bound_hit,1875
measured,probe-memory-buffer,run,3843,619712586,0,40000,20000,30000,10000,16777216,bound_hit,1875
measured,probe-memory-buffer,run,3844,619851386,0,40000,20000,30000,10000,16777216,bound_hit,1875
measured,probe-memory-buffer,run,3845,619989386,0,40000,20000,30000,10000,16777216,bound_hit,1875
measured,probe-memory-buffer,run,3846,620151385,0,40000,20000,30000,10000,16777216,bound_hit,1875
measured,probe-memory-buffer,run,3847,620290785,0,40000,20000,30000,10000,16777216,bound_hit,1875
measured,probe-memory-buffer,run,3848,620431185,0,40000,20000,30000,10000,16777216,bound_hit,1875
measured,probe-memory-buffer,run,3849,620566085,0,40000,20000,30000,10000,16777216,bound_hit,1875
measured,probe-memory-buffer,run,3850,620700985,0,40000,20000,30000,10000,16777216,bound_hit,1875
measured,probe-memory-buffer,run,3851,620834585,0,40000,20000,30000,10000,16777216,bound_hit,1875
measured,probe-memory-buffer,run,3852,620966885,0,40000,20000,30000,10000,16777216,bound_hit,1875
measured,probe-memory-buffer,run,3853,621099485,0,40000,20000,30000,10000,16777216,bound_hit,1875
measured,probe-memory-buffer,run,3854,621232085,0,40000,20000,30000,10000,16777216,bound_hit,1875
measured,probe-memory-buffer,run,3855,621364985,0,40000,20000,30000,10000,16777216,bound_hit,1875
measured,probe-memory-buffer,run,3856,621497485,0,40000,20000,30000,10000,16777216,bound_hit,1875
measured,probe-memory-buffer,run,3857,621629685,0,40000,20000,30000,10000,16777216,bound_hit,1875
measured,probe-memory-buffer,run,3858,621762385,0,40000,20000,30000,10000,16777216,bound_hit,1875
measured,probe-memory-buffer,run,3859,621894885,0,40000,20000,30000,10000,16777216,bound_hit,1875
measured,probe-memory-buffer,run,3860,622027485,0,40000,20000,30000,10000,16777216,bound_hit,1875
measured,probe-memory-buffer,run,3861,622160885,0,40000,20000,30000,10000,16777216,bound_hit,1875
measured,probe-memory-buffer,run,3862,622292985,0,40000,20000,30000,10000,16777216,bound_hit,1875
measured,probe-memory-buffer,run,3863,622425585,0,40000,20000,30000,10000,16777216,bound_hit,1875
measured,probe-memory-buffer,run,3864,622558085,0,40000,20000,30000,10000,16777216,bound_hit,1875
measured,probe-memory-buffer,run,3865,622690785,0,40000,20000,30000,10000,16777216,bound_hit,1875
measured,probe-memory-buffer,run,3866,622823485,0,40000,20000,30000,10000,16777216,bound_hit,1875
measured,probe-memory-buffer,run,3867,622955785,0,40000,20000,30000,10000,16777216,bound_hit,1875
measured,probe-memory-buffer,run,3868,623088185,0,40000,20000,30000,10000,16777216,bound_hit,1875
measured,probe-memory-buffer,run,3869,623220685,0,40000,20000,30000,10000,16777216,bound_hit,1875
measured,probe-memory-buffer,run,3870,623353085,0,40000,20000,30000,10000,16777216,bound_hit,1875
measured,probe-memory-buffer,run,3871,623485585,0,40000,20000,30000,10000,16777216,bound_hit,1875
measured,probe-memory-buffer,run,3872,623618285,0,40000,20000,30000,10000,16777216,bound_hit,1875
measured,probe-memory-buffer,run,3873,623750985,0,40000,20000,30000,10000,16777216,bound_hit,1875
measured,probe-memory-buffer,run,3874,623883285,0,40000,20000,30000,10000,16777216,bound_hit,1875
measured,probe-memory-buffer,run,3875,624015785,0,40000,20000,30000,10000,16777216,bound_hit,1875
measured,probe-memory-buffer,run,3876,624148185,0,40000,20000,30000,10000,16777216,bound_hit,1875
measured,probe-memory-buffer,run,3877,624280885,0,40000,20000,30000,10000,16777216,bound_hit,1875
measured,probe-memory-buffer,run,3878,624413285,0,40000,20000,30000,10000,16777216,bound_hit,1875
measured,probe-memory-buffer,run,3879,624545685,0,40000,20000,30000,10000,16777216,bound_hit,1875
measured,probe-memory-buffer,run,3880,624671785,0,40000,20000,30000,10000,16777216,bound_hit,1875
measured,probe-memory-buffer,run,3881,624807185,0,40000,20000,30000,10000,16777216,bound_hit,1875
measured,probe-memory-buffer,run,3882,624941985,0,40000,20000,30000,10000,16777216,bound_hit,1875
measured,probe-memory-buffer,run,3883,625090085,0,40000,20000,30000,10000,16777216,bound_hit,1875
measured,probe-memory-buffer,run,3884,625286285,0,40000,20000,30000,10000,16777216,bound_hit,1875
measured,probe-memory-buffer,run,3885,625440885,0,40000,20000,30000,10000,16777216,bound_hit,1875
measured,probe-memory-buffer,run,3886,625611284,0,40000,20000,30000,10000,16777216,bound_hit,1875
measured,probe-memory-buffer,run,3887,625746684,0,40000,20000,30000,10000,16777216,bound_hit,1875
measured,probe-memory-buffer,run,3888,625881784,0,40000,20000,30000,10000,16777216,bound_hit,1875
measured,probe-memory-buffer,run,3889,626027384,0,40000,20000,30000,10000,16777216,bound_hit,1875
measured,probe-memory-buffer,run,3890,626165884,0,40000,20000,30000,10000,16777216,bound_hit,1875
measured,probe-memory-buffer,run,3891,626301684,0,40000,20000,30000,10000,16777216,bound_hit,1875
measured,probe-memory-buffer,run,3892,626459584,0,40000,20000,30000,10000,16777216,bound_hit,1875
measured,probe-memory-buffer,run,3893,626594184,0,40000,20000,30000,10000,16777216,bound_hit,1875
measured,probe-memory-buffer,run,3894,626736084,0,40000,20000,30000,10000,16777216,bound_hit,1875
measured,probe-memory-buffer,run,3895,626869284,0,40000,20000,30000,10000,16777216,bound_hit,1875
measured,probe-memory-buffer,run,3896,627024884,0,40000,20000,30000,10000,16777216,bound_hit,1875
measured,probe-memory-buffer,run,3897,627171684,0,40000,20000,30000,10000,16777216,bound_hit,1875
measured,probe-memory-buffer,run,3898,627323784,0,40000,20000,30000,10000,16777216,bound_hit,1875
measured,probe-memory-buffer,run,3899,627456384,0,40000,20000,30000,10000,16777216,bound_hit,1875
measured,probe-memory-buffer,run,3900,627588684,0,40000,20000,30000,10000,16777216,bound_hit,1875
measured,probe-memory-buffer,run,3901,627740984,0,40000,20000,30000,10000,16777216,bound_hit,1875
measured,probe-memory-buffer,run,3902,627893784,0,40000,20000,30000,10000,16777216,bound_hit,1875
measured,probe-memory-buffer,run,3903,628027384,0,40000,20000,30000,10000,16777216,bound_hit,1875
measured,probe-memory-buffer,run,3904,628161084,0,40000,20000,30000,10000,16777216,bound_hit,1875
measured,probe-memory-buffer,run,3905,628295384,0,40000,20000,30000,10000,16777216,bound_hit,1875
measured,probe-memory-buffer,run,3906,628429284,0,40000,20000,30000,10000,16777216,bound_hit,1875
measured,probe-memory-buffer,run,3907,628562984,0,40000,20000,30000,10000,16777216,bound_hit,1875
measured,probe-memory-buffer,run,3908,628696684,0,40000,20000,30000,10000,16777216,bound_hit,1875
measured,probe-memory-buffer,run,3909,628830884,0,40000,20000,30000,10000,16777216,bound_hit,1875
measured,probe-memory-buffer,run,3910,628964084,0,40000,20000,30000,10000,16777216,bound_hit,1875
measured,probe-memory-buffer,run,3911,629097284,0,40000,20000,30000,10000,16777216,bound_hit,1875
measured,probe-memory-buffer,run,3912,629230584,0,40000,20000,30000,10000,16777216,bound_hit,1875
measured,probe-memory-buffer,run,3913,629363384,0,40000,20000,30000,10000,16777216,bound_hit,1875
measured,probe-memory-buffer,run,3914,629498984,0,40000,20000,30000,10000,16777216,bound_hit,1875
measured,probe-memory-buffer,run,3915,629632184,0,40000,20000,30000,10000,16777216,bound_hit,1875
measured,probe-memory-buffer,run,3916,629766284,0,40000,20000,30000,10000,16777216,bound_hit,1875
measured,probe-memory-buffer,run,3917,629900784,0,40000,20000,30000,10000,16777216,bound_hit,1875
measured,probe-memory-buffer,run,3918,630048584,0,40000,20000,30000,10000,16777216,bound_hit,1875
measured,probe-memory-buffer,run,3919,630181784,0,40000,20000,30000,10000,16777216,bound_hit,1875
measured,probe-memory-buffer,run,3920,630314784,0,40000,20000,30000,10000,16777216,bound_hit,1875
measured,probe-memory-buffer,run,3921,630447784,0,40000,20000,30000,10000,16777216,bound_hit,1875
measured,probe-memory-buffer,run,3922,630580784,0,40000,20000,30000,10000,16777216,bound_hit,1875
measured,probe-memory-buffer,run,3923,630713684,0,40000,20000,30000,10000,16777216,bound_hit,1875
measured,probe-memory-buffer,run,3924,630846684,0,40000,20000,30000,10000,16777216,bound_hit,1875
measured,probe-memory-buffer,run,3925,630979483,0,40000,20000,30000,10000,16777216,bound_hit,1875
measured,probe-memory-buffer,run,3926,631112483,0,40000,20000,30000,10000,16777216,bound_hit,1875
measured,probe-memory-buffer,run,3927,631245383,0,40000,20000,30000,10000,16777216,bound_hit,1875
measured,probe-memory-buffer,run,3928,631378383,0,40000,20000,30000,10000,16777216,bound_hit,1875
measured,probe-memory-buffer,run,3929,631511383,0,40000,20000,30000,10000,16777216,bound_hit,1875
measured,probe-memory-buffer,run,3930,631644483,0,40000,20000,30000,10000,16777216,bound_hit,1875
measured,probe-memory-buffer,run,3931,631777283,0,40000,20000,30000,10000,16777216,bound_hit,1875
measured,probe-memory-buffer,run,3932,631935483,0,40000,20000,30000,10000,16777216,bound_hit,1875
measured,probe-memory-buffer,run,3933,632079383,0,40000,20000,30000,10000,16777216,bound_hit,1875
measured,probe-memory-buffer,run,3934,632223583,0,40000,20000,30000,10000,16777216,bound_hit,1875
measured,probe-memory-buffer,run,3935,632372483,0,40000,20000,30000,10000,16777216,bound_hit,1875
measured,probe-memory-buffer,run,3936,632521183,0,40000,20000,30000,10000,16777216,bound_hit,1875
measured,probe-memory-buffer,run,3937,632682183,0,40000,20000,30000,10000,16777216,bound_hit,1875
measured,probe-memory-buffer,run,3938,632817383,0,40000,20000,30000,10000,16777216,bound_hit,1875
measured,probe-memory-buffer,run,3939,632950483,0,40000,20000,30000,10000,16777216,bound_hit,1875
measured,probe-memory-buffer,run,3940,633087783,0,40000,20000,30000,10000,16777216,bound_hit,1875
measured,probe-memory-buffer,run,3941,633236583,0,40000,20000,30000,10000,16777216,bound_hit,1875
measured,probe-memory-buffer,run,3942,633921583,0,40000,20000,30000,10000,16777216,bound_hit,1875
measured,probe-memory-buffer,run,3943,634666183,0,40000,20000,30000,10000,16777216,bound_hit,1875
measured,probe-memory-buffer,run,3944,635470883,0,40000,20000,30000,10000,16777216,bound_hit,1875
measured,probe-memory-buffer,run,3945,636455482,0,40000,20000,30000,10000,16777216,bound_hit,1875
measured,probe-memory-buffer,run,3946,636684382,0,40000,20000,30000,10000,16777216,bound_hit,1875
measured,probe-memory-buffer,run,3947,636827482,0,40000,20000,30000,10000,16777216,bound_hit,1875
measured,probe-memory-buffer,run,3948,637016082,0,40000,20000,30000,10000,16777216,bound_hit,1875
measured,probe-memory-buffer,run,3949,637180482,0,40000,20000,30000,10000,16777216,bound_hit,1875
measured,probe-memory-buffer,run,3950,637373482,0,40000,20000,30000,10000,16777216,bound_hit,1875
measured,probe-memory-buffer,run,3951,637601382,0,40000,20000,30000,10000,16777216,bound_hit,1875
measured,probe-memory-buffer,run,3952,637784582,0,40000,20000,30000,10000,16777216,bound_hit,1875
measured,probe-memory-buffer,run,3953,637909182,0,40000,20000,30000,10000,16777216,bound_hit,1875
measured,probe-memory-buffer,run,3954,638082982,0,40000,20000,30000,10000,16777216,bound_hit,1875
measured,probe-memory-buffer,run,3955,638242782,0,40000,20000,30000,10000,16777216,bound_hit,1875
measured,probe-memory-buffer,run,3956,638409182,0,40000,20000,30000,10000,16777216,bound_hit,1875
measured,probe-memory-buffer,run,3957,638549982,0,40000,20000,30000,10000,16777216,bound_hit,1875
measured,probe-memory-buffer,run,3958,638724782,0,40000,20000,30000,10000,16777216,bound_hit,1875
measured,probe-memory-buffer,run,3959,639046582,0,40000,20000,30000,10000,16777216,bound_hit,1875
measured,probe-memory-buffer,run,3960,639253982,0,40000,20000,30000,10000,16777216,bound_hit,1875
measured,probe-memory-buffer,run,3961,639416682,0,40000,20000,30000,10000,16777216,bound_hit,1875
measured,probe-memory-buffer,run,3962,639567382,0,40000,20000,30000,10000,16777216,bound_hit,1875
measured,probe-memory-buffer,run,3963,639708782,0,40000,20000,30000,10000,16777216,bound_hit,1875
measured,probe-memory-buffer,run,3964,639853282,0,40000,20000,30000,10000,16777216,bound_hit,1875
measured,probe-memory-buffer,run,3965,639996182,0,40000,20000,30000,10000,16777216,bound_hit,1875
measured,probe-memory-buffer,run,3966,640147182,0,40000,20000,30000,10000,16777216,bound_hit,1875
measured,probe-memory-buffer,run,3967,640303782,0,40000,20000,30000,10000,16777216,bound_hit,1875
measured,probe-memory-buffer,run,3968,640461682,0,40000,20000,30000,10000,16777216,bound_hit,1875
measured,probe-memory-buffer,run,3969,640597082,0,40000,20000,30000,10000,16777216,bound_hit,1875
measured,probe-memory-buffer,run,3970,640815482,0,40000,20000,30000,10000,16777216,bound_hit,1875
measured,probe-memory-buffer,run,3971,640963982,0,40000,20000,30000,10000,16777216,bound_hit,1875
measured,probe-memory-buffer,run,3972,641128482,0,40000,20000,30000,10000,16777216,bound_hit,1875
measured,probe-memory-buffer,run,3973,641287882,0,40000,20000,30000,10000,16777216,bound_hit,1875
measured,probe-memory-buffer,run,3974,641422582,0,40000,20000,30000,10000,16777216,bound_hit,1875
measured,probe-memory-buffer,run,3975,641556682,0,40000,20000,30000,10000,16777216,bound_hit,1875
measured,probe-memory-buffer,run,3976,641690881,0,40000,20000,30000,10000,16777216,bound_hit,1875
measured,probe-memory-buffer,run,3977,641825581,0,40000,20000,30000,10000,16777216,bound_hit,1875
measured,probe-memory-buffer,run,3978,641959881,0,40000,20000,30000,10000,16777216,bound_hit,1875
measured,probe-memory-buffer,run,3979,642093881,0,40000,20000,30000,10000,16777216,bound_hit,1875
measured,probe-memory-buffer,run,3980,642227381,0,40000,20000,30000,10000,16777216,bound_hit,1875
measured,probe-memory-buffer,run,3981,642360881,0,40000,20000,30000,10000,16777216,bound_hit,1875
measured,probe-memory-buffer,run,3982,642494581,0,40000,20000,30000,10000,16777216,bound_hit,1875
measured,probe-memory-buffer,run,3983,642638981,0,40000,20000,30000,10000,16777216,bound_hit,1875
measured,probe-memory-buffer,run,3984,642772081,0,40000,20000,30000,10000,16777216,bound_hit,1875
measured,probe-memory-buffer,run,3985,642905381,0,40000,20000,30000,10000,16777216,bound_hit,1875
measured,probe-memory-buffer,run,3986,643038881,0,40000,20000,30000,10000,16777216,bound_hit,1875
measured,probe-memory-buffer,run,3987,643172481,0,40000,20000,30000,10000,16777216,bound_hit,1875
measured,probe-memory-buffer,run,3988,643306181,0,40000,20000,30000,10000,16777216,bound_hit,1875
measured,probe-memory-buffer,run,3989,643439681,0,40000,20000,30000,10000,16777216,bound_hit,1875
measured,probe-memory-buffer,run,3990,643573481,0,40000,20000,30000,10000,16777216,bound_hit,1875
measured,probe-memory-buffer,run,3991,643706881,0,40000,20000,30000,10000,16777216,bound_hit,1875
measured,probe-memory-buffer,run,3992,643840381,0,40000,20000,30000,10000,16777216,bound_hit,1875
measured,probe-memory-buffer,run,3993,643974481,0,40000,20000,30000,10000,16777216,bound_hit,1875
measured,probe-memory-buffer,run,3994,644108281,0,40000,20000,30000,10000,16777216,bound_hit,1875
measured,probe-memory-buffer,run,3995,644241881,0,40000,20000,30000,10000,16777216,bound_hit,1875
measured,probe-memory-buffer,run,3996,644375781,0,40000,20000,30000,10000,16777216,bound_hit,1875
measured,probe-memory-buffer,run,3997,644509481,0,40000,20000,30000,10000,16777216,bound_hit,1875
measured,probe-memory-buffer,run,3998,644642781,0,40000,20000,30000,10000,16777216,bound_hit,1875
measured,probe-memory-buffer,run,3999,644704281,0,40000,20000,30000,10000,16777216,update,0
measured,probe-memory-buffer,run,4000,644850981,0,40000,20000,30000,10000,16777216,bound_hit,1875
measured,probe-memory-buffer,run,4001,644971081,0,40000,20000,30000,10000,16777216,bound_hit,1875
measured,probe-memory-buffer,run,4002,645090681,0,40000,20000,30000,10000,16777216,bound_hit,1875
measured,probe-memory-buffer,run,4003,645210081,0,40000,20000,30000,10000,16777216,bound_hit,1875
measured,probe-memory-buffer,run,4004,645329381,0,40000,20000,30000,10000,16777216,bound_hit,1875
measured,probe-memory-buffer,run,4005,645448681,0,40000,20000,30000,10000,16777216,bound_hit,1875
measured,probe-memory-buffer,run,4006,645568181,0,40000,20000,30000,10000,16777216,bound_hit,1875
